{"type":"FeatureCollection","name":"assentamentos","source":"INCRA assentamentos_ba","downloadedAt":"2026-09-15T16:19:09.087Z","selection":"overlap_faixa_taboa","clip":false,"features":[{"type":"Feature","properties":{"gid":"20285","cd_sipra":"BA0035000","nome_projeto":"PA 4045","municipio":"ALCOBACA","area_hectare_declarada":"3981.2566","capacidade":"143","num_familias":"147","fase":"7","data_de_criacao":"09/06/1987","forma_obtencao":"Desapropriação","data_obtencao":"14/01/1987","area_calc_ha":"3990.2063"},"geometry":{"type":"Polygon","coordinates":[[[-39.335711,-17.404512],[-39.335669,-17.405522],[-39.335586,-17.406509],[-39.335588,-17.407315],[-39.335441,-17.408081],[-39.3354,-17.408826],[-39.335231,-17.40939],[-39.335,-17.410558],[-39.334537,-17.412275],[-39.333758,-17.415459],[-39.334098,-17.415478],[-39.333723,-17.416737],[-39.333533,-17.417321],[-39.332752,-17.419598],[-39.331443,-17.423232],[-39.331554,-17.426273],[-39.33175,-17.42883],[-39.331817,-17.43036],[-39.331907,-17.431481],[-39.332378,-17.43426],[-39.332421,-17.434381],[-39.332443,-17.434844],[-39.332508,-17.435669],[-39.332488,-17.436213],[-39.332828,-17.436212],[-39.333146,-17.436131],[-39.333549,-17.436131],[-39.333995,-17.436271],[-39.334462,-17.436371],[-39.334801,-17.436431],[-39.335077,-17.436309],[-39.335416,-17.436208],[-39.335649,-17.436006],[-39.335925,-17.435966],[-39.336159,-17.436106],[-39.336393,-17.436388],[-39.336754,-17.436588],[-39.337115,-17.436729],[-39.337646,-17.436929],[-39.337922,-17.436949],[-39.338261,-17.436989],[-39.338622,-17.436847],[-39.340327,-17.436234],[-39.340836,-17.435951],[-39.341218,-17.435749],[-39.341451,-17.435548],[-39.34162,-17.435467],[-39.341748,-17.435467],[-39.341833,-17.435607],[-39.341982,-17.435748],[-39.342258,-17.435888],[-39.342534,-17.435969],[-39.342725,-17.435868],[-39.342852,-17.435726],[-39.342915,-17.435384],[-39.342978,-17.435182],[-39.34302,-17.434921],[-39.343104,-17.434659],[-39.343189,-17.434598],[-39.343253,-17.434658],[-39.343338,-17.43488],[-39.343445,-17.435121],[-39.343679,-17.435423],[-39.343934,-17.435684],[-39.344082,-17.435744],[-39.344209,-17.435643],[-39.344209,-17.435422],[-39.344039,-17.43514],[-39.344081,-17.434999],[-39.344208,-17.434939],[-39.34442,-17.434777],[-39.344547,-17.434535],[-39.344546,-17.434253],[-39.344249,-17.433871],[-39.343972,-17.43363],[-39.343845,-17.433489],[-39.343738,-17.433288],[-39.343759,-17.433066],[-39.343865,-17.432966],[-39.344013,-17.432945],[-39.344289,-17.432945],[-39.344459,-17.432783],[-39.344798,-17.432561],[-39.344946,-17.432561],[-39.345583,-17.43256],[-39.346092,-17.432458],[-39.346326,-17.432981],[-39.34656,-17.433182],[-39.346709,-17.433484],[-39.346837,-17.433746],[-39.347049,-17.433786],[-39.347176,-17.433604],[-39.347282,-17.433382],[-39.347409,-17.433282],[-39.347727,-17.433281],[-39.347896,-17.433019],[-39.348129,-17.432636],[-39.348362,-17.432354],[-39.348638,-17.432192],[-39.348977,-17.432232],[-39.349211,-17.432332],[-39.349359,-17.432332],[-39.349422,-17.43213],[-39.349528,-17.431888],[-39.34977,-17.431776],[-39.350003,-17.431816],[-39.350385,-17.431775],[-39.350597,-17.431594],[-39.35083,-17.431271],[-39.350872,-17.43107],[-39.350956,-17.430848],[-39.351083,-17.430566],[-39.351252,-17.430364],[-39.351506,-17.430142],[-39.351782,-17.42996],[-39.352079,-17.42994],[-39.35227,-17.429919],[-39.352418,-17.429758],[-39.352502,-17.429496],[-39.352566,-17.429315],[-39.352714,-17.429234],[-39.352884,-17.429314],[-39.353054,-17.429475],[-39.353097,-17.429656],[-39.353246,-17.429756],[-39.353649,-17.429695],[-39.353967,-17.429614],[-39.354157,-17.429433],[-39.354221,-17.429251],[-39.354326,-17.428989],[-39.354495,-17.428667],[-39.354686,-17.428384],[-39.354855,-17.428183],[-39.355025,-17.428082],[-39.355449,-17.428101],[-39.355725,-17.428262],[-39.355959,-17.428463],[-39.356129,-17.428543],[-39.356277,-17.428543],[-39.356447,-17.428502],[-39.356489,-17.428341],[-39.356425,-17.427858],[-39.356488,-17.427576],[-39.356572,-17.427455],[-39.356763,-17.427414],[-39.357039,-17.427534],[-39.357315,-17.427635],[-39.35757,-17.427634],[-39.357718,-17.427412],[-39.357781,-17.427171],[-39.357929,-17.426929],[-39.35812,-17.426767],[-39.358268,-17.426465],[-39.358267,-17.426102],[-39.358245,-17.425881],[-39.358117,-17.425599],[-39.358096,-17.425458],[-39.358181,-17.425277],[-39.358329,-17.425156],[-39.358562,-17.425155],[-39.358796,-17.425135],[-39.358944,-17.425034],[-39.358922,-17.424873],[-39.358784,-17.424709],[-39.358699,-17.424548],[-39.358677,-17.424327],[-39.358762,-17.424206],[-39.35891,-17.424125],[-39.359037,-17.423943],[-39.359037,-17.423722],[-39.35893,-17.4234],[-39.358802,-17.423179],[-39.358802,-17.422937],[-39.358865,-17.422755],[-39.359013,-17.422594],[-39.359247,-17.422513],[-39.359522,-17.422432],[-39.359947,-17.422431],[-39.36035,-17.42237],[-39.360752,-17.422088],[-39.361027,-17.421765],[-39.361324,-17.421442],[-39.361514,-17.421281],[-39.361854,-17.421139],[-39.362235,-17.421017],[-39.362511,-17.420896],[-39.362744,-17.420714],[-39.362998,-17.420573],[-39.363195,-17.420493],[-39.363529,-17.420532],[-39.363783,-17.420471],[-39.363244,-17.417186],[-39.362986,-17.415656],[-39.362982,-17.413702],[-39.362978,-17.409102],[-39.363189,-17.408396],[-39.364075,-17.405958],[-39.364349,-17.405192],[-39.364619,-17.404424],[-39.364915,-17.4039],[-39.365928,-17.402554],[-39.366944,-17.401243],[-39.368131,-17.400637],[-39.368109,-17.396582],[-39.368955,-17.394642],[-39.370365,-17.395092],[-39.370541,-17.395153],[-39.371253,-17.395406],[-39.372834,-17.395956],[-39.374538,-17.396604],[-39.374239,-17.397875],[-39.372746,-17.402951],[-39.372242,-17.404607],[-39.371704,-17.40637],[-39.370217,-17.411023],[-39.372587,-17.414184],[-39.372714,-17.413942],[-39.37283,-17.41368],[-39.372915,-17.413479],[-39.373073,-17.413277],[-39.373314,-17.413104],[-39.373528,-17.413002],[-39.373742,-17.412855],[-39.373968,-17.412685],[-39.374181,-17.412583],[-39.374431,-17.412435],[-39.374633,-17.412333],[-39.374799,-17.412198],[-39.374966,-17.412073],[-39.375096,-17.411971],[-39.375215,-17.411779],[-39.375322,-17.411598],[-39.375381,-17.411496],[-39.375404,-17.411338],[-39.375452,-17.411214],[-39.375547,-17.411112],[-39.375642,-17.411021],[-39.375796,-17.410976],[-39.375951,-17.410987],[-39.37607,-17.411055],[-39.376213,-17.411156],[-39.37632,-17.41111],[-39.376487,-17.411099],[-39.376546,-17.411189],[-39.376594,-17.411336],[-39.376666,-17.411437],[-39.376761,-17.411415],[-39.376808,-17.411358],[-39.376879,-17.411222],[-39.376927,-17.411053],[-39.37695,-17.410883],[-39.376962,-17.410669],[-39.376973,-17.410443],[-39.377041,-17.410292],[-39.37716,-17.410202],[-39.377386,-17.410111],[-39.377719,-17.409997],[-39.37804,-17.409906],[-39.378206,-17.409793],[-39.378408,-17.409646],[-39.378587,-17.409566],[-39.378753,-17.40951],[-39.378967,-17.409475],[-39.379134,-17.409498],[-39.379336,-17.40952],[-39.379669,-17.409621],[-39.379872,-17.409621],[-39.380121,-17.40962],[-39.380348,-17.409665],[-39.380502,-17.409676],[-39.380681,-17.409664],[-39.380835,-17.40963],[-39.381002,-17.409483],[-39.381108,-17.409336],[-39.381227,-17.409211],[-39.38131,-17.409155],[-39.381482,-17.40911],[-39.381673,-17.40911],[-39.38191,-17.409064],[-39.382077,-17.409007],[-39.382243,-17.408917],[-39.382433,-17.408736],[-39.382481,-17.4086],[-39.382504,-17.408453],[-39.382504,-17.408374],[-39.382444,-17.408318],[-39.382444,-17.408284],[-39.382444,-17.40816],[-39.382467,-17.408058],[-39.382563,-17.407979],[-39.382717,-17.407978],[-39.382812,-17.407989],[-39.382955,-17.40808],[-39.382968,-17.408497],[-39.383289,-17.408542],[-39.38348,-17.408734],[-39.383516,-17.408756],[-39.383611,-17.408756],[-39.383671,-17.408722],[-39.38373,-17.40862],[-39.383837,-17.408575],[-39.384003,-17.408541],[-39.384134,-17.408427],[-39.384217,-17.408247],[-39.384335,-17.408054],[-39.384418,-17.407919],[-39.38449,-17.407862],[-39.38462,-17.407771],[-39.384894,-17.407726],[-39.385227,-17.407714],[-39.385584,-17.40769],[-39.385988,-17.407678],[-39.386143,-17.40778],[-39.386191,-17.40787],[-39.386191,-17.408107],[-39.38624,-17.408423],[-39.386216,-17.40857],[-39.386193,-17.408638],[-39.386086,-17.40874],[-39.38605,-17.408785],[-39.386038,-17.408887],[-39.386122,-17.408954],[-39.38636,-17.408942],[-39.386645,-17.408942],[-39.386765,-17.409032],[-39.386896,-17.409111],[-39.387003,-17.40919],[-39.387234,-17.409268],[-39.387413,-17.409279],[-39.387568,-17.409256],[-39.387758,-17.409143],[-39.387876,-17.409075],[-39.387995,-17.40895],[-39.388209,-17.408938],[-39.388483,-17.40887],[-39.388637,-17.408825],[-39.388851,-17.4087],[-39.389053,-17.408519],[-39.389136,-17.408451],[-39.389255,-17.408247],[-39.389373,-17.407987],[-39.389468,-17.407739],[-39.389527,-17.407637],[-39.389634,-17.407501],[-39.389669,-17.407411],[-39.389657,-17.407241],[-39.389645,-17.407151],[-39.38955,-17.40705],[-39.389478,-17.406948],[-39.389466,-17.406779],[-39.389489,-17.406655],[-39.389572,-17.406508],[-39.389727,-17.406462],[-39.389882,-17.406496],[-39.390024,-17.406518],[-39.390131,-17.406529],[-39.390262,-17.406427],[-39.390476,-17.406246],[-39.390582,-17.405964],[-39.390781,-17.405733],[-39.390935,-17.405541],[-39.390982,-17.405348],[-39.391017,-17.405021],[-39.391076,-17.404806],[-39.391171,-17.404535],[-39.391253,-17.404219],[-39.391324,-17.403981],[-39.391324,-17.403857],[-39.391431,-17.403721],[-39.391466,-17.40362],[-39.391467,-17.40344],[-39.392327,-17.400904],[-39.392455,-17.3995],[-39.392666,-17.398099],[-39.393046,-17.395489],[-39.393207,-17.394529],[-39.393489,-17.392296],[-39.393684,-17.39049],[-39.394057,-17.38787],[-39.394084,-17.387688],[-39.395484,-17.387513],[-39.398495,-17.387216],[-39.399685,-17.387059],[-39.400767,-17.386954],[-39.402967,-17.386762],[-39.405005,-17.386552],[-39.406033,-17.386498],[-39.406085,-17.385591],[-39.406653,-17.381899],[-39.407263,-17.380202],[-39.40835,-17.377987],[-39.409192,-17.375417],[-39.409819,-17.373738],[-39.410016,-17.373189],[-39.410086,-17.372929],[-39.410212,-17.372655],[-39.410391,-17.372106],[-39.410498,-17.371729],[-39.410767,-17.371061],[-39.410675,-17.370154],[-39.410675,-17.369948],[-39.410637,-17.369417],[-39.410575,-17.366966],[-39.410524,-17.363505],[-39.412566,-17.363388],[-39.412757,-17.363567],[-39.412993,-17.364149],[-39.413265,-17.364868],[-39.413446,-17.365432],[-39.4139,-17.366836],[-39.414318,-17.368068],[-39.414444,-17.36855],[-39.414554,-17.368995],[-39.415152,-17.370569],[-39.415661,-17.372246],[-39.416242,-17.374094],[-39.416804,-17.375877],[-39.416877,-17.376066],[-39.417494,-17.37776],[-39.418111,-17.379299],[-39.420329,-17.37938],[-39.422168,-17.379017],[-39.424025,-17.37867],[-39.424602,-17.378532],[-39.42563,-17.37841],[-39.425138,-17.376579],[-39.424993,-17.376014],[-39.424883,-17.375449],[-39.424411,-17.373357],[-39.423591,-17.369643],[-39.423027,-17.367399],[-39.422663,-17.365841],[-39.422305,-17.364071],[-39.422095,-17.363269],[-39.421858,-17.362347],[-39.421729,-17.361609],[-39.421679,-17.361384],[-39.420879,-17.358212],[-39.420413,-17.358062],[-39.417835,-17.358049],[-39.41706,-17.358051],[-39.41591,-17.358251],[-39.411584,-17.358792],[-39.410986,-17.358863],[-39.410295,-17.355861],[-39.410055,-17.354935],[-39.409685,-17.353317],[-39.409355,-17.351831],[-39.409165,-17.351022],[-39.408924,-17.350015],[-39.408664,-17.348773],[-39.407782,-17.345108],[-39.406205,-17.344829],[-39.40561,-17.344736],[-39.404707,-17.344522],[-39.403725,-17.344326],[-39.403021,-17.344083],[-39.40161,-17.343647],[-39.399866,-17.344027],[-39.398856,-17.344349],[-39.397043,-17.344964],[-39.395749,-17.344205],[-39.39295,-17.342657],[-39.393251,-17.342538],[-39.396955,-17.341067],[-39.397358,-17.340907],[-39.397836,-17.340707],[-39.399401,-17.340045],[-39.401491,-17.339137],[-39.401612,-17.335689],[-39.401798,-17.334879],[-39.402097,-17.331141],[-39.401639,-17.330502],[-39.39758,-17.333485],[-39.397065,-17.333864],[-39.395521,-17.335006],[-39.393165,-17.336696],[-39.390836,-17.33831],[-39.390449,-17.338578],[-39.388727,-17.339773],[-39.384885,-17.342642],[-39.384054,-17.343293],[-39.381847,-17.345086],[-39.379775,-17.346709],[-39.379231,-17.347181],[-39.377944,-17.348275],[-39.377014,-17.349087],[-39.376242,-17.349738],[-39.374644,-17.35107],[-39.375488,-17.351596],[-39.377066,-17.352572],[-39.380157,-17.35447],[-39.38238,-17.355831],[-39.384476,-17.357088],[-39.384595,-17.357173],[-39.388517,-17.359632],[-39.390433,-17.360787],[-39.390801,-17.36105],[-39.392806,-17.362298],[-39.392403,-17.363589],[-39.38895,-17.366447],[-39.384796,-17.363755],[-39.38292,-17.362603],[-39.382415,-17.36233],[-39.382036,-17.362108],[-39.381911,-17.362965],[-39.38166,-17.364566],[-39.381286,-17.36689],[-39.380786,-17.369606],[-39.380429,-17.371456],[-39.380287,-17.372415],[-39.380109,-17.373409],[-39.37986,-17.374967],[-39.37965,-17.376002],[-39.3794,-17.377338],[-39.379186,-17.378657],[-39.379059,-17.379577],[-39.378613,-17.382112],[-39.378474,-17.382996],[-39.378367,-17.383595],[-39.378171,-17.384606],[-39.377974,-17.385651],[-39.376989,-17.385509],[-39.375866,-17.385379],[-39.374988,-17.385179],[-39.374075,-17.38498],[-39.372615,-17.384745],[-39.372197,-17.38465],[-39.372965,-17.381129],[-39.373532,-17.378584],[-39.373869,-17.376549],[-39.373084,-17.376603],[-39.372105,-17.376736],[-39.371607,-17.376772],[-39.37168,-17.376492],[-39.370522,-17.376463],[-39.369284,-17.376422],[-39.367788,-17.376381],[-39.366873,-17.376356],[-39.367038,-17.375497],[-39.367184,-17.374751],[-39.367303,-17.374066],[-39.366688,-17.373287],[-39.364327,-17.370344],[-39.360335,-17.371894],[-39.359515,-17.372834],[-39.364165,-17.376187],[-39.367528,-17.378488],[-39.364462,-17.382004],[-39.364776,-17.382196],[-39.366017,-17.383301],[-39.362981,-17.384868],[-39.362778,-17.384965],[-39.359933,-17.386396],[-39.359906,-17.386992],[-39.359843,-17.387422],[-39.359799,-17.388728],[-39.359745,-17.389473],[-39.359673,-17.390201],[-39.359564,-17.391201],[-39.3595,-17.391993],[-39.359382,-17.392607],[-39.359032,-17.393459],[-39.358904,-17.393933],[-39.358786,-17.39519],[-39.358714,-17.396128],[-39.358642,-17.396804],[-39.358374,-17.39817],[-39.358269,-17.398855],[-39.358059,-17.399641],[-39.358039,-17.400386],[-39.356698,-17.398194],[-39.35586,-17.396723],[-39.355453,-17.396197],[-39.3551,-17.395479],[-39.354767,-17.394988],[-39.354266,-17.394095],[-39.353988,-17.393516],[-39.353914,-17.393394],[-39.353534,-17.392862],[-39.353145,-17.392108],[-39.352589,-17.39139],[-39.352219,-17.390864],[-39.35242,-17.390162],[-39.351387,-17.390691],[-39.351662,-17.389883],[-39.351491,-17.387252],[-39.351379,-17.386298],[-39.351171,-17.383966],[-39.351022,-17.383247],[-39.350412,-17.383283],[-39.348602,-17.383514],[-39.34561,-17.383905],[-39.343836,-17.384101],[-39.343951,-17.385838],[-39.344289,-17.389458],[-39.342294,-17.389759],[-39.340829,-17.390232],[-39.338962,-17.390043],[-39.337225,-17.389817],[-39.335987,-17.389802],[-39.336119,-17.390977],[-39.336158,-17.392345],[-39.336308,-17.393425],[-39.336309,-17.393811],[-39.335902,-17.40374],[-39.335795,-17.403807],[-39.335731,-17.403928],[-39.335711,-17.404512]]]}},{"type":"Feature","properties":{"gid":"21108","cd_sipra":"BA0303000","nome_projeto":"PA CONJUNTO LARANJEIRA","municipio":"ITACARE","area_hectare_declarada":"927.0000","capacidade":"30","num_familias":"29","fase":"3","data_de_criacao":"30/10/2001","forma_obtencao":"Desapropriação","data_obtencao":"13/01/2000"},"geometry":{"type":"Polygon","coordinates":[[[-39.272252,-14.301329],[-39.272277,-14.301203],[-39.272455,-14.301171],[-39.272673,-14.301207],[-39.272809,-14.30115],[-39.273118,-14.301033],[-39.27317,-14.300934],[-39.273102,-14.30073],[-39.272879,-14.300476],[-39.272529,-14.300325],[-39.272153,-14.300336],[-39.271921,-14.300236],[-39.271787,-14.300034],[-39.271753,-14.299844],[-39.27165,-14.299689],[-39.270768,-14.298862],[-39.270461,-14.29853],[-39.269564,-14.29755],[-39.269443,-14.297387],[-39.269317,-14.297145],[-39.269242,-14.296995],[-39.269159,-14.296829],[-39.26904,-14.296569],[-39.268821,-14.29618],[-39.268756,-14.296089],[-39.268586,-14.295966],[-39.26834,-14.295861],[-39.26817,-14.295726],[-39.268018,-14.29554],[-39.267816,-14.295063],[-39.267448,-14.294863],[-39.267242,-14.294719],[-39.267074,-14.294453],[-39.266783,-14.29395],[-39.266693,-14.293659],[-39.266518,-14.293202],[-39.266324,-14.292806],[-39.265995,-14.292339],[-39.265628,-14.29167],[-39.26551,-14.291519],[-39.265288,-14.291257],[-39.265061,-14.291056],[-39.264992,-14.290784],[-39.265028,-14.290617],[-39.265316,-14.29035],[-39.265453,-14.29009],[-39.265936,-14.289978],[-39.266456,-14.289879],[-39.267119,-14.289689],[-39.267613,-14.289487],[-39.267666,-14.289393],[-39.267869,-14.288908],[-39.267625,-14.288218],[-39.267569,-14.288107],[-39.267046,-14.28754],[-39.267187,-14.286967],[-39.266929,-14.286673],[-39.266758,-14.286584],[-39.266529,-14.286275],[-39.265979,-14.286613],[-39.2655,-14.286126],[-39.265074,-14.285643],[-39.265833,-14.283296],[-39.26678,-14.28434],[-39.267268,-14.28545],[-39.26891,-14.287479],[-39.269912,-14.287149],[-39.270493,-14.286891],[-39.270293,-14.286738],[-39.270152,-14.28669],[-39.270146,-14.286681],[-39.270137,-14.286677],[-39.269941,-14.286385],[-39.269732,-14.28608],[-39.269544,-14.285747],[-39.269427,-14.28526],[-39.269107,-14.284787],[-39.269101,-14.284732],[-39.269067,-14.284457],[-39.268982,-14.284041],[-39.268779,-14.283745],[-39.26757,-14.283486],[-39.267149,-14.28356],[-39.266883,-14.283499],[-39.266816,-14.2833],[-39.266311,-14.282911],[-39.266407,-14.281382],[-39.266127,-14.280724],[-39.265572,-14.280083],[-39.265491,-14.279814],[-39.265313,-14.279116],[-39.264135,-14.279042],[-39.263582,-14.278596],[-39.263177,-14.278474],[-39.262996,-14.278458],[-39.262521,-14.278369],[-39.261906,-14.278172],[-39.261681,-14.27805],[-39.260914,-14.2776],[-39.260806,-14.277519],[-39.260011,-14.277934],[-39.259485,-14.278705],[-39.258961,-14.279161],[-39.258437,-14.279747],[-39.258754,-14.280294],[-39.258619,-14.280695],[-39.258407,-14.280988],[-39.257599,-14.280652],[-39.257024,-14.280559],[-39.256649,-14.280868],[-39.256954,-14.281169],[-39.257454,-14.28177],[-39.257618,-14.282239],[-39.256645,-14.283357],[-39.254906,-14.281159],[-39.254632,-14.280739],[-39.253326,-14.280254],[-39.25251,-14.280239],[-39.252002,-14.280085],[-39.251633,-14.279807],[-39.25107,-14.279425],[-39.250707,-14.278958],[-39.250432,-14.278678],[-39.249857,-14.278439],[-39.248464,-14.277813],[-39.24736,-14.277151],[-39.246459,-14.276852],[-39.245243,-14.276368],[-39.244731,-14.276036],[-39.244225,-14.275944],[-39.243601,-14.275923],[-39.243268,-14.276101],[-39.242887,-14.276232],[-39.242322,-14.276221],[-39.241805,-14.276119],[-39.240538,-14.275819],[-39.239794,-14.275298],[-39.239098,-14.274732],[-39.238447,-14.274305],[-39.237516,-14.273734],[-39.237192,-14.273451],[-39.237045,-14.273031],[-39.23773,-14.272167],[-39.237896,-14.272167],[-39.238378,-14.271244],[-39.238775,-14.269978],[-39.238255,-14.26921],[-39.239451,-14.268992],[-39.238819,-14.268016],[-39.238855,-14.266406],[-39.238928,-14.265312],[-39.240074,-14.262436],[-39.240129,-14.261984],[-39.239999,-14.261468],[-39.239794,-14.260962],[-39.238533,-14.260394],[-39.238551,-14.259887],[-39.237763,-14.260223],[-39.235763,-14.262503],[-39.234188,-14.263382],[-39.233743,-14.263437],[-39.232371,-14.262895],[-39.232482,-14.26295],[-39.232779,-14.263727],[-39.233123,-14.264007],[-39.232939,-14.265445],[-39.232133,-14.266458],[-39.231514,-14.26805],[-39.230607,-14.26995],[-39.22969,-14.270602],[-39.22881,-14.271561],[-39.228602,-14.272296],[-39.229461,-14.273271],[-39.229465,-14.274491],[-39.230266,-14.275815],[-39.230293,-14.277681],[-39.231337,-14.278929],[-39.231784,-14.279794],[-39.232409,-14.279733],[-39.232792,-14.279817],[-39.232971,-14.27983],[-39.233019,-14.279854],[-39.233035,-14.279874],[-39.233273,-14.279951],[-39.23331,-14.279971],[-39.233344,-14.279971],[-39.233373,-14.279996],[-39.233622,-14.279788],[-39.233964,-14.279723],[-39.234022,-14.279727],[-39.234064,-14.279751],[-39.234201,-14.279706],[-39.234264,-14.279653],[-39.23431,-14.279641],[-39.234389,-14.279596],[-39.234484,-14.279531],[-39.234543,-14.279507],[-39.23458,-14.279511],[-39.23468,-14.279442],[-39.234738,-14.279393],[-39.234821,-14.279344],[-39.234913,-14.279307],[-39.234992,-14.279254],[-39.235046,-14.279238],[-39.235092,-14.279181],[-39.235146,-14.279136],[-39.235159,-14.27912],[-39.23515,-14.27908],[-39.235183,-14.279011],[-39.235213,-14.27897],[-39.235221,-14.278925],[-39.235221,-14.278893],[-39.235312,-14.278819],[-39.235379,-14.278856],[-39.235412,-14.278872],[-39.235458,-14.278888],[-39.235492,-14.2789],[-39.235446,-14.279132],[-39.235317,-14.279388],[-39.235143,-14.279693],[-39.234739,-14.279905],[-39.234094,-14.280418],[-39.233035,-14.281871],[-39.231844,-14.281884],[-39.232016,-14.284257],[-39.23317,-14.284926],[-39.235149,-14.286799],[-39.235774,-14.287681],[-39.23611,-14.288324],[-39.23764,-14.289123],[-39.238043,-14.289148],[-39.239023,-14.287118],[-39.238809,-14.286098],[-39.238821,-14.285229],[-39.239431,-14.284166],[-39.239901,-14.283048],[-39.239404,-14.282498],[-39.238933,-14.282055],[-39.238612,-14.281454],[-39.238432,-14.281048],[-39.239468,-14.280455],[-39.240117,-14.280503],[-39.240518,-14.281263],[-39.241051,-14.281083],[-39.240958,-14.280055],[-39.241078,-14.279409],[-39.241256,-14.278799],[-39.241414,-14.278445],[-39.241464,-14.278303],[-39.241476,-14.278018],[-39.241267,-14.277236],[-39.240933,-14.276444],[-39.245898,-14.277397],[-39.245765,-14.278067],[-39.248121,-14.27901],[-39.248222,-14.279754],[-39.247822,-14.279823],[-39.247797,-14.280128],[-39.247943,-14.280233],[-39.24826,-14.280396],[-39.247213,-14.282027],[-39.246665,-14.282856],[-39.246595,-14.283252],[-39.246533,-14.283382],[-39.245872,-14.284606],[-39.247308,-14.285225],[-39.246987,-14.284389],[-39.247236,-14.284014],[-39.24733,-14.283253],[-39.247488,-14.282956],[-39.24795,-14.282122],[-39.247627,-14.281584],[-39.248663,-14.280709],[-39.249371,-14.281151],[-39.249388,-14.281168],[-39.249501,-14.281415],[-39.250421,-14.280768],[-39.253454,-14.283395],[-39.254671,-14.285095],[-39.254865,-14.286863],[-39.254462,-14.287587],[-39.254066,-14.287779],[-39.253845,-14.287807],[-39.253608,-14.287763],[-39.253354,-14.287751],[-39.253071,-14.287796],[-39.252703,-14.287836],[-39.252224,-14.287954],[-39.252078,-14.288028],[-39.251312,-14.288098],[-39.249703,-14.287949],[-39.248886,-14.287353],[-39.247298,-14.287833],[-39.247232,-14.287886],[-39.246254,-14.288643],[-39.245098,-14.289058],[-39.244432,-14.289249],[-39.244354,-14.290147],[-39.244721,-14.290276],[-39.244854,-14.290313],[-39.244962,-14.290361],[-39.245379,-14.290454],[-39.248785,-14.288673],[-39.249363,-14.288587],[-39.252244,-14.290663],[-39.253506,-14.291583],[-39.253863,-14.291038],[-39.254137,-14.290502],[-39.254137,-14.290225],[-39.254414,-14.289645],[-39.254576,-14.289226],[-39.254904,-14.288868],[-39.255129,-14.288828],[-39.255146,-14.288905],[-39.255413,-14.29084],[-39.255897,-14.291583],[-39.258108,-14.293594],[-39.258807,-14.293491],[-39.259924,-14.294417],[-39.259696,-14.294653],[-39.258215,-14.295222],[-39.257766,-14.295625],[-39.260344,-14.301198],[-39.263901,-14.301503],[-39.264417,-14.301612],[-39.267899,-14.301669],[-39.268319,-14.301611],[-39.269269,-14.301716],[-39.271994,-14.301728],[-39.272148,-14.30161],[-39.272252,-14.301329]]]}},{"type":"Feature","properties":{"gid":"9502","cd_sipra":"BA0009000","nome_projeto":"PA CAMAMU","municipio":"CAMAMU","area_hectare_declarada":"4497.0000","capacidade":"300","num_familias":"35","fase":"5","data_de_criacao":"19/03/1981","forma_obtencao":"Desapropriação","data_obtencao":"16/02/1981","area_calc_ha":"4360.9399"},"geometry":{"type":"Polygon","coordinates":[[[-39.20014,-14.024514],[-39.20014,-14.024514],[-39.209942,-14.018702],[-39.221557,-14.037376],[-39.20578,-14.046728],[-39.217647,-14.057574],[-39.211712,-14.068772],[-39.208065,-14.068777],[-39.203398,-14.071525],[-39.198365,-14.072424],[-39.188581,-14.084723],[-39.192479,-14.086941],[-39.259132,-14.039594],[-39.259507,-14.040357],[-39.261814,-14.040527],[-39.263062,-14.040015],[-39.267018,-14.042322],[-39.268816,-14.040715],[-39.269443,-14.040259],[-39.260656,-13.986654],[-39.201409,-13.999821],[-39.20014,-14.024514]]]}},{"type":"Feature","properties":{"gid":"350","cd_sipra":"BA0028000","nome_projeto":"PA FAZ FORTALEZA","municipio":"UNA","area_hectare_declarada":"1056.0956","capacidade":"50","num_familias":"49","fase":"7","data_de_criacao":"12/05/1987","forma_obtencao":"Desapropriação","data_obtencao":"19/12/1986","area_calc_ha":"1088.2867"},"geometry":{"type":"Polygon","coordinates":[[[-39.176577,-15.221375],[-39.214521,-15.225457],[-39.237099,-15.214973],[-39.238881,-15.214145],[-39.236097,-15.213296],[-39.192692,-15.200053],[-39.183979,-15.203238],[-39.184607,-15.205056],[-39.185284,-15.206369],[-39.185792,-15.207518],[-39.185624,-15.208832],[-39.184273,-15.210146],[-39.181909,-15.211298],[-39.180898,-15.213268],[-39.17938,-15.215896],[-39.177522,-15.217868],[-39.17668,-15.219346],[-39.176577,-15.221375]]]}},{"type":"Feature","properties":{"gid":"537","cd_sipra":"BA0100000","nome_projeto":"PA UNIÃO","municipio":"WENCESLAU GUIMARAES","area_hectare_declarada":"562.0000","capacidade":"30","num_familias":"29","fase":"6","data_de_criacao":"21/11/1996","forma_obtencao":"Desapropriação","data_obtencao":"04/09/1995","area_calc_ha":"644.4024"},"geometry":{"type":"Polygon","coordinates":[[[-39.601788,-13.645295],[-39.601716,-13.644202],[-39.595943,-13.644216],[-39.591083,-13.644228],[-39.581934,-13.653742],[-39.584723,-13.660608],[-39.589354,-13.663852],[-39.596748,-13.662841],[-39.598601,-13.664374],[-39.603405,-13.662555],[-39.60739,-13.666433],[-39.617039,-13.661644],[-39.617046,-13.664356],[-39.618869,-13.664056],[-39.61654,-13.656827],[-39.614218,-13.652311],[-39.614671,-13.648875],[-39.614204,-13.646887],[-39.610503,-13.645991],[-39.610047,-13.648253],[-39.602196,-13.651434],[-39.601788,-13.645295]]]}},{"type":"Feature","properties":{"gid":"556","cd_sipra":"BA0144000","nome_projeto":"PA ZUMBI DOS PALMARES","municipio":"CAMAMU","area_hectare_declarada":"1244.6002","capacidade":"50","num_familias":"50","fase":"3","data_de_criacao":"30/12/1997","forma_obtencao":"Desapropriação","data_obtencao":"20/10/1997","area_calc_ha":"1216.8981"},"geometry":{"type":"Polygon","coordinates":[[[-39.14698,-14.004281],[-39.133141,-14.011758],[-39.130037,-14.009174],[-39.126889,-14.009899],[-39.12652,-14.012521],[-39.130039,-14.012158],[-39.130041,-14.015503],[-39.137577,-14.012841],[-39.139397,-14.020923],[-39.147093,-14.021018],[-39.148449,-14.027085],[-39.145619,-14.032231],[-39.159332,-14.041825],[-39.185943,-14.043659],[-39.18457,-14.041156],[-39.17967,-14.028274],[-39.170906,-14.025062],[-39.166752,-14.017985],[-39.165952,-14.013066],[-39.166468,-14.009259],[-39.161957,-14.008485],[-39.15646,-14.013172],[-39.14698,-14.004281]]]}},{"type":"Feature","properties":{"gid":"8627","cd_sipra":"BA0022000","nome_projeto":"PA FAZ NOSSA SRA DO ROSÁRIO","municipio":"PRADO","area_hectare_declarada":"1244.0000","capacidade":"44","num_familias":"44","fase":"3","data_de_criacao":"12/05/1987","forma_obtencao":"Desapropriação","data_obtencao":"30/07/1986","area_calc_ha":"2271.5195"},"geometry":{"type":"Polygon","coordinates":[[[-39.478708,-17.097972],[-39.466893,-17.118647],[-39.466485,-17.119361],[-39.463939,-17.121465],[-39.453146,-17.130381],[-39.474383,-17.140061],[-39.474652,-17.144772],[-39.474769,-17.14683],[-39.479501,-17.151857],[-39.479017,-17.153743],[-39.477699,-17.158878],[-39.48036,-17.159777],[-39.492041,-17.161028],[-39.499959,-17.148667],[-39.507875,-17.136305],[-39.519793,-17.123072],[-39.507008,-17.115285],[-39.501527,-17.111948],[-39.500466,-17.113964],[-39.500304,-17.114271],[-39.499405,-17.11598],[-39.493185,-17.112336],[-39.490575,-17.110807],[-39.478708,-17.097972]]]}},{"type":"Feature","properties":{"gid":"16852","cd_sipra":"BA0065000","nome_projeto":"PA TERRA VISTA","municipio":"ARATACA","area_hectare_declarada":"756.0314","capacidade":"100","num_familias":"53","fase":"6","data_de_criacao":"27/03/1995","forma_obtencao":"Desapropriação","data_obtencao":"29/10/1993","area_calc_ha":"870.0588"},"geometry":{"type":"Polygon","coordinates":[[[-39.434983,-15.237468],[-39.428571,-15.233044],[-39.427626,-15.230314],[-39.420175,-15.23663],[-39.418246,-15.240512],[-39.415653,-15.240354],[-39.414784,-15.241717],[-39.414277,-15.243711],[-39.41143,-15.243028],[-39.411664,-15.243902],[-39.409305,-15.246774],[-39.408731,-15.249836],[-39.409135,-15.250966],[-39.415662,-15.249204],[-39.418041,-15.251714],[-39.421914,-15.257023],[-39.420917,-15.257241],[-39.421808,-15.263019],[-39.423813,-15.26009],[-39.424616,-15.25922],[-39.428082,-15.257005],[-39.429926,-15.25718],[-39.431499,-15.259259],[-39.429666,-15.263569],[-39.432552,-15.264776],[-39.434193,-15.264821],[-39.435945,-15.267704],[-39.440775,-15.260697],[-39.442875,-15.255293],[-39.443736,-15.254322],[-39.447566,-15.25205],[-39.449248,-15.242222],[-39.444674,-15.24048],[-39.439819,-15.241002],[-39.439374,-15.239524],[-39.435873,-15.240346],[-39.434983,-15.237468]]]}},{"type":"Feature","properties":{"gid":"11733","cd_sipra":"BA0054000","nome_projeto":"PA TUIUTY","municipio":"BELMONTE","area_hectare_declarada":"510.0000","capacidade":"20","num_familias":"16","fase":"5","data_de_criacao":"20/07/1992","forma_obtencao":"Desapropriação","data_obtencao":"26/02/1988","area_calc_ha":"603.0536"},"geometry":{"type":"Polygon","coordinates":[[[-39.378237,-16.032995],[-39.381312,-16.029746],[-39.381411,-16.029668],[-39.384182,-16.026846],[-39.384241,-16.026612],[-39.388724,-16.024453],[-39.388719,-16.023399],[-39.389065,-16.02288],[-39.389681,-16.022766],[-39.389623,-16.020795],[-39.388844,-16.015484],[-39.388499,-16.015221],[-39.388155,-16.01616],[-39.383384,-16.020846],[-39.383285,-16.020943],[-39.382892,-16.021329],[-39.382027,-16.020072],[-39.378691,-16.015224],[-39.378634,-16.015141],[-39.377162,-16.012956],[-39.38394,-16.006023],[-39.384006,-16.005962],[-39.386512,-16.004179],[-39.382245,-15.99876],[-39.380194,-16.001279],[-39.380139,-16.001346],[-39.373983,-16.008747],[-39.37392,-16.008819],[-39.372944,-16.009995],[-39.372858,-16.010102],[-39.370634,-16.013648],[-39.367753,-16.014674],[-39.367376,-16.014959],[-39.363676,-16.015494],[-39.362484,-16.014709],[-39.359943,-16.014872],[-39.361089,-16.016707],[-39.365071,-16.019179],[-39.363962,-16.021202],[-39.364278,-16.021862],[-39.364307,-16.021915],[-39.36766,-16.027606],[-39.367621,-16.028999],[-39.367547,-16.031797],[-39.367535,-16.031884],[-39.367401,-16.036234],[-39.367401,-16.036288],[-39.367307,-16.039295],[-39.367173,-16.042477],[-39.36723,-16.043278],[-39.367511,-16.044784],[-39.371072,-16.040833],[-39.371113,-16.040784],[-39.372155,-16.039624],[-39.37663,-16.034745],[-39.377047,-16.03425],[-39.377083,-16.034256],[-39.378179,-16.033059],[-39.378237,-16.032995]]]}},{"type":"Feature","properties":{"gid":"3712","cd_sipra":"BA0263000","nome_projeto":"PA LAJEDO BONITO","municipio":"GUARATINGA","area_hectare_declarada":"543.3500","capacidade":"52","num_familias":"52","fase":"5","data_de_criacao":"12/04/2000","forma_obtencao":"Desapropriação","data_obtencao":"02/06/1999","area_calc_ha":"972.5798"},"geometry":{"type":"Polygon","coordinates":[[[-39.984968,-16.529372],[-39.985175,-16.528969],[-39.986205,-16.526934],[-39.988936,-16.521345],[-39.992419,-16.516388],[-39.989918,-16.515034],[-39.989827,-16.514998],[-39.988058,-16.514054],[-39.986167,-16.512636],[-39.986349,-16.509647],[-39.983659,-16.50866],[-39.982559,-16.505491],[-39.972354,-16.514254],[-39.970888,-16.515256],[-39.970522,-16.515358],[-39.96948,-16.515498],[-39.969918,-16.515163],[-39.969925,-16.514986],[-39.969339,-16.514681],[-39.967752,-16.514098],[-39.966681,-16.514222],[-39.965566,-16.514034],[-39.964943,-16.513219],[-39.964911,-16.511164],[-39.963563,-16.509164],[-39.96295,-16.507552],[-39.962887,-16.506216],[-39.962943,-16.50604],[-39.963166,-16.505763],[-39.962797,-16.505485],[-39.962666,-16.505355],[-39.959342,-16.502183],[-39.956733,-16.500838],[-39.956567,-16.50273],[-39.956477,-16.502818],[-39.955864,-16.50383],[-39.954931,-16.50446],[-39.954729,-16.504557],[-39.954056,-16.50391],[-39.95342,-16.503543],[-39.953304,-16.503236],[-39.952945,-16.50138],[-39.952182,-16.501902],[-39.950842,-16.501916],[-39.95075,-16.501817],[-39.950511,-16.500658],[-39.950368,-16.500499],[-39.950356,-16.500121],[-39.949917,-16.500395],[-39.949076,-16.500969],[-39.948941,-16.501057],[-39.945367,-16.50339],[-39.946091,-16.504803],[-39.946798,-16.506199],[-39.947364,-16.507312],[-39.947736,-16.508046],[-39.948025,-16.50839],[-39.948788,-16.509311],[-39.948369,-16.509664],[-39.946877,-16.510914],[-39.949243,-16.512592],[-39.948488,-16.516521],[-39.947886,-16.519778],[-39.946389,-16.521596],[-39.94614,-16.521931],[-39.945209,-16.522076],[-39.944702,-16.525665],[-39.945874,-16.526432],[-39.948153,-16.52503],[-39.948249,-16.524971],[-39.948286,-16.525013],[-39.950063,-16.526541],[-39.952127,-16.528325],[-39.953159,-16.529234],[-39.956038,-16.531489],[-39.956724,-16.529867],[-39.95744,-16.530007],[-39.961442,-16.530761],[-39.961629,-16.530798],[-39.96225,-16.530916],[-39.962485,-16.530957],[-39.963846,-16.527964],[-39.964215,-16.527154],[-39.964418,-16.526749],[-39.964773,-16.527022],[-39.96831,-16.528438],[-39.974142,-16.523871],[-39.97464,-16.523325],[-39.974831,-16.52336],[-39.97665,-16.524166],[-39.977532,-16.524596],[-39.981069,-16.52823],[-39.984968,-16.529372]]]}},{"type":"Feature","properties":{"gid":"328","cd_sipra":"BA0014000","nome_projeto":"PA MARAMBAIA","municipio":"ITACARE","area_hectare_declarada":"830.5448","capacidade":"32","num_familias":"32","fase":"7","data_de_criacao":"11/11/1986","forma_obtencao":"Desapropriação","data_obtencao":"29/08/1986","area_calc_ha":"791.0951"},"geometry":{"type":"Polygon","coordinates":[[[-39.004453,-14.323688],[-39.002692,-14.328162],[-39.00381,-14.330793],[-39.006636,-14.329537],[-39.01413,-14.330048],[-39.017292,-14.33429],[-39.019817,-14.336752],[-39.020249,-14.336337],[-39.020659,-14.335617],[-39.020905,-14.334497],[-39.021151,-14.333537],[-39.021069,-14.332338],[-39.020823,-14.331538],[-39.020987,-14.330819],[-39.021068,-14.329938],[-39.020986,-14.329379],[-39.020576,-14.328659],[-39.020577,-14.327939],[-39.020822,-14.327139],[-39.021888,-14.326499],[-39.022461,-14.32578],[-39.022503,-14.323239],[-39.028422,-14.326638],[-39.029447,-14.336125],[-39.035537,-14.336801],[-39.040044,-14.315181],[-39.033294,-14.311971],[-39.030405,-14.315848],[-39.030753,-14.313705],[-39.028908,-14.312492],[-39.027059,-14.313333],[-39.025109,-14.312929],[-39.020196,-14.315063],[-39.018643,-14.314466],[-39.019168,-14.313259],[-39.019781,-14.308004],[-39.014064,-14.308591],[-39.013382,-14.308974],[-39.01028,-14.305434],[-39.004936,-14.317711],[-39.005329,-14.318324],[-39.004034,-14.321373],[-39.004453,-14.323688]]]}},{"type":"Feature","properties":{"gid":"17751","cd_sipra":"BA0080000","nome_projeto":"PA MARAVILHA","municipio":"SANTA CRUZ CABRALIA","area_hectare_declarada":"3684.0482","capacidade":"197","num_familias":"188","fase":"3","data_de_criacao":"25/07/1996","forma_obtencao":"Desapropriação","data_obtencao":"24/03/1995","area_calc_ha":"3683.8963"},"geometry":{"type":"MultiPolygon","coordinates":[[[[-39.375964,-16.217471],[-39.37509,-16.217573],[-39.374798,-16.217632],[-39.37343,-16.21832],[-39.372847,-16.218541],[-39.372339,-16.218653],[-39.37153,-16.218802],[-39.371429,-16.218797],[-39.371306,-16.219503],[-39.371269,-16.219799],[-39.371119,-16.220552],[-39.370545,-16.225016],[-39.370462,-16.225663],[-39.370446,-16.225829],[-39.370134,-16.226964],[-39.370144,-16.227347],[-39.370495,-16.229043],[-39.370313,-16.230516],[-39.372059,-16.230276],[-39.373078,-16.230174],[-39.373744,-16.230071],[-39.374563,-16.229912],[-39.374821,-16.229883],[-39.375747,-16.229803],[-39.376057,-16.228769],[-39.376237,-16.228399],[-39.376419,-16.228451],[-39.376866,-16.228749],[-39.377394,-16.229094],[-39.378185,-16.229712],[-39.378743,-16.230158],[-39.380027,-16.231178],[-39.380545,-16.231552],[-39.383816,-16.233963],[-39.383871,-16.234005],[-39.385859,-16.235466],[-39.387194,-16.236421],[-39.387657,-16.23688],[-39.38801,-16.237091],[-39.388486,-16.237377],[-39.389578,-16.238506],[-39.390283,-16.239234],[-39.390305,-16.239251],[-39.390365,-16.23928],[-39.392349,-16.240037],[-39.393786,-16.240916],[-39.3946,-16.240148],[-39.394677,-16.240057],[-39.394748,-16.239822],[-39.394879,-16.239663],[-39.39503,-16.239546],[-39.395194,-16.239491],[-39.395353,-16.239464],[-39.395688,-16.239432],[-39.395866,-16.239435],[-39.395987,-16.239437],[-39.396238,-16.239511],[-39.396688,-16.239709],[-39.39717,-16.239991],[-39.398018,-16.240108],[-39.398263,-16.240176],[-39.398472,-16.240241],[-39.398619,-16.240289],[-39.398723,-16.24032],[-39.399202,-16.240419],[-39.399346,-16.240437],[-39.399789,-16.24047],[-39.40005,-16.240475],[-39.400486,-16.240482],[-39.401234,-16.240348],[-39.401589,-16.240282],[-39.402183,-16.240141],[-39.402432,-16.240116],[-39.402465,-16.240116],[-39.402913,-16.24007],[-39.403041,-16.240062],[-39.403094,-16.240174],[-39.40336,-16.240836],[-39.403824,-16.241549],[-39.403927,-16.241653],[-39.404054,-16.24168],[-39.404202,-16.241663],[-39.404471,-16.241615],[-39.404865,-16.241443],[-39.405025,-16.241391],[-39.405206,-16.241348],[-39.40549,-16.241312],[-39.40604,-16.241335],[-39.406243,-16.241329],[-39.406461,-16.241312],[-39.406634,-16.241264],[-39.406763,-16.241294],[-39.407299,-16.241612],[-39.407621,-16.241834],[-39.407897,-16.242402],[-39.407717,-16.242422],[-39.407482,-16.242229],[-39.407029,-16.242122],[-39.406801,-16.242115],[-39.406448,-16.24216],[-39.406292,-16.242172],[-39.405902,-16.242291],[-39.405659,-16.242336],[-39.405541,-16.242357],[-39.405242,-16.242501],[-39.405056,-16.242605],[-39.404018,-16.24309],[-39.403831,-16.243207],[-39.403368,-16.243396],[-39.403062,-16.243575],[-39.402963,-16.243644],[-39.402277,-16.244025],[-39.402092,-16.244134],[-39.401264,-16.244664],[-39.40107,-16.24483],[-39.400461,-16.245449],[-39.400214,-16.245701],[-39.400172,-16.245751],[-39.40014,-16.245804],[-39.400107,-16.245912],[-39.400094,-16.246041],[-39.400146,-16.246163],[-39.400174,-16.246202],[-39.400761,-16.246869],[-39.401193,-16.247304],[-39.401148,-16.247476],[-39.400721,-16.248082],[-39.400571,-16.248366],[-39.40048,-16.248455],[-39.400361,-16.248534],[-39.40024,-16.248577],[-39.400141,-16.248602],[-39.400058,-16.248609],[-39.399824,-16.248591],[-39.399711,-16.248623],[-39.399378,-16.248818],[-39.399184,-16.248859],[-39.398741,-16.248883],[-39.398597,-16.248907],[-39.398454,-16.248939],[-39.398181,-16.248973],[-39.397761,-16.248982],[-39.397425,-16.248971],[-39.397379,-16.249637],[-39.397333,-16.249902],[-39.397337,-16.250141],[-39.397441,-16.251795],[-39.397812,-16.252984],[-39.397562,-16.254681],[-39.394127,-16.255147],[-39.393353,-16.255269],[-39.393231,-16.255257],[-39.393231,-16.255369],[-39.392471,-16.255586],[-39.39152,-16.255895],[-39.39141,-16.25593],[-39.390162,-16.256391],[-39.389606,-16.256594],[-39.389197,-16.256592],[-39.388542,-16.256592],[-39.386995,-16.256651],[-39.386857,-16.256648],[-39.385427,-16.256668],[-39.385343,-16.256653],[-39.386151,-16.259566],[-39.387234,-16.263779],[-39.387252,-16.263844],[-39.387757,-16.265682],[-39.387731,-16.265745],[-39.387773,-16.265743],[-39.387827,-16.265935],[-39.387854,-16.266033],[-39.387915,-16.266258],[-39.388415,-16.268078],[-39.389248,-16.27108],[-39.391919,-16.272187],[-39.392866,-16.27258],[-39.394061,-16.271713],[-39.395238,-16.270861],[-39.395951,-16.270318],[-39.396026,-16.270339],[-39.397749,-16.270824],[-39.398144,-16.270931],[-39.400076,-16.271457],[-39.400169,-16.271482],[-39.400419,-16.271551],[-39.400356,-16.27633],[-39.400369,-16.280904],[-39.402903,-16.279357],[-39.405236,-16.277866],[-39.4052,-16.277513],[-39.404901,-16.275165],[-39.408319,-16.274752],[-39.409009,-16.274675],[-39.409851,-16.274583],[-39.410011,-16.274564],[-39.412035,-16.274354],[-39.413049,-16.274255],[-39.414767,-16.274091],[-39.416953,-16.27391],[-39.419,-16.27372],[-39.419213,-16.273691],[-39.421406,-16.273393],[-39.424165,-16.273037],[-39.424393,-16.273182],[-39.426043,-16.274199],[-39.42687,-16.276073],[-39.427332,-16.276672],[-39.427649,-16.276926],[-39.427854,-16.27701],[-39.428,-16.276973],[-39.42823,-16.276874],[-39.428242,-16.276871],[-39.428446,-16.27683],[-39.430269,-16.276549],[-39.43083,-16.276465],[-39.430979,-16.276436],[-39.431018,-16.276429],[-39.432109,-16.276312],[-39.43211,-16.276314],[-39.43227,-16.276779],[-39.432308,-16.277045],[-39.432272,-16.277424],[-39.432329,-16.277717],[-39.433,-16.278092],[-39.433233,-16.278178],[-39.433476,-16.278269],[-39.433537,-16.278268],[-39.43358,-16.278284],[-39.434073,-16.27944],[-39.435496,-16.279766],[-39.436802,-16.27963],[-39.43698,-16.27828],[-39.437245,-16.278247],[-39.437281,-16.278249],[-39.439243,-16.278421],[-39.439491,-16.27846],[-39.440431,-16.278816],[-39.440834,-16.279116],[-39.441771,-16.279901],[-39.442002,-16.280043],[-39.442485,-16.280058],[-39.443086,-16.28009],[-39.444497,-16.280224],[-39.444851,-16.280258],[-39.444936,-16.280256],[-39.445008,-16.28024],[-39.44509,-16.280176],[-39.445613,-16.27984],[-39.447491,-16.278466],[-39.447552,-16.278422],[-39.447666,-16.278533],[-39.447721,-16.278587],[-39.448224,-16.279515],[-39.448236,-16.279622],[-39.448253,-16.279796],[-39.448283,-16.280089],[-39.448288,-16.280137],[-39.448291,-16.280537],[-39.448311,-16.280601],[-39.448342,-16.280669],[-39.448381,-16.280704],[-39.44873,-16.281034],[-39.449824,-16.282039],[-39.450532,-16.282629],[-39.451158,-16.283163],[-39.451258,-16.283221],[-39.452398,-16.28368],[-39.455671,-16.285052],[-39.455882,-16.285123],[-39.456112,-16.285162],[-39.456829,-16.285139],[-39.458651,-16.282941],[-39.460024,-16.281286],[-39.464053,-16.276455],[-39.46484,-16.275454],[-39.464914,-16.275424],[-39.465026,-16.275378],[-39.46515,-16.275328],[-39.465534,-16.275169],[-39.465646,-16.275236],[-39.465752,-16.275106],[-39.465736,-16.275085],[-39.466828,-16.274633],[-39.467809,-16.274485],[-39.468877,-16.275022],[-39.471411,-16.275957],[-39.471601,-16.276028],[-39.473659,-16.276528],[-39.475036,-16.276952],[-39.476687,-16.27772],[-39.477773,-16.278289],[-39.479258,-16.278963],[-39.479378,-16.279402],[-39.479723,-16.27955],[-39.479891,-16.279716],[-39.480396,-16.279636],[-39.480509,-16.279531],[-39.480648,-16.279593],[-39.480691,-16.279613],[-39.482561,-16.279914],[-39.484532,-16.280353],[-39.486312,-16.280567],[-39.486906,-16.280609],[-39.488233,-16.279977],[-39.489824,-16.279225],[-39.490944,-16.278703],[-39.490686,-16.278653],[-39.490488,-16.278614],[-39.490412,-16.278599],[-39.485774,-16.278089],[-39.481112,-16.277456],[-39.482181,-16.275918],[-39.484271,-16.272809],[-39.486286,-16.269804],[-39.488279,-16.266815],[-39.48823,-16.266776],[-39.487929,-16.266537],[-39.487557,-16.266247],[-39.487309,-16.266033],[-39.487118,-16.265837],[-39.486843,-16.265541],[-39.486614,-16.265286],[-39.486376,-16.26509],[-39.486139,-16.264944],[-39.485999,-16.264869],[-39.48581,-16.264797],[-39.48549,-16.26471],[-39.484583,-16.26434],[-39.484241,-16.264186],[-39.483929,-16.264065],[-39.482005,-16.263257],[-39.481927,-16.263229],[-39.481359,-16.262983],[-39.479747,-16.262312],[-39.478657,-16.261848],[-39.477542,-16.261372],[-39.475992,-16.260708],[-39.475402,-16.260467],[-39.473377,-16.259618],[-39.47319,-16.259542],[-39.470998,-16.258616],[-39.470554,-16.258428],[-39.468924,-16.257746],[-39.467821,-16.257273],[-39.467689,-16.257223],[-39.467357,-16.25777],[-39.465109,-16.26103],[-39.464456,-16.263114],[-39.463759,-16.263032],[-39.460214,-16.262574],[-39.458405,-16.261019],[-39.453345,-16.256642],[-39.452831,-16.256175],[-39.452423,-16.254952],[-39.452384,-16.254991],[-39.4522,-16.254946],[-39.451931,-16.254824],[-39.451724,-16.254711],[-39.451612,-16.254645],[-39.45138,-16.254494],[-39.451172,-16.254337],[-39.450904,-16.254108],[-39.450634,-16.253848],[-39.449556,-16.252739],[-39.448846,-16.251996],[-39.44759,-16.250747],[-39.445802,-16.248929],[-39.445591,-16.248713],[-39.443866,-16.246948],[-39.443626,-16.246703],[-39.442277,-16.245313],[-39.441598,-16.244635],[-39.440648,-16.243662],[-39.439631,-16.242632],[-39.439422,-16.24241],[-39.439059,-16.242094],[-39.438009,-16.241769],[-39.436672,-16.24183],[-39.431673,-16.242097],[-39.429312,-16.242254],[-39.428176,-16.242313],[-39.427408,-16.242404],[-39.426972,-16.242389],[-39.426591,-16.242373],[-39.424654,-16.242495],[-39.423852,-16.242509],[-39.422283,-16.242296],[-39.425399,-16.23744],[-39.425368,-16.237411],[-39.424833,-16.236862],[-39.424672,-16.236738],[-39.424587,-16.236683],[-39.424411,-16.236611],[-39.422932,-16.236675],[-39.422734,-16.236552],[-39.422364,-16.236314],[-39.421956,-16.235879],[-39.421806,-16.235334],[-39.421765,-16.234932],[-39.421765,-16.234429],[-39.421752,-16.234324],[-39.421194,-16.234278],[-39.420899,-16.234355],[-39.42048,-16.23443],[-39.420119,-16.235054],[-39.419962,-16.235486],[-39.419926,-16.235625],[-39.419899,-16.235872],[-39.419908,-16.235953],[-39.419947,-16.236225],[-39.419954,-16.23645],[-39.419992,-16.236629],[-39.420001,-16.236788],[-39.419967,-16.236855],[-39.419911,-16.236912],[-39.419688,-16.237089],[-39.419555,-16.237207],[-39.419411,-16.237248],[-39.419232,-16.237275],[-39.419158,-16.237311],[-39.41907,-16.237403],[-39.419001,-16.237467],[-39.418923,-16.237512],[-39.418839,-16.237533],[-39.418751,-16.237524],[-39.418569,-16.23742],[-39.418473,-16.237353],[-39.418839,-16.238498],[-39.418937,-16.23872],[-39.419126,-16.239315],[-39.419214,-16.239556],[-39.419264,-16.239747],[-39.419289,-16.239816],[-39.419413,-16.240061],[-39.419546,-16.240413],[-39.41963,-16.240595],[-39.419666,-16.240946],[-39.419624,-16.24117],[-39.419405,-16.241147],[-39.419249,-16.241105],[-39.419186,-16.241082],[-39.419025,-16.240594],[-39.418932,-16.240334],[-39.418831,-16.240172],[-39.418732,-16.240033],[-39.418354,-16.239872],[-39.418174,-16.239823],[-39.417742,-16.239693],[-39.417651,-16.239675],[-39.417174,-16.239588],[-39.416744,-16.239432],[-39.416399,-16.239317],[-39.416325,-16.239288],[-39.41615,-16.239212],[-39.41599,-16.239134],[-39.41566,-16.238937],[-39.415549,-16.238823],[-39.415392,-16.238751],[-39.415252,-16.238702],[-39.414989,-16.238626],[-39.414809,-16.238622],[-39.41465,-16.238622],[-39.41429,-16.238712],[-39.414113,-16.238786],[-39.41292,-16.239486],[-39.412568,-16.23968],[-39.412429,-16.239783],[-39.412204,-16.239984],[-39.412102,-16.24006],[-39.412039,-16.240104],[-39.411979,-16.240153],[-39.411715,-16.240371],[-39.41099,-16.241053],[-39.410725,-16.241282],[-39.410479,-16.241608],[-39.410339,-16.241793],[-39.409814,-16.242338],[-39.409669,-16.242454],[-39.409574,-16.242519],[-39.409396,-16.242592],[-39.409292,-16.242619],[-39.408998,-16.242681],[-39.408797,-16.242706],[-39.40856,-16.242705],[-39.408557,-16.242641],[-39.408332,-16.242624],[-39.408227,-16.242589],[-39.408077,-16.242244],[-39.408249,-16.242316],[-39.408551,-16.242355],[-39.408714,-16.242349],[-39.408976,-16.242265],[-39.409076,-16.242153],[-39.409125,-16.242072],[-39.409165,-16.241968],[-39.409205,-16.241797],[-39.409214,-16.241305],[-39.409201,-16.241176],[-39.40917,-16.241073],[-39.409099,-16.241002],[-39.409021,-16.240958],[-39.408794,-16.240882],[-39.408559,-16.240807],[-39.408199,-16.240767],[-39.407924,-16.240712],[-39.407733,-16.240711],[-39.407618,-16.240721],[-39.407204,-16.240773],[-39.407033,-16.240802],[-39.406829,-16.240823],[-39.406656,-16.240827],[-39.406466,-16.240789],[-39.406379,-16.240748],[-39.406288,-16.240685],[-39.40618,-16.240598],[-39.40608,-16.2405],[-39.406026,-16.240442],[-39.405822,-16.240181],[-39.405731,-16.240081],[-39.405707,-16.240053],[-39.405622,-16.239975],[-39.405464,-16.239868],[-39.405089,-16.239709],[-39.404969,-16.239562],[-39.404682,-16.238994],[-39.404637,-16.238928],[-39.40458,-16.238877],[-39.403937,-16.238691],[-39.403721,-16.238747],[-39.403531,-16.238651],[-39.40333,-16.238464],[-39.403272,-16.238411],[-39.403174,-16.238276],[-39.403011,-16.237906],[-39.402825,-16.237599],[-39.40276,-16.237549],[-39.402494,-16.237598],[-39.402351,-16.237635],[-39.402162,-16.237759],[-39.401996,-16.237838],[-39.401809,-16.237802],[-39.401734,-16.237793],[-39.401714,-16.237488],[-39.401708,-16.237199],[-39.401689,-16.237102],[-39.401614,-16.236892],[-39.40157,-16.236816],[-39.401505,-16.236734],[-39.40133,-16.236575],[-39.400792,-16.23609],[-39.400261,-16.23597],[-39.399928,-16.235908],[-39.399685,-16.235874],[-39.399571,-16.235887],[-39.399371,-16.235982],[-39.398201,-16.236564],[-39.397369,-16.23663],[-39.397179,-16.236641],[-39.396334,-16.235861],[-39.394313,-16.233855],[-39.394335,-16.233787],[-39.394384,-16.233638],[-39.392901,-16.231652],[-39.392595,-16.231258],[-39.393095,-16.231093],[-39.393196,-16.230653],[-39.393197,-16.230252],[-39.393114,-16.230501],[-39.392293,-16.23061],[-39.392012,-16.230575],[-39.391925,-16.2295],[-39.391786,-16.229187],[-39.391782,-16.229029],[-39.391764,-16.228924],[-39.391657,-16.228637],[-39.391491,-16.228272],[-39.391427,-16.228124],[-39.391404,-16.228063],[-39.391406,-16.227919],[-39.391427,-16.227827],[-39.391483,-16.227716],[-39.391588,-16.227577],[-39.391706,-16.227398],[-39.391823,-16.227186],[-39.391858,-16.227098],[-39.39192,-16.226913],[-39.391965,-16.226689],[-39.391956,-16.22604],[-39.391959,-16.225493],[-39.391922,-16.225373],[-39.391659,-16.22488],[-39.391606,-16.224524],[-39.391659,-16.22422],[-39.391674,-16.22421],[-39.391959,-16.224029],[-39.392103,-16.223932],[-39.392185,-16.223759],[-39.392146,-16.223621],[-39.391992,-16.223394],[-39.391562,-16.222765],[-39.391431,-16.222631],[-39.391089,-16.222368],[-39.39092,-16.222275],[-39.390346,-16.221991],[-39.390072,-16.22188],[-39.389371,-16.221713],[-39.388819,-16.221655],[-39.388361,-16.2215],[-39.387925,-16.221321],[-39.387559,-16.221242],[-39.387454,-16.221226],[-39.387261,-16.221118],[-39.386507,-16.220566],[-39.386469,-16.220568],[-39.386436,-16.22051],[-39.385878,-16.220077],[-39.385379,-16.219509],[-39.384942,-16.219313],[-39.384624,-16.219204],[-39.384193,-16.219083],[-39.383811,-16.218925],[-39.38341,-16.218756],[-39.383178,-16.218709],[-39.382561,-16.218602],[-39.382154,-16.218499],[-39.382058,-16.218493],[-39.381922,-16.218541],[-39.381374,-16.218929],[-39.381144,-16.218946],[-39.380511,-16.218747],[-39.37994,-16.218434],[-39.379894,-16.218414],[-39.379642,-16.218352],[-39.379286,-16.218323],[-39.379117,-16.218338],[-39.378585,-16.218576],[-39.378363,-16.218591],[-39.377334,-16.218205],[-39.377188,-16.218117],[-39.376773,-16.217868],[-39.376282,-16.217631],[-39.375964,-16.217471]]],[[[-39.475987,-16.254237],[-39.475662,-16.254358],[-39.473422,-16.255184],[-39.468104,-16.256391],[-39.467847,-16.256892],[-39.470704,-16.258096],[-39.473628,-16.259331],[-39.476143,-16.260377],[-39.476434,-16.260506],[-39.478808,-16.261517],[-39.479221,-16.261689],[-39.481509,-16.262652],[-39.481695,-16.262737],[-39.482836,-16.263209],[-39.48396,-16.263686],[-39.484079,-16.263734],[-39.48473,-16.264008],[-39.485614,-16.264368],[-39.48593,-16.264454],[-39.486159,-16.264541],[-39.48633,-16.264633],[-39.486397,-16.26468],[-39.486606,-16.264803],[-39.486892,-16.265059],[-39.487119,-16.265297],[-39.487393,-16.265592],[-39.487571,-16.265774],[-39.487799,-16.265971],[-39.488165,-16.266257],[-39.488473,-16.266505],[-39.488705,-16.26615],[-39.488626,-16.264837],[-39.488618,-16.264682],[-39.488651,-16.264612],[-39.488681,-16.26455],[-39.489233,-16.26343],[-39.489675,-16.262387],[-39.489581,-16.262014],[-39.489694,-16.260498],[-39.488555,-16.259721],[-39.487986,-16.258834],[-39.48698,-16.25728],[-39.486814,-16.257004],[-39.486013,-16.255715],[-39.485663,-16.255103],[-39.485384,-16.254685],[-39.482265,-16.257357],[-39.482131,-16.257306],[-39.479128,-16.256154],[-39.477783,-16.255341],[-39.476349,-16.254473],[-39.475987,-16.254237]]],[[[-39.43965,-16.242267],[-39.441869,-16.244386],[-39.443898,-16.246455],[-39.444985,-16.247568],[-39.445863,-16.248465],[-39.447862,-16.250498],[-39.448917,-16.25158],[-39.449828,-16.25249],[-39.450902,-16.253596],[-39.451161,-16.253844],[-39.451412,-16.254059],[-39.4516,-16.254202],[-39.45181,-16.254338],[-39.452105,-16.254503],[-39.452318,-16.254626],[-39.451929,-16.25343],[-39.451574,-16.252394],[-39.449731,-16.247352],[-39.448504,-16.246158],[-39.447473,-16.245154],[-39.446769,-16.244787],[-39.444816,-16.243794],[-39.440704,-16.242559],[-39.43967,-16.242272],[-39.43965,-16.242267]]]]}},{"type":"Feature","properties":{"gid":"800","cd_sipra":"BA0177000","nome_projeto":"PA JOSENEI","municipio":"ITUBERA","area_hectare_declarada":"825.6876","capacidade":"61","num_familias":"60","fase":"3","data_de_criacao":"29/05/1998","forma_obtencao":"Desapropriação","data_obtencao":"20/11/1997","area_calc_ha":"932.6579"},"geometry":{"type":"Polygon","coordinates":[[[-39.239745,-13.766993],[-39.238806,-13.772265],[-39.23874,-13.77533],[-39.23941,-13.783685],[-39.245752,-13.788869],[-39.248214,-13.797908],[-39.24322,-13.800174],[-39.238873,-13.801354],[-39.235076,-13.798464],[-39.234061,-13.800093],[-39.233695,-13.805066],[-39.230831,-13.809138],[-39.23139,-13.813342],[-39.234817,-13.816458],[-39.238979,-13.815459],[-39.241387,-13.816904],[-39.245179,-13.815272],[-39.247678,-13.816083],[-39.247246,-13.801075],[-39.259041,-13.799977],[-39.260702,-13.795364],[-39.25857,-13.792111],[-39.258014,-13.791116],[-39.257905,-13.776288],[-39.255313,-13.774663],[-39.255126,-13.772765],[-39.25605,-13.77186],[-39.254934,-13.766887],[-39.254008,-13.766256],[-39.255208,-13.763813],[-39.254375,-13.762819],[-39.250214,-13.763999],[-39.248421,-13.766044],[-39.242259,-13.765906],[-39.241614,-13.767624],[-39.239745,-13.766993]]]}},{"type":"Feature","properties":{"gid":"695","cd_sipra":"BA0235000","nome_projeto":"PA HELVECIA","municipio":"ITAJUIPE","area_hectare_declarada":"467.7240","capacidade":"55","num_familias":"28","fase":"3","data_de_criacao":"14/08/2000","forma_obtencao":"Desapropriação","data_obtencao":"09/11/1999","area_calc_ha":"470.4656"},"geometry":{"type":"Polygon","coordinates":[[[-39.44989,-14.721259],[-39.446235,-14.722353],[-39.447423,-14.725662],[-39.442329,-14.727661],[-39.442122,-14.729305],[-39.441927,-14.729684],[-39.440171,-14.730803],[-39.439742,-14.731406],[-39.439447,-14.731859],[-39.439301,-14.732088],[-39.437528,-14.731974],[-39.436978,-14.73186],[-39.436891,-14.731845],[-39.436582,-14.730043],[-39.43407,-14.727829],[-39.433806,-14.728817],[-39.433576,-14.729257],[-39.432541,-14.73065],[-39.431496,-14.730954],[-39.430744,-14.73108],[-39.430428,-14.732174],[-39.43058,-14.732451],[-39.430812,-14.732768],[-39.430874,-14.732833],[-39.431066,-14.733035],[-39.432741,-14.734362],[-39.433169,-14.734753],[-39.43333,-14.735419],[-39.433377,-14.735477],[-39.433789,-14.735631],[-39.433498,-14.736977],[-39.432728,-14.739271],[-39.434044,-14.739828],[-39.43507,-14.740181],[-39.436667,-14.741316],[-39.437268,-14.742247],[-39.438957,-14.742383],[-39.439039,-14.742431],[-39.439358,-14.742686],[-39.439846,-14.743526],[-39.440817,-14.744851],[-39.442248,-14.745553],[-39.443423,-14.746309],[-39.444036,-14.747993],[-39.444023,-14.749398],[-39.445063,-14.749746],[-39.446372,-14.748573],[-39.447529,-14.749265],[-39.447496,-14.74961],[-39.447548,-14.749876],[-39.451095,-14.750394],[-39.451569,-14.750312],[-39.452595,-14.750121],[-39.451979,-14.747011],[-39.451429,-14.746436],[-39.451298,-14.745795],[-39.451411,-14.745734],[-39.453797,-14.744089],[-39.458579,-14.742222],[-39.457676,-14.74083],[-39.457414,-14.740553],[-39.457621,-14.73999],[-39.454886,-14.73821],[-39.453187,-14.735944],[-39.452793,-14.735154],[-39.452231,-14.734506],[-39.452307,-14.734018],[-39.452243,-14.73369],[-39.452226,-14.7336],[-39.452105,-14.73304],[-39.451485,-14.730688],[-39.45151,-14.729104],[-39.452473,-14.727694],[-39.452739,-14.727193],[-39.453298,-14.725985],[-39.451654,-14.723123],[-39.44989,-14.721259]]]}},{"type":"Feature","properties":{"gid":"1007","cd_sipra":"BA0344000","nome_projeto":"PA NOVA GALICIA","municipio":"UNA","area_hectare_declarada":"489.5694","capacidade":"35","num_familias":"28","fase":"4","data_de_criacao":"26/11/2002","forma_obtencao":"Desapropriação","data_obtencao":"20/03/2002","area_calc_ha":"495.8877"},"geometry":{"type":"Polygon","coordinates":[[[-39.272783,-15.255776],[-39.273886,-15.250914],[-39.273892,-15.250635],[-39.275784,-15.245836],[-39.276696,-15.243288],[-39.276976,-15.242285],[-39.276576,-15.242058],[-39.275757,-15.241518],[-39.274429,-15.240898],[-39.27382,-15.24069],[-39.272727,-15.239866],[-39.27183,-15.240451],[-39.271251,-15.240737],[-39.270558,-15.241358],[-39.270245,-15.241446],[-39.268089,-15.241309],[-39.267648,-15.240171],[-39.267309,-15.23953],[-39.265902,-15.238154],[-39.265324,-15.238056],[-39.264532,-15.238509],[-39.264246,-15.239635],[-39.263786,-15.240463],[-39.262996,-15.241152],[-39.262223,-15.240978],[-39.261779,-15.240614],[-39.261171,-15.238911],[-39.260239,-15.239095],[-39.258909,-15.238809],[-39.257581,-15.238634],[-39.2557,-15.237601],[-39.254867,-15.239856],[-39.253442,-15.241308],[-39.253364,-15.241986],[-39.254134,-15.243138],[-39.254263,-15.243783],[-39.25465,-15.24475],[-39.255756,-15.244993],[-39.256055,-15.245244],[-39.256368,-15.246638],[-39.25596,-15.247399],[-39.255646,-15.247486],[-39.255575,-15.24749],[-39.255125,-15.24745],[-39.256106,-15.250005],[-39.257257,-15.253803],[-39.257533,-15.254393],[-39.257444,-15.256046],[-39.257274,-15.256271],[-39.256887,-15.258918],[-39.261445,-15.2638],[-39.263195,-15.266096],[-39.264826,-15.265618],[-39.270245,-15.262511],[-39.272783,-15.255776]]]}},{"type":"Feature","properties":{"gid":"15751","cd_sipra":"BA0542000","nome_projeto":"PA BELA VISTA/MOVELAR","municipio":"SANTA CRUZ CABRALIA","area_hectare_declarada":"1469.0460","capacidade":"95","num_familias":"73","fase":"3","data_de_criacao":"28/12/2005","forma_obtencao":"Desapropriação","data_obtencao":"24/02/2005","area_calc_ha":"1471.3466"},"geometry":{"type":"Polygon","coordinates":[[[-39.369795,-16.387352],[-39.369562,-16.355704],[-39.369541,-16.353022],[-39.372303,-16.353001],[-39.374345,-16.352457],[-39.374851,-16.352104],[-39.375409,-16.351713],[-39.380812,-16.35045],[-39.384623,-16.348869],[-39.385324,-16.348583],[-39.386215,-16.349054],[-39.380717,-16.3437],[-39.380328,-16.343338],[-39.380118,-16.343279],[-39.379028,-16.343534],[-39.377463,-16.34574],[-39.370709,-16.337931],[-39.366173,-16.335183],[-39.366835,-16.334151],[-39.361281,-16.331276],[-39.361907,-16.328992],[-39.3632,-16.327797],[-39.362822,-16.306881],[-39.360058,-16.307692],[-39.357383,-16.310899],[-39.359824,-16.312836],[-39.35667,-16.316852],[-39.356954,-16.317733],[-39.356749,-16.319001],[-39.360884,-16.321255],[-39.356492,-16.325331],[-39.356814,-16.330009],[-39.35922,-16.331905],[-39.359586,-16.333708],[-39.359787,-16.335631],[-39.358669,-16.338797],[-39.358956,-16.342232],[-39.35718,-16.34341],[-39.358109,-16.344867],[-39.353827,-16.346873],[-39.353106,-16.348397],[-39.352261,-16.350374],[-39.349619,-16.35653],[-39.349751,-16.358386],[-39.350479,-16.359773],[-39.352417,-16.363469],[-39.349352,-16.364124],[-39.348979,-16.364758],[-39.345299,-16.363937],[-39.345506,-16.367757],[-39.345616,-16.376894],[-39.349802,-16.378352],[-39.349818,-16.382093],[-39.349763,-16.388223],[-39.355272,-16.388382],[-39.358913,-16.388603],[-39.362557,-16.388274],[-39.369795,-16.387352]]]}},{"type":"Feature","properties":{"gid":"18892","cd_sipra":"BA0955000","nome_projeto":"PA ROBERTÃO","municipio":"UNA","area_hectare_declarada":"662.6393","capacidade":"21","num_familias":"0","fase":"3","data_de_criacao":"11/08/2016","forma_obtencao":"Desapropriação","data_obtencao":"26/12/2013","area_calc_ha":"663.1547"},"geometry":{"type":"Polygon","coordinates":[[[-39.279661,-15.277364],[-39.279237,-15.277309],[-39.278913,-15.277218],[-39.278768,-15.277118],[-39.278269,-15.277081],[-39.277746,-15.277245],[-39.277077,-15.277297],[-39.276505,-15.274138],[-39.275935,-15.27453],[-39.27281,-15.275929],[-39.269788,-15.27765],[-39.268169,-15.279147],[-39.268425,-15.279594],[-39.268616,-15.280278],[-39.26887,-15.281384],[-39.268825,-15.282364],[-39.268817,-15.282868],[-39.268671,-15.283757],[-39.268978,-15.284947],[-39.269174,-15.286308],[-39.269195,-15.286715],[-39.269223,-15.287684],[-39.265066,-15.287487],[-39.265053,-15.288941],[-39.26527,-15.289288],[-39.266384,-15.28959],[-39.267375,-15.289541],[-39.272837,-15.290912],[-39.27485,-15.291577],[-39.271896,-15.292449],[-39.270974,-15.293319],[-39.27061,-15.293442],[-39.270435,-15.294139],[-39.270083,-15.294781],[-39.269406,-15.294905],[-39.268951,-15.294881],[-39.268749,-15.294737],[-39.268475,-15.29511],[-39.2682,-15.295243],[-39.268373,-15.295768],[-39.267799,-15.296147],[-39.267939,-15.297739],[-39.268914,-15.297113],[-39.27072,-15.297263],[-39.272581,-15.295512],[-39.273838,-15.294342],[-39.274842,-15.29607],[-39.27454,-15.298616],[-39.276172,-15.29902],[-39.276601,-15.298766],[-39.277012,-15.299097],[-39.27762,-15.300139],[-39.278283,-15.301603],[-39.279161,-15.303378],[-39.282827,-15.302597],[-39.284732,-15.304106],[-39.290758,-15.300538],[-39.299321,-15.299253],[-39.299122,-15.300764],[-39.299865,-15.300781],[-39.300603,-15.300374],[-39.300937,-15.300379],[-39.301257,-15.300496],[-39.301996,-15.300401],[-39.30063,-15.297897],[-39.300039,-15.296749],[-39.2987,-15.294374],[-39.297597,-15.292584],[-39.296699,-15.291271],[-39.295868,-15.290063],[-39.294774,-15.288166],[-39.293122,-15.285658],[-39.29029,-15.281568],[-39.28961,-15.281423],[-39.288593,-15.281334],[-39.284681,-15.282045],[-39.28355,-15.288362],[-39.279661,-15.277364]]]}},{"type":"Feature","properties":{"gid":"707","cd_sipra":"BA0224000","nome_projeto":"PA SANTA LUZIA/TRÊS IRMÃOS","municipio":"PRADO","area_hectare_declarada":"1161.6000","capacidade":"50","num_familias":"50","fase":"6","data_de_criacao":"30/12/1998","forma_obtencao":"Desapropriação","data_obtencao":"10/11/1998","area_calc_ha":"1124.6159"},"geometry":{"type":"Polygon","coordinates":[[[-39.274483,-16.939458],[-39.277829,-16.950653],[-39.286471,-16.946887],[-39.28651,-16.946929],[-39.28659,-16.947009],[-39.286839,-16.947454],[-39.287519,-16.948018],[-39.287844,-16.948393],[-39.287934,-16.948595],[-39.288359,-16.94903],[-39.288642,-16.949199],[-39.288759,-16.949339],[-39.289054,-16.950246],[-39.289106,-16.951303],[-39.289242,-16.951439],[-39.28951,-16.951287],[-39.289513,-16.951285],[-39.290589,-16.950556],[-39.291981,-16.949663],[-39.293215,-16.948867],[-39.293218,-16.948865],[-39.294221,-16.950153],[-39.29422,-16.953284],[-39.314732,-16.957459],[-39.317977,-16.951484],[-39.3176,-16.951174],[-39.31702,-16.948942],[-39.322581,-16.948931],[-39.325238,-16.946506],[-39.315277,-16.927641],[-39.306141,-16.926325],[-39.304939,-16.924989],[-39.299535,-16.936528],[-39.287206,-16.930009],[-39.286226,-16.931675],[-39.278788,-16.932611],[-39.279258,-16.937226],[-39.279893,-16.938948],[-39.277715,-16.93989],[-39.277219,-16.939234],[-39.275744,-16.939341],[-39.274483,-16.939458]]]}},{"type":"Feature","properties":{"gid":"13229","cd_sipra":"BA0948000","nome_projeto":"PA SANTA TEREZA DO GUARANI I","municipio":"UNA","area_hectare_declarada":"406.3849","capacidade":"16","num_familias":"15","fase":"3","data_de_criacao":"09/06/2015","forma_obtencao":"Desapropriação","data_obtencao":"23/12/2011","area_calc_ha":"406.7037"},"geometry":{"type":"Polygon","coordinates":[[[-39.267267,-15.298233],[-39.262502,-15.299696],[-39.256185,-15.301597],[-39.254893,-15.302027],[-39.251661,-15.30447],[-39.247818,-15.306438],[-39.247886,-15.30653],[-39.25252,-15.314157],[-39.25271,-15.314485],[-39.254611,-15.317512],[-39.257226,-15.321781],[-39.261982,-15.318866],[-39.265193,-15.316867],[-39.269031,-15.314615],[-39.273505,-15.311732],[-39.27178,-15.308006],[-39.270211,-15.304607],[-39.268606,-15.301116],[-39.267267,-15.298233]]]}},{"type":"Feature","properties":{"gid":"509","cd_sipra":"BA0119000","nome_projeto":"PA PANCADA GRANDE","municipio":"ITACARE","area_hectare_declarada":"843.6291","capacidade":"48","num_familias":"48","fase":"6","data_de_criacao":"03/11/1997","forma_obtencao":"Desapropriação","data_obtencao":"20/06/1997","area_calc_ha":"860.6018"},"geometry":{"type":"Polygon","coordinates":[[[-39.090436,-14.256892],[-39.091565,-14.275301],[-39.091654,-14.285571],[-39.09048,-14.304143],[-39.091083,-14.306067],[-39.099103,-14.300417],[-39.101456,-14.295642],[-39.105512,-14.281192],[-39.104759,-14.260332],[-39.104241,-14.245951],[-39.089937,-14.24853],[-39.090436,-14.256892]]]}},{"type":"Feature","properties":{"gid":"3713","cd_sipra":"BA0473000","nome_projeto":"PA VIROTE","municipio":"ITABELA","area_hectare_declarada":"581.2051","capacidade":"44","num_familias":"44","fase":"3","data_de_criacao":"28/07/2005","forma_obtencao":"Desapropriação","data_obtencao":"29/12/2004","area_calc_ha":"595.3563"},"geometry":{"type":"Polygon","coordinates":[[[-39.541097,-16.522108],[-39.54973,-16.522382],[-39.549391,-16.535021],[-39.557641,-16.537473],[-39.558656,-16.535274],[-39.558924,-16.535207],[-39.559197,-16.535518],[-39.561995,-16.53755],[-39.573603,-16.537533],[-39.574938,-16.53748],[-39.575477,-16.539464],[-39.575465,-16.540037],[-39.575058,-16.541523],[-39.573784,-16.542868],[-39.572978,-16.547144],[-39.571412,-16.548527],[-39.571901,-16.548708],[-39.576856,-16.54879],[-39.578192,-16.548282],[-39.58055,-16.542373],[-39.581792,-16.540906],[-39.582165,-16.537827],[-39.580867,-16.538531],[-39.579367,-16.538535],[-39.579017,-16.53355],[-39.578506,-16.532481],[-39.577909,-16.528719],[-39.568568,-16.524512],[-39.568673,-16.522852],[-39.563733,-16.523299],[-39.563782,-16.521926],[-39.549669,-16.521542],[-39.549758,-16.514959],[-39.546474,-16.51395],[-39.541097,-16.522108]]]}},{"type":"Feature","properties":{"gid":"6017","cd_sipra":"BA0280000","nome_projeto":"PA FAZENDA BRASIL","municipio":"BARRO PRETO","area_hectare_declarada":"599.2004","capacidade":"50","num_familias":"50","fase":"3","data_de_criacao":"19/07/2004","forma_obtencao":"Desapropriação","data_obtencao":"19/03/2003","area_calc_ha":"599.6412"},"geometry":{"type":"Polygon","coordinates":[[[-39.496378,-14.741312],[-39.491315,-14.743839],[-39.488768,-14.74265],[-39.486799,-14.742704],[-39.486133,-14.743289],[-39.485663,-14.744103],[-39.486992,-14.747535],[-39.483961,-14.749999],[-39.484014,-14.750124],[-39.486042,-14.754986],[-39.48472,-14.756868],[-39.484992,-14.75881],[-39.486226,-14.761083],[-39.487443,-14.76142],[-39.48957,-14.761367],[-39.490521,-14.761341],[-39.490671,-14.761742],[-39.497304,-14.762555],[-39.496498,-14.759601],[-39.499231,-14.759747],[-39.499852,-14.760375],[-39.503309,-14.760599],[-39.504322,-14.758818],[-39.506328,-14.760372],[-39.508827,-14.761684],[-39.509759,-14.761794],[-39.511729,-14.760181],[-39.509451,-14.755472],[-39.509403,-14.755291],[-39.509096,-14.754131],[-39.508901,-14.753393],[-39.508769,-14.752893],[-39.507894,-14.74958],[-39.50897,-14.748478],[-39.509241,-14.748267],[-39.51215,-14.746001],[-39.51257,-14.745673],[-39.512349,-14.745428],[-39.510829,-14.743749],[-39.50911,-14.741635],[-39.504688,-14.736657],[-39.503424,-14.735144],[-39.501283,-14.737338],[-39.499612,-14.738573],[-39.497146,-14.740715],[-39.496543,-14.74123],[-39.496378,-14.741312]]]}},{"type":"Feature","properties":{"gid":"20284","cd_sipra":"BA0085000","nome_projeto":"PA NOVO HORIZONTE","municipio":"WENCESLAU GUIMARAES","area_hectare_declarada":"2497.8108","capacidade":"105","num_familias":"104","fase":"3","data_de_criacao":"28/11/1996","forma_obtencao":"Desapropriação","data_obtencao":"25/06/1996","area_calc_ha":"2546.0951"},"geometry":{"type":"Polygon","coordinates":[[[-39.784562,-13.534103],[-39.783843,-13.534101],[-39.783648,-13.534162],[-39.783319,-13.534394],[-39.783036,-13.534689],[-39.782888,-13.534921],[-39.782765,-13.53529],[-39.782188,-13.535899],[-39.781819,-13.536011],[-39.781448,-13.536021],[-39.780443,-13.53557],[-39.778512,-13.536903],[-39.777954,-13.537181],[-39.777863,-13.537162],[-39.776992,-13.540506],[-39.776455,-13.544251],[-39.776471,-13.544471],[-39.77675,-13.545033],[-39.777027,-13.545971],[-39.776422,-13.546058],[-39.776107,-13.546247],[-39.77599,-13.546654],[-39.775899,-13.547628],[-39.775225,-13.548996],[-39.774916,-13.54883],[-39.774214,-13.548927],[-39.770574,-13.550553],[-39.769286,-13.551542],[-39.769067,-13.551479],[-39.768735,-13.551495],[-39.764976,-13.55329],[-39.761589,-13.554078],[-39.758333,-13.551184],[-39.758016,-13.551177],[-39.757228,-13.551514],[-39.752346,-13.554273],[-39.74344,-13.547541],[-39.742354,-13.548173],[-39.741936,-13.551215],[-39.741583,-13.554333],[-39.739951,-13.556692],[-39.7383,-13.559719],[-39.739548,-13.562894],[-39.742036,-13.565836],[-39.742376,-13.564798],[-39.743705,-13.564044],[-39.745388,-13.56369],[-39.746223,-13.563506],[-39.748771,-13.562541],[-39.751944,-13.559227],[-39.753148,-13.559322],[-39.754202,-13.561203],[-39.75516,-13.56584],[-39.755734,-13.566271],[-39.75663,-13.566357],[-39.758789,-13.568211],[-39.758987,-13.568435],[-39.75951,-13.570693],[-39.760217,-13.571974],[-39.76095,-13.573044],[-39.760964,-13.573576],[-39.760447,-13.575888],[-39.760343,-13.575974],[-39.759056,-13.57598],[-39.75762,-13.576392],[-39.756242,-13.577059],[-39.755116,-13.577523],[-39.754568,-13.578403],[-39.754128,-13.578905],[-39.753451,-13.579042],[-39.761013,-13.587118],[-39.767618,-13.594818],[-39.773045,-13.602329],[-39.777814,-13.602431],[-39.782541,-13.60403],[-39.785422,-13.605149],[-39.788032,-13.606507],[-39.790789,-13.608094],[-39.793878,-13.60714],[-39.796151,-13.605288],[-39.794584,-13.604007],[-39.792625,-13.593444],[-39.790048,-13.588208],[-39.786414,-13.585612],[-39.786811,-13.584276],[-39.787228,-13.582251],[-39.792113,-13.580924],[-39.793076,-13.579793],[-39.794224,-13.578163],[-39.795399,-13.575365],[-39.792004,-13.571485],[-39.791569,-13.569031],[-39.79147,-13.568282],[-39.791492,-13.56713],[-39.796595,-13.554639],[-39.79508,-13.550658],[-39.79263,-13.55109],[-39.792115,-13.549691],[-39.791488,-13.549065],[-39.790762,-13.548684],[-39.788913,-13.547714],[-39.78881,-13.547582],[-39.788363,-13.546917],[-39.788057,-13.546295],[-39.789145,-13.545131],[-39.789955,-13.544146],[-39.790198,-13.543793],[-39.790152,-13.543701],[-39.792882,-13.540885],[-39.790547,-13.538454],[-39.790684,-13.537806],[-39.791825,-13.537136],[-39.791679,-13.537012],[-39.792221,-13.53673],[-39.791585,-13.534353],[-39.791648,-13.534104],[-39.790012,-13.532926],[-39.785324,-13.533757],[-39.784738,-13.534059],[-39.784562,-13.534103]]]}},{"type":"Feature","properties":{"gid":"708","cd_sipra":"BA0169000","nome_projeto":"PA IPIRANGA","municipio":"UNA","area_hectare_declarada":"1260.9975","capacidade":"45","num_familias":"43","fase":"6","data_de_criacao":"29/05/1998","forma_obtencao":"Desapropriação","data_obtencao":"13/11/1997","area_calc_ha":"1276.8947"},"geometry":{"type":"Polygon","coordinates":[[[-39.089082,-15.048216],[-39.087949,-15.05455],[-39.08725,-15.059065],[-39.086781,-15.061641],[-39.086006,-15.061464],[-39.085875,-15.061947],[-39.085858,-15.062787],[-39.085224,-15.065805],[-39.084524,-15.069262],[-39.083992,-15.07095],[-39.086339,-15.071423],[-39.088734,-15.071903],[-39.0897,-15.0721],[-39.092248,-15.072567],[-39.092939,-15.072571],[-39.093333,-15.07271],[-39.093953,-15.07264],[-39.09534,-15.073034],[-39.096725,-15.073302],[-39.097905,-15.073536],[-39.09827,-15.07354],[-39.100425,-15.073945],[-39.106038,-15.075004],[-39.107983,-15.075364],[-39.109558,-15.075651],[-39.1125,-15.076257],[-39.112778,-15.076307],[-39.114728,-15.076784],[-39.115933,-15.077084],[-39.116976,-15.07726],[-39.119743,-15.077804],[-39.120765,-15.072634],[-39.120902,-15.072057],[-39.121172,-15.070805],[-39.121148,-15.070075],[-39.121962,-15.068824],[-39.121783,-15.067847],[-39.121859,-15.067248],[-39.122041,-15.066495],[-39.122315,-15.065101],[-39.122442,-15.064232],[-39.122605,-15.063664],[-39.122593,-15.063563],[-39.122613,-15.063378],[-39.122839,-15.06264],[-39.122955,-15.0622],[-39.123054,-15.061273],[-39.123228,-15.060277],[-39.123601,-15.058484],[-39.123987,-15.056793],[-39.123855,-15.056217],[-39.123875,-15.056032],[-39.124026,-15.055364],[-39.124384,-15.054672],[-39.125273,-15.050176],[-39.123345,-15.04964],[-39.121226,-15.049084],[-39.118361,-15.048409],[-39.116111,-15.047807],[-39.115746,-15.047726],[-39.112987,-15.046896],[-39.109879,-15.045943],[-39.109152,-15.045638],[-39.108043,-15.045294],[-39.107725,-15.045086],[-39.103683,-15.04385],[-39.103409,-15.043657],[-39.102735,-15.043419],[-39.09596,-15.041074],[-39.095063,-15.040642],[-39.091978,-15.039812],[-39.090698,-15.039264],[-39.089082,-15.048216]]]}},{"type":"Feature","properties":{"gid":"209","cd_sipra":"BA0216000","nome_projeto":"PA FABIO HENRIQUE","municipio":"WENCESLAU GUIMARAES","area_hectare_declarada":"1288.9250","capacidade":"76","num_familias":"76","fase":"5","data_de_criacao":"30/12/1998","forma_obtencao":"Desapropriação","data_obtencao":"31/08/1998","area_calc_ha":"1638.3220"},"geometry":{"type":"Polygon","coordinates":[[[-39.673468,-13.559938],[-39.668376,-13.561886],[-39.664583,-13.559813],[-39.661759,-13.559834],[-39.655378,-13.562491],[-39.659179,-13.566591],[-39.654161,-13.570774],[-39.649436,-13.567096],[-39.643984,-13.572356],[-39.647067,-13.581199],[-39.649071,-13.581935],[-39.65054,-13.585749],[-39.648838,-13.586385],[-39.646535,-13.587937],[-39.649967,-13.597891],[-39.649479,-13.598024],[-39.678612,-13.600965],[-39.674936,-13.599622],[-39.67941,-13.589629],[-39.681298,-13.591393],[-39.689443,-13.589626],[-39.689393,-13.587806],[-39.688507,-13.586581],[-39.691695,-13.587002],[-39.696641,-13.586855],[-39.697112,-13.586269],[-39.695209,-13.580544],[-39.686587,-13.577868],[-39.683991,-13.567465],[-39.673468,-13.559938]]]}},{"type":"Feature","properties":{"gid":"11440","cd_sipra":"BA0086000","nome_projeto":"PA FÁBIO HENRIQUE CERQUEIRA","municipio":"ILHEUS","area_hectare_declarada":"269.8600","capacidade":"30","num_familias":"27","fase":"3","data_de_criacao":"25/07/1996","forma_obtencao":"Desapropriação","data_obtencao":"20/12/1995","area_calc_ha":"245.2025"},"geometry":{"type":"Polygon","coordinates":[[[-39.164938,-14.911513],[-39.163512,-14.912632],[-39.162679,-14.912411],[-39.16264,-14.912325],[-39.162257,-14.912307],[-39.162127,-14.912301],[-39.161184,-14.913049],[-39.160982,-14.913272],[-39.160569,-14.914098],[-39.160027,-14.914349],[-39.159307,-14.91416],[-39.158377,-14.913915],[-39.158342,-14.913906],[-39.157013,-14.914912],[-39.156833,-14.915526],[-39.156899,-14.916108],[-39.157497,-14.916186],[-39.157707,-14.915798],[-39.158056,-14.916055],[-39.15883,-14.918315],[-39.158824,-14.918486],[-39.158885,-14.920871],[-39.158617,-14.921293],[-39.157966,-14.922725],[-39.158062,-14.923353],[-39.15803,-14.923676],[-39.157737,-14.924241],[-39.157538,-14.92487],[-39.157046,-14.925229],[-39.15812,-14.925391],[-39.158169,-14.925611],[-39.159014,-14.925938],[-39.15938,-14.925963],[-39.159446,-14.924952],[-39.158588,-14.924161],[-39.158955,-14.923649],[-39.159985,-14.92437],[-39.161612,-14.923669],[-39.162255,-14.923187],[-39.163578,-14.923412],[-39.163795,-14.923373],[-39.16392,-14.923347],[-39.16461,-14.923124],[-39.165972,-14.922293],[-39.166178,-14.922028],[-39.166779,-14.921669],[-39.169641,-14.922089],[-39.169974,-14.922995],[-39.170099,-14.923249],[-39.169889,-14.924019],[-39.169321,-14.92424],[-39.168046,-14.924095],[-39.167004,-14.923661],[-39.166872,-14.924516],[-39.167328,-14.92499],[-39.167148,-14.925227],[-39.166313,-14.926184],[-39.165324,-14.92724],[-39.165323,-14.927524],[-39.164977,-14.927793],[-39.16488,-14.928324],[-39.165327,-14.928987],[-39.165526,-14.929532],[-39.165399,-14.930161],[-39.164923,-14.930894],[-39.16513,-14.930974],[-39.166579,-14.930213],[-39.167605,-14.929759],[-39.16794,-14.93045],[-39.168779,-14.930308],[-39.168891,-14.929939],[-39.169029,-14.92955],[-39.168817,-14.928892],[-39.168623,-14.92857],[-39.168608,-14.928225],[-39.168291,-14.927312],[-39.16845,-14.926143],[-39.168316,-14.926016],[-39.168485,-14.925456],[-39.170435,-14.925668],[-39.171267,-14.926565],[-39.171628,-14.926075],[-39.172178,-14.926139],[-39.173175,-14.926971],[-39.1741,-14.92706],[-39.174228,-14.926299],[-39.174017,-14.925727],[-39.174223,-14.925463],[-39.174537,-14.924214],[-39.174788,-14.92325],[-39.176022,-14.922544],[-39.17688,-14.922437],[-39.177684,-14.922649],[-39.178953,-14.922682],[-39.179753,-14.922797],[-39.179907,-14.92252],[-39.181056,-14.921441],[-39.180451,-14.920827],[-39.178935,-14.921052],[-39.178257,-14.920977],[-39.17758,-14.921069],[-39.177269,-14.920031],[-39.176815,-14.919581],[-39.176346,-14.918207],[-39.175966,-14.918514],[-39.175412,-14.918562],[-39.175378,-14.918569],[-39.174675,-14.918321],[-39.174178,-14.917715],[-39.173813,-14.917199],[-39.173083,-14.916554],[-39.172236,-14.91592],[-39.17161,-14.915524],[-39.171544,-14.915064],[-39.171288,-14.914509],[-39.170596,-14.914454],[-39.169138,-14.913397],[-39.167976,-14.912836],[-39.16791,-14.91217],[-39.167563,-14.911798],[-39.167057,-14.911556],[-39.165818,-14.911359],[-39.164938,-14.911513]]]}},{"type":"Feature","properties":{"gid":"541","cd_sipra":"BA0104000","nome_projeto":"PA SANTA LUZIA","municipio":"VALENCA","area_hectare_declarada":"386.3000","capacidade":"44","num_familias":"26","fase":"5","data_de_criacao":"30/12/1996","forma_obtencao":"Desapropriação","data_obtencao":"06/09/1996","area_calc_ha":"610.5859"},"geometry":{"type":"Polygon","coordinates":[[[-39.105542,-13.367598],[-39.099428,-13.367918],[-39.096279,-13.367918],[-39.093702,-13.367739],[-39.092105,-13.368779],[-39.091412,-13.368617],[-39.091033,-13.368779],[-39.091504,-13.369404],[-39.092077,-13.37085],[-39.091459,-13.371438],[-39.091542,-13.371944],[-39.090831,-13.372415],[-39.090906,-13.373482],[-39.090813,-13.373762],[-39.090491,-13.374432],[-39.089493,-13.375155],[-39.090722,-13.376195],[-39.09112,-13.377162],[-39.090565,-13.37728],[-39.091507,-13.377695],[-39.091887,-13.378907],[-39.092542,-13.380263],[-39.095683,-13.379267],[-39.096616,-13.379538],[-39.096681,-13.380424],[-39.096588,-13.380714],[-39.096589,-13.381709],[-39.096884,-13.381347],[-39.097282,-13.381482],[-39.097199,-13.382431],[-39.097993,-13.382467],[-39.097836,-13.383245],[-39.098483,-13.38347],[-39.099841,-13.38347],[-39.099823,-13.384781],[-39.100358,-13.38527],[-39.101116,-13.385097],[-39.101485,-13.385486],[-39.102547,-13.38487],[-39.103407,-13.384644],[-39.104145,-13.38487],[-39.104257,-13.38573],[-39.105217,-13.385684],[-39.105734,-13.386135],[-39.105504,-13.387419],[-39.106123,-13.387835],[-39.106502,-13.387781],[-39.106705,-13.387943],[-39.106723,-13.387492],[-39.107074,-13.387057],[-39.107878,-13.387373],[-39.108811,-13.387219],[-39.1093,-13.386857],[-39.108985,-13.386387],[-39.109263,-13.385682],[-39.10989,-13.385003],[-39.110814,-13.384551],[-39.111294,-13.384324],[-39.111737,-13.384568],[-39.111414,-13.383891],[-39.11302,-13.382877],[-39.114645,-13.382244],[-39.115662,-13.382243],[-39.115874,-13.38274],[-39.118617,-13.382495],[-39.119347,-13.383146],[-39.120142,-13.383236],[-39.120353,-13.381879],[-39.120787,-13.38111],[-39.12194,-13.379048],[-39.123186,-13.376362],[-39.124108,-13.374662],[-39.124984,-13.372111],[-39.125861,-13.370709],[-39.126461,-13.368945],[-39.124474,-13.367681],[-39.121842,-13.367501],[-39.120826,-13.367031],[-39.117584,-13.367232],[-39.113207,-13.367486],[-39.112191,-13.36737],[-39.105542,-13.367598]]]}},{"type":"Feature","properties":{"gid":"987","cd_sipra":"BA0243000","nome_projeto":"PA O DESCOBRIMENTO (RIO SUL)","municipio":"SANTA CRUZ CABRALIA","area_hectare_declarada":"556.4902","capacidade":"30","num_familias":"30","fase":"5","data_de_criacao":"14/08/2000","forma_obtencao":"Desapropriação","data_obtencao":"26/10/1999","area_calc_ha":"555.4405"},"geometry":{"type":"Polygon","coordinates":[[[-39.206456,-16.251368],[-39.205504,-16.249762],[-39.204999,-16.249409],[-39.203994,-16.248402],[-39.202413,-16.247936],[-39.202086,-16.248351],[-39.201713,-16.248879],[-39.200732,-16.250273],[-39.197633,-16.254626],[-39.197677,-16.25475],[-39.197514,-16.254801],[-39.195279,-16.258075],[-39.194132,-16.259874],[-39.193167,-16.260999],[-39.191469,-16.26348],[-39.191427,-16.263567],[-39.190587,-16.264817],[-39.190231,-16.26537],[-39.188808,-16.267396],[-39.187784,-16.268866],[-39.186337,-16.27095],[-39.194357,-16.271881],[-39.196406,-16.272639],[-39.199273,-16.273503],[-39.19988,-16.273807],[-39.202043,-16.275642],[-39.203473,-16.276899],[-39.204596,-16.277515],[-39.20558,-16.276522],[-39.205971,-16.275157],[-39.206037,-16.274844],[-39.206325,-16.273432],[-39.206454,-16.272846],[-39.207537,-16.274045],[-39.209669,-16.275166],[-39.212577,-16.276951],[-39.214741,-16.279183],[-39.214778,-16.278928],[-39.215021,-16.277455],[-39.215184,-16.276541],[-39.215194,-16.276452],[-39.215425,-16.272804],[-39.215862,-16.272332],[-39.217545,-16.270743],[-39.217862,-16.270429],[-39.216547,-16.270036],[-39.21629,-16.26834],[-39.215884,-16.267369],[-39.215028,-16.266949],[-39.214172,-16.267255],[-39.213813,-16.268024],[-39.213093,-16.268633],[-39.212101,-16.268141],[-39.210646,-16.268404],[-39.20985,-16.268121],[-39.209935,-16.267137],[-39.210014,-16.265923],[-39.210048,-16.265222],[-39.210659,-16.264275],[-39.210989,-16.262795],[-39.21103,-16.262619],[-39.211223,-16.261791],[-39.212053,-16.258004],[-39.211925,-16.256716],[-39.211747,-16.256575],[-39.211739,-16.255822],[-39.211761,-16.25521],[-39.211818,-16.254208],[-39.208109,-16.25246],[-39.206456,-16.251368]]]}},{"type":"Feature","properties":{"gid":"702","cd_sipra":"BA0167000","nome_projeto":"PA CHICO MENDES","municipio":"WENCESLAU GUIMARAES","area_hectare_declarada":"425.9769","capacidade":"35","num_familias":"31","fase":"6","data_de_criacao":"30/12/1997","forma_obtencao":"Desapropriação","data_obtencao":"22/10/1997","area_calc_ha":"465.9657"},"geometry":{"type":"Polygon","coordinates":[[[-39.696448,-13.611642],[-39.69541,-13.614068],[-39.695216,-13.614957],[-39.69475,-13.615319],[-39.693881,-13.616674],[-39.693803,-13.617229],[-39.694851,-13.618164],[-39.693531,-13.618056],[-39.694915,-13.621044],[-39.694664,-13.621511],[-39.69354,-13.624318],[-39.694172,-13.626149],[-39.694254,-13.626195],[-39.693431,-13.627157],[-39.692039,-13.629302],[-39.688968,-13.630675],[-39.688807,-13.630602],[-39.695708,-13.637546],[-39.696448,-13.636568],[-39.696769,-13.637734],[-39.697206,-13.638175],[-39.696754,-13.638179],[-39.694642,-13.638824],[-39.695273,-13.63974],[-39.697586,-13.642861],[-39.695372,-13.64397],[-39.694923,-13.644439],[-39.693951,-13.645009],[-39.693876,-13.645578],[-39.693898,-13.646367],[-39.694239,-13.647115],[-39.692765,-13.64667],[-39.692669,-13.646682],[-39.691809,-13.645948],[-39.691455,-13.647182],[-39.68981,-13.647327],[-39.689306,-13.648886],[-39.689397,-13.650613],[-39.688939,-13.652912],[-39.688937,-13.652922],[-39.688945,-13.652913],[-39.688952,-13.652915],[-39.692207,-13.651261],[-39.693996,-13.652219],[-39.695234,-13.653597],[-39.695987,-13.65223],[-39.697615,-13.650427],[-39.697648,-13.649108],[-39.698193,-13.64756],[-39.697179,-13.64409],[-39.699114,-13.642684],[-39.699669,-13.641495],[-39.699633,-13.641071],[-39.702418,-13.63852],[-39.702219,-13.63833],[-39.702527,-13.638247],[-39.705265,-13.637125],[-39.706818,-13.636492],[-39.70685,-13.634674],[-39.70688,-13.630661],[-39.707456,-13.630692],[-39.708353,-13.629886],[-39.707526,-13.628195],[-39.706774,-13.626635],[-39.707969,-13.624775],[-39.709066,-13.621242],[-39.70774,-13.619805],[-39.70657,-13.619756],[-39.705605,-13.618472],[-39.704711,-13.61816],[-39.704066,-13.617843],[-39.704338,-13.616841],[-39.699442,-13.616368],[-39.699755,-13.6139],[-39.698458,-13.61326],[-39.696448,-13.611642]]]}},{"type":"Feature","properties":{"gid":"338","cd_sipra":"BA0019000","nome_projeto":"PA GUANABARA","municipio":"UNA","area_hectare_declarada":"286.0000","capacidade":"12","num_familias":"13","fase":"7","data_de_criacao":"22/01/1987","forma_obtencao":"Desapropriação","data_obtencao":"01/10/1986","area_calc_ha":"285.0896"},"geometry":{"type":"Polygon","coordinates":[[[-39.266632,-15.137453],[-39.267603,-15.139326],[-39.267127,-15.139553],[-39.268141,-15.140767],[-39.268549,-15.141383],[-39.268583,-15.142893],[-39.272494,-15.142667],[-39.273028,-15.143282],[-39.27314,-15.145033],[-39.273593,-15.145284],[-39.276766,-15.146331],[-39.277924,-15.145858],[-39.28086,-15.145571],[-39.280891,-15.143972],[-39.282509,-15.143883],[-39.283761,-15.144976],[-39.284767,-15.145823],[-39.285973,-15.146136],[-39.28667,-15.146156],[-39.287964,-15.145944],[-39.288346,-15.146114],[-39.289557,-15.1456],[-39.290154,-15.143369],[-39.291799,-15.141758],[-39.292496,-15.141305],[-39.293898,-15.141737],[-39.296485,-15.14169],[-39.297209,-15.141527],[-39.297,-15.139621],[-39.295549,-15.139263],[-39.295715,-15.138438],[-39.295525,-15.138181],[-39.293311,-15.137486],[-39.292133,-15.136827],[-39.291385,-15.136577],[-39.291132,-15.136177],[-39.290615,-15.135807],[-39.289761,-15.136093],[-39.289426,-15.136322],[-39.288857,-15.135842],[-39.288265,-15.135537],[-39.287714,-15.134912],[-39.286988,-15.135142],[-39.286198,-15.135462],[-39.284163,-15.135903],[-39.282792,-15.137003],[-39.282646,-15.137647],[-39.28047,-15.13842],[-39.279161,-15.137972],[-39.27851,-15.138728],[-39.278151,-15.139954],[-39.276587,-15.139956],[-39.277139,-15.138899],[-39.274418,-15.135758],[-39.276275,-15.132427],[-39.27591,-15.132005],[-39.275859,-15.131438],[-39.273323,-15.13016],[-39.273082,-15.130089],[-39.269683,-15.133176],[-39.269573,-15.13461],[-39.267596,-15.137045],[-39.266632,-15.137453]]]}},{"type":"Feature","properties":{"gid":"18900","cd_sipra":"BA0535000","nome_projeto":"PA CONJUNTO DOIS RIACHÕES","municipio":"IBIRAPITANGA","area_hectare_declarada":"406.9595","capacidade":"43","num_familias":"0","fase":"3","data_de_criacao":"01/02/2021","forma_obtencao":"Desapropriação","data_obtencao":"05/08/2004","area_calc_ha":"417.5314"},"geometry":{"type":"Polygon","coordinates":[[[-39.448967,-14.206655],[-39.449264,-14.206796],[-39.449926,-14.207501],[-39.450642,-14.208382],[-39.453327,-14.205749],[-39.452685,-14.202546],[-39.455048,-14.200774],[-39.455696,-14.200389],[-39.45557,-14.19814],[-39.449002,-14.19993],[-39.445687,-14.199298],[-39.442799,-14.198586],[-39.447871,-14.184618],[-39.44744,-14.17925],[-39.445788,-14.179375],[-39.44537,-14.180987],[-39.443759,-14.182242],[-39.439409,-14.182413],[-39.436015,-14.18363],[-39.436218,-14.184954],[-39.436001,-14.186188],[-39.434842,-14.186594],[-39.434146,-14.186838],[-39.433873,-14.188333],[-39.434844,-14.193506],[-39.434972,-14.194374],[-39.435102,-14.194737],[-39.43499,-14.19596],[-39.431185,-14.198969],[-39.434336,-14.199712],[-39.4336,-14.20147],[-39.43383,-14.202256],[-39.432678,-14.203594],[-39.433487,-14.206002],[-39.433395,-14.206375],[-39.43645,-14.208219],[-39.437877,-14.208179],[-39.445247,-14.206456],[-39.446756,-14.203694],[-39.448125,-14.206328],[-39.448338,-14.206569],[-39.448967,-14.206655]]]}},{"type":"Feature","properties":{"gid":"506","cd_sipra":"BA0116000","nome_projeto":"PA NANCY","municipio":"MASCOTE","area_hectare_declarada":"542.2983","capacidade":"32","num_familias":"25","fase":"6","data_de_criacao":"06/06/1997","forma_obtencao":"Desapropriação","data_obtencao":"23/09/1996","area_calc_ha":"564.6277"},"geometry":{"type":"Polygon","coordinates":[[[-39.509556,-15.599269],[-39.508066,-15.60139],[-39.506733,-15.603255],[-39.50509,-15.605834],[-39.509938,-15.608261],[-39.510475,-15.609154],[-39.506544,-15.611311],[-39.50594,-15.611671],[-39.503078,-15.6133],[-39.502995,-15.613334],[-39.501109,-15.614455],[-39.500684,-15.614669],[-39.495022,-15.617745],[-39.492595,-15.619115],[-39.491378,-15.619765],[-39.495327,-15.619384],[-39.496477,-15.619175],[-39.497382,-15.61977],[-39.497739,-15.620128],[-39.497838,-15.620268],[-39.500208,-15.62284],[-39.50159,-15.624379],[-39.501861,-15.624697],[-39.502922,-15.625945],[-39.502962,-15.625973],[-39.503093,-15.626151],[-39.50319,-15.626257],[-39.505415,-15.628799],[-39.506294,-15.629864],[-39.509821,-15.629289],[-39.51236,-15.628908],[-39.515434,-15.627685],[-39.517239,-15.626429],[-39.5203,-15.624259],[-39.52061,-15.624046],[-39.520728,-15.623962],[-39.52843,-15.618631],[-39.527313,-15.617055],[-39.527284,-15.616929],[-39.525776,-15.614981],[-39.5221,-15.614141],[-39.51979,-15.61231],[-39.519617,-15.611937],[-39.517459,-15.607459],[-39.517565,-15.606734],[-39.515644,-15.605136],[-39.511854,-15.602525],[-39.509556,-15.599269]]]}},{"type":"Feature","properties":{"gid":"18451","cd_sipra":"BA0013000","nome_projeto":"PA SANTA MARIA","municipio":"MARAU","area_hectare_declarada":"1407.9215","capacidade":"60","num_familias":"54","fase":"7","data_de_criacao":"11/11/1986","forma_obtencao":"Desapropriação","data_obtencao":"02/05/1986","area_calc_ha":"1409.0806"},"geometry":{"type":"Polygon","coordinates":[[[-39.096745,-14.175901],[-39.098661,-14.177086],[-39.099049,-14.17725],[-39.09973,-14.177706],[-39.100395,-14.178015],[-39.100731,-14.178248],[-39.101217,-14.178519],[-39.101231,-14.178792],[-39.101233,-14.178834],[-39.101244,-14.179184],[-39.101441,-14.180145],[-39.101478,-14.180532],[-39.101585,-14.181056],[-39.101642,-14.181419],[-39.10179,-14.182145],[-39.101845,-14.182485],[-39.101972,-14.183167],[-39.102142,-14.184239],[-39.103278,-14.1925],[-39.102069,-14.193843],[-39.101594,-14.194346],[-39.100494,-14.195607],[-39.10006,-14.196164],[-39.096515,-14.200218],[-39.096329,-14.200424],[-39.095779,-14.201072],[-39.095132,-14.201784],[-39.094583,-14.202289],[-39.09293,-14.201603],[-39.090844,-14.200788],[-39.090619,-14.200724],[-39.089773,-14.200387],[-39.08899,-14.199384],[-39.088634,-14.198931],[-39.087696,-14.199326],[-39.087443,-14.199434],[-39.086524,-14.19981],[-39.086211,-14.199964],[-39.08547,-14.200272],[-39.084923,-14.201137],[-39.084271,-14.20228],[-39.083903,-14.202869],[-39.083273,-14.20431],[-39.082973,-14.206257],[-39.084098,-14.206788],[-39.086071,-14.207629],[-39.08778,-14.20843],[-39.088011,-14.208524],[-39.088888,-14.208882],[-39.090319,-14.209521],[-39.091232,-14.209912],[-39.091543,-14.21007],[-39.091819,-14.210236],[-39.092145,-14.210772],[-39.092699,-14.211668],[-39.09364,-14.212067],[-39.094016,-14.212235],[-39.094392,-14.212388],[-39.094402,-14.212813],[-39.094305,-14.213004],[-39.094126,-14.213169],[-39.093852,-14.21363],[-39.092791,-14.216136],[-39.092643,-14.216447],[-39.09366,-14.216783],[-39.095577,-14.217257],[-39.096411,-14.217484],[-39.096964,-14.217662],[-39.098754,-14.218123],[-39.102071,-14.218898],[-39.102341,-14.218964],[-39.102816,-14.219076],[-39.103582,-14.219258],[-39.105104,-14.219938],[-39.108182,-14.220854],[-39.110897,-14.221596],[-39.111201,-14.221524],[-39.113192,-14.220604],[-39.11344,-14.220478],[-39.117078,-14.21877],[-39.11736,-14.218633],[-39.118907,-14.217885],[-39.119173,-14.217775],[-39.119369,-14.217565],[-39.119613,-14.217031],[-39.120245,-14.215352],[-39.123138,-14.210828],[-39.123194,-14.210744],[-39.12338,-14.210473],[-39.123646,-14.210025],[-39.12449,-14.208754],[-39.124678,-14.208212],[-39.124908,-14.207629],[-39.126026,-14.205868],[-39.126243,-14.205475],[-39.126698,-14.204793],[-39.126164,-14.203169],[-39.125517,-14.201186],[-39.125454,-14.200872],[-39.125339,-14.199153],[-39.125212,-14.197454],[-39.125194,-14.197184],[-39.124944,-14.193753],[-39.124913,-14.193504],[-39.124758,-14.190848],[-39.123446,-14.191823],[-39.123018,-14.191758],[-39.122468,-14.19164],[-39.121599,-14.191515],[-39.121499,-14.190763],[-39.121025,-14.186606],[-39.120812,-14.184253],[-39.120741,-14.183507],[-39.120617,-14.18259],[-39.120611,-14.182187],[-39.119652,-14.181924],[-39.119014,-14.181667],[-39.11831,-14.181124],[-39.117742,-14.180765],[-39.115534,-14.179541],[-39.114662,-14.178882],[-39.113266,-14.177351],[-39.112808,-14.177226],[-39.112236,-14.177066],[-39.111528,-14.177025],[-39.111233,-14.176925],[-39.1106,-14.176735],[-39.110116,-14.176789],[-39.109736,-14.177075],[-39.109258,-14.177214],[-39.108571,-14.177261],[-39.108193,-14.176983],[-39.107917,-14.176799],[-39.108348,-14.176282],[-39.108495,-14.176083],[-39.107922,-14.175738],[-39.106813,-14.174693],[-39.106564,-14.174822],[-39.10513,-14.174771],[-39.105044,-14.174487],[-39.104834,-14.174149],[-39.104561,-14.173904],[-39.104235,-14.173218],[-39.103574,-14.173253],[-39.103138,-14.173227],[-39.102973,-14.173216],[-39.102327,-14.173044],[-39.101482,-14.172749],[-39.100629,-14.172211],[-39.100203,-14.171884],[-39.099687,-14.171608],[-39.099594,-14.171533],[-39.099255,-14.171262],[-39.098837,-14.170526],[-39.098367,-14.17024],[-39.097409,-14.170113],[-39.096865,-14.169844],[-39.095913,-14.16976],[-39.095431,-14.169844],[-39.095233,-14.169863],[-39.094642,-14.169567],[-39.094359,-14.169265],[-39.093128,-14.167093],[-39.092534,-14.166166],[-39.092121,-14.165231],[-39.091093,-14.164431],[-39.090234,-14.163607],[-39.089924,-14.163568],[-39.090091,-14.163916],[-39.090421,-14.164667],[-39.090792,-14.165177],[-39.091015,-14.165816],[-39.09332,-14.169993],[-39.096411,-14.175674],[-39.096745,-14.175901]]]}},{"type":"Feature","properties":{"gid":"19051","cd_sipra":"BA0017000","nome_projeto":"PA SÃO MIGUEL","municipio":"SANTA CRUZ CABRALIA","area_hectare_declarada":"2807.4171","capacidade":"87","num_familias":"74","fase":"7","data_de_criacao":"11/11/1986","forma_obtencao":"Desapropriação","data_obtencao":"27/06/1986","area_calc_ha":"2806.0445"},"geometry":{"type":"Polygon","coordinates":[[[-39.093504,-16.275171],[-39.090757,-16.288337],[-39.089988,-16.291419],[-39.089815,-16.292184],[-39.091196,-16.292494],[-39.092362,-16.29312],[-39.09353,-16.293871],[-39.095734,-16.295247],[-39.096901,-16.296124],[-39.097419,-16.296123],[-39.099624,-16.297625],[-39.101827,-16.299003],[-39.102605,-16.299253],[-39.103254,-16.300003],[-39.103773,-16.300254],[-39.105199,-16.302132],[-39.105848,-16.303134],[-39.106496,-16.303509],[-39.106756,-16.304135],[-39.106505,-16.306958],[-39.153996,-16.289153],[-39.151527,-16.275955],[-39.146992,-16.276139],[-39.145648,-16.263014],[-39.150131,-16.262705],[-39.149432,-16.250899],[-39.147288,-16.251254],[-39.146122,-16.251254],[-39.145086,-16.251631],[-39.143662,-16.254262],[-39.143274,-16.256141],[-39.143405,-16.256767],[-39.141203,-16.257896],[-39.140425,-16.257521],[-39.138221,-16.25652],[-39.136924,-16.25602],[-39.135888,-16.25602],[-39.134851,-16.256523],[-39.134463,-16.256523],[-39.134204,-16.256272],[-39.133166,-16.254269],[-39.132386,-16.253143],[-39.13148,-16.252141],[-39.13135,-16.251514],[-39.13096,-16.251264],[-39.129276,-16.251766],[-39.128888,-16.252643],[-39.129018,-16.25327],[-39.128889,-16.254898],[-39.128372,-16.256402],[-39.128373,-16.257403],[-39.128892,-16.25853],[-39.129151,-16.259156],[-39.129281,-16.259657],[-39.128634,-16.260535],[-39.128244,-16.260034],[-39.125782,-16.260787],[-39.124617,-16.261038],[-39.122932,-16.260788],[-39.121635,-16.260288],[-39.120857,-16.259287],[-39.120208,-16.258285],[-39.119561,-16.258285],[-39.119043,-16.258536],[-39.118784,-16.259287],[-39.118265,-16.259789],[-39.117358,-16.259789],[-39.116192,-16.259539],[-39.115673,-16.258789],[-39.115154,-16.257661],[-39.114764,-16.254906],[-39.114763,-16.254155],[-39.113856,-16.253027],[-39.112948,-16.252527],[-39.111523,-16.252402],[-39.110486,-16.252529],[-39.10906,-16.252905],[-39.107895,-16.253532],[-39.10647,-16.254159],[-39.104785,-16.254661],[-39.102583,-16.255914],[-39.101158,-16.257042],[-39.10051,-16.257544],[-39.10051,-16.257794],[-39.101159,-16.258545],[-39.101548,-16.259547],[-39.101289,-16.260925],[-39.101031,-16.261928],[-39.100124,-16.262554],[-39.098958,-16.262805],[-39.09805,-16.263056],[-39.096325,-16.263137],[-39.093562,-16.274881],[-39.093504,-16.275171]]]}},{"type":"Feature","properties":{"gid":"13270","cd_sipra":"BA0954000","nome_projeto":"PA NOVA JERUSALÉM","municipio":"UNA","area_hectare_declarada":"359.4245","capacidade":"15","num_familias":"0","fase":"3","data_de_criacao":"22/07/2016","forma_obtencao":"Desapropriação","data_obtencao":"26/12/2013","area_calc_ha":"358.4847"},"geometry":{"type":"Polygon","coordinates":[[[-39.253973,-15.142074],[-39.25367,-15.143216],[-39.252683,-15.15033],[-39.254911,-15.152994],[-39.254952,-15.15333],[-39.255211,-15.153332],[-39.255732,-15.154024],[-39.254614,-15.155178],[-39.253662,-15.154832],[-39.252506,-15.160466],[-39.255862,-15.159665],[-39.259066,-15.159522],[-39.261474,-15.162555],[-39.265289,-15.167425],[-39.266672,-15.166489],[-39.268078,-15.166266],[-39.269294,-15.165171],[-39.269548,-15.165192],[-39.269427,-15.163204],[-39.269039,-15.162233],[-39.268791,-15.161798],[-39.268423,-15.159932],[-39.265575,-15.155053],[-39.266286,-15.152531],[-39.267515,-15.151889],[-39.267049,-15.151173],[-39.267899,-15.150366],[-39.270727,-15.147497],[-39.270937,-15.147116],[-39.271068,-15.146074],[-39.270858,-15.145954],[-39.269149,-15.145501],[-39.263852,-15.144098],[-39.263322,-15.143374],[-39.259821,-15.139927],[-39.258507,-15.13955],[-39.25651,-15.140176],[-39.256284,-15.139834],[-39.256243,-15.139869],[-39.256073,-15.140827],[-39.256057,-15.1409],[-39.255938,-15.141136],[-39.255739,-15.141316],[-39.255603,-15.141396],[-39.255449,-15.141458],[-39.255412,-15.141475],[-39.255351,-15.141501],[-39.254755,-15.141536],[-39.254716,-15.141536],[-39.25468,-15.14154],[-39.254644,-15.141545],[-39.254584,-15.141561],[-39.254488,-15.141591],[-39.254449,-15.141605],[-39.254411,-15.141622],[-39.254374,-15.141641],[-39.254307,-15.141685],[-39.254282,-15.141711],[-39.254258,-15.141743],[-39.254234,-15.141776],[-39.254185,-15.141844],[-39.254086,-15.141959],[-39.254015,-15.142031],[-39.253973,-15.142074]]]}},{"type":"Feature","properties":{"gid":"643","cd_sipra":"BA0372000","nome_projeto":"PA PEDRA BONITA","municipio":"ITAMARAJU","area_hectare_declarada":"696.6027","capacidade":"41","num_familias":"30","fase":"4","data_de_criacao":"28/06/2011","forma_obtencao":"Desapropriação","data_obtencao":"23/06/2003","area_calc_ha":"697.0852"},"geometry":{"type":"Polygon","coordinates":[[[-39.653201,-16.82978],[-39.658821,-16.815828],[-39.656769,-16.816389],[-39.653161,-16.815864],[-39.652048,-16.815632],[-39.651815,-16.815204],[-39.651645,-16.814947],[-39.650744,-16.814823],[-39.650858,-16.815287],[-39.650995,-16.816364],[-39.649114,-16.816128],[-39.648117,-16.815965],[-39.647689,-16.815917],[-39.646849,-16.815796],[-39.646287,-16.815766],[-39.64645,-16.819422],[-39.643868,-16.822814],[-39.642637,-16.823709],[-39.641281,-16.826788],[-39.639656,-16.828145],[-39.639602,-16.82818],[-39.637167,-16.82833],[-39.625015,-16.828621],[-39.624598,-16.829572],[-39.624947,-16.830381],[-39.625746,-16.832303],[-39.624198,-16.833905],[-39.623528,-16.834678],[-39.62304,-16.835684],[-39.6222,-16.836102],[-39.619883,-16.837994],[-39.619701,-16.838477],[-39.619692,-16.839333],[-39.61963,-16.840117],[-39.619315,-16.840309],[-39.619139,-16.840442],[-39.618854,-16.840628],[-39.617554,-16.844194],[-39.617765,-16.844607],[-39.620153,-16.846903],[-39.620306,-16.848554],[-39.620884,-16.849213],[-39.623468,-16.848717],[-39.624139,-16.845801],[-39.625652,-16.844427],[-39.625687,-16.844653],[-39.625928,-16.845606],[-39.626113,-16.846462],[-39.626418,-16.847721],[-39.631072,-16.845049],[-39.631934,-16.844818],[-39.632595,-16.845764],[-39.639324,-16.843222],[-39.645047,-16.837787],[-39.647946,-16.837738],[-39.653201,-16.82978]]]}},{"type":"Feature","properties":{"gid":"6011","cd_sipra":"BA0219000","nome_projeto":"PA SÃO JOÃO","municipio":"WENCESLAU GUIMARAES","area_hectare_declarada":"988.2476","capacidade":"80","num_familias":"79","fase":"6","data_de_criacao":"30/12/1998","forma_obtencao":"Desapropriação","data_obtencao":"31/08/1998","area_calc_ha":"1022.1167"},"geometry":{"type":"Polygon","coordinates":[[[-39.649646,-13.597978],[-39.644533,-13.599368],[-39.6444,-13.599097],[-39.63902,-13.596265],[-39.635172,-13.598858],[-39.635017,-13.609867],[-39.629659,-13.614016],[-39.629662,-13.614179],[-39.63074,-13.614756],[-39.632327,-13.617453],[-39.632074,-13.618622],[-39.632134,-13.618666],[-39.632212,-13.618624],[-39.632613,-13.618674],[-39.632916,-13.618842],[-39.634014,-13.619815],[-39.638855,-13.620532],[-39.638875,-13.620618],[-39.640938,-13.621156],[-39.641164,-13.621133],[-39.643276,-13.622114],[-39.650148,-13.624993],[-39.651612,-13.625127],[-39.657314,-13.61569],[-39.663572,-13.616512],[-39.665963,-13.616525],[-39.668781,-13.61905],[-39.676601,-13.612032],[-39.678625,-13.605401],[-39.677742,-13.603177],[-39.649646,-13.597978]]]}},{"type":"Feature","properties":{"gid":"16061","cd_sipra":"BA0025000","nome_projeto":"PA FAZ NOVA DELY","municipio":"JUCURUCU","area_hectare_declarada":"1510.1717","capacidade":"56","num_familias":"51","fase":"5","data_de_criacao":"12/05/1987","forma_obtencao":"Desapropriação","data_obtencao":"16/12/1986","area_calc_ha":"1510.0910"},"geometry":{"type":"Polygon","coordinates":[[[-39.837102,-16.779567],[-39.834534,-16.782635],[-39.833765,-16.783544],[-39.828764,-16.782294],[-39.828295,-16.783268],[-39.827097,-16.785271],[-39.826581,-16.786089],[-39.826256,-16.786197],[-39.824442,-16.787019],[-39.821382,-16.788679],[-39.821092,-16.788625],[-39.816886,-16.787928],[-39.815958,-16.786973],[-39.812168,-16.788513],[-39.810884,-16.789035],[-39.81079,-16.789295],[-39.810536,-16.790093],[-39.810372,-16.790624],[-39.810024,-16.791911],[-39.809988,-16.792081],[-39.809989,-16.792705],[-39.810052,-16.793393],[-39.810187,-16.794612],[-39.810495,-16.796595],[-39.810402,-16.796929],[-39.809631,-16.797895],[-39.807491,-16.800506],[-39.808376,-16.801327],[-39.812049,-16.801295],[-39.812013,-16.801654],[-39.812296,-16.803658],[-39.812377,-16.804524],[-39.812335,-16.805676],[-39.810347,-16.807258],[-39.809719,-16.807899],[-39.809294,-16.808208],[-39.808806,-16.80849],[-39.8078,-16.808902],[-39.807413,-16.809181],[-39.806087,-16.808464],[-39.805063,-16.809256],[-39.802421,-16.811181],[-39.801636,-16.811751],[-39.803685,-16.814661],[-39.806224,-16.814646],[-39.809292,-16.814679],[-39.809347,-16.815309],[-39.809539,-16.818717],[-39.807814,-16.823412],[-39.810594,-16.82495],[-39.812677,-16.823444],[-39.81464,-16.82201],[-39.815422,-16.821399],[-39.818536,-16.82484],[-39.819677,-16.826174],[-39.820915,-16.8264],[-39.821737,-16.826482],[-39.822569,-16.826153],[-39.823605,-16.821967],[-39.824502,-16.821513],[-39.826226,-16.820651],[-39.826284,-16.820629],[-39.826366,-16.820603],[-39.826404,-16.820586],[-39.828402,-16.819589],[-39.828502,-16.819525],[-39.8293,-16.818212],[-39.830753,-16.816576],[-39.831423,-16.814765],[-39.832366,-16.812273],[-39.834889,-16.810572],[-39.836233,-16.809639],[-39.837686,-16.808726],[-39.837942,-16.808613],[-39.838439,-16.808402],[-39.839163,-16.808094],[-39.839226,-16.80768],[-39.839503,-16.805674],[-39.84053,-16.805277],[-39.840503,-16.805129],[-39.842129,-16.804687],[-39.844051,-16.802552],[-39.847775,-16.802182],[-39.848774,-16.802077],[-39.84929,-16.801524],[-39.850942,-16.799607],[-39.853035,-16.797186],[-39.854024,-16.796045],[-39.85297,-16.793025],[-39.852761,-16.792409],[-39.852752,-16.792388],[-39.852722,-16.792306],[-39.852719,-16.792282],[-39.852546,-16.791781],[-39.852156,-16.790407],[-39.852096,-16.790108],[-39.851988,-16.787636],[-39.851913,-16.786589],[-39.849257,-16.785273],[-39.845079,-16.7835],[-39.838875,-16.780509],[-39.837102,-16.779567]]]}},{"type":"Feature","properties":{"gid":"881","cd_sipra":"BA0334000","nome_projeto":"PA DOM HELDER CAMARA","municipio":"ILHEUS","area_hectare_declarada":"241.0700","capacidade":"26","num_familias":"26","fase":"4","data_de_criacao":"18/12/2002","forma_obtencao":"Desapropriação","data_obtencao":"06/08/2001","area_calc_ha":"230.9984"},"geometry":{"type":"Polygon","coordinates":[[[-39.267028,-14.659473],[-39.267647,-14.660512],[-39.267911,-14.661218],[-39.267905,-14.661768],[-39.268002,-14.662266],[-39.268174,-14.663097],[-39.268646,-14.664345],[-39.268645,-14.664729],[-39.268709,-14.665078],[-39.268907,-14.665332],[-39.267964,-14.666405],[-39.268114,-14.667446],[-39.267816,-14.668428],[-39.267527,-14.66921],[-39.267615,-14.669472],[-39.268575,-14.669518],[-39.269321,-14.669583],[-39.270298,-14.66963],[-39.270453,-14.670789],[-39.270886,-14.670936],[-39.272485,-14.670766],[-39.273523,-14.670442],[-39.274201,-14.670667],[-39.274763,-14.67056],[-39.275046,-14.67047],[-39.275429,-14.669494],[-39.27669,-14.669776],[-39.277481,-14.66981],[-39.278031,-14.669797],[-39.278651,-14.669878],[-39.278716,-14.669522],[-39.278371,-14.668911],[-39.27749,-14.66829],[-39.277773,-14.667686],[-39.277518,-14.667425],[-39.276874,-14.667223],[-39.275715,-14.668023],[-39.275721,-14.668557],[-39.275412,-14.668855],[-39.275002,-14.66894],[-39.274857,-14.668869],[-39.274512,-14.6684],[-39.274091,-14.668078],[-39.27381,-14.667329],[-39.273484,-14.66739],[-39.272095,-14.667746],[-39.270795,-14.66798],[-39.270336,-14.666505],[-39.271276,-14.666258],[-39.271357,-14.666237],[-39.272358,-14.665941],[-39.272721,-14.665844],[-39.274145,-14.665],[-39.27565,-14.664082],[-39.276748,-14.66453],[-39.276971,-14.66461],[-39.277888,-14.664977],[-39.278751,-14.664991],[-39.279415,-14.663551],[-39.279696,-14.662018],[-39.279772,-14.661281],[-39.27977,-14.660327],[-39.279773,-14.659742],[-39.279833,-14.659467],[-39.279772,-14.658447],[-39.279585,-14.658164],[-39.278542,-14.657127],[-39.278359,-14.656201],[-39.278369,-14.656089],[-39.278377,-14.655836],[-39.277304,-14.655528],[-39.276871,-14.655547],[-39.276782,-14.655523],[-39.275956,-14.655661],[-39.275273,-14.655652],[-39.274162,-14.655345],[-39.274397,-14.654981],[-39.274569,-14.654763],[-39.274904,-14.654326],[-39.276646,-14.652239],[-39.277252,-14.651887],[-39.276978,-14.65126],[-39.277065,-14.651039],[-39.277148,-14.650332],[-39.277157,-14.65027],[-39.277515,-14.648816],[-39.278351,-14.648219],[-39.278743,-14.647629],[-39.280763,-14.645617],[-39.281997,-14.644327],[-39.281608,-14.643582],[-39.281102,-14.642785],[-39.280653,-14.642489],[-39.279868,-14.642226],[-39.27887,-14.643829],[-39.277481,-14.645869],[-39.277163,-14.646148],[-39.276847,-14.646427],[-39.276263,-14.647597],[-39.275127,-14.648319],[-39.273617,-14.649096],[-39.273222,-14.649534],[-39.271896,-14.651305],[-39.271666,-14.651603],[-39.271567,-14.6517],[-39.269799,-14.653314],[-39.269901,-14.653945],[-39.270397,-14.654738],[-39.269963,-14.654871],[-39.268147,-14.655699],[-39.26776,-14.656141],[-39.267193,-14.656624],[-39.266522,-14.657663],[-39.266467,-14.657719],[-39.266095,-14.658138],[-39.266153,-14.65821],[-39.266237,-14.658223],[-39.266542,-14.6583],[-39.266999,-14.658886],[-39.267086,-14.658913],[-39.267055,-14.659211],[-39.267028,-14.659473]]]}},{"type":"Feature","properties":{"gid":"11404","cd_sipra":"BA0520000","nome_projeto":"PA FAZENDA BOM JESUS","municipio":"IGRAPIUNA","area_hectare_declarada":"351.0492","capacidade":"35","num_familias":"29","fase":"3","data_de_criacao":"19/08/2005","forma_obtencao":"Desapropriação","data_obtencao":"29/09/2004","area_calc_ha":"350.8807"},"geometry":{"type":"Polygon","coordinates":[[[-39.271479,-13.905194],[-39.271358,-13.9053],[-39.270858,-13.905211],[-39.266817,-13.907291],[-39.266441,-13.908189],[-39.266169,-13.908838],[-39.258353,-13.911201],[-39.256056,-13.910817],[-39.25526,-13.911257],[-39.254851,-13.910964],[-39.254435,-13.911311],[-39.253379,-13.913855],[-39.253214,-13.914252],[-39.253174,-13.914348],[-39.252742,-13.917768],[-39.25278,-13.917767],[-39.25282,-13.917765],[-39.253003,-13.917757],[-39.253184,-13.917705],[-39.253328,-13.917591],[-39.253419,-13.917517],[-39.255968,-13.919064],[-39.256062,-13.920836],[-39.255644,-13.922617],[-39.256041,-13.923083],[-39.256289,-13.923248],[-39.257089,-13.923538],[-39.257329,-13.924746],[-39.257341,-13.92481],[-39.257525,-13.925085],[-39.257639,-13.925256],[-39.257799,-13.925211],[-39.25796,-13.925683],[-39.257979,-13.925739],[-39.258165,-13.926282],[-39.26704,-13.920885],[-39.267071,-13.920866],[-39.267129,-13.92083],[-39.272171,-13.919993],[-39.274955,-13.917381],[-39.274423,-13.910961],[-39.274322,-13.909746],[-39.274247,-13.908846],[-39.273406,-13.908333],[-39.274774,-13.908389],[-39.278082,-13.908526],[-39.278403,-13.904329],[-39.275326,-13.904038],[-39.273201,-13.90494],[-39.271479,-13.905194]]]}},{"type":"Feature","properties":{"gid":"641","cd_sipra":"BA0513000","nome_projeto":"PA SAO BENTO","municipio":"ILHEUS","area_hectare_declarada":"235.4819","capacidade":"16","num_familias":"14","fase":"3","data_de_criacao":"18/03/2005","forma_obtencao":"Desapropriação","data_obtencao":"25/02/2003","area_calc_ha":"190.7773"},"geometry":{"type":"Polygon","coordinates":[[[-39.177454,-14.836675],[-39.177542,-14.837464],[-39.17758,-14.837872],[-39.177616,-14.838401],[-39.177613,-14.839022],[-39.177582,-14.839719],[-39.178463,-14.839559],[-39.180436,-14.839179],[-39.181524,-14.839026],[-39.181664,-14.839017],[-39.182956,-14.83876],[-39.183848,-14.838598],[-39.184182,-14.838558],[-39.184315,-14.838552],[-39.184787,-14.838557],[-39.185354,-14.838395],[-39.185471,-14.839126],[-39.185674,-14.840215],[-39.185691,-14.840366],[-39.186113,-14.841905],[-39.186241,-14.842574],[-39.186376,-14.84308],[-39.186456,-14.843448],[-39.186496,-14.843677],[-39.186529,-14.843779],[-39.186991,-14.845842],[-39.187256,-14.847076],[-39.187652,-14.848862],[-39.187779,-14.849389],[-39.187961,-14.850615],[-39.188261,-14.851632],[-39.188395,-14.852335],[-39.188867,-14.85469],[-39.188916,-14.856859],[-39.189534,-14.857664],[-39.19029,-14.858389],[-39.190839,-14.860505],[-39.190999,-14.861525],[-39.1914,-14.862878],[-39.192629,-14.86254],[-39.194615,-14.861564],[-39.194432,-14.860562],[-39.194324,-14.85958],[-39.194221,-14.858824],[-39.193881,-14.856428],[-39.193591,-14.855832],[-39.193394,-14.853884],[-39.193264,-14.853511],[-39.193101,-14.852716],[-39.19291,-14.852373],[-39.192749,-14.851163],[-39.192233,-14.850204],[-39.191743,-14.848323],[-39.191138,-14.847513],[-39.190913,-14.846755],[-39.190789,-14.845718],[-39.190738,-14.844536],[-39.190571,-14.843531],[-39.190589,-14.843282],[-39.190618,-14.8432],[-39.190586,-14.842945],[-39.190525,-14.842435],[-39.18881,-14.842584],[-39.188563,-14.84153],[-39.188305,-14.840578],[-39.18782,-14.840108],[-39.187758,-14.840044],[-39.187662,-14.839901],[-39.187141,-14.840049],[-39.186668,-14.840126],[-39.186278,-14.838882],[-39.186076,-14.838114],[-39.185913,-14.837313],[-39.185663,-14.836468],[-39.185402,-14.835436],[-39.185227,-14.835197],[-39.185145,-14.834939],[-39.184909,-14.833675],[-39.184604,-14.83228],[-39.184357,-14.831109],[-39.184042,-14.82975],[-39.183906,-14.829018],[-39.183513,-14.82736],[-39.183451,-14.827117],[-39.183132,-14.82731],[-39.183024,-14.827292],[-39.182882,-14.827155],[-39.182778,-14.827096],[-39.182644,-14.827185],[-39.182607,-14.827061],[-39.182518,-14.826764],[-39.182469,-14.826358],[-39.182468,-14.826291],[-39.182181,-14.825226],[-39.182116,-14.824589],[-39.181836,-14.823042],[-39.181734,-14.822483],[-39.180428,-14.822796],[-39.180453,-14.825015],[-39.180488,-14.825157],[-39.18053,-14.825783],[-39.180536,-14.825844],[-39.180552,-14.825959],[-39.180578,-14.826103],[-39.180673,-14.826321],[-39.18114,-14.827714],[-39.181454,-14.829392],[-39.18167,-14.830247],[-39.182278,-14.832521],[-39.182324,-14.833451],[-39.182405,-14.834046],[-39.18261,-14.834775],[-39.182386,-14.834867],[-39.181651,-14.834999],[-39.181376,-14.835026],[-39.181181,-14.834418],[-39.1809,-14.83225],[-39.179778,-14.832569],[-39.179534,-14.832291],[-39.178803,-14.832493],[-39.17874,-14.832526],[-39.178166,-14.83282],[-39.177984,-14.832686],[-39.177126,-14.832921],[-39.17722,-14.833869],[-39.177358,-14.834715],[-39.177454,-14.836675]]]}},{"type":"Feature","properties":{"gid":"11418","cd_sipra":"BA0615000","nome_projeto":"PA COROA DE CABRÁLIA","municipio":"SANTA CRUZ CABRALIA","area_hectare_declarada":"660.2278","capacidade":"60","num_familias":"57","fase":"3","data_de_criacao":"21/12/2005","forma_obtencao":"Desapropriação","data_obtencao":"15/08/2005","area_calc_ha":"675.2573"},"geometry":{"type":"Polygon","coordinates":[[[-39.369541,-16.353022],[-39.369562,-16.355704],[-39.369822,-16.387348],[-39.369795,-16.387352],[-39.369795,-16.387386],[-39.372916,-16.386458],[-39.372717,-16.385572],[-39.37458,-16.385054],[-39.374591,-16.386139],[-39.37489,-16.38617],[-39.381938,-16.388195],[-39.381966,-16.381733],[-39.388386,-16.380448],[-39.38943,-16.380223],[-39.391895,-16.372144],[-39.392167,-16.371245],[-39.393655,-16.370962],[-39.393814,-16.371007],[-39.39403,-16.371214],[-39.394097,-16.371711],[-39.395041,-16.371004],[-39.395388,-16.37123],[-39.397262,-16.371723],[-39.398385,-16.37145],[-39.397815,-16.37077],[-39.397495,-16.370011],[-39.395946,-16.368967],[-39.396303,-16.368445],[-39.381654,-16.363846],[-39.381484,-16.353013],[-39.369541,-16.353022]]]}},{"type":"Feature","properties":{"gid":"340","cd_sipra":"BA0021000","nome_projeto":"PA FAZ POÇO","municipio":"SANTA LUZIA","area_hectare_declarada":"1848.2541","capacidade":"68","num_familias":"68","fase":"7","data_de_criacao":"12/05/1987","forma_obtencao":"Desapropriação","data_obtencao":"30/07/1986","area_calc_ha":"1842.8382"},"geometry":{"type":"Polygon","coordinates":[[[-39.157287,-15.361959],[-39.156981,-15.362633],[-39.156653,-15.363554],[-39.156383,-15.364634],[-39.156175,-15.365109],[-39.155223,-15.367568],[-39.155053,-15.367982],[-39.155009,-15.368086],[-39.154943,-15.368249],[-39.154045,-15.370487],[-39.153647,-15.37148],[-39.153382,-15.372164],[-39.153205,-15.37258],[-39.152999,-15.373102],[-39.152726,-15.373776],[-39.152453,-15.374515],[-39.152198,-15.375136],[-39.151951,-15.37577],[-39.151626,-15.376558],[-39.151602,-15.376702],[-39.151541,-15.376828],[-39.151387,-15.377331],[-39.150998,-15.378251],[-39.150797,-15.378799],[-39.150076,-15.380675],[-39.149451,-15.382292],[-39.149413,-15.38239],[-39.149014,-15.383358],[-39.148835,-15.383861],[-39.14814,-15.385653],[-39.147788,-15.386521],[-39.147507,-15.387283],[-39.147255,-15.387926],[-39.147217,-15.388018],[-39.146976,-15.388636],[-39.146773,-15.389183],[-39.146578,-15.389693],[-39.146386,-15.390195],[-39.145987,-15.391218],[-39.145686,-15.392018],[-39.145441,-15.392657],[-39.145338,-15.392895],[-39.145755,-15.394012],[-39.145881,-15.394339],[-39.146269,-15.395334],[-39.146514,-15.396011],[-39.146599,-15.396262],[-39.146783,-15.396756],[-39.147094,-15.397581],[-39.147319,-15.398165],[-39.147645,-15.399079],[-39.148254,-15.400697],[-39.148786,-15.402054],[-39.149104,-15.402925],[-39.149335,-15.4036],[-39.149431,-15.403862],[-39.149654,-15.404452],[-39.149723,-15.404631],[-39.149894,-15.405067],[-39.150377,-15.406228],[-39.15079,-15.407259],[-39.151043,-15.407872],[-39.151323,-15.408556],[-39.151414,-15.40879],[-39.152426,-15.411315],[-39.152821,-15.412376],[-39.156623,-15.41208],[-39.157074,-15.412044],[-39.158257,-15.412011],[-39.159481,-15.411996],[-39.163721,-15.411978],[-39.165716,-15.411981],[-39.167481,-15.411941],[-39.167999,-15.411945],[-39.169047,-15.411928],[-39.169339,-15.411928],[-39.170104,-15.411924],[-39.171159,-15.411926],[-39.17161,-15.411914],[-39.172532,-15.411912],[-39.173215,-15.411908],[-39.173328,-15.411911],[-39.17348,-15.411911],[-39.175652,-15.411917],[-39.176853,-15.411915],[-39.178266,-15.411914],[-39.178929,-15.411891],[-39.181748,-15.411882],[-39.182931,-15.411877],[-39.184022,-15.411883],[-39.184325,-15.411087],[-39.184369,-15.410964],[-39.184947,-15.409412],[-39.185524,-15.40783],[-39.185878,-15.406772],[-39.186065,-15.406363],[-39.186164,-15.406051],[-39.186366,-15.40553],[-39.186468,-15.40524],[-39.186733,-15.404475],[-39.187054,-15.403593],[-39.187305,-15.402892],[-39.187776,-15.40169],[-39.188321,-15.40004],[-39.188729,-15.398941],[-39.189033,-15.39812],[-39.188958,-15.398087],[-39.189144,-15.397835],[-39.189721,-15.396304],[-39.189858,-15.395901],[-39.190098,-15.395225],[-39.191866,-15.390337],[-39.191919,-15.390214],[-39.192404,-15.388836],[-39.192585,-15.388362],[-39.192759,-15.387879],[-39.193622,-15.385491],[-39.193671,-15.385366],[-39.194002,-15.384401],[-39.194647,-15.382687],[-39.194831,-15.382169],[-39.195034,-15.381564],[-39.194192,-15.381081],[-39.193844,-15.381057],[-39.193038,-15.381381],[-39.191909,-15.380815],[-39.190933,-15.382285],[-39.189595,-15.381645],[-39.187685,-15.380727],[-39.187144,-15.381668],[-39.185457,-15.380658],[-39.186454,-15.379521],[-39.184889,-15.377536],[-39.183893,-15.377884],[-39.182208,-15.379499],[-39.181554,-15.378546],[-39.177091,-15.377267],[-39.176974,-15.377097],[-39.176996,-15.376774],[-39.177686,-15.375673],[-39.177723,-15.375336],[-39.177396,-15.374085],[-39.176414,-15.373394],[-39.174952,-15.373918],[-39.173871,-15.374127],[-39.173121,-15.375008],[-39.172977,-15.375234],[-39.171651,-15.377283],[-39.168366,-15.378518],[-39.168198,-15.378418],[-39.168032,-15.378458],[-39.16808,-15.37849],[-39.168078,-15.378625],[-39.167964,-15.378652],[-39.167858,-15.378645],[-39.167775,-15.378586],[-39.167744,-15.378506],[-39.167775,-15.378399],[-39.16788,-15.378359],[-39.168009,-15.378308],[-39.168078,-15.378076],[-39.168149,-15.377372],[-39.167831,-15.376516],[-39.16294,-15.373792],[-39.162015,-15.372505],[-39.16395,-15.37122],[-39.162881,-15.370072],[-39.162849,-15.369368],[-39.163528,-15.367879],[-39.163824,-15.367636],[-39.163697,-15.366345],[-39.164034,-15.365411],[-39.164123,-15.365343],[-39.16394,-15.365174],[-39.162229,-15.364213],[-39.162285,-15.362326],[-39.160883,-15.361773],[-39.160725,-15.362729],[-39.159608,-15.363613],[-39.159548,-15.363539],[-39.159462,-15.362407],[-39.158693,-15.361955],[-39.158465,-15.361386],[-39.157834,-15.361676],[-39.157529,-15.361715],[-39.157441,-15.361681],[-39.157287,-15.361959]]]}},{"type":"Feature","properties":{"gid":"540","cd_sipra":"BA0103000","nome_projeto":"PA PINGA PINGA","municipio":"CANAVIEIRAS","area_hectare_declarada":"498.0000","capacidade":"25","num_familias":"24","fase":"3","data_de_criacao":"04/04/1997","forma_obtencao":"Desapropriação","data_obtencao":"12/01/1995","area_calc_ha":"528.9356"},"geometry":{"type":"Polygon","coordinates":[[[-39.08823,-15.428343],[-39.085798,-15.428781],[-39.085896,-15.427925],[-39.08355,-15.427292],[-39.082645,-15.428605],[-39.082623,-15.431904],[-39.082622,-15.435039],[-39.082562,-15.438613],[-39.083832,-15.439424],[-39.084476,-15.438974],[-39.084643,-15.438859],[-39.084864,-15.438709],[-39.084975,-15.43863],[-39.088355,-15.436115],[-39.089793,-15.43704],[-39.092663,-15.438786],[-39.093263,-15.438621],[-39.0934,-15.438538],[-39.094035,-15.438323],[-39.09858,-15.435452],[-39.098633,-15.4354],[-39.099543,-15.43482],[-39.103684,-15.439149],[-39.10432,-15.439173],[-39.106328,-15.439273],[-39.106387,-15.43928],[-39.107655,-15.43933],[-39.111629,-15.443056],[-39.114149,-15.439567],[-39.11366,-15.439426],[-39.112102,-15.438496],[-39.112693,-15.435367],[-39.11271,-15.4353],[-39.1127,-15.435154],[-39.112606,-15.434943],[-39.111567,-15.430908],[-39.111464,-15.430513],[-39.109752,-15.429892],[-39.10957,-15.428039],[-39.10944,-15.426545],[-39.109263,-15.424629],[-39.109051,-15.422621],[-39.108889,-15.420962],[-39.108693,-15.420811],[-39.107189,-15.419536],[-39.105641,-15.418292],[-39.104417,-15.417312],[-39.104093,-15.41708],[-39.102259,-15.41576],[-39.098914,-15.417749],[-39.098802,-15.417806],[-39.097021,-15.418817],[-39.096795,-15.419017],[-39.096718,-15.419079],[-39.096335,-15.41924],[-39.093856,-15.420718],[-39.094461,-15.421785],[-39.094514,-15.421864],[-39.095662,-15.423783],[-39.093558,-15.426635],[-39.093191,-15.427495],[-39.092564,-15.427594],[-39.092252,-15.427726],[-39.088328,-15.428324],[-39.08823,-15.428343]]]}},{"type":"Feature","properties":{"gid":"728","cd_sipra":"BA0313000","nome_projeto":"PA PAULO FREIRE","municipio":"CAMAMU","area_hectare_declarada":"353.9800","capacidade":"25","num_familias":"19","fase":"4","data_de_criacao":"14/12/2001","forma_obtencao":"Desapropriação","data_obtencao":"22/03/2001","area_calc_ha":"352.0982"},"geometry":{"type":"Polygon","coordinates":[[[-39.185418,-14.058354],[-39.186895,-14.06168],[-39.187152,-14.062259],[-39.187148,-14.062262],[-39.187149,-14.062265],[-39.180249,-14.06744],[-39.180793,-14.068006],[-39.181213,-14.068438],[-39.181471,-14.068704],[-39.18147,-14.068711],[-39.181475,-14.068716],[-39.181111,-14.070372],[-39.180624,-14.072622],[-39.179777,-14.07654],[-39.179717,-14.076712],[-39.179777,-14.076703],[-39.179792,-14.076698],[-39.179897,-14.076666],[-39.179958,-14.076646],[-39.18,-14.076632],[-39.18,-14.076632],[-39.18008,-14.076666],[-39.18008,-14.076666],[-39.18008,-14.076666],[-39.180095,-14.076686],[-39.180277,-14.076765],[-39.180407,-14.076926],[-39.180489,-14.077145],[-39.180489,-14.077298],[-39.180504,-14.077314],[-39.180527,-14.07746],[-39.180596,-14.077594],[-39.180629,-14.077625],[-39.180849,-14.077829],[-39.180978,-14.078066],[-39.181043,-14.078187],[-39.181054,-14.078187],[-39.181078,-14.078186],[-39.181342,-14.0785],[-39.18164,-14.078779],[-39.181755,-14.078883],[-39.181938,-14.079047],[-39.182201,-14.07926],[-39.182296,-14.079315],[-39.182373,-14.07936],[-39.182431,-14.079449],[-39.182454,-14.079483],[-39.182495,-14.079533],[-39.182603,-14.079662],[-39.182649,-14.079717],[-39.186907,-14.06603],[-39.203862,-14.062373],[-39.204663,-14.062176],[-39.206168,-14.060936],[-39.207651,-14.058989],[-39.207715,-14.058805],[-39.20778,-14.058621],[-39.207308,-14.058288],[-39.207178,-14.057896],[-39.207366,-14.057556],[-39.206977,-14.057188],[-39.206694,-14.056866],[-39.206505,-14.056602],[-39.206411,-14.056406],[-39.206304,-14.056118],[-39.207435,-14.055496],[-39.204629,-14.052802],[-39.194661,-14.049797],[-39.185418,-14.058354]]]}},{"type":"Feature","properties":{"gid":"12825","cd_sipra":"BA0192000","nome_projeto":"PA AUXILIADORA","municipio":"CAMACAN","area_hectare_declarada":"388.4755","capacidade":"35","num_familias":"30","fase":"3","data_de_criacao":"30/12/1998","forma_obtencao":"Desapropriação","data_obtencao":"25/09/1998","area_calc_ha":"356.9116"},"geometry":{"type":"Polygon","coordinates":[[[-39.421653,-15.423115],[-39.421489,-15.423262],[-39.420703,-15.424125],[-39.420342,-15.424521],[-39.42034,-15.424523],[-39.419905,-15.424747],[-39.418237,-15.42608],[-39.417663,-15.430289],[-39.417755,-15.430575],[-39.409979,-15.428519],[-39.408899,-15.42826],[-39.40868,-15.429016],[-39.408532,-15.42997],[-39.408468,-15.433828],[-39.408537,-15.434076],[-39.40843,-15.434055],[-39.407636,-15.433811],[-39.405959,-15.434659],[-39.405255,-15.437167],[-39.404088,-15.437296],[-39.403349,-15.437622],[-39.403531,-15.43825],[-39.404794,-15.440459],[-39.405367,-15.443305],[-39.405908,-15.443868],[-39.406628,-15.445436],[-39.407543,-15.447431],[-39.410849,-15.448613],[-39.412284,-15.447412],[-39.413428,-15.446454],[-39.414073,-15.445908],[-39.415127,-15.447375],[-39.416705,-15.449568],[-39.422581,-15.440405],[-39.418335,-15.435136],[-39.418626,-15.433942],[-39.41948,-15.433198],[-39.419187,-15.43202],[-39.420332,-15.432402],[-39.421202,-15.432516],[-39.422243,-15.432389],[-39.424094,-15.431725],[-39.425585,-15.431486],[-39.426454,-15.43135],[-39.427117,-15.428765],[-39.424971,-15.428827],[-39.424313,-15.428033],[-39.4238,-15.427759],[-39.423464,-15.426734],[-39.423352,-15.426354],[-39.422995,-15.42513],[-39.422551,-15.423607],[-39.422534,-15.423521],[-39.421653,-15.423115]]]}},{"type":"Feature","properties":{"gid":"557","cd_sipra":"BA0147000","nome_projeto":"PA RIO ALIANÇA","municipio":"ARATACA","area_hectare_declarada":"567.5750","capacidade":"50","num_familias":"47","fase":"6","data_de_criacao":"11/03/1998","forma_obtencao":"Desapropriação","data_obtencao":"07/10/1997","area_calc_ha":"573.7927"},"geometry":{"type":"Polygon","coordinates":[[[-39.451803,-15.255582],[-39.447381,-15.255953],[-39.445841,-15.254328],[-39.439065,-15.265281],[-39.437254,-15.26759],[-39.436176,-15.264111],[-39.433103,-15.264072],[-39.436324,-15.268134],[-39.428221,-15.267833],[-39.427939,-15.266839],[-39.426401,-15.265983],[-39.425426,-15.267296],[-39.425242,-15.268291],[-39.428411,-15.269641],[-39.429065,-15.270906],[-39.427162,-15.273802],[-39.429261,-15.275742],[-39.430104,-15.277865],[-39.430663,-15.278045],[-39.435926,-15.278577],[-39.436812,-15.278711],[-39.437136,-15.278032],[-39.440913,-15.280375],[-39.446117,-15.27476],[-39.456462,-15.278175],[-39.457904,-15.277539],[-39.459536,-15.27862],[-39.460975,-15.276448],[-39.458643,-15.274825],[-39.454306,-15.27185],[-39.45923,-15.266235],[-39.453913,-15.262268],[-39.455578,-15.25675],[-39.455716,-15.256116],[-39.456733,-15.25286],[-39.45464,-15.253678],[-39.452315,-15.255129],[-39.451803,-15.255582]]]}},{"type":"Feature","properties":{"gid":"4121","cd_sipra":"BA0484000","nome_projeto":"PA SOSSEGO I","municipio":"SANTA LUZIA","area_hectare_declarada":"705.4624","capacidade":"18","num_familias":"18","fase":"3","data_de_criacao":"23/08/2005","forma_obtencao":"Desapropriação","data_obtencao":"26/10/2004","area_calc_ha":"709.2519"},"geometry":{"type":"Polygon","coordinates":[[[-39.1204,-15.396742],[-39.117603,-15.398298],[-39.117526,-15.398341],[-39.116181,-15.399076],[-39.116097,-15.399919],[-39.115532,-15.400338],[-39.113575,-15.401559],[-39.112959,-15.401947],[-39.109672,-15.40402],[-39.108949,-15.404466],[-39.114114,-15.40527],[-39.114453,-15.405612],[-39.114296,-15.405796],[-39.113829,-15.406274],[-39.113437,-15.407008],[-39.112647,-15.4077],[-39.11189,-15.408897],[-39.111838,-15.409204],[-39.112094,-15.410179],[-39.112721,-15.411284],[-39.112783,-15.411817],[-39.113079,-15.412525],[-39.113552,-15.412989],[-39.113715,-15.413362],[-39.1141,-15.4145],[-39.114726,-15.415325],[-39.115035,-15.415435],[-39.116188,-15.416239],[-39.116716,-15.416883],[-39.117088,-15.417523],[-39.117373,-15.418454],[-39.118193,-15.419516],[-39.119095,-15.42029],[-39.120591,-15.421476],[-39.121548,-15.422247],[-39.121941,-15.42266],[-39.122282,-15.423259],[-39.123368,-15.423987],[-39.123594,-15.42416],[-39.124062,-15.424398],[-39.124357,-15.424789],[-39.124808,-15.425133],[-39.12499,-15.428692],[-39.125034,-15.430315],[-39.125015,-15.431515],[-39.125059,-15.432228],[-39.127435,-15.433934],[-39.132145,-15.437311],[-39.132588,-15.433838],[-39.132833,-15.432141],[-39.133312,-15.428544],[-39.13368,-15.42597],[-39.134828,-15.425088],[-39.13557,-15.424489],[-39.135933,-15.423905],[-39.136656,-15.422722],[-39.139073,-15.418753],[-39.140528,-15.416369],[-39.139298,-15.415858],[-39.139176,-15.41574],[-39.139116,-15.415682],[-39.137855,-15.414515],[-39.137242,-15.41379],[-39.135954,-15.412485],[-39.134977,-15.411511],[-39.13469,-15.411227],[-39.1334,-15.409973],[-39.132052,-15.408574],[-39.131023,-15.407561],[-39.130917,-15.407119],[-39.130485,-15.40558],[-39.129847,-15.403321],[-39.129207,-15.401034],[-39.128479,-15.398654],[-39.126984,-15.397878],[-39.124893,-15.396777],[-39.123911,-15.396254],[-39.12146,-15.395009],[-39.1204,-15.396742]]]}},{"type":"Feature","properties":{"gid":"3725","cd_sipra":"BA0470000","nome_projeto":"PA SAO FRANCISCO DE ASSIS DO JEQUITINHONHA","municipio":"BELMONTE","area_hectare_declarada":"382.5367","capacidade":"25","num_familias":"25","fase":"3","data_de_criacao":"28/07/2005","forma_obtencao":"Desapropriação","data_obtencao":"06/09/2004","area_calc_ha":"393.5858"},"geometry":{"type":"Polygon","coordinates":[[[-39.106227,-15.857067],[-39.106527,-15.856923],[-39.108382,-15.855915],[-39.108577,-15.855781],[-39.110616,-15.854329],[-39.112647,-15.85288],[-39.115753,-15.85068],[-39.11582,-15.850626],[-39.11859,-15.848716],[-39.120632,-15.847323],[-39.122085,-15.84636],[-39.123471,-15.845447],[-39.124284,-15.844884],[-39.123428,-15.844702],[-39.121371,-15.844321],[-39.118415,-15.843564],[-39.11716,-15.843301],[-39.109913,-15.84163],[-39.108881,-15.841372],[-39.10699,-15.840838],[-39.103383,-15.840627],[-39.102903,-15.840989],[-39.100411,-15.841669],[-39.097636,-15.842156],[-39.096411,-15.841519],[-39.096348,-15.841486],[-39.096033,-15.841128],[-39.095494,-15.841649],[-39.095276,-15.841597],[-39.095368,-15.842124],[-39.095507,-15.842264],[-39.095534,-15.842292],[-39.095512,-15.842487],[-39.095085,-15.842811],[-39.093747,-15.843829],[-39.09298,-15.844561],[-39.092301,-15.844972],[-39.093129,-15.850599],[-39.093924,-15.850736],[-39.096164,-15.851032],[-39.096292,-15.851041],[-39.096791,-15.851146],[-39.097423,-15.851227],[-39.098241,-15.851348],[-39.098365,-15.851374],[-39.098254,-15.852211],[-39.098147,-15.852973],[-39.098077,-15.85359],[-39.097958,-15.854237],[-39.09788,-15.854604],[-39.098545,-15.854716],[-39.098725,-15.854739],[-39.098648,-15.855338],[-39.098485,-15.856221],[-39.098399,-15.856799],[-39.098202,-15.858213],[-39.098065,-15.859104],[-39.097955,-15.859799],[-39.09786,-15.860399],[-39.097774,-15.860771],[-39.097763,-15.861044],[-39.097692,-15.861415],[-39.10067,-15.859387],[-39.104331,-15.857079],[-39.105216,-15.856445],[-39.1053,-15.856437],[-39.105889,-15.856598],[-39.106455,-15.856418],[-39.106646,-15.856522],[-39.106606,-15.856707],[-39.106185,-15.85692],[-39.106227,-15.857067]]]}},{"type":"Feature","properties":{"gid":"508","cd_sipra":"BA0117000","nome_projeto":"PA MATA DO SOSSEGO","municipio":"IGRAPIUNA","area_hectare_declarada":"1567.6799","capacidade":"82","num_familias":"78","fase":"3","data_de_criacao":"21/08/1997","forma_obtencao":"Desapropriação","data_obtencao":"18/07/1996","area_calc_ha":"1904.5158"},"geometry":{"type":"Polygon","coordinates":[[[-39.271066,-13.892416],[-39.270293,-13.892459],[-39.269092,-13.891552],[-39.267882,-13.890652],[-39.267671,-13.890736],[-39.267192,-13.890929],[-39.26782,-13.893588],[-39.267581,-13.894456],[-39.266988,-13.895677],[-39.26374,-13.899802],[-39.265087,-13.900012],[-39.267481,-13.906837],[-39.281993,-13.908279],[-39.281229,-13.914667],[-39.280476,-13.916174],[-39.277967,-13.916958],[-39.276411,-13.920483],[-39.279132,-13.926369],[-39.281199,-13.930752],[-39.282562,-13.930994],[-39.274717,-13.937819],[-39.284315,-13.949125],[-39.285434,-13.953773],[-39.281016,-13.958503],[-39.281131,-13.962328],[-39.280933,-13.962714],[-39.276782,-13.966274],[-39.282953,-13.975016],[-39.283824,-13.973156],[-39.28437,-13.972694],[-39.287249,-13.971184],[-39.292074,-13.971052],[-39.292112,-13.970198],[-39.292234,-13.969885],[-39.293073,-13.969039],[-39.293839,-13.968552],[-39.295259,-13.967911],[-39.296675,-13.966938],[-39.297605,-13.966571],[-39.299447,-13.966599],[-39.297823,-13.96463],[-39.301462,-13.957752],[-39.297313,-13.953912],[-39.298308,-13.950884],[-39.29784,-13.948742],[-39.293337,-13.947776],[-39.300369,-13.942844],[-39.302346,-13.944222],[-39.305559,-13.94207],[-39.306687,-13.942727],[-39.308248,-13.941353],[-39.307571,-13.941228],[-39.307984,-13.937885],[-39.306366,-13.935607],[-39.305317,-13.935202],[-39.302466,-13.934708],[-39.305095,-13.9312],[-39.303795,-13.930383],[-39.302502,-13.927638],[-39.302099,-13.927576],[-39.300736,-13.927879],[-39.301387,-13.924463],[-39.300098,-13.924519],[-39.298904,-13.923753],[-39.297669,-13.91672],[-39.296782,-13.914852],[-39.301198,-13.913987],[-39.302047,-13.915072],[-39.303796,-13.915044],[-39.304827,-13.913988],[-39.304839,-13.910404],[-39.304829,-13.908024],[-39.305158,-13.907556],[-39.304401,-13.907033],[-39.298932,-13.902808],[-39.296183,-13.903392],[-39.2958,-13.903307],[-39.29542,-13.902871],[-39.294815,-13.901714],[-39.294491,-13.901041],[-39.293786,-13.900079],[-39.293672,-13.901148],[-39.293761,-13.903294],[-39.293646,-13.903767],[-39.293526,-13.903929],[-39.293485,-13.905058],[-39.292681,-13.905771],[-39.292485,-13.906094],[-39.291373,-13.90671],[-39.291014,-13.90722],[-39.290569,-13.907691],[-39.290064,-13.908057],[-39.289703,-13.908269],[-39.289162,-13.908599],[-39.288765,-13.908835],[-39.288464,-13.909047],[-39.28817,-13.909325],[-39.286274,-13.90755],[-39.286139,-13.906612],[-39.285439,-13.905746],[-39.285106,-13.90604],[-39.28054,-13.900315],[-39.280964,-13.896633],[-39.280175,-13.894032],[-39.273947,-13.893095],[-39.273809,-13.891536],[-39.270715,-13.89048],[-39.271216,-13.892304],[-39.271066,-13.892416]]]}},{"type":"Feature","properties":{"gid":"815","cd_sipra":"BA0311000","nome_projeto":"PA CEDRO III","municipio":"GANDU","area_hectare_declarada":"292.9892","capacidade":"18","num_familias":"18","fase":"4","data_de_criacao":"26/11/2002","forma_obtencao":"Desapropriação","data_obtencao":"22/03/2001","area_calc_ha":"292.8625"},"geometry":{"type":"Polygon","coordinates":[[[-39.467575,-13.784912],[-39.463427,-13.787137],[-39.462221,-13.786264],[-39.460653,-13.785765],[-39.458502,-13.786668],[-39.457696,-13.786626],[-39.457024,-13.78693],[-39.455448,-13.786985],[-39.455884,-13.787997],[-39.453531,-13.789171],[-39.455515,-13.789687],[-39.456605,-13.790144],[-39.457021,-13.790197],[-39.457562,-13.790568],[-39.457714,-13.791035],[-39.457371,-13.792205],[-39.459037,-13.79312],[-39.459021,-13.793761],[-39.459216,-13.794298],[-39.45621,-13.795235],[-39.459098,-13.797987],[-39.461,-13.79697],[-39.461741,-13.799982],[-39.463496,-13.799559],[-39.465522,-13.803071],[-39.467767,-13.803747],[-39.469486,-13.804315],[-39.469956,-13.804271],[-39.47379,-13.802385],[-39.477568,-13.800828],[-39.481325,-13.800778],[-39.481723,-13.800552],[-39.482927,-13.800454],[-39.482314,-13.799497],[-39.482177,-13.797743],[-39.48269,-13.797396],[-39.482732,-13.796131],[-39.479449,-13.79722],[-39.478916,-13.796442],[-39.478906,-13.795787],[-39.479161,-13.795041],[-39.475878,-13.793484],[-39.474096,-13.792483],[-39.473548,-13.792917],[-39.471981,-13.795272],[-39.470618,-13.795786],[-39.469619,-13.796507],[-39.465741,-13.794101],[-39.468562,-13.785717],[-39.467575,-13.784912]]]}},{"type":"Feature","properties":{"gid":"937","cd_sipra":"BA0333000","nome_projeto":"PA ANTONIO CONSELHEIRO","municipio":"WENCESLAU GUIMARAES","area_hectare_declarada":"303.0795","capacidade":"20","num_familias":"20","fase":"4","data_de_criacao":"20/01/2003","forma_obtencao":"Desapropriação","data_obtencao":"22/11/2001","area_calc_ha":"303.8921"},"geometry":{"type":"Polygon","coordinates":[[[-39.598031,-13.6837],[-39.594349,-13.684209],[-39.594961,-13.687555],[-39.593277,-13.689599],[-39.5902,-13.687656],[-39.589828,-13.687823],[-39.589472,-13.687801],[-39.589192,-13.687575],[-39.588774,-13.687454],[-39.588022,-13.687403],[-39.587366,-13.687534],[-39.586894,-13.687626],[-39.590551,-13.690612],[-39.591235,-13.692249],[-39.591496,-13.694023],[-39.591288,-13.694775],[-39.590655,-13.695325],[-39.590192,-13.695804],[-39.588794,-13.697915],[-39.588733,-13.698206],[-39.588829,-13.699222],[-39.588723,-13.700276],[-39.588739,-13.700693],[-39.589205,-13.701727],[-39.591104,-13.701965],[-39.591345,-13.702131],[-39.591369,-13.702397],[-39.591385,-13.702571],[-39.591432,-13.70273],[-39.591471,-13.702882],[-39.591494,-13.702995],[-39.591479,-13.703109],[-39.591495,-13.703208],[-39.591689,-13.703374],[-39.591865,-13.703553],[-39.591982,-13.703681],[-39.592106,-13.703855],[-39.592153,-13.703939],[-39.592363,-13.704211],[-39.59255,-13.704476],[-39.592682,-13.704643],[-39.592799,-13.70484],[-39.592938,-13.704923],[-39.593148,-13.704975],[-39.593372,-13.704922],[-39.593636,-13.704898],[-39.593899,-13.704898],[-39.594209,-13.704935],[-39.594558,-13.70498],[-39.595564,-13.704317],[-39.59561,-13.704203],[-39.595778,-13.703939],[-39.597038,-13.702927],[-39.597711,-13.702236],[-39.598229,-13.701893],[-39.599925,-13.702594],[-39.601699,-13.702096],[-39.604279,-13.701477],[-39.607021,-13.701061],[-39.606861,-13.69908],[-39.606759,-13.698663],[-39.606596,-13.698678],[-39.60655,-13.698678],[-39.606348,-13.698626],[-39.606177,-13.69849],[-39.605983,-13.698248],[-39.605952,-13.698172],[-39.605431,-13.697688],[-39.605175,-13.697567],[-39.604842,-13.697462],[-39.604448,-13.69723],[-39.603904,-13.6967],[-39.603663,-13.69642],[-39.603507,-13.696261],[-39.603383,-13.696148],[-39.603134,-13.695815],[-39.603142,-13.69572],[-39.603057,-13.695583],[-39.603064,-13.695303],[-39.603619,-13.694353],[-39.604177,-13.694026],[-39.604962,-13.692474],[-39.604915,-13.692126],[-39.606287,-13.689565],[-39.60538,-13.689226],[-39.603152,-13.687699],[-39.601367,-13.685835],[-39.600581,-13.684745],[-39.599706,-13.683984],[-39.598031,-13.6837]]]}},{"type":"Feature","properties":{"gid":"12763","cd_sipra":"BA0195000","nome_projeto":"PA GRUPO SANTO ANTONIO","municipio":"ARATACA","area_hectare_declarada":"514.0000","capacidade":"80","num_familias":"34","fase":"3","data_de_criacao":"21/12/1998","forma_obtencao":"Desapropriação","data_obtencao":"03/08/1998","area_calc_ha":"538.4106"},"geometry":{"type":"Polygon","coordinates":[[[-39.364913,-15.250137],[-39.365596,-15.248951],[-39.36728,-15.248191],[-39.369666,-15.2479],[-39.3662,-15.24654],[-39.366338,-15.246044],[-39.366042,-15.245938],[-39.361983,-15.244535],[-39.361819,-15.244793],[-39.361336,-15.245318],[-39.360819,-15.245845],[-39.360334,-15.24646],[-39.360433,-15.24678],[-39.359452,-15.248107],[-39.359005,-15.249208],[-39.358307,-15.249815],[-39.356788,-15.251483],[-39.356247,-15.251525],[-39.35489,-15.252202],[-39.354311,-15.252783],[-39.353887,-15.253466],[-39.352887,-15.254051],[-39.351858,-15.254721],[-39.350875,-15.254927],[-39.350005,-15.254865],[-39.349277,-15.254826],[-39.348739,-15.256612],[-39.348136,-15.256942],[-39.347303,-15.25701],[-39.345972,-15.258558],[-39.345888,-15.258694],[-39.345467,-15.259209],[-39.344741,-15.260726],[-39.344512,-15.260974],[-39.343136,-15.261842],[-39.342014,-15.262199],[-39.340694,-15.262383],[-39.33943,-15.261616],[-39.338572,-15.260422],[-39.338334,-15.258375],[-39.338912,-15.258072],[-39.339488,-15.256616],[-39.339798,-15.254599],[-39.338427,-15.253361],[-39.338296,-15.25233],[-39.337107,-15.252611],[-39.336817,-15.252902],[-39.335924,-15.253089],[-39.335659,-15.253584],[-39.334586,-15.254241],[-39.333653,-15.255212],[-39.336799,-15.266202],[-39.346289,-15.269346],[-39.349035,-15.270273],[-39.349825,-15.270257],[-39.350346,-15.270062],[-39.35081,-15.269651],[-39.351811,-15.270123],[-39.35245,-15.270368],[-39.353072,-15.270358],[-39.353537,-15.269823],[-39.354127,-15.269613],[-39.354432,-15.26939],[-39.3545,-15.268753],[-39.355406,-15.268101],[-39.355542,-15.267696],[-39.356316,-15.267457],[-39.356695,-15.26676],[-39.357121,-15.264651],[-39.357637,-15.264527],[-39.35983,-15.264503],[-39.36116,-15.26806],[-39.36146,-15.268885],[-39.363477,-15.269073],[-39.364781,-15.262829],[-39.36781,-15.263892],[-39.367265,-15.260078],[-39.368819,-15.258319],[-39.366785,-15.254351],[-39.364913,-15.250137]]]}},{"type":"Feature","properties":{"gid":"897","cd_sipra":"BA0399000","nome_projeto":"PA ARGEMIRO MENDES DE OLIVEIRA","municipio":"CAMAMU","area_hectare_declarada":"394.2710","capacidade":"24","num_familias":"24","fase":"4","data_de_criacao":"28/07/2004","forma_obtencao":"Desapropriação","data_obtencao":"25/02/2003","area_calc_ha":"450.4575"},"geometry":{"type":"Polygon","coordinates":[[[-39.118614,-13.961682],[-39.117545,-13.962165],[-39.116192,-13.962652],[-39.115926,-13.964043],[-39.115089,-13.96453],[-39.11467,-13.965734],[-39.115023,-13.966501],[-39.115271,-13.968622],[-39.116872,-13.968888],[-39.117688,-13.96986],[-39.116677,-13.970895],[-39.115864,-13.970911],[-39.115638,-13.970694],[-39.115183,-13.970764],[-39.114826,-13.971216],[-39.114159,-13.971274],[-39.113909,-13.971082],[-39.112782,-13.971529],[-39.112732,-13.972479],[-39.113266,-13.973336],[-39.113775,-13.97424],[-39.115489,-13.974455],[-39.119521,-13.974428],[-39.119884,-13.977054],[-39.12182,-13.978928],[-39.12207,-13.978838],[-39.12228,-13.978431],[-39.123115,-13.977888],[-39.123522,-13.977381],[-39.123505,-13.976526],[-39.123154,-13.975963],[-39.123508,-13.975636],[-39.123807,-13.975996],[-39.124285,-13.976033],[-39.124612,-13.976413],[-39.125152,-13.976507],[-39.125115,-13.977108],[-39.125413,-13.977393],[-39.124586,-13.978332],[-39.124637,-13.978655],[-39.124254,-13.978936],[-39.124159,-13.979532],[-39.123437,-13.979871],[-39.123112,-13.980337],[-39.122215,-13.980273],[-39.122218,-13.980981],[-39.122786,-13.981633],[-39.12302,-13.981682],[-39.12332,-13.981593],[-39.123803,-13.981776],[-39.123661,-13.982259],[-39.123443,-13.982808],[-39.122975,-13.982591],[-39.122194,-13.982629],[-39.122036,-13.982447],[-39.121544,-13.982923],[-39.121137,-13.98297],[-39.120029,-13.982768],[-39.11973,-13.98374],[-39.12097,-13.98539],[-39.120212,-13.987168],[-39.119478,-13.987724],[-39.120672,-13.989035],[-39.121856,-13.990229],[-39.12229,-13.990284],[-39.123026,-13.990399],[-39.123645,-13.991956],[-39.124802,-13.992752],[-39.124667,-13.991441],[-39.124923,-13.991134],[-39.126284,-13.991133],[-39.127504,-13.99327],[-39.130282,-13.990919],[-39.130949,-13.990522],[-39.131232,-13.989119],[-39.131262,-13.987914],[-39.132294,-13.987269],[-39.134016,-13.986937],[-39.134417,-13.987234],[-39.13575,-13.986687],[-39.136126,-13.987153],[-39.136311,-13.987339],[-39.136466,-13.987339],[-39.137896,-13.987362],[-39.136253,-13.985239],[-39.135672,-13.984739],[-39.135536,-13.984361],[-39.13513,-13.983396],[-39.135063,-13.983078],[-39.134371,-13.9825],[-39.13364,-13.982365],[-39.134049,-13.981422],[-39.134229,-13.981492],[-39.1352,-13.981105],[-39.135323,-13.980919],[-39.136539,-13.980231],[-39.136611,-13.978738],[-39.136198,-13.977846],[-39.135854,-13.977443],[-39.13505,-13.977864],[-39.134088,-13.976776],[-39.133873,-13.976604],[-39.133549,-13.975406],[-39.133736,-13.975089],[-39.133776,-13.974877],[-39.133443,-13.974471],[-39.132061,-13.974476],[-39.131604,-13.974369],[-39.131591,-13.973418],[-39.132295,-13.972962],[-39.132244,-13.972222],[-39.131665,-13.972063],[-39.131518,-13.971577],[-39.131867,-13.97097],[-39.130538,-13.969871],[-39.130757,-13.969105],[-39.128777,-13.967797],[-39.127075,-13.967246],[-39.124374,-13.964874],[-39.122618,-13.963379],[-39.12095,-13.963429],[-39.120513,-13.964631],[-39.120164,-13.964141],[-39.119508,-13.962574],[-39.118614,-13.961682]]]}},{"type":"Feature","properties":{"gid":"12795","cd_sipra":"BA0196000","nome_projeto":"PA CASCATA","municipio":"AURELINO LEAL","area_hectare_declarada":"597.9421","capacidade":"40","num_familias":"38","fase":"6","data_de_criacao":"30/12/1998","forma_obtencao":"Desapropriação","data_obtencao":"03/08/1998","area_calc_ha":"581.3910"},"geometry":{"type":"Polygon","coordinates":[[[-39.336673,-14.417586],[-39.336798,-14.417578],[-39.336808,-14.417577],[-39.336819,-14.417577],[-39.336829,-14.417576],[-39.33684,-14.417576],[-39.33685,-14.417575],[-39.33686,-14.417574],[-39.336871,-14.417574],[-39.336881,-14.417573],[-39.336892,-14.417572],[-39.336902,-14.417572],[-39.33692,-14.417578],[-39.336939,-14.417587],[-39.336959,-14.417595],[-39.336979,-14.417604],[-39.336998,-14.417612],[-39.337018,-14.417621],[-39.337037,-14.417629],[-39.337057,-14.417638],[-39.337077,-14.417646],[-39.337096,-14.417654],[-39.337116,-14.417663],[-39.337135,-14.417671],[-39.337155,-14.41768],[-39.337175,-14.417688],[-39.337194,-14.417697],[-39.337214,-14.417705],[-39.337234,-14.417714],[-39.337292,-14.417739],[-39.337312,-14.417747],[-39.337332,-14.417756],[-39.337348,-14.417765],[-39.337389,-14.417792],[-39.337402,-14.417801],[-39.337416,-14.41781],[-39.337429,-14.417819],[-39.337443,-14.417828],[-39.337483,-14.417855],[-39.337497,-14.417864],[-39.337511,-14.417873],[-39.337524,-14.417882],[-39.337538,-14.417891],[-39.337551,-14.4179],[-39.337565,-14.417909],[-39.337578,-14.417918],[-39.337592,-14.417927],[-39.337606,-14.417936],[-39.337619,-14.417945],[-39.337633,-14.417954],[-39.337643,-14.417962],[-39.33766,-14.417982],[-39.337671,-14.417996],[-39.337677,-14.418003],[-39.33768,-14.418006],[-39.337683,-14.418009],[-39.337686,-14.418013],[-39.337689,-14.418016],[-39.337692,-14.41802],[-39.337697,-14.418026],[-39.3377,-14.41803],[-39.337703,-14.418033],[-39.337706,-14.418037],[-39.337709,-14.41804],[-39.337726,-14.418061],[-39.337732,-14.418067],[-39.337738,-14.418074],[-39.337741,-14.418078],[-39.337752,-14.418091],[-39.337755,-14.418095],[-39.337758,-14.418098],[-39.337761,-14.418102],[-39.337764,-14.418105],[-39.337766,-14.418108],[-39.337769,-14.418112],[-39.337772,-14.418115],[-39.337775,-14.418119],[-39.337778,-14.418122],[-39.337781,-14.418126],[-39.337784,-14.418129],[-39.337789,-14.418136],[-39.337792,-14.418139],[-39.337795,-14.418143],[-39.337798,-14.418146],[-39.337801,-14.418149],[-39.337804,-14.418153],[-39.337807,-14.418156],[-39.33781,-14.41816],[-39.337812,-14.418163],[-39.337815,-14.418166],[-39.337821,-14.418173],[-39.337824,-14.418177],[-39.337827,-14.41818],[-39.337833,-14.418187],[-39.337933,-14.418387],[-39.338082,-14.418686],[-39.338232,-14.418984],[-39.338381,-14.419283],[-39.33853,-14.419581],[-39.33868,-14.41988],[-39.338751,-14.420014],[-39.338794,-14.420069],[-39.338815,-14.420096],[-39.338857,-14.420151],[-39.33888,-14.420169],[-39.338904,-14.420179],[-39.338928,-14.420189],[-39.338951,-14.420199],[-39.338975,-14.420209],[-39.338999,-14.420219],[-39.339043,-14.420217],[-39.339109,-14.420204],[-39.339174,-14.42019],[-39.339239,-14.420176],[-39.339305,-14.420162],[-39.33937,-14.420149],[-39.339422,-14.420132],[-39.339455,-14.420113],[-39.339488,-14.420093],[-39.339521,-14.420074],[-39.339554,-14.420054],[-39.339586,-14.420035],[-39.339626,-14.420009],[-39.339677,-14.419972],[-39.339728,-14.419936],[-39.339779,-14.419899],[-39.33983,-14.419862],[-39.339881,-14.419826],[-39.339942,-14.419788],[-39.340194,-14.419663],[-39.340278,-14.419621],[-39.340362,-14.419579],[-39.340438,-14.419543],[-39.340492,-14.419525],[-39.340545,-14.419506],[-39.340598,-14.419488],[-39.340651,-14.419469],[-39.340705,-14.419451],[-39.340755,-14.419431],[-39.340793,-14.419406],[-39.340832,-14.419381],[-39.34087,-14.419355],[-39.340908,-14.41933],[-39.340946,-14.419305],[-39.340982,-14.419282],[-39.340997,-14.419279],[-39.341012,-14.419277],[-39.341027,-14.419274],[-39.341042,-14.419271],[-39.341057,-14.419268],[-39.341072,-14.419266],[-39.341088,-14.419274],[-39.341104,-14.419281],[-39.34112,-14.419288],[-39.341136,-14.419295],[-39.341152,-14.419303],[-39.341168,-14.41931],[-39.341624,-14.418215],[-39.341388,-14.417083],[-39.34082,-14.416229],[-39.339793,-14.415223],[-39.33876,-14.415132],[-39.338005,-14.414998],[-39.336805,-14.414878],[-39.33597,-14.414691],[-39.335891,-14.414617],[-39.335856,-14.414446],[-39.335845,-14.414424],[-39.335833,-14.414356],[-39.335763,-14.414265],[-39.335589,-14.414174],[-39.335496,-14.414118],[-39.33545,-14.414095],[-39.335311,-14.41397],[-39.335207,-14.413891],[-39.335149,-14.413823],[-39.335021,-14.413766],[-39.334917,-14.413744],[-39.334847,-14.413676],[-39.334824,-14.413585],[-39.334824,-14.413517],[-39.334766,-14.413426],[-39.334499,-14.413359],[-39.334279,-14.413225],[-39.334267,-14.412803],[-39.335715,-14.412274],[-39.336365,-14.410019],[-39.336218,-14.407773],[-39.336492,-14.407422],[-39.336748,-14.407454],[-39.338183,-14.4075],[-39.339835,-14.407578],[-39.342108,-14.407635],[-39.341867,-14.406298],[-39.340471,-14.405392],[-39.338773,-14.403816],[-39.338439,-14.401926],[-39.338031,-14.401958],[-39.337255,-14.402467],[-39.336431,-14.40106],[-39.335528,-14.399708],[-39.334203,-14.399841],[-39.333513,-14.400457],[-39.332896,-14.401007],[-39.332211,-14.401122],[-39.33165,-14.40022],[-39.330856,-14.398763],[-39.330204,-14.39836],[-39.329255,-14.397678],[-39.32918,-14.397654],[-39.328942,-14.397683],[-39.328693,-14.397381],[-39.326866,-14.396997],[-39.326254,-14.396947],[-39.324927,-14.396638],[-39.324908,-14.396675],[-39.32489,-14.396713],[-39.324872,-14.39675],[-39.324853,-14.396788],[-39.324835,-14.396825],[-39.324797,-14.396877],[-39.324739,-14.396943],[-39.324682,-14.397009],[-39.324624,-14.397074],[-39.324567,-14.39714],[-39.324509,-14.397207],[-39.324428,-14.397356],[-39.324348,-14.397505],[-39.324267,-14.397654],[-39.324187,-14.397803],[-39.324107,-14.397953],[-39.324073,-14.398055],[-39.32408,-14.398115],[-39.324088,-14.398175],[-39.324096,-14.398235],[-39.324104,-14.398295],[-39.324111,-14.398356],[-39.324119,-14.398416],[-39.324127,-14.398476],[-39.324135,-14.398536],[-39.324143,-14.398596],[-39.32415,-14.398656],[-39.324154,-14.398686],[-39.324146,-14.398721],[-39.324137,-14.398766],[-39.324121,-14.398844],[-39.324105,-14.398922],[-39.32409,-14.399],[-39.324074,-14.399078],[-39.324058,-14.399156],[-39.324042,-14.399234],[-39.324026,-14.399312],[-39.32401,-14.399391],[-39.323994,-14.399469],[-39.323978,-14.399547],[-39.32398,-14.399618],[-39.323993,-14.399685],[-39.324007,-14.399752],[-39.324021,-14.399819],[-39.324035,-14.399886],[-39.324049,-14.399953],[-39.324062,-14.40002],[-39.324057,-14.400119],[-39.324085,-14.400278],[-39.324059,-14.400367],[-39.323906,-14.400563],[-39.323834,-14.400524],[-39.323509,-14.400498],[-39.323331,-14.400576],[-39.323066,-14.400813],[-39.322999,-14.40102],[-39.322999,-14.401235],[-39.323202,-14.4015],[-39.323429,-14.401467],[-39.32349,-14.40148],[-39.32359,-14.401557],[-39.323665,-14.401626],[-39.32369,-14.401686],[-39.323694,-14.401769],[-39.323678,-14.401865],[-39.323605,-14.401961],[-39.323576,-14.402141],[-39.323573,-14.402191],[-39.323582,-14.40226],[-39.323591,-14.402329],[-39.3236,-14.402398],[-39.323609,-14.402466],[-39.323618,-14.402535],[-39.323626,-14.402604],[-39.323635,-14.402673],[-39.323661,-14.402732],[-39.323692,-14.402788],[-39.323724,-14.402844],[-39.323755,-14.402901],[-39.323786,-14.402957],[-39.323817,-14.403013],[-39.323848,-14.403069],[-39.32388,-14.403125],[-39.323911,-14.403181],[-39.323628,-14.403286],[-39.32332,-14.4034],[-39.322799,-14.403592],[-39.322302,-14.403776],[-39.321956,-14.403874],[-39.321152,-14.404103],[-39.320111,-14.404407],[-39.319966,-14.404473],[-39.31827,-14.405102],[-39.317481,-14.405715],[-39.316754,-14.404928],[-39.313217,-14.406608],[-39.313097,-14.406802],[-39.314804,-14.408085],[-39.313845,-14.409077],[-39.315178,-14.411943],[-39.314537,-14.412733],[-39.313366,-14.414177],[-39.315268,-14.4178],[-39.31605,-14.417896],[-39.316155,-14.417909],[-39.316962,-14.419345],[-39.319275,-14.418289],[-39.318928,-14.416905],[-39.318906,-14.41682],[-39.319952,-14.41394],[-39.321211,-14.414352],[-39.323441,-14.414855],[-39.324796,-14.414819],[-39.325969,-14.414891],[-39.3266,-14.414762],[-39.327694,-14.414728],[-39.328087,-14.416516],[-39.327841,-14.41732],[-39.328089,-14.418003],[-39.327389,-14.418608],[-39.327226,-14.420216],[-39.326866,-14.421586],[-39.327148,-14.422991],[-39.326655,-14.424077],[-39.326986,-14.424881],[-39.326868,-14.426869],[-39.326596,-14.426851],[-39.326441,-14.426841],[-39.325873,-14.426804],[-39.32562,-14.426777],[-39.323632,-14.426651],[-39.320184,-14.426414],[-39.319371,-14.427622],[-39.319732,-14.42854],[-39.322066,-14.429534],[-39.323436,-14.430448],[-39.324142,-14.43092],[-39.325709,-14.430521],[-39.326629,-14.430321],[-39.327173,-14.430203],[-39.32796,-14.430032],[-39.32951,-14.432498],[-39.330945,-14.43264],[-39.333313,-14.43205],[-39.334672,-14.430977],[-39.334015,-14.427867],[-39.333028,-14.428111],[-39.332616,-14.427699],[-39.332302,-14.426551],[-39.332995,-14.425573],[-39.332827,-14.424247],[-39.332693,-14.42301],[-39.332495,-14.422555],[-39.331763,-14.420582],[-39.331452,-14.419817],[-39.332318,-14.419808],[-39.334016,-14.419748],[-39.333952,-14.418508],[-39.334967,-14.418184],[-39.335511,-14.417961],[-39.336302,-14.417706],[-39.336673,-14.417586]]]}},{"type":"Feature","properties":{"gid":"500","cd_sipra":"BA0062000","nome_projeto":"PA TIJUÍPE","municipio":"URUCUCA","area_hectare_declarada":"1110.6000","capacidade":"40","num_familias":"2","fase":"6","data_de_criacao":"29/12/1995","forma_obtencao":"Desapropriação","data_obtencao":"26/04/1988","area_calc_ha":"1112.0613"},"geometry":{"type":"Polygon","coordinates":[[[-39.092613,-14.432683],[-39.054667,-14.433235],[-39.054392,-14.433235],[-39.029856,-14.43363],[-39.038754,-14.447762],[-39.04178,-14.452587],[-39.046448,-14.452524],[-39.047062,-14.452515],[-39.053138,-14.452438],[-39.061645,-14.452323],[-39.076197,-14.452129],[-39.083409,-14.443609],[-39.092613,-14.432683]]]}},{"type":"Feature","properties":{"gid":"12797","cd_sipra":"BA0047000","nome_projeto":"PA PIASSAVA","municipio":"BELMONTE","area_hectare_declarada":"3035.0000","capacidade":"106","num_familias":"87","fase":"6","data_de_criacao":"30/11/1989","forma_obtencao":"Desapropriação","data_obtencao":"13/04/1988","area_calc_ha":"3171.8447"},"geometry":{"type":"Polygon","coordinates":[[[-39.050085,-16.026972],[-39.050095,-16.027854],[-39.050105,-16.02855],[-39.050088,-16.029741],[-39.050095,-16.03079],[-39.050065,-16.033403],[-39.050065,-16.035923],[-39.050042,-16.036901],[-39.050064,-16.037372],[-39.050005,-16.038437],[-39.05013,-16.039304],[-39.050038,-16.039879],[-39.050049,-16.041616],[-39.050037,-16.042634],[-39.050059,-16.044236],[-39.050045,-16.04566],[-39.05008,-16.048507],[-39.050059,-16.050879],[-39.053039,-16.048983],[-39.054681,-16.047918],[-39.055272,-16.047531],[-39.055441,-16.04742],[-39.056464,-16.046788],[-39.059877,-16.044581],[-39.060278,-16.041947],[-39.060901,-16.038071],[-39.061225,-16.035955],[-39.061453,-16.035523],[-39.063093,-16.035935],[-39.063735,-16.036088],[-39.064354,-16.036277],[-39.064477,-16.036315],[-39.064885,-16.036436],[-39.066015,-16.037274],[-39.067198,-16.037973],[-39.070679,-16.040059],[-39.071389,-16.040479],[-39.072236,-16.040055],[-39.072554,-16.040416],[-39.072859,-16.04067],[-39.073504,-16.041046],[-39.074918,-16.043459],[-39.075492,-16.04472],[-39.075892,-16.045497],[-39.076601,-16.046906],[-39.076964,-16.047631],[-39.077455,-16.048603],[-39.078061,-16.049828],[-39.078544,-16.050698],[-39.079046,-16.051771],[-39.079272,-16.052411],[-39.079462,-16.052879],[-39.079727,-16.052939],[-39.080112,-16.053208],[-39.080314,-16.053438],[-39.080414,-16.053501],[-39.080528,-16.053517],[-39.080986,-16.053739],[-39.081224,-16.053862],[-39.082153,-16.054366],[-39.082784,-16.054708],[-39.083329,-16.054991],[-39.084128,-16.055413],[-39.084636,-16.055681],[-39.085411,-16.056088],[-39.086178,-16.056495],[-39.086741,-16.056793],[-39.088233,-16.057588],[-39.0886,-16.057784],[-39.092535,-16.05987],[-39.095529,-16.061488],[-39.097037,-16.06235],[-39.097495,-16.062595],[-39.099405,-16.062303],[-39.100459,-16.062114],[-39.10304,-16.063136],[-39.102324,-16.063954],[-39.1036,-16.065594],[-39.104217,-16.065699],[-39.105304,-16.065846],[-39.10823,-16.066299],[-39.108837,-16.066218],[-39.110891,-16.065621],[-39.112681,-16.065105],[-39.112945,-16.064705],[-39.113375,-16.064703],[-39.116662,-16.063516],[-39.119256,-16.062273],[-39.121893,-16.061343],[-39.124007,-16.06],[-39.129703,-16.056039],[-39.131583,-16.054729],[-39.132912,-16.053795],[-39.132959,-16.05349],[-39.133295,-16.05156],[-39.133661,-16.049457],[-39.133737,-16.048944],[-39.134244,-16.046011],[-39.134368,-16.045191],[-39.131712,-16.044252],[-39.131252,-16.044086],[-39.129833,-16.044368],[-39.126727,-16.045916],[-39.125846,-16.046268],[-39.124645,-16.046766],[-39.121746,-16.048994],[-39.119036,-16.049807],[-39.116038,-16.051935],[-39.115698,-16.053261],[-39.113492,-16.052761],[-39.113231,-16.052704],[-39.113563,-16.049891],[-39.115353,-16.050772],[-39.118372,-16.048248],[-39.117258,-16.046845],[-39.120718,-16.044024],[-39.121532,-16.042537],[-39.121716,-16.042136],[-39.123282,-16.040776],[-39.124113,-16.041339],[-39.125006,-16.041922],[-39.125121,-16.041396],[-39.128283,-16.040761],[-39.128586,-16.040693],[-39.129643,-16.040941],[-39.13097,-16.041438],[-39.132876,-16.042149],[-39.133835,-16.041614],[-39.133385,-16.040774],[-39.132637,-16.039181],[-39.131236,-16.037633],[-39.129088,-16.034605],[-39.127739,-16.032551],[-39.126183,-16.030262],[-39.12497,-16.031063],[-39.123028,-16.032501],[-39.120744,-16.033136],[-39.118956,-16.033093],[-39.116632,-16.033822],[-39.116571,-16.032678],[-39.116207,-16.031104],[-39.113052,-16.03079],[-39.110844,-16.031369],[-39.107666,-16.030473],[-39.10308,-16.03154],[-39.103265,-16.034891],[-39.10261,-16.034651],[-39.101154,-16.032733],[-39.101678,-16.031227],[-39.100134,-16.027786],[-39.099847,-16.026808],[-39.097533,-16.02561],[-39.096285,-16.025155],[-39.097749,-16.024534],[-39.101464,-16.026647],[-39.105579,-16.029216],[-39.108271,-16.028981],[-39.111752,-16.028723],[-39.111535,-16.024092],[-39.109291,-16.023316],[-39.106972,-16.021628],[-39.105834,-16.020856],[-39.103313,-16.019077],[-39.102399,-16.018476],[-39.100485,-16.018098],[-39.099954,-16.017979],[-39.09832,-16.017687],[-39.097779,-16.017605],[-39.093614,-16.016841],[-39.089932,-16.016217],[-39.087798,-16.015828],[-39.085716,-16.015457],[-39.079436,-16.014335],[-39.078892,-16.01304],[-39.078183,-16.011297],[-39.076878,-16.008297],[-39.076479,-16.007327],[-39.07382,-16.007449],[-39.072885,-16.00787],[-39.071415,-16.008529],[-39.06989,-16.008967],[-39.068446,-16.009379],[-39.068866,-16.010638],[-39.06865,-16.011725],[-39.067447,-16.013325],[-39.064783,-16.015939],[-39.064061,-16.016736],[-39.063672,-16.017214],[-39.063145,-16.018959],[-39.062546,-16.021035],[-39.062219,-16.022167],[-39.060441,-16.022426],[-39.059123,-16.018394],[-39.050069,-16.020711],[-39.050082,-16.02179],[-39.050092,-16.0245],[-39.050105,-16.025403],[-39.050085,-16.026972]]]}},{"type":"Feature","properties":{"gid":"504","cd_sipra":"BA0114000","nome_projeto":"PA BUIQUE","municipio":"BUERAREMA","area_hectare_declarada":"366.0200","capacidade":"33","num_familias":"29","fase":"6","data_de_criacao":"06/06/1997","forma_obtencao":"Desapropriação","data_obtencao":"08/10/1996","area_calc_ha":"334.1778"},"geometry":{"type":"Polygon","coordinates":[[[-39.308964,-14.994663],[-39.308021,-14.995508],[-39.30731,-14.996208],[-39.306812,-14.996661],[-39.306763,-14.996717],[-39.305444,-14.997938],[-39.304732,-14.998648],[-39.304468,-14.998865],[-39.303583,-14.999899],[-39.303062,-15.001049],[-39.302101,-15.00155],[-39.301418,-15.002591],[-39.30012,-15.002478],[-39.298588,-15.002642],[-39.29741,-15.003282],[-39.297838,-15.004014],[-39.298581,-15.004705],[-39.299471,-15.005364],[-39.299646,-15.006835],[-39.300159,-15.008221],[-39.300731,-15.009164],[-39.300735,-15.010164],[-39.301282,-15.010589],[-39.302832,-15.01108],[-39.302934,-15.011092],[-39.303053,-15.011365],[-39.30382,-15.013153],[-39.304084,-15.014101],[-39.304783,-15.015233],[-39.305777,-15.017379],[-39.307394,-15.019026],[-39.308488,-15.021286],[-39.307855,-15.021467],[-39.307564,-15.021368],[-39.306761,-15.021519],[-39.306223,-15.021823],[-39.306608,-15.022743],[-39.30737,-15.023439],[-39.307786,-15.023812],[-39.311185,-15.025316],[-39.312364,-15.025339],[-39.31295,-15.024585],[-39.312971,-15.024489],[-39.313145,-15.023714],[-39.313273,-15.023128],[-39.313284,-15.022876],[-39.313038,-15.022416],[-39.31223,-15.022281],[-39.312261,-15.022186],[-39.312384,-15.021103],[-39.312666,-15.020317],[-39.313407,-15.018273],[-39.313638,-15.017551],[-39.312745,-15.01745],[-39.311856,-15.017349],[-39.311111,-15.017123],[-39.310669,-15.016318],[-39.309595,-15.017207],[-39.309392,-15.017181],[-39.309983,-15.015788],[-39.310149,-15.015371],[-39.310771,-15.013939],[-39.310822,-15.013753],[-39.31151,-15.012481],[-39.311789,-15.011861],[-39.311902,-15.01161],[-39.312447,-15.011131],[-39.312641,-15.010892],[-39.313218,-15.010549],[-39.31327,-15.010489],[-39.313579,-15.010196],[-39.313964,-15.009887],[-39.315159,-15.008802],[-39.315129,-15.008413],[-39.315049,-15.006771],[-39.314998,-15.005297],[-39.314128,-15.004888],[-39.315216,-15.004245],[-39.315575,-15.004252],[-39.315586,-15.004138],[-39.317653,-15.003744],[-39.317629,-15.003668],[-39.31728,-15.003005],[-39.316745,-15.002213],[-39.316571,-15.001799],[-39.316306,-15.001457],[-39.315012,-14.999479],[-39.314212,-14.998019],[-39.314054,-14.997692],[-39.312833,-14.998767],[-39.312347,-14.998997],[-39.311631,-14.997529],[-39.310702,-14.99669],[-39.310379,-14.996274],[-39.30962,-14.995467],[-39.308964,-14.994663]]]}},{"type":"Feature","properties":{"gid":"12828","cd_sipra":"BA0193000","nome_projeto":"PA DANDARA DOS PALMARES","municipio":"CAMAMU","area_hectare_declarada":"1452.2390","capacidade":"70","num_familias":"63","fase":"3","data_de_criacao":"21/12/1998","forma_obtencao":"Desapropriação","data_obtencao":"20/08/1998","area_calc_ha":"1298.5351"},"geometry":{"type":"Polygon","coordinates":[[[-39.128255,-14.017033],[-39.128405,-14.017376],[-39.128171,-14.017973],[-39.127936,-14.01857],[-39.127702,-14.019167],[-39.126659,-14.019816],[-39.123814,-14.021948],[-39.121223,-14.024894],[-39.119559,-14.024928],[-39.119542,-14.024929],[-39.118447,-14.024912],[-39.116519,-14.025976],[-39.115076,-14.027724],[-39.115143,-14.028162],[-39.114044,-14.028517],[-39.11182,-14.03076],[-39.110635,-14.03117],[-39.107628,-14.03354],[-39.107299,-14.033856],[-39.107184,-14.03398],[-39.10825,-14.035888],[-39.110082,-14.036884],[-39.109962,-14.03709],[-39.109832,-14.037319],[-39.112338,-14.040007],[-39.112672,-14.040384],[-39.116622,-14.04181],[-39.12393,-14.044009],[-39.124191,-14.044087],[-39.125736,-14.053018],[-39.125794,-14.053357],[-39.130691,-14.053386],[-39.131252,-14.053389],[-39.13339,-14.051985],[-39.136241,-14.052767],[-39.136206,-14.053036],[-39.136193,-14.053437],[-39.140632,-14.054846],[-39.141183,-14.055025],[-39.141753,-14.055225],[-39.144078,-14.053592],[-39.144351,-14.05313],[-39.144654,-14.052663],[-39.153446,-14.048988],[-39.153743,-14.048862],[-39.154845,-14.043897],[-39.155064,-14.040817],[-39.155438,-14.040387],[-39.155885,-14.039888],[-39.155635,-14.038954],[-39.155603,-14.038812],[-39.155455,-14.038161],[-39.145477,-14.032179],[-39.146296,-14.030478],[-39.146221,-14.030272],[-39.146257,-14.030224],[-39.146394,-14.029923],[-39.146543,-14.029515],[-39.146631,-14.029308],[-39.146817,-14.028862],[-39.147136,-14.028786],[-39.147877,-14.028612],[-39.148207,-14.028535],[-39.148525,-14.028453],[-39.148566,-14.028442],[-39.147549,-14.025218],[-39.146682,-14.022471],[-39.146398,-14.02161],[-39.136145,-14.022545],[-39.136005,-14.022096],[-39.135951,-14.021922],[-39.135664,-14.021001],[-39.134726,-14.019942],[-39.134071,-14.019204],[-39.134189,-14.018345],[-39.135463,-14.017358],[-39.135332,-14.017031],[-39.134249,-14.017465],[-39.131572,-14.016741],[-39.130578,-14.016473],[-39.128255,-14.017033]]]}},{"type":"Feature","properties":{"gid":"12820","cd_sipra":"BA0241000","nome_projeto":"PA ITARARÉ","municipio":"BUERAREMA","area_hectare_declarada":"555.5851","capacidade":"45","num_familias":"34","fase":"4","data_de_criacao":"20/11/2000","forma_obtencao":"Desapropriação","data_obtencao":"28/09/1999","area_calc_ha":"567.0240"},"geometry":{"type":"Polygon","coordinates":[[[-39.248152,-14.933545],[-39.248079,-14.933394],[-39.247915,-14.933323],[-39.247715,-14.933536],[-39.247606,-14.933678],[-39.247387,-14.933784],[-39.247241,-14.933873],[-39.247041,-14.934033],[-39.246987,-14.934175],[-39.246914,-14.93421],[-39.246841,-14.93421],[-39.246768,-14.934175],[-39.246877,-14.933998],[-39.246786,-14.933856],[-39.24664,-14.933785],[-39.246439,-14.933714],[-39.24622,-14.933608],[-39.245983,-14.933502],[-39.245746,-14.933361],[-39.245472,-14.933219],[-39.245162,-14.933166],[-39.244925,-14.933149],[-39.244889,-14.933238],[-39.244835,-14.933433],[-39.244689,-14.933468],[-39.244525,-14.933468],[-39.244306,-14.933433],[-39.244033,-14.933363],[-39.243905,-14.933434],[-39.243905,-14.933788],[-39.243906,-14.934125],[-39.24387,-14.934373],[-39.243833,-14.934639],[-39.243797,-14.934869],[-39.243724,-14.93494],[-39.243597,-14.934976],[-39.243323,-14.93487],[-39.243105,-14.934959],[-39.242941,-14.935065],[-39.242886,-14.935136],[-39.242777,-14.93526],[-39.242631,-14.935278],[-39.242522,-14.935332],[-39.242467,-14.935402],[-39.242595,-14.935633],[-39.242814,-14.93581],[-39.242887,-14.935881],[-39.242851,-14.936005],[-39.242741,-14.936129],[-39.242632,-14.936342],[-39.242487,-14.936572],[-39.242414,-14.936856],[-39.242268,-14.937104],[-39.242123,-14.937388],[-39.241977,-14.937672],[-39.241832,-14.937867],[-39.241723,-14.938026],[-39.241559,-14.938133],[-39.241322,-14.937991],[-39.241248,-14.937743],[-39.240993,-14.937779],[-39.240738,-14.937726],[-39.240556,-14.937744],[-39.240373,-14.937567],[-39.240063,-14.937319],[-39.239917,-14.937107],[-39.23968,-14.937089],[-39.239534,-14.937107],[-39.239242,-14.93693],[-39.23906,-14.937019],[-39.238805,-14.937143],[-39.238623,-14.937285],[-39.238331,-14.937374],[-39.237985,-14.937215],[-39.237948,-14.936754],[-39.237838,-14.936329],[-39.237692,-14.936081],[-39.237473,-14.935762],[-39.237345,-14.935762],[-39.236962,-14.93555],[-39.23667,-14.935267],[-39.236342,-14.935072],[-39.235904,-14.934807],[-39.235685,-14.934665],[-39.235203,-14.934579],[-39.23486,-14.934419],[-39.234647,-14.934437],[-39.234481,-14.934973],[-39.234593,-14.935215],[-39.23489,-14.936265],[-39.235186,-14.936645],[-39.234901,-14.937437],[-39.235354,-14.939633],[-39.235566,-14.940475],[-39.23559,-14.940567],[-39.236517,-14.944569],[-39.237473,-14.949102],[-39.237865,-14.950409],[-39.237873,-14.95043],[-39.238053,-14.950946],[-39.239019,-14.953661],[-39.239773,-14.955896],[-39.24018,-14.956874],[-39.240773,-14.960424],[-39.241114,-14.962789],[-39.240967,-14.966566],[-39.241813,-14.966787],[-39.242098,-14.968836],[-39.242334,-14.969866],[-39.242682,-14.97145],[-39.25246,-14.969508],[-39.253369,-14.969433],[-39.255465,-14.96891],[-39.25515,-14.966308],[-39.254806,-14.965184],[-39.254477,-14.964026],[-39.254198,-14.962696],[-39.254273,-14.962507],[-39.253943,-14.961549],[-39.253645,-14.960137],[-39.253374,-14.958319],[-39.253178,-14.957337],[-39.252876,-14.95597],[-39.252677,-14.954932],[-39.252596,-14.954532],[-39.252552,-14.954265],[-39.252215,-14.952147],[-39.251303,-14.948359],[-39.251554,-14.948302],[-39.251373,-14.947511],[-39.251347,-14.947427],[-39.249774,-14.940561],[-39.249006,-14.93702],[-39.2487,-14.935712],[-39.248345,-14.934134],[-39.248279,-14.934056],[-39.248224,-14.933803],[-39.248152,-14.933545]]]}},{"type":"Feature","properties":{"gid":"622","cd_sipra":"BA0358000","nome_projeto":"PA FAZENDA ESPERANCA","municipio":"MUCURI","area_hectare_declarada":"1014.9663","capacidade":"83","num_familias":"80","fase":"3","data_de_criacao":"07/10/2004","forma_obtencao":"Desapropriação","data_obtencao":"03/02/2004","area_calc_ha":"1020.7609"},"geometry":{"type":"Polygon","coordinates":[[[-39.686441,-18.032073],[-39.684021,-18.032339],[-39.683822,-18.031137],[-39.683913,-18.030973],[-39.683627,-18.030432],[-39.682966,-18.030525],[-39.682113,-18.029805],[-39.681545,-18.029355],[-39.680601,-18.029629],[-39.679187,-18.030538],[-39.67777,-18.031251],[-39.675242,-18.030875],[-39.672486,-18.018597],[-39.67179,-18.01195],[-39.66183,-18.013013],[-39.6603,-18.017165],[-39.661232,-18.017582],[-39.662143,-18.023017],[-39.65975,-18.026472],[-39.659847,-18.026527],[-39.65918,-18.028859],[-39.661043,-18.029164],[-39.663091,-18.029246],[-39.663572,-18.030773],[-39.663186,-18.031481],[-39.662737,-18.032271],[-39.662128,-18.03273],[-39.661838,-18.033443],[-39.661438,-18.033828],[-39.657272,-18.041872],[-39.655919,-18.047216],[-39.661451,-18.049459],[-39.674764,-18.059378],[-39.678921,-18.060596],[-39.681129,-18.059998],[-39.67995,-18.050183],[-39.686912,-18.044058],[-39.689751,-18.043807],[-39.689401,-18.041119],[-39.687495,-18.033009],[-39.686597,-18.032853],[-39.686441,-18.032073]]]}},{"type":"Feature","properties":{"gid":"11462","cd_sipra":"BA0939000","nome_projeto":"PA PODEROSA","municipio":"BUERAREMA","area_hectare_declarada":"115.5709","capacidade":"7","num_familias":"7","fase":"3","data_de_criacao":"13/02/2014","forma_obtencao":"Desapropriação","data_obtencao":"02/09/2009","area_calc_ha":"116.1975"},"geometry":{"type":"Polygon","coordinates":[[[-39.218979,-14.946267],[-39.219377,-14.947139],[-39.219507,-14.947424],[-39.220095,-14.948759],[-39.219476,-14.950449],[-39.220507,-14.952397],[-39.220847,-14.95396],[-39.220775,-14.954466],[-39.220642,-14.956031],[-39.219562,-14.95674],[-39.219323,-14.956913],[-39.218935,-14.95695],[-39.218465,-14.957222],[-39.218443,-14.957326],[-39.21806,-14.95756],[-39.217885,-14.957771],[-39.217199,-14.957991],[-39.216722,-14.958344],[-39.216973,-14.960712],[-39.219032,-14.959984],[-39.220227,-14.96056],[-39.220271,-14.960855],[-39.219056,-14.96043],[-39.218756,-14.961512],[-39.219128,-14.962015],[-39.221173,-14.960773],[-39.221731,-14.958544],[-39.224463,-14.959094],[-39.226834,-14.958165],[-39.22681,-14.956708],[-39.225871,-14.953227],[-39.227442,-14.951282],[-39.225478,-14.949814],[-39.226002,-14.948131],[-39.226211,-14.947476],[-39.226114,-14.947546],[-39.225956,-14.947579],[-39.225798,-14.947588],[-39.225598,-14.94753],[-39.225457,-14.947397],[-39.225337,-14.947214],[-39.225166,-14.946945],[-39.225034,-14.946746],[-39.224893,-14.946588],[-39.224816,-14.946499],[-39.224685,-14.94636],[-39.224626,-14.946299],[-39.224576,-14.946261],[-39.224519,-14.946236],[-39.224421,-14.946205],[-39.224244,-14.946133],[-39.224184,-14.946083],[-39.224148,-14.946015],[-39.224103,-14.945932],[-39.224026,-14.945861],[-39.223973,-14.945822],[-39.223936,-14.945773],[-39.223907,-14.94571],[-39.223866,-14.945584],[-39.223854,-14.945531],[-39.223823,-14.945459],[-39.223755,-14.945387],[-39.223637,-14.945237],[-39.223596,-14.945171],[-39.223541,-14.945093],[-39.223488,-14.944985],[-39.223441,-14.944822],[-39.223398,-14.944633],[-39.223366,-14.944508],[-39.223323,-14.94442],[-39.223236,-14.944333],[-39.223039,-14.944132],[-39.222961,-14.944039],[-39.222845,-14.943972],[-39.222758,-14.943929],[-39.222703,-14.943909],[-39.222658,-14.943906],[-39.222607,-14.943945],[-39.22257,-14.943997],[-39.22253,-14.944042],[-39.222438,-14.944118],[-39.222338,-14.944168],[-39.222257,-14.944232],[-39.222203,-14.944296],[-39.222146,-14.944336],[-39.222078,-14.944409],[-39.221864,-14.944704],[-39.221583,-14.945078],[-39.221386,-14.945265],[-39.22131,-14.945352],[-39.221278,-14.945395],[-39.221252,-14.945425],[-39.221202,-14.945448],[-39.221123,-14.945459],[-39.221012,-14.945497],[-39.220967,-14.945531],[-39.220919,-14.945574],[-39.220898,-14.945623],[-39.220869,-14.945713],[-39.220854,-14.945811],[-39.220862,-14.94593],[-39.22085,-14.946051],[-39.220841,-14.946191],[-39.220842,-14.946273],[-39.220834,-14.946384],[-39.220809,-14.946496],[-39.220779,-14.94656],[-39.22076,-14.946608],[-39.220745,-14.946635],[-39.220733,-14.946644],[-39.220701,-14.946637],[-39.220667,-14.94661],[-39.220615,-14.946567],[-39.220567,-14.946511],[-39.220503,-14.946454],[-39.220481,-14.946434],[-39.220462,-14.946409],[-39.220447,-14.946364],[-39.220446,-14.946329],[-39.220438,-14.946294],[-39.220419,-14.946256],[-39.2204,-14.946218],[-39.220357,-14.946175],[-39.220296,-14.946115],[-39.220255,-14.946056],[-39.220229,-14.945983],[-39.220209,-14.945921],[-39.220202,-14.945898],[-39.220196,-14.945881],[-39.220201,-14.945869],[-39.220212,-14.945863],[-39.22026,-14.945827],[-39.22029,-14.94577],[-39.220295,-14.945733],[-39.220285,-14.945698],[-39.220251,-14.945676],[-39.220172,-14.945637],[-39.220034,-14.945585],[-39.219898,-14.945523],[-39.219788,-14.945475],[-39.219748,-14.94546],[-39.219713,-14.945442],[-39.219685,-14.945415],[-39.219627,-14.945343],[-39.219561,-14.945263],[-39.219488,-14.945205],[-39.219433,-14.945163],[-39.219361,-14.945101],[-39.219247,-14.945035],[-39.219139,-14.944984],[-39.219019,-14.944926],[-39.218942,-14.944898],[-39.218889,-14.94487],[-39.218845,-14.944833],[-39.21881,-14.944795],[-39.218749,-14.944751],[-39.218655,-14.944706],[-39.218551,-14.944654],[-39.218513,-14.944641],[-39.218459,-14.944609],[-39.218365,-14.944513],[-39.218261,-14.944445],[-39.218103,-14.944337],[-39.218016,-14.944293],[-39.217972,-14.944273],[-39.217918,-14.944224],[-39.217845,-14.944128],[-39.217782,-14.944001],[-39.217766,-14.943957],[-39.217722,-14.943867],[-39.217569,-14.943668],[-39.217536,-14.94364],[-39.217491,-14.94363],[-39.217448,-14.943655],[-39.217408,-14.943721],[-39.217402,-14.943814],[-39.217311,-14.944437],[-39.218133,-14.944759],[-39.218718,-14.94525],[-39.219319,-14.945824],[-39.219213,-14.945935],[-39.218979,-14.946267]]]}},{"type":"Feature","properties":{"gid":"16095","cd_sipra":"BA0120000","nome_projeto":"PA NOVA YPIRANGA","municipio":"CAMACAN","area_hectare_declarada":"817.9038","capacidade":"100","num_familias":"105","fase":"3","data_de_criacao":"03/11/1997","forma_obtencao":"Desapropriação","data_obtencao":"18/09/1996","area_calc_ha":"810.0693"},"geometry":{"type":"Polygon","coordinates":[[[-39.554806,-15.442085],[-39.551552,-15.443631],[-39.551294,-15.443493],[-39.5504,-15.443778],[-39.548946,-15.444273],[-39.548785,-15.444333],[-39.548752,-15.444956],[-39.548629,-15.445806],[-39.548487,-15.447087],[-39.547576,-15.447542],[-39.546722,-15.44797],[-39.545252,-15.449278],[-39.54402,-15.450713],[-39.543941,-15.450526],[-39.543921,-15.450478],[-39.543356,-15.449033],[-39.54312,-15.448529],[-39.54118,-15.448539],[-39.540957,-15.449073],[-39.540499,-15.449021],[-39.540437,-15.448988],[-39.540324,-15.448921],[-39.535778,-15.446535],[-39.535866,-15.450722],[-39.532863,-15.450624],[-39.532854,-15.450581],[-39.532633,-15.448829],[-39.532248,-15.448432],[-39.529216,-15.447494],[-39.529175,-15.447476],[-39.527993,-15.446889],[-39.528323,-15.44599],[-39.528927,-15.445331],[-39.52926,-15.445462],[-39.529795,-15.445145],[-39.529558,-15.444751],[-39.52856,-15.44379],[-39.526742,-15.444773],[-39.526249,-15.4454],[-39.527383,-15.446233],[-39.526982,-15.447474],[-39.52694,-15.44758],[-39.526917,-15.447789],[-39.526898,-15.447826],[-39.527462,-15.448295],[-39.530407,-15.450006],[-39.530699,-15.450195],[-39.532074,-15.450813],[-39.532509,-15.450984],[-39.532585,-15.451023],[-39.533192,-15.451429],[-39.53407,-15.45233],[-39.534718,-15.45258],[-39.534416,-15.452772],[-39.534131,-15.452883],[-39.532845,-15.453315],[-39.531343,-15.453907],[-39.531131,-15.455605],[-39.530477,-15.456499],[-39.530224,-15.456516],[-39.529556,-15.456238],[-39.530476,-15.459896],[-39.530617,-15.460413],[-39.530208,-15.461017],[-39.530099,-15.46117],[-39.529773,-15.461684],[-39.529004,-15.462714],[-39.527745,-15.462846],[-39.525763,-15.463066],[-39.524336,-15.463309],[-39.525496,-15.464627],[-39.526065,-15.465263],[-39.526447,-15.46572],[-39.526445,-15.465912],[-39.526045,-15.466435],[-39.52569,-15.466888],[-39.52548,-15.467182],[-39.526168,-15.468579],[-39.526248,-15.469618],[-39.524306,-15.47417],[-39.524928,-15.474708],[-39.533927,-15.470597],[-39.53526,-15.470516],[-39.535057,-15.467597],[-39.536148,-15.467703],[-39.536206,-15.467724],[-39.53631,-15.467742],[-39.538259,-15.468106],[-39.540564,-15.468406],[-39.542906,-15.469023],[-39.543934,-15.469261],[-39.544657,-15.469225],[-39.545698,-15.46908],[-39.545736,-15.469037],[-39.547125,-15.468792],[-39.549823,-15.468237],[-39.549902,-15.468211],[-39.551983,-15.468555],[-39.552771,-15.468707],[-39.553975,-15.468862],[-39.555556,-15.469407],[-39.556769,-15.470234],[-39.560673,-15.472315],[-39.560784,-15.472175],[-39.56186,-15.471628],[-39.562956,-15.470971],[-39.563824,-15.470364],[-39.56552,-15.469272],[-39.566073,-15.46945],[-39.568904,-15.469528],[-39.568049,-15.46827],[-39.56687,-15.466373],[-39.565683,-15.464892],[-39.565615,-15.464844],[-39.563348,-15.463281],[-39.562698,-15.463144],[-39.562036,-15.462871],[-39.561689,-15.462438],[-39.56033,-15.462154],[-39.559352,-15.461855],[-39.557269,-15.461237],[-39.557816,-15.46085],[-39.55826,-15.460373],[-39.558399,-15.459988],[-39.558461,-15.459629],[-39.557897,-15.459573],[-39.558215,-15.459092],[-39.558289,-15.458297],[-39.557726,-15.45779],[-39.557362,-15.457799],[-39.557284,-15.456797],[-39.556768,-15.455477],[-39.556115,-15.455152],[-39.554696,-15.454765],[-39.552619,-15.453372],[-39.551795,-15.453096],[-39.552539,-15.451483],[-39.552675,-15.451035],[-39.553615,-15.451089],[-39.555672,-15.450642],[-39.554328,-15.449502],[-39.55354,-15.448374],[-39.553448,-15.448343],[-39.552449,-15.445922],[-39.553725,-15.445323],[-39.553371,-15.444011],[-39.554806,-15.442085]]]}},{"type":"Feature","properties":{"gid":"737","cd_sipra":"BA0261000","nome_projeto":"PA MANOEL CHINÊS","municipio":"ITABUNA","area_hectare_declarada":"415.0000","capacidade":"40","num_familias":"38","fase":"3","data_de_criacao":"12/04/2000","forma_obtencao":"Desapropriação","data_obtencao":"25/08/1999","area_calc_ha":"393.4291"},"geometry":{"type":"Polygon","coordinates":[[[-39.294346,-14.752659],[-39.294183,-14.752729],[-39.293508,-14.753038],[-39.292241,-14.753665],[-39.29155,-14.75466],[-39.290755,-14.754195],[-39.290625,-14.754148],[-39.2889,-14.753258],[-39.286682,-14.751708],[-39.285307,-14.750956],[-39.284717,-14.750701],[-39.2842,-14.750393],[-39.282929,-14.750015],[-39.282378,-14.749787],[-39.28212,-14.749713],[-39.281259,-14.749577],[-39.278824,-14.750372],[-39.278577,-14.750278],[-39.277504,-14.749887],[-39.276317,-14.750646],[-39.276283,-14.750925],[-39.275485,-14.752383],[-39.275223,-14.75261],[-39.276976,-14.756332],[-39.277019,-14.756534],[-39.277199,-14.757713],[-39.279734,-14.757836],[-39.280415,-14.758272],[-39.281054,-14.758864],[-39.281353,-14.759051],[-39.283893,-14.761863],[-39.284257,-14.762319],[-39.283478,-14.763776],[-39.283365,-14.763995],[-39.283168,-14.764272],[-39.282398,-14.763688],[-39.281862,-14.763956],[-39.281488,-14.764064],[-39.280845,-14.765119],[-39.281693,-14.765224],[-39.281706,-14.76655],[-39.281068,-14.767317],[-39.280805,-14.767736],[-39.281024,-14.768575],[-39.284768,-14.770019],[-39.284996,-14.77022],[-39.285174,-14.770232],[-39.285481,-14.770197],[-39.285431,-14.77066],[-39.285317,-14.770965],[-39.285344,-14.771304],[-39.284035,-14.772482],[-39.283402,-14.773458],[-39.282967,-14.773199],[-39.281403,-14.772297],[-39.280524,-14.774451],[-39.282529,-14.774311],[-39.282988,-14.774324],[-39.283531,-14.774359],[-39.283963,-14.774532],[-39.283769,-14.774867],[-39.283389,-14.775539],[-39.28476,-14.776472],[-39.285186,-14.776376],[-39.285604,-14.776279],[-39.286091,-14.77553],[-39.286099,-14.775389],[-39.287139,-14.773296],[-39.288548,-14.772222],[-39.2883,-14.771398],[-39.288552,-14.770964],[-39.288629,-14.771012],[-39.289331,-14.771668],[-39.290277,-14.771361],[-39.29096,-14.7715],[-39.291296,-14.771803],[-39.29099,-14.772433],[-39.290826,-14.773025],[-39.291636,-14.773575],[-39.292778,-14.774216],[-39.292906,-14.775214],[-39.29401,-14.775165],[-39.294339,-14.774868],[-39.294496,-14.773752],[-39.295378,-14.772363],[-39.294248,-14.772089],[-39.293538,-14.771276],[-39.292915,-14.770496],[-39.292629,-14.770142],[-39.292559,-14.770014],[-39.29305,-14.769581],[-39.294692,-14.767851],[-39.294643,-14.76732],[-39.294726,-14.766542],[-39.294848,-14.765038],[-39.295026,-14.764744],[-39.294874,-14.764394],[-39.29508,-14.764191],[-39.296366,-14.763588],[-39.296726,-14.762053],[-39.298669,-14.758555],[-39.297826,-14.757201],[-39.29715,-14.756406],[-39.296423,-14.755505],[-39.295819,-14.755638],[-39.295145,-14.755072],[-39.294909,-14.753386],[-39.294346,-14.752659]]]}},{"type":"Feature","properties":{"gid":"358","cd_sipra":"BA0287000","nome_projeto":"PA ENTRE RIOS","municipio":"CAMACAN","area_hectare_declarada":"321.6977","capacidade":"30","num_familias":"19","fase":"4","data_de_criacao":"03/08/2004","forma_obtencao":"Desapropriação","data_obtencao":"29/09/2003","area_calc_ha":"319.4489"},"geometry":{"type":"Polygon","coordinates":[[[-39.480932,-15.552302],[-39.48049,-15.553055],[-39.48064,-15.553232],[-39.480873,-15.553448],[-39.481303,-15.553713],[-39.481791,-15.553985],[-39.482289,-15.554264],[-39.482687,-15.554371],[-39.483174,-15.554437],[-39.483689,-15.554448],[-39.484083,-15.554489],[-39.484397,-15.554517],[-39.48476,-15.554793],[-39.485125,-15.554912],[-39.485161,-15.554925],[-39.485499,-15.554988],[-39.486059,-15.555152],[-39.486376,-15.555327],[-39.486749,-15.555429],[-39.487267,-15.55571],[-39.487526,-15.555845],[-39.487924,-15.555913],[-39.488355,-15.556212],[-39.48873,-15.556342],[-39.488786,-15.556512],[-39.489164,-15.556842],[-39.48957,-15.557087],[-39.489844,-15.557387],[-39.490121,-15.557784],[-39.490371,-15.558301],[-39.490464,-15.558572],[-39.49064,-15.558849],[-39.49148,-15.558569],[-39.492783,-15.558092],[-39.493866,-15.557561],[-39.494202,-15.557051],[-39.494299,-15.555677],[-39.49447,-15.554848],[-39.494698,-15.554315],[-39.494962,-15.553934],[-39.495239,-15.55227],[-39.495287,-15.551982],[-39.495371,-15.551355],[-39.495633,-15.549685],[-39.495469,-15.549111],[-39.495624,-15.548633],[-39.495686,-15.548279],[-39.495846,-15.547236],[-39.496108,-15.546698],[-39.496006,-15.546451],[-39.49603,-15.546375],[-39.496079,-15.545906],[-39.496153,-15.545527],[-39.49617,-15.545435],[-39.496188,-15.545288],[-39.496225,-15.545084],[-39.496355,-15.544364],[-39.496375,-15.543751],[-39.496564,-15.541459],[-39.496629,-15.540858],[-39.496894,-15.54025],[-39.496942,-15.539989],[-39.496918,-15.539716],[-39.496824,-15.539543],[-39.496778,-15.539223],[-39.496831,-15.539027],[-39.496907,-15.538746],[-39.496994,-15.538147],[-39.497074,-15.537818],[-39.497323,-15.537026],[-39.497648,-15.535214],[-39.497667,-15.535107],[-39.497726,-15.534781],[-39.497718,-15.534613],[-39.497772,-15.534265],[-39.497924,-15.533279],[-39.497663,-15.533206],[-39.496978,-15.533014],[-39.496203,-15.532557],[-39.495894,-15.532802],[-39.495636,-15.532811],[-39.495198,-15.532347],[-39.494806,-15.532409],[-39.494513,-15.532338],[-39.493105,-15.531786],[-39.492974,-15.531967],[-39.491583,-15.531619],[-39.490857,-15.531494],[-39.490718,-15.531511],[-39.490511,-15.531394],[-39.490447,-15.531894],[-39.490422,-15.532198],[-39.490174,-15.532487],[-39.489939,-15.533293],[-39.489411,-15.534284],[-39.489226,-15.53463],[-39.488994,-15.535233],[-39.488388,-15.536804],[-39.487331,-15.538972],[-39.487298,-15.539048],[-39.486787,-15.540211],[-39.486424,-15.541019],[-39.485895,-15.54213],[-39.485893,-15.542261],[-39.485491,-15.543016],[-39.485119,-15.543839],[-39.484741,-15.544688],[-39.484341,-15.545565],[-39.484166,-15.545983],[-39.484117,-15.5461],[-39.484144,-15.546367],[-39.483658,-15.54708],[-39.483243,-15.547889],[-39.482443,-15.549511],[-39.48244,-15.549518],[-39.482086,-15.5499],[-39.481624,-15.551083],[-39.48127,-15.551908],[-39.480961,-15.552253],[-39.480932,-15.552302]]]}},{"type":"Feature","properties":{"gid":"762","cd_sipra":"BA0209000","nome_projeto":"PA RECORDAÇÃO","municipio":"CAMACAN","area_hectare_declarada":"429.4715","capacidade":"40","num_familias":"36","fase":"6","data_de_criacao":"21/12/1998","forma_obtencao":"Desapropriação","data_obtencao":"25/09/1998","area_calc_ha":"435.9619"},"geometry":{"type":"MultiPolygon","coordinates":[[[[-39.595001,-15.515289],[-39.595251,-15.515794],[-39.595183,-15.515805],[-39.594963,-15.515868],[-39.594727,-15.518497],[-39.594872,-15.519145],[-39.595358,-15.520552],[-39.595576,-15.521256],[-39.59626,-15.521442],[-39.596604,-15.521458],[-39.596761,-15.521616],[-39.597302,-15.522455],[-39.597717,-15.523064],[-39.59816,-15.523842],[-39.598134,-15.523915],[-39.59654,-15.524149],[-39.594979,-15.524484],[-39.594288,-15.524404],[-39.594245,-15.524948],[-39.595368,-15.526035],[-39.594867,-15.527063],[-39.594903,-15.52913],[-39.593675,-15.531214],[-39.593275,-15.531939],[-39.593018,-15.532717],[-39.593125,-15.533267],[-39.593344,-15.534336],[-39.593314,-15.534424],[-39.59308,-15.534908],[-39.595209,-15.537656],[-39.595063,-15.538244],[-39.595582,-15.538551],[-39.596506,-15.538851],[-39.596781,-15.538898],[-39.598087,-15.539285],[-39.598613,-15.539359],[-39.598905,-15.539457],[-39.599279,-15.539621],[-39.601449,-15.541304],[-39.601856,-15.54078],[-39.602717,-15.540159],[-39.60307,-15.539962],[-39.602953,-15.539192],[-39.602915,-15.539018],[-39.601987,-15.538312],[-39.601332,-15.537771],[-39.600903,-15.537426],[-39.600319,-15.537019],[-39.600252,-15.53693],[-39.600354,-15.535482],[-39.600164,-15.534165],[-39.600004,-15.533265],[-39.600312,-15.532477],[-39.599944,-15.53162],[-39.60022,-15.530777],[-39.600366,-15.530147],[-39.60051,-15.529724],[-39.600438,-15.528437],[-39.600885,-15.527644],[-39.603499,-15.526123],[-39.604717,-15.525535],[-39.605711,-15.525016],[-39.607365,-15.524295],[-39.610207,-15.523246],[-39.610922,-15.523012],[-39.61075,-15.523915],[-39.611118,-15.524329],[-39.612248,-15.522513],[-39.612015,-15.522377],[-39.611861,-15.52211],[-39.612055,-15.520924],[-39.611666,-15.52051],[-39.611222,-15.520084],[-39.611148,-15.519963],[-39.610901,-15.518644],[-39.610288,-15.520072],[-39.60902,-15.520842],[-39.6076,-15.520254],[-39.607317,-15.520058],[-39.606618,-15.521283],[-39.605708,-15.522575],[-39.604909,-15.523816],[-39.604195,-15.523871],[-39.60346,-15.524636],[-39.603223,-15.524991],[-39.602416,-15.524953],[-39.602042,-15.523236],[-39.602071,-15.522369],[-39.601972,-15.522226],[-39.601529,-15.52172],[-39.601381,-15.521329],[-39.601358,-15.521182],[-39.601146,-15.520402],[-39.601198,-15.520138],[-39.60137,-15.519691],[-39.601745,-15.519119],[-39.602133,-15.518844],[-39.602046,-15.518444],[-39.60143,-15.517861],[-39.601242,-15.517398],[-39.601242,-15.516847],[-39.600911,-15.515973],[-39.600331,-15.515768],[-39.59996,-15.515592],[-39.598948,-15.515143],[-39.598837,-15.515094],[-39.598482,-15.514986],[-39.597943,-15.515068],[-39.597648,-15.515169],[-39.597493,-15.515206],[-39.596744,-15.515258],[-39.59644,-15.515329],[-39.596273,-15.5147],[-39.59624,-15.514495],[-39.596178,-15.514388],[-39.595968,-15.514159],[-39.595087,-15.514387],[-39.595019,-15.5148],[-39.595001,-15.515289]]],[[[-39.577072,-15.506539],[-39.574404,-15.5066],[-39.573712,-15.506669],[-39.573081,-15.507912],[-39.573558,-15.508523],[-39.574649,-15.509948],[-39.575256,-15.510167],[-39.576331,-15.510532],[-39.576459,-15.510574],[-39.578531,-15.511278],[-39.579204,-15.51153],[-39.579895,-15.512307],[-39.58075,-15.513196],[-39.580494,-15.514931],[-39.582245,-15.518815],[-39.582527,-15.520356],[-39.582801,-15.521744],[-39.582845,-15.521999],[-39.583117,-15.523331],[-39.583212,-15.523722],[-39.583563,-15.525703],[-39.583663,-15.526125],[-39.583803,-15.526943],[-39.584007,-15.528113],[-39.584158,-15.528392],[-39.584067,-15.528452],[-39.582078,-15.529753],[-39.582096,-15.529909],[-39.582821,-15.530777],[-39.585384,-15.533509],[-39.586537,-15.533267],[-39.586665,-15.533264],[-39.589095,-15.533848],[-39.588982,-15.532119],[-39.588914,-15.53124],[-39.589827,-15.528214],[-39.589898,-15.527974],[-39.589397,-15.526253],[-39.589228,-15.525703],[-39.589154,-15.52542],[-39.588706,-15.523901],[-39.588906,-15.522428],[-39.588934,-15.522137],[-39.58906,-15.521241],[-39.589144,-15.520562],[-39.589371,-15.51889],[-39.589434,-15.518381],[-39.589568,-15.517396],[-39.589603,-15.517121],[-39.589906,-15.51645],[-39.591085,-15.513836],[-39.588238,-15.511721],[-39.586683,-15.510562],[-39.58665,-15.510489],[-39.585008,-15.510942],[-39.583811,-15.51162],[-39.57966,-15.508351],[-39.578917,-15.507696],[-39.578792,-15.507602],[-39.577854,-15.506737],[-39.577655,-15.506549],[-39.577177,-15.506551],[-39.577072,-15.506539]]]]}},{"type":"Feature","properties":{"gid":"11413","cd_sipra":"BA0465000","nome_projeto":"PA ANTONIO CONSELHEIRO III","municipio":"CAMAMU","area_hectare_declarada":"337.9290","capacidade":"35","num_familias":"34","fase":"3","data_de_criacao":"29/12/2004","forma_obtencao":"Desapropriação","data_obtencao":"13/11/2003","area_calc_ha":"335.9134"},"geometry":{"type":"Polygon","coordinates":[[[-39.312314,-14.101439],[-39.31394,-14.108342],[-39.319123,-14.107625],[-39.319229,-14.107916],[-39.320249,-14.110102],[-39.320711,-14.111366],[-39.319402,-14.111945],[-39.317214,-14.114008],[-39.317255,-14.118401],[-39.31738,-14.118963],[-39.319109,-14.122211],[-39.319674,-14.122011],[-39.320106,-14.122286],[-39.320457,-14.12213],[-39.321131,-14.122664],[-39.32198,-14.12254],[-39.322365,-14.123036],[-39.322705,-14.123079],[-39.32337,-14.122657],[-39.324401,-14.122008],[-39.32421,-14.123578],[-39.324064,-14.124062],[-39.324816,-14.125783],[-39.324449,-14.126155],[-39.325467,-14.127096],[-39.325597,-14.127989],[-39.325812,-14.128394],[-39.324922,-14.12821],[-39.324208,-14.127284],[-39.323738,-14.127793],[-39.323582,-14.128643],[-39.322005,-14.129304],[-39.321677,-14.129776],[-39.321338,-14.12986],[-39.321594,-14.130125],[-39.321707,-14.130104],[-39.322259,-14.130483],[-39.322985,-14.130818],[-39.323488,-14.13105],[-39.323775,-14.130729],[-39.324323,-14.131419],[-39.323869,-14.131975],[-39.323583,-14.132448],[-39.323671,-14.132903],[-39.32398,-14.133339],[-39.323908,-14.133875],[-39.323811,-14.13422],[-39.324064,-14.134487],[-39.323997,-14.135384],[-39.323871,-14.135902],[-39.323858,-14.136114],[-39.32797,-14.137612],[-39.329743,-14.138288],[-39.329793,-14.137797],[-39.329858,-14.137485],[-39.329829,-14.136955],[-39.329869,-14.1352],[-39.329875,-14.134853],[-39.330637,-14.134254],[-39.330983,-14.134083],[-39.331174,-14.134017],[-39.33197,-14.133861],[-39.332279,-14.13366],[-39.333359,-14.132964],[-39.333488,-14.132881],[-39.333487,-14.132858],[-39.333335,-14.132623],[-39.333334,-14.132144],[-39.333334,-14.132109],[-39.333307,-14.131753],[-39.333155,-14.131053],[-39.333155,-14.130576],[-39.333324,-14.130298],[-39.333321,-14.130258],[-39.333455,-14.130076],[-39.333547,-14.129902],[-39.333551,-14.129886],[-39.333609,-14.129768],[-39.333513,-14.129677],[-39.333449,-14.129617],[-39.333223,-14.129415],[-39.332815,-14.128795],[-39.332452,-14.128207],[-39.332291,-14.127945],[-39.331812,-14.127168],[-39.331363,-14.126663],[-39.33153,-14.125993],[-39.331501,-14.125392],[-39.33138,-14.125078],[-39.331332,-14.124951],[-39.331399,-14.124686],[-39.331441,-14.124521],[-39.331342,-14.124373],[-39.331233,-14.124225],[-39.330874,-14.124057],[-39.329557,-14.123439],[-39.329409,-14.123711],[-39.329223,-14.123928],[-39.329113,-14.124207],[-39.328844,-14.124532],[-39.327919,-14.125111],[-39.325918,-14.121731],[-39.325885,-14.121718],[-39.325707,-14.121606],[-39.325652,-14.121572],[-39.325889,-14.120973],[-39.326208,-14.120766],[-39.326289,-14.120741],[-39.326444,-14.120359],[-39.326619,-14.119897],[-39.326679,-14.119738],[-39.326681,-14.119718],[-39.326665,-14.119695],[-39.326377,-14.119394],[-39.326442,-14.119395],[-39.326386,-14.119319],[-39.326707,-14.119284],[-39.326523,-14.118711],[-39.326957,-14.118512],[-39.327195,-14.118471],[-39.327238,-14.118238],[-39.327446,-14.118305],[-39.327636,-14.1178],[-39.327709,-14.117618],[-39.327916,-14.117834],[-39.328528,-14.117211],[-39.328246,-14.117176],[-39.328776,-14.116658],[-39.329161,-14.116715],[-39.329118,-14.116474],[-39.329252,-14.116093],[-39.329524,-14.11626],[-39.329743,-14.116063],[-39.329938,-14.115885],[-39.33016,-14.115979],[-39.330502,-14.1157],[-39.330746,-14.115844],[-39.330858,-14.115501],[-39.331391,-14.11531],[-39.331687,-14.115203],[-39.331637,-14.11496],[-39.331614,-14.114845],[-39.331705,-14.114867],[-39.331923,-14.114918],[-39.331778,-14.114766],[-39.331662,-14.114646],[-39.331819,-14.114481],[-39.331924,-14.114031],[-39.331825,-14.113797],[-39.330715,-14.112554],[-39.33029,-14.11209],[-39.329957,-14.112429],[-39.329145,-14.113069],[-39.328279,-14.11223],[-39.327743,-14.112171],[-39.327223,-14.111299],[-39.327192,-14.110973],[-39.326402,-14.109764],[-39.32618,-14.10876],[-39.324642,-14.108539],[-39.323519,-14.108427],[-39.321736,-14.108138],[-39.321693,-14.10785],[-39.321286,-14.107315],[-39.321349,-14.107049],[-39.321298,-14.106543],[-39.320751,-14.105771],[-39.32037,-14.105918],[-39.319945,-14.106134],[-39.319744,-14.106192],[-39.319062,-14.106236],[-39.318642,-14.106341],[-39.318289,-14.106504],[-39.317851,-14.10494],[-39.317241,-14.103504],[-39.317018,-14.102825],[-39.316396,-14.101437],[-39.312314,-14.101439]]]}},{"type":"Feature","properties":{"gid":"692","cd_sipra":"BA0379000","nome_projeto":"PA ERNESTO CHE GUEVARA","municipio":"CAMAMU","area_hectare_declarada":"391.2455","capacidade":"19","num_familias":"19","fase":"4","data_de_criacao":"29/04/2004","forma_obtencao":"Desapropriação","data_obtencao":"23/06/2003","area_calc_ha":"391.5591"},"geometry":{"type":"Polygon","coordinates":[[[-39.146487,-13.984623],[-39.146103,-13.984689],[-39.146042,-13.984964],[-39.146163,-13.986063],[-39.145998,-13.986419],[-39.145817,-13.986893],[-39.145316,-13.987326],[-39.145276,-13.987412],[-39.145138,-13.987505],[-39.14422,-13.987996],[-39.143378,-13.988167],[-39.143026,-13.988239],[-39.141723,-13.988104],[-39.141505,-13.987848],[-39.141307,-13.98773],[-39.141254,-13.987556],[-39.14153,-13.987092],[-39.140371,-13.986675],[-39.140436,-13.986344],[-39.140794,-13.986018],[-39.140247,-13.985751],[-39.139929,-13.985015],[-39.139838,-13.98501],[-39.139583,-13.985075],[-39.139421,-13.985148],[-39.139231,-13.985295],[-39.139674,-13.986224],[-39.139564,-13.986737],[-39.140038,-13.98763],[-39.140673,-13.987919],[-39.14074,-13.988351],[-39.14062,-13.988771],[-39.140513,-13.988902],[-39.1401,-13.98909],[-39.139687,-13.988877],[-39.139443,-13.988847],[-39.139142,-13.988908],[-39.138854,-13.988744],[-39.13847,-13.988623],[-39.137942,-13.988658],[-39.137491,-13.988328],[-39.137059,-13.988309],[-39.136716,-13.988359],[-39.136211,-13.988523],[-39.135535,-13.98842],[-39.135481,-13.988481],[-39.135412,-13.988621],[-39.135319,-13.988893],[-39.135243,-13.988899],[-39.135175,-13.988912],[-39.13458,-13.988011],[-39.134363,-13.987911],[-39.134418,-13.988552],[-39.135167,-13.989451],[-39.135007,-13.989502],[-39.134931,-13.989729],[-39.134383,-13.993817],[-39.13437,-13.994189],[-39.134215,-13.995138],[-39.13361,-13.999421],[-39.133421,-14.000929],[-39.133275,-14.003154],[-39.133365,-14.003994],[-39.134417,-14.003882],[-39.136727,-14.003569],[-39.137961,-14.00341],[-39.140122,-14.003157],[-39.140827,-14.002592],[-39.141781,-14.002674],[-39.142219,-14.002599],[-39.1429,-14.002711],[-39.14393,-14.002789],[-39.14504,-14.002897],[-39.145339,-14.002985],[-39.148783,-14.006001],[-39.149138,-14.0058],[-39.150463,-14.005128],[-39.151069,-14.004835],[-39.151741,-14.004493],[-39.152621,-14.004318],[-39.152866,-14.004188],[-39.153872,-14.003133],[-39.155499,-14.001986],[-39.155446,-14.001791],[-39.154732,-14.001049],[-39.154521,-14.000709],[-39.154581,-13.999519],[-39.154537,-13.999222],[-39.154228,-13.998791],[-39.154672,-13.998609],[-39.155102,-13.998319],[-39.155124,-13.998234],[-39.155268,-13.998149],[-39.155345,-13.998015],[-39.155521,-13.997931],[-39.155555,-13.997809],[-39.155653,-13.997773],[-39.155776,-13.997673],[-39.155994,-13.997592],[-39.156167,-13.997483],[-39.156368,-13.997447],[-39.157132,-13.997491],[-39.157107,-13.996891],[-39.157145,-13.996747],[-39.157621,-13.996228],[-39.157784,-13.995672],[-39.157602,-13.994752],[-39.157608,-13.994208],[-39.157554,-13.993861],[-39.157276,-13.993231],[-39.157111,-13.993086],[-39.155539,-13.992605],[-39.154909,-13.992423],[-39.15304,-13.992164],[-39.153122,-13.992074],[-39.152875,-13.991924],[-39.152509,-13.991844],[-39.151713,-13.99177],[-39.152033,-13.991271],[-39.15243,-13.990777],[-39.152497,-13.9906],[-39.152285,-13.990143],[-39.151846,-13.990099],[-39.151532,-13.989522],[-39.151365,-13.989413],[-39.151194,-13.989473],[-39.150874,-13.990165],[-39.150703,-13.990354],[-39.150545,-13.98888],[-39.150355,-13.988772],[-39.149936,-13.987192],[-39.149739,-13.987224],[-39.149464,-13.987359],[-39.148926,-13.988655],[-39.148862,-13.988713],[-39.148571,-13.989268],[-39.148024,-13.988969],[-39.147194,-13.987706],[-39.147035,-13.987264],[-39.146975,-13.986456],[-39.146887,-13.985736],[-39.146757,-13.985399],[-39.146539,-13.984954],[-39.146487,-13.984623]]]}},{"type":"Feature","properties":{"gid":"432","cd_sipra":"BA0060000","nome_projeto":"PA MARIANA","municipio":"CAMAMU","area_hectare_declarada":"648.2426","capacidade":"28","num_familias":"23","fase":"3","data_de_criacao":"29/04/1993","forma_obtencao":"Desapropriação","data_obtencao":"30/03/1988","area_calc_ha":"650.3523"},"geometry":{"type":"Polygon","coordinates":[[[-39.171621,-14.066643],[-39.170472,-14.067592],[-39.170417,-14.067591],[-39.170175,-14.067783],[-39.16999,-14.067916],[-39.168847,-14.068882],[-39.16788,-14.071283],[-39.167837,-14.071765],[-39.167421,-14.071818],[-39.166987,-14.071823],[-39.166694,-14.071815],[-39.166539,-14.071815],[-39.166174,-14.071773],[-39.165552,-14.071818],[-39.164617,-14.071653],[-39.164287,-14.071725],[-39.163745,-14.071742],[-39.163331,-14.072118],[-39.16304,-14.073201],[-39.163793,-14.074663],[-39.164371,-14.074005],[-39.164426,-14.073981],[-39.164474,-14.073978],[-39.164739,-14.074011],[-39.164821,-14.074018],[-39.164873,-14.074011],[-39.165379,-14.073927],[-39.165431,-14.073917],[-39.165479,-14.073894],[-39.166132,-14.073317],[-39.166204,-14.073267],[-39.166259,-14.07324],[-39.166324,-14.073225],[-39.166203,-14.073519],[-39.166018,-14.073969],[-39.165049,-14.076225],[-39.164275,-14.077982],[-39.163724,-14.077757],[-39.16273,-14.077328],[-39.162427,-14.07717],[-39.158065,-14.075411],[-39.157821,-14.075313],[-39.155897,-14.074536],[-39.155829,-14.074507],[-39.154534,-14.077512],[-39.15439,-14.077818],[-39.154195,-14.078328],[-39.153881,-14.079102],[-39.153572,-14.07976],[-39.153249,-14.080519],[-39.153698,-14.080705],[-39.154193,-14.080908],[-39.155072,-14.08127],[-39.155261,-14.081341],[-39.155668,-14.081512],[-39.155929,-14.081626],[-39.156168,-14.081719],[-39.156473,-14.081862],[-39.157075,-14.082126],[-39.157593,-14.082333],[-39.157833,-14.082432],[-39.158305,-14.082623],[-39.159009,-14.082897],[-39.160117,-14.083333],[-39.160597,-14.083519],[-39.161552,-14.083887],[-39.161745,-14.083975],[-39.162328,-14.084202],[-39.163583,-14.084688],[-39.165473,-14.080021],[-39.166778,-14.081596],[-39.166787,-14.081604],[-39.167152,-14.081891],[-39.16716,-14.081896],[-39.16859,-14.082687],[-39.168599,-14.082691],[-39.168857,-14.082781],[-39.169045,-14.082928],[-39.169118,-14.083161],[-39.169102,-14.083481],[-39.169107,-14.083507],[-39.169683,-14.084704],[-39.169701,-14.084726],[-39.169728,-14.084735],[-39.16976,-14.084729],[-39.170167,-14.084516],[-39.170178,-14.084509],[-39.170926,-14.083862],[-39.170186,-14.085437],[-39.16865,-14.088762],[-39.166283,-14.093812],[-39.16324,-14.100298],[-39.164374,-14.099324],[-39.164387,-14.099317],[-39.164401,-14.099313],[-39.165803,-14.09922],[-39.166089,-14.099196],[-39.166214,-14.098871],[-39.166218,-14.09886],[-39.168258,-14.094457],[-39.170189,-14.090233],[-39.171386,-14.087624],[-39.171587,-14.087147],[-39.173,-14.084096],[-39.173037,-14.083991],[-39.174785,-14.084396],[-39.1748,-14.084403],[-39.176505,-14.085388],[-39.177296,-14.085572],[-39.180388,-14.085577],[-39.182095,-14.085571],[-39.182095,-14.085571],[-39.182325,-14.085573],[-39.182511,-14.08552],[-39.182971,-14.085324],[-39.182994,-14.08532],[-39.183151,-14.085322],[-39.18318,-14.08533],[-39.183426,-14.085479],[-39.183732,-14.085788],[-39.183943,-14.085931],[-39.184182,-14.085995],[-39.184843,-14.085873],[-39.184851,-14.085872],[-39.185321,-14.085853],[-39.185738,-14.08568],[-39.18872,-14.083043],[-39.189048,-14.082811],[-39.189073,-14.082803],[-39.189461,-14.082774],[-39.190219,-14.082794],[-39.191188,-14.081608],[-39.191668,-14.081021],[-39.189443,-14.079363],[-39.188575,-14.078698],[-39.188462,-14.078804],[-39.187812,-14.078778],[-39.187529,-14.078728],[-39.187235,-14.079388],[-39.187288,-14.079527],[-39.187551,-14.079724],[-39.187545,-14.079936],[-39.187273,-14.080345],[-39.18705,-14.080483],[-39.186613,-14.080663],[-39.185794,-14.081267],[-39.185743,-14.08127],[-39.185476,-14.081117],[-39.185453,-14.081086],[-39.185297,-14.080169],[-39.185277,-14.08015],[-39.185264,-14.08014],[-39.184615,-14.080099],[-39.184575,-14.080102],[-39.184562,-14.080122],[-39.18408,-14.080942],[-39.184056,-14.080962],[-39.183126,-14.081325],[-39.183088,-14.081338],[-39.183044,-14.081329],[-39.183009,-14.08127],[-39.181394,-14.078469],[-39.181341,-14.078384],[-39.181236,-14.078367],[-39.18085,-14.078316],[-39.180693,-14.078282],[-39.180622,-14.078248],[-39.180095,-14.077214],[-39.180253,-14.076421],[-39.180903,-14.073563],[-39.181012,-14.073047],[-39.181182,-14.072432],[-39.18119,-14.071935],[-39.1812,-14.071075],[-39.181244,-14.070979],[-39.181244,-14.070954],[-39.181219,-14.070204],[-39.180159,-14.066645],[-39.181459,-14.06519],[-39.181873,-14.064705],[-39.1822,-14.064337],[-39.182698,-14.063911],[-39.183705,-14.063079],[-39.184048,-14.06277],[-39.184279,-14.062573],[-39.184777,-14.062194],[-39.185108,-14.061971],[-39.185276,-14.061866],[-39.185846,-14.061508],[-39.186662,-14.06106],[-39.186321,-14.059993],[-39.186213,-14.059662],[-39.185891,-14.058671],[-39.185687,-14.058142],[-39.185661,-14.057865],[-39.185196,-14.057136],[-39.185041,-14.056578],[-39.184832,-14.055656],[-39.184442,-14.055178],[-39.185103,-14.04986],[-39.184748,-14.049953],[-39.184368,-14.050068],[-39.184143,-14.050122],[-39.183715,-14.05027],[-39.183133,-14.050447],[-39.182869,-14.050536],[-39.18257,-14.050622],[-39.181498,-14.050947],[-39.180778,-14.051187],[-39.179572,-14.051584],[-39.17922,-14.051704],[-39.178435,-14.051955],[-39.177385,-14.052311],[-39.177048,-14.052448],[-39.176743,-14.052559],[-39.176357,-14.052693],[-39.176176,-14.053363],[-39.176134,-14.053813],[-39.17599,-14.054348],[-39.175874,-14.055001],[-39.175824,-14.055333],[-39.175582,-14.056471],[-39.175532,-14.056822],[-39.175411,-14.057377],[-39.175354,-14.057933],[-39.175439,-14.058168],[-39.175774,-14.058792],[-39.176128,-14.059389],[-39.176409,-14.059803],[-39.176585,-14.059866],[-39.177278,-14.060087],[-39.17826,-14.060411],[-39.178424,-14.060462],[-39.177942,-14.060858],[-39.177549,-14.061166],[-39.176569,-14.062014],[-39.176166,-14.06247],[-39.175894,-14.062641],[-39.175378,-14.063293],[-39.172982,-14.065479],[-39.17264,-14.065787],[-39.172462,-14.065925],[-39.171621,-14.066643]]]}},{"type":"Feature","properties":{"gid":"18891","cd_sipra":"BA0227000","nome_projeto":"PA LIMOEIRO","municipio":"CAMAMU","area_hectare_declarada":"1303.4652","capacidade":"55","num_familias":"54","fase":"3","data_de_criacao":"21/09/1999","forma_obtencao":"Desapropriação","data_obtencao":"25/09/1998","area_calc_ha":"1163.1159"},"geometry":{"type":"MultiPolygon","coordinates":[[[[-39.247322,-13.937324],[-39.247564,-13.937855],[-39.250003,-13.940782],[-39.249892,-13.941109],[-39.249843,-13.941255],[-39.249752,-13.941252],[-39.249606,-13.941188],[-39.248803,-13.941378],[-39.248061,-13.941145],[-39.247342,-13.941573],[-39.247352,-13.941506],[-39.245169,-13.940265],[-39.244959,-13.940285],[-39.245852,-13.941893],[-39.246796,-13.946859],[-39.247071,-13.946994],[-39.248791,-13.947108],[-39.24927,-13.946861],[-39.249378,-13.946987],[-39.249996,-13.947131],[-39.250292,-13.947333],[-39.25079,-13.947005],[-39.251045,-13.947282],[-39.251103,-13.947337],[-39.252613,-13.948585],[-39.252627,-13.948851],[-39.255,-13.948643],[-39.256731,-13.948515],[-39.257651,-13.948456],[-39.259625,-13.947911],[-39.259916,-13.947831],[-39.260407,-13.947695],[-39.260538,-13.947856],[-39.260664,-13.949566],[-39.260515,-13.950257],[-39.261387,-13.951796],[-39.261685,-13.952034],[-39.261884,-13.952453],[-39.262629,-13.953503],[-39.262549,-13.953634],[-39.262239,-13.954664],[-39.26175,-13.956139],[-39.261088,-13.958364],[-39.2607,-13.959764],[-39.26248,-13.961306],[-39.264422,-13.960565],[-39.264379,-13.959738],[-39.265422,-13.959287],[-39.265886,-13.959184],[-39.265933,-13.959142],[-39.26605,-13.959114],[-39.266501,-13.958919],[-39.266556,-13.958896],[-39.267134,-13.958704],[-39.267556,-13.957639],[-39.267467,-13.956907],[-39.268528,-13.956508],[-39.268694,-13.957815],[-39.268767,-13.958392],[-39.268526,-13.958676],[-39.267055,-13.960409],[-39.267046,-13.960463],[-39.26617,-13.961605],[-39.266627,-13.962145],[-39.266699,-13.963265],[-39.266701,-13.963433],[-39.266672,-13.963548],[-39.266697,-13.964012],[-39.265864,-13.96412],[-39.265808,-13.964167],[-39.26557,-13.96435],[-39.265105,-13.964798],[-39.265701,-13.965844],[-39.266182,-13.966398],[-39.266612,-13.966418],[-39.267205,-13.966813],[-39.269517,-13.965445],[-39.269946,-13.965109],[-39.270052,-13.965024],[-39.270203,-13.964899],[-39.270683,-13.964488],[-39.27087,-13.96463],[-39.271892,-13.965404],[-39.272186,-13.966371],[-39.272313,-13.966936],[-39.272548,-13.967006],[-39.272873,-13.967103],[-39.273178,-13.967272],[-39.273938,-13.967161],[-39.274228,-13.967089],[-39.274785,-13.966608],[-39.274627,-13.965558],[-39.275784,-13.965846],[-39.276335,-13.965979],[-39.276842,-13.966353],[-39.278208,-13.965101],[-39.278686,-13.964729],[-39.280488,-13.963182],[-39.280906,-13.96282],[-39.280463,-13.961188],[-39.280235,-13.960643],[-39.279957,-13.960126],[-39.27938,-13.95841],[-39.278943,-13.95741],[-39.278516,-13.956419],[-39.278175,-13.952865],[-39.278097,-13.951466],[-39.278287,-13.951067],[-39.278274,-13.950668],[-39.277929,-13.950493],[-39.276031,-13.949816],[-39.275143,-13.949443],[-39.27408,-13.948704],[-39.273084,-13.949089],[-39.27295,-13.950106],[-39.272976,-13.950604],[-39.273008,-13.951159],[-39.272383,-13.952128],[-39.272257,-13.952441],[-39.271812,-13.952761],[-39.271575,-13.953019],[-39.271826,-13.953492],[-39.271595,-13.953562],[-39.271897,-13.953723],[-39.273683,-13.953761],[-39.274067,-13.955553],[-39.27401,-13.956204],[-39.272759,-13.95702],[-39.272294,-13.957291],[-39.272152,-13.957389],[-39.272018,-13.957469],[-39.271,-13.957548],[-39.270676,-13.957689],[-39.270584,-13.957615],[-39.27025,-13.957701],[-39.270123,-13.957701],[-39.270066,-13.957441],[-39.270002,-13.957302],[-39.269604,-13.957241],[-39.269245,-13.957187],[-39.269515,-13.956769],[-39.269085,-13.956213],[-39.268825,-13.955411],[-39.268649,-13.9551],[-39.268543,-13.954942],[-39.268189,-13.953715],[-39.268025,-13.953657],[-39.26804,-13.953458],[-39.268141,-13.952338],[-39.267527,-13.949486],[-39.267021,-13.94665],[-39.2641,-13.944881],[-39.264015,-13.944791],[-39.263849,-13.944627],[-39.263787,-13.944562],[-39.260277,-13.940363],[-39.259815,-13.939961],[-39.258572,-13.935874],[-39.258802,-13.934265],[-39.259647,-13.933949],[-39.261902,-13.932968],[-39.262037,-13.932698],[-39.263508,-13.93193],[-39.264108,-13.932066],[-39.265602,-13.932242],[-39.265715,-13.932188],[-39.266123,-13.932073],[-39.267711,-13.931916],[-39.271066,-13.933862],[-39.273288,-13.932522],[-39.266811,-13.920378],[-39.262506,-13.922806],[-39.260427,-13.924074],[-39.260304,-13.92409],[-39.260265,-13.924095],[-39.259211,-13.92524],[-39.257804,-13.92581],[-39.257104,-13.924805],[-39.255067,-13.922456],[-39.254566,-13.924597],[-39.254966,-13.926173],[-39.254875,-13.92616],[-39.254613,-13.926796],[-39.2544,-13.92687],[-39.254783,-13.928051],[-39.255412,-13.928569],[-39.255211,-13.928791],[-39.254793,-13.92919],[-39.254724,-13.929216],[-39.254258,-13.929233],[-39.251623,-13.928207],[-39.251555,-13.928261],[-39.250687,-13.928904],[-39.250185,-13.929776],[-39.249645,-13.929691],[-39.24864,-13.929695],[-39.248232,-13.929891],[-39.249103,-13.932433],[-39.245988,-13.933251],[-39.244726,-13.934851],[-39.243759,-13.936555],[-39.247322,-13.937324]]],[[[-39.241107,-13.917249],[-39.240993,-13.918137],[-39.241113,-13.918874],[-39.24111,-13.919154],[-39.2413,-13.919355],[-39.240898,-13.919842],[-39.241407,-13.920573],[-39.24184,-13.921279],[-39.242382,-13.921809],[-39.242715,-13.92212],[-39.242531,-13.922813],[-39.242388,-13.924237],[-39.243123,-13.924202],[-39.244226,-13.924086],[-39.24515,-13.924287],[-39.245557,-13.924469],[-39.245953,-13.924167],[-39.245904,-13.924773],[-39.246101,-13.924781],[-39.246288,-13.925397],[-39.246331,-13.925789],[-39.246441,-13.926213],[-39.245916,-13.926465],[-39.245617,-13.926123],[-39.244741,-13.926382],[-39.244593,-13.926216],[-39.243855,-13.925807],[-39.243904,-13.926152],[-39.244289,-13.926754],[-39.24485,-13.927145],[-39.245127,-13.927626],[-39.245571,-13.927757],[-39.246299,-13.92824],[-39.246539,-13.928086],[-39.246778,-13.928028],[-39.246756,-13.927881],[-39.24617,-13.927457],[-39.246649,-13.926998],[-39.246505,-13.926712],[-39.246801,-13.926401],[-39.247359,-13.926539],[-39.247722,-13.926741],[-39.247893,-13.926642],[-39.24788,-13.926505],[-39.247647,-13.92522],[-39.24728,-13.924724],[-39.246841,-13.924021],[-39.247305,-13.923519],[-39.247446,-13.923349],[-39.247555,-13.922983],[-39.248305,-13.922929],[-39.24864,-13.923275],[-39.24902,-13.9237],[-39.249506,-13.923557],[-39.249618,-13.923538],[-39.249695,-13.923514],[-39.250728,-13.923025],[-39.250964,-13.922209],[-39.250808,-13.921126],[-39.251058,-13.920587],[-39.251071,-13.920063],[-39.251087,-13.919581],[-39.251994,-13.918187],[-39.252373,-13.917954],[-39.252815,-13.917793],[-39.25283,-13.91771],[-39.252838,-13.91767],[-39.252993,-13.916841],[-39.253257,-13.914428],[-39.253105,-13.913811],[-39.251542,-13.914198],[-39.249049,-13.913652],[-39.249012,-13.913651],[-39.248734,-13.913594],[-39.248286,-13.913459],[-39.247945,-13.913114],[-39.247884,-13.912659],[-39.248028,-13.91243],[-39.247848,-13.912161],[-39.247526,-13.912127],[-39.246989,-13.912018],[-39.246587,-13.91216],[-39.246231,-13.912637],[-39.245595,-13.912614],[-39.245865,-13.914048],[-39.245858,-13.914273],[-39.245296,-13.914775],[-39.243978,-13.915253],[-39.243439,-13.915573],[-39.243097,-13.915673],[-39.242766,-13.915277],[-39.241871,-13.915189],[-39.241679,-13.91553],[-39.241755,-13.915736],[-39.242122,-13.916039],[-39.241838,-13.916299],[-39.241299,-13.916726],[-39.241107,-13.917249]]],[[[-39.272602,-13.980703],[-39.272251,-13.981734],[-39.272393,-13.982618],[-39.273265,-13.984345],[-39.27344,-13.984486],[-39.274287,-13.985307],[-39.274801,-13.984509],[-39.275394,-13.984027],[-39.275937,-13.983821],[-39.2766,-13.984133],[-39.277793,-13.983928],[-39.278203,-13.983517],[-39.27824,-13.983491],[-39.278696,-13.982703],[-39.279491,-13.983033],[-39.279664,-13.983897],[-39.279815,-13.984844],[-39.279669,-13.984872],[-39.278345,-13.985643],[-39.278434,-13.986016],[-39.278318,-13.986804],[-39.278523,-13.987309],[-39.278662,-13.987851],[-39.278807,-13.988268],[-39.279944,-13.987651],[-39.280236,-13.990125],[-39.28077,-13.989607],[-39.281175,-13.989589],[-39.281375,-13.988814],[-39.281016,-13.988686],[-39.280409,-13.988492],[-39.280943,-13.987841],[-39.281893,-13.987837],[-39.28285,-13.987719],[-39.282992,-13.988402],[-39.282546,-13.988736],[-39.282012,-13.989379],[-39.282198,-13.989813],[-39.282564,-13.990039],[-39.282717,-13.989913],[-39.282882,-13.989924],[-39.283264,-13.990408],[-39.283608,-13.990361],[-39.283789,-13.990123],[-39.284463,-13.991956],[-39.284783,-13.992123],[-39.284435,-13.992759],[-39.284327,-13.993157],[-39.284591,-13.993778],[-39.28461,-13.993825],[-39.284652,-13.994024],[-39.286024,-13.997958],[-39.286205,-13.998148],[-39.286452,-13.998356],[-39.28682,-13.997934],[-39.286924,-13.996274],[-39.286961,-13.996232],[-39.286983,-13.996183],[-39.287079,-13.996125],[-39.287036,-13.995854],[-39.286804,-13.994343],[-39.286862,-13.993237],[-39.286857,-13.993169],[-39.286846,-13.992677],[-39.287267,-13.991585],[-39.287144,-13.991284],[-39.286656,-13.99032],[-39.285842,-13.989586],[-39.285763,-13.989568],[-39.285875,-13.989454],[-39.286002,-13.989383],[-39.286788,-13.988879],[-39.287171,-13.989728],[-39.287451,-13.990203],[-39.288054,-13.990675],[-39.288112,-13.9907],[-39.290493,-13.991156],[-39.290906,-13.991192],[-39.291261,-13.991649],[-39.291594,-13.991683],[-39.292338,-13.991766],[-39.292173,-13.992375],[-39.291928,-13.993094],[-39.291631,-13.994109],[-39.291414,-13.994934],[-39.291331,-13.995195],[-39.292756,-13.99517],[-39.29342,-13.99474],[-39.294646,-13.995528],[-39.295704,-13.995409],[-39.296241,-13.995835],[-39.296357,-13.995498],[-39.296008,-13.994714],[-39.295686,-13.99324],[-39.295681,-13.992945],[-39.297347,-13.991952],[-39.2977,-13.9916],[-39.297588,-13.991243],[-39.297761,-13.990722],[-39.298139,-13.990665],[-39.298886,-13.990725],[-39.299112,-13.990622],[-39.299481,-13.990781],[-39.299892,-13.990972],[-39.300386,-13.99113],[-39.300456,-13.990845],[-39.300708,-13.989555],[-39.299551,-13.989542],[-39.295365,-13.989026],[-39.29392,-13.988858],[-39.292426,-13.988708],[-39.291911,-13.988619],[-39.291105,-13.987828],[-39.290152,-13.986878],[-39.289203,-13.985931],[-39.288476,-13.985206],[-39.287647,-13.98428],[-39.286897,-13.983443],[-39.286191,-13.982646],[-39.285192,-13.981538],[-39.284758,-13.982148],[-39.284202,-13.982785],[-39.283282,-13.983847],[-39.282882,-13.984344],[-39.282207,-13.985232],[-39.282135,-13.985311],[-39.281888,-13.985584],[-39.28159,-13.985277],[-39.281517,-13.985211],[-39.28089,-13.98464],[-39.280546,-13.9837],[-39.280009,-13.983214],[-39.280024,-13.983066],[-39.280059,-13.982706],[-39.280309,-13.98258],[-39.280355,-13.98251],[-39.280423,-13.982406],[-39.28067,-13.981855],[-39.28086,-13.981247],[-39.281086,-13.980842],[-39.282299,-13.979979],[-39.282979,-13.979752],[-39.284076,-13.978451],[-39.283272,-13.975906],[-39.282767,-13.975427],[-39.280965,-13.973726],[-39.279941,-13.97323],[-39.279783,-13.973333],[-39.278554,-13.973917],[-39.27769,-13.974234],[-39.277609,-13.974285],[-39.277362,-13.974347],[-39.276485,-13.974735],[-39.276146,-13.974886],[-39.275419,-13.973707],[-39.27533,-13.972957],[-39.275104,-13.973161],[-39.274772,-13.972992],[-39.274648,-13.972831],[-39.274383,-13.972938],[-39.274167,-13.973013],[-39.274175,-13.973504],[-39.273463,-13.974257],[-39.273235,-13.974434],[-39.273173,-13.974491],[-39.273012,-13.974628],[-39.272378,-13.975172],[-39.271167,-13.975222],[-39.270477,-13.975345],[-39.270002,-13.975813],[-39.26909,-13.976299],[-39.26902,-13.976475],[-39.268761,-13.977218],[-39.26892,-13.97877],[-39.269965,-13.97934],[-39.271397,-13.979807],[-39.271536,-13.979846],[-39.272235,-13.978755],[-39.272386,-13.978808],[-39.272914,-13.979369],[-39.272477,-13.980141],[-39.272602,-13.980703]]]]}},{"type":"Feature","properties":{"gid":"12842","cd_sipra":"BA0251000","nome_projeto":"PA PAULO JACSON","municipio":"CAMAMU","area_hectare_declarada":"891.4486","capacidade":"90","num_familias":"55","fase":"5","data_de_criacao":"31/12/1999","forma_obtencao":"Desapropriação","data_obtencao":"21/06/1999","area_calc_ha":"767.5988"},"geometry":{"type":"Polygon","coordinates":[[[-39.337943,-14.107348],[-39.337977,-14.107928],[-39.337225,-14.107883],[-39.336882,-14.107433],[-39.33681,-14.107339],[-39.336503,-14.106943],[-39.336388,-14.106795],[-39.336074,-14.105928],[-39.335635,-14.106157],[-39.335211,-14.106379],[-39.335182,-14.106405],[-39.334734,-14.107071],[-39.33453,-14.107374],[-39.334427,-14.108255],[-39.333953,-14.108617],[-39.333989,-14.110191],[-39.33442,-14.110326],[-39.333989,-14.111771],[-39.333749,-14.113435],[-39.333522,-14.113666],[-39.333218,-14.1135],[-39.333088,-14.113795],[-39.332844,-14.113776],[-39.332601,-14.113757],[-39.332492,-14.114076],[-39.332105,-14.114033],[-39.33206,-14.11428],[-39.332165,-14.114805],[-39.332076,-14.115048],[-39.33186,-14.115051],[-39.331925,-14.115459],[-39.331602,-14.115538],[-39.331509,-14.1154],[-39.331261,-14.115495],[-39.331003,-14.115593],[-39.33107,-14.11569],[-39.331158,-14.115818],[-39.330823,-14.115927],[-39.330708,-14.115964],[-39.330512,-14.115829],[-39.330404,-14.11617],[-39.330163,-14.116066],[-39.32981,-14.116397],[-39.329325,-14.116464],[-39.329258,-14.116771],[-39.328823,-14.116951],[-39.328745,-14.11722],[-39.328594,-14.117369],[-39.328265,-14.117733],[-39.328101,-14.117904],[-39.327723,-14.118215],[-39.327607,-14.118059],[-39.327247,-14.118756],[-39.327128,-14.118636],[-39.327074,-14.118917],[-39.326725,-14.118694],[-39.327001,-14.119087],[-39.326802,-14.119399],[-39.326442,-14.119395],[-39.326377,-14.119394],[-39.326665,-14.119695],[-39.326681,-14.119718],[-39.326679,-14.119738],[-39.326667,-14.119877],[-39.326636,-14.120261],[-39.326398,-14.120707],[-39.326289,-14.120741],[-39.326208,-14.120766],[-39.325889,-14.120973],[-39.325652,-14.121572],[-39.325707,-14.121606],[-39.325885,-14.121718],[-39.325918,-14.121731],[-39.326334,-14.121899],[-39.326473,-14.121753],[-39.326702,-14.121514],[-39.32718,-14.120983],[-39.327592,-14.121017],[-39.328181,-14.121065],[-39.328356,-14.121215],[-39.328638,-14.121065],[-39.32892,-14.120916],[-39.32893,-14.121087],[-39.328957,-14.121539],[-39.328975,-14.121836],[-39.329142,-14.122165],[-39.329666,-14.123068],[-39.329779,-14.123263],[-39.32979,-14.123281],[-39.330159,-14.123512],[-39.330396,-14.123675],[-39.330849,-14.123725],[-39.33099,-14.12374],[-39.331246,-14.12423],[-39.331342,-14.124373],[-39.331441,-14.124521],[-39.331399,-14.124686],[-39.331332,-14.124951],[-39.33138,-14.125078],[-39.331501,-14.125392],[-39.33153,-14.125993],[-39.331363,-14.126663],[-39.331812,-14.127168],[-39.332291,-14.127945],[-39.332452,-14.128207],[-39.332815,-14.128795],[-39.333223,-14.129415],[-39.333449,-14.129617],[-39.333513,-14.129677],[-39.333609,-14.129768],[-39.333551,-14.129886],[-39.333547,-14.129902],[-39.333455,-14.130076],[-39.333324,-14.130298],[-39.333155,-14.130576],[-39.333155,-14.131053],[-39.333307,-14.131753],[-39.333334,-14.132109],[-39.333334,-14.132144],[-39.333335,-14.132623],[-39.333487,-14.132858],[-39.333494,-14.132869],[-39.333522,-14.133171],[-39.333529,-14.133248],[-39.333554,-14.133521],[-39.333565,-14.133642],[-39.333668,-14.13382],[-39.333832,-14.134102],[-39.333858,-14.134123],[-39.33409,-14.13431],[-39.334145,-14.134354],[-39.334208,-14.134772],[-39.334296,-14.135074],[-39.334402,-14.135345],[-39.334442,-14.135401],[-39.334709,-14.135784],[-39.334773,-14.135825],[-39.334864,-14.135885],[-39.334953,-14.135914],[-39.334958,-14.135995],[-39.334871,-14.136123],[-39.334935,-14.13614],[-39.334994,-14.136155],[-39.33506,-14.136173],[-39.335053,-14.136337],[-39.335031,-14.136414],[-39.335164,-14.136638],[-39.335323,-14.136851],[-39.335289,-14.137028],[-39.335463,-14.137335],[-39.335436,-14.137632],[-39.335451,-14.13764],[-39.335516,-14.137653],[-39.336193,-14.138565],[-39.336434,-14.13926],[-39.336851,-14.139897],[-39.336674,-14.140817],[-39.336536,-14.141457],[-39.336159,-14.141936],[-39.335913,-14.142253],[-39.33581,-14.142386],[-39.33835,-14.143676],[-39.338815,-14.144289],[-39.339476,-14.144943],[-39.339624,-14.14509],[-39.339735,-14.145157],[-39.339812,-14.145204],[-39.340419,-14.145573],[-39.34093,-14.145772],[-39.341041,-14.145815],[-39.341068,-14.145793],[-39.341621,-14.145345],[-39.341684,-14.145293],[-39.342118,-14.144943],[-39.342235,-14.144981],[-39.342762,-14.145155],[-39.343196,-14.145133],[-39.343715,-14.145106],[-39.34414,-14.145245],[-39.344264,-14.145401],[-39.344364,-14.145526],[-39.344393,-14.145563],[-39.344429,-14.146116],[-39.344322,-14.14673],[-39.344293,-14.146768],[-39.344116,-14.147003],[-39.344083,-14.147074],[-39.34401,-14.147229],[-39.343913,-14.147434],[-39.343833,-14.147752],[-39.343768,-14.148077],[-39.343695,-14.148448],[-39.343638,-14.148703],[-39.343585,-14.148945],[-39.34353,-14.149134],[-39.343472,-14.149333],[-39.343227,-14.150058],[-39.343225,-14.150082],[-39.3432,-14.150448],[-39.343143,-14.151256],[-39.343133,-14.151443],[-39.343131,-14.151484],[-39.343118,-14.151756],[-39.343158,-14.15229],[-39.343226,-14.152612],[-39.34333,-14.153063],[-39.343401,-14.153335],[-39.343474,-14.153609],[-39.343552,-14.153733],[-39.343589,-14.153793],[-39.343717,-14.154072],[-39.343845,-14.154261],[-39.343904,-14.154348],[-39.344073,-14.154625],[-39.344226,-14.154987],[-39.3444,-14.155521],[-39.34458,-14.155965],[-39.344593,-14.155979],[-39.344863,-14.156287],[-39.344905,-14.156304],[-39.345132,-14.156399],[-39.345375,-14.156597],[-39.345661,-14.15665],[-39.34599,-14.156757],[-39.346278,-14.156781],[-39.346456,-14.156704],[-39.346509,-14.156681],[-39.346532,-14.156692],[-39.346858,-14.156913],[-39.347214,-14.157142],[-39.347571,-14.15705],[-39.347719,-14.15704],[-39.34775,-14.15704],[-39.348023,-14.157055],[-39.348074,-14.157058],[-39.348252,-14.15711],[-39.348534,-14.157192],[-39.348809,-14.157273],[-39.349238,-14.157716],[-39.350299,-14.156049],[-39.350386,-14.155873],[-39.350462,-14.155721],[-39.351082,-14.155459],[-39.351175,-14.155416],[-39.351318,-14.155349],[-39.351507,-14.155248],[-39.352284,-14.15527],[-39.352348,-14.155272],[-39.353431,-14.156478],[-39.354182,-14.157333],[-39.354304,-14.157702],[-39.354497,-14.157795],[-39.354638,-14.158766],[-39.354649,-14.158817],[-39.354699,-14.159096],[-39.355408,-14.159867],[-39.35543,-14.159891],[-39.357092,-14.159833],[-39.357422,-14.159798],[-39.357633,-14.159783],[-39.358208,-14.159741],[-39.358253,-14.15976],[-39.359704,-14.160352],[-39.359811,-14.160395],[-39.359854,-14.160413],[-39.35989,-14.160349],[-39.360217,-14.159781],[-39.360534,-14.159679],[-39.360734,-14.159701],[-39.36112,-14.159638],[-39.361136,-14.159636],[-39.361014,-14.158308],[-39.360388,-14.157712],[-39.360375,-14.157699],[-39.360084,-14.157506],[-39.35997,-14.157328],[-39.359703,-14.157066],[-39.359469,-14.156788],[-39.359444,-14.156486],[-39.359365,-14.155843],[-39.359286,-14.155089],[-39.359245,-14.154792],[-39.359253,-14.154778],[-39.359568,-14.154207],[-39.360254,-14.153755],[-39.360404,-14.153305],[-39.360227,-14.153274],[-39.359861,-14.153341],[-39.35971,-14.15337],[-39.359307,-14.153377],[-39.358733,-14.153361],[-39.358082,-14.153372],[-39.358006,-14.15333],[-39.357953,-14.153301],[-39.357362,-14.152966],[-39.355628,-14.151982],[-39.355116,-14.151656],[-39.355002,-14.151496],[-39.354587,-14.150915],[-39.354539,-14.150673],[-39.354355,-14.150354],[-39.354409,-14.15014],[-39.354363,-14.14993],[-39.354355,-14.149659],[-39.35432,-14.148924],[-39.354275,-14.147912],[-39.354266,-14.147692],[-39.354563,-14.146851],[-39.354765,-14.146462],[-39.355014,-14.146038],[-39.355247,-14.145761],[-39.355376,-14.14566],[-39.355494,-14.14532],[-39.355615,-14.145174],[-39.355781,-14.144924],[-39.356018,-14.144514],[-39.356051,-14.144388],[-39.356056,-14.144249],[-39.355837,-14.144057],[-39.355771,-14.143978],[-39.355524,-14.143722],[-39.355431,-14.143588],[-39.355302,-14.143541],[-39.355259,-14.143538],[-39.355185,-14.143534],[-39.355115,-14.143529],[-39.354858,-14.143551],[-39.354659,-14.143576],[-39.35443,-14.143593],[-39.354198,-14.143627],[-39.353139,-14.143751],[-39.35293,-14.143745],[-39.352748,-14.143776],[-39.352222,-14.143927],[-39.351862,-14.144015],[-39.350676,-14.143994],[-39.35018,-14.144063],[-39.35005,-14.144065],[-39.349527,-14.14415],[-39.349212,-14.144201],[-39.349129,-14.143945],[-39.348668,-14.142513],[-39.3489,-14.142444],[-39.349405,-14.142292],[-39.35039,-14.143009],[-39.348629,-14.139664],[-39.347369,-14.135281],[-39.346531,-14.133085],[-39.346708,-14.131601],[-39.345744,-14.129271],[-39.34483,-14.125562],[-39.342616,-14.122965],[-39.342447,-14.122574],[-39.342217,-14.122374],[-39.341375,-14.121645],[-39.341134,-14.12166],[-39.341057,-14.121664],[-39.341041,-14.121665],[-39.340946,-14.121573],[-39.340336,-14.120984],[-39.340101,-14.120637],[-39.340038,-14.120084],[-39.339982,-14.119795],[-39.339817,-14.119426],[-39.33971,-14.119157],[-39.339448,-14.118327],[-39.339427,-14.118259],[-39.33931,-14.117655],[-39.339377,-14.117644],[-39.339802,-14.11758],[-39.340761,-14.117435],[-39.341216,-14.117449],[-39.341822,-14.117467],[-39.342392,-14.117349],[-39.342419,-14.117344],[-39.343102,-14.117456],[-39.343379,-14.11737],[-39.343868,-14.117216],[-39.344017,-14.117614],[-39.344125,-14.117902],[-39.344826,-14.117823],[-39.345169,-14.117489],[-39.3454,-14.117235],[-39.345557,-14.117064],[-39.345766,-14.116833],[-39.346045,-14.116608],[-39.346181,-14.116419],[-39.346217,-14.116367],[-39.346546,-14.116104],[-39.346659,-14.115984],[-39.346676,-14.115965],[-39.348537,-14.115915],[-39.349329,-14.115955],[-39.349361,-14.115956],[-39.349607,-14.115432],[-39.349538,-14.114937],[-39.348945,-14.114182],[-39.347817,-14.113907],[-39.346979,-14.113704],[-39.346895,-14.113684],[-39.346684,-14.113601],[-39.346583,-14.113511],[-39.346185,-14.113245],[-39.345942,-14.113448],[-39.345787,-14.113578],[-39.345783,-14.113712],[-39.34577,-14.113888],[-39.345778,-14.114078],[-39.345702,-14.114299],[-39.345647,-14.114503],[-39.345578,-14.114699],[-39.345522,-14.114989],[-39.345406,-14.115365],[-39.345248,-14.115875],[-39.345236,-14.115913],[-39.345004,-14.115841],[-39.344762,-14.115799],[-39.344169,-14.115392],[-39.343684,-14.115059],[-39.343509,-14.114989],[-39.343328,-14.114935],[-39.343307,-14.114934],[-39.343118,-14.114923],[-39.342755,-14.114755],[-39.342396,-14.11463],[-39.341681,-14.114381],[-39.341892,-14.113801],[-39.34226,-14.113423],[-39.342481,-14.113226],[-39.342738,-14.113023],[-39.343046,-14.112708],[-39.343012,-14.112641],[-39.342188,-14.11099],[-39.342785,-14.109636],[-39.34331,-14.109088],[-39.343332,-14.109066],[-39.343296,-14.109009],[-39.343254,-14.108945],[-39.342791,-14.107926],[-39.342309,-14.107281],[-39.341848,-14.105452],[-39.341798,-14.104247],[-39.341396,-14.104063],[-39.341663,-14.104658],[-39.341001,-14.106125],[-39.33969,-14.106358],[-39.338325,-14.106337],[-39.337886,-14.106372],[-39.337943,-14.107348]]]}},{"type":"Feature","properties":{"gid":"16091","cd_sipra":"BA0108000","nome_projeto":"PA CAMPINHOS","municipio":"CANAVIEIRAS","area_hectare_declarada":"500.0000","capacidade":"40","num_familias":"25","fase":"6","data_de_criacao":"04/04/1997","forma_obtencao":"Desapropriação","data_obtencao":"19/08/1996","area_calc_ha":"457.9833"},"geometry":{"type":"Polygon","coordinates":[[[-39.075134,-15.453603],[-39.061984,-15.456394],[-39.063473,-15.463552],[-39.065003,-15.466272],[-39.06358,-15.470901],[-39.06873,-15.472171],[-39.071387,-15.464531],[-39.08157,-15.45482],[-39.088915,-15.458019],[-39.09323,-15.45578],[-39.09406,-15.456515],[-39.095626,-15.452855],[-39.099677,-15.452743],[-39.105737,-15.456503],[-39.105858,-15.456391],[-39.105795,-15.456146],[-39.1057,-15.456003],[-39.105593,-15.455934],[-39.105556,-15.455829],[-39.10549,-15.455637],[-39.105491,-15.455544],[-39.105493,-15.455359],[-39.105542,-15.455267],[-39.105543,-15.455175],[-39.105544,-15.455082],[-39.105545,-15.45499],[-39.105497,-15.45499],[-39.105498,-15.454943],[-39.105499,-15.454897],[-39.105452,-15.454758],[-39.105406,-15.454665],[-39.105358,-15.454665],[-39.10531,-15.454665],[-39.105263,-15.454618],[-39.105216,-15.454618],[-39.105168,-15.454617],[-39.10512,-15.454617],[-39.105073,-15.45457],[-39.104978,-15.45457],[-39.10493,-15.454569],[-39.104788,-15.454522],[-39.10474,-15.454522],[-39.104693,-15.454475],[-39.104645,-15.454475],[-39.104551,-15.454382],[-39.104504,-15.454335],[-39.104457,-15.454289],[-39.104409,-15.454288],[-39.104362,-15.454242],[-39.104315,-15.454195],[-39.104268,-15.454149],[-39.10422,-15.454102],[-39.104173,-15.454102],[-39.104078,-15.454055],[-39.104031,-15.454008],[-39.103984,-15.453962],[-39.103936,-15.453961],[-39.103841,-15.453914],[-39.103794,-15.453868],[-39.103699,-15.453821],[-39.103652,-15.453774],[-39.103558,-15.453681],[-39.10351,-15.453681],[-39.103463,-15.453634],[-39.103415,-15.453634],[-39.103368,-15.453587],[-39.103321,-15.453541],[-39.103226,-15.45354],[-39.10313,-15.45354],[-39.103083,-15.453493],[-39.102989,-15.453446],[-39.102941,-15.4534],[-39.102894,-15.453399],[-39.102799,-15.453352],[-39.102752,-15.453306],[-39.102656,-15.453305],[-39.102609,-15.453258],[-39.102515,-15.453211],[-39.102372,-15.453164],[-39.102324,-15.453164],[-39.102277,-15.453117],[-39.102135,-15.453024],[-39.101945,-15.452976],[-39.101803,-15.452883],[-39.101661,-15.452836],[-39.101614,-15.452789],[-39.101567,-15.452742],[-39.101519,-15.452696],[-39.101473,-15.452603],[-39.101378,-15.452556],[-39.101378,-15.45251],[-39.101235,-15.452509],[-39.101188,-15.452462],[-39.101141,-15.452462],[-39.101093,-15.452415],[-39.100999,-15.452369],[-39.100952,-15.452322],[-39.10081,-15.452229],[-39.100619,-15.452181],[-39.100525,-15.452134],[-39.100383,-15.452041],[-39.100383,-15.451994],[-39.100337,-15.451902],[-39.100242,-15.451855],[-39.1001,-15.451761],[-39.100053,-15.451715],[-39.099911,-15.451621],[-39.099864,-15.451575],[-39.099864,-15.451528],[-39.099817,-15.451528],[-39.099817,-15.451482],[-39.099722,-15.451435],[-39.099676,-15.451342],[-39.099628,-15.451295],[-39.099486,-15.451248],[-39.099344,-15.451155],[-39.099202,-15.451107],[-39.099155,-15.451015],[-39.09906,-15.450968],[-39.099013,-15.450921],[-39.098919,-15.450828],[-39.098872,-15.450782],[-39.098776,-15.450781],[-39.098682,-15.450688],[-39.098683,-15.450642],[-39.098588,-15.450595],[-39.098541,-15.450502],[-39.098446,-15.450455],[-39.098399,-15.450408],[-39.098351,-15.450408],[-39.098305,-15.450315],[-39.09821,-15.450268],[-39.098068,-15.450221],[-39.097926,-15.450128],[-39.097831,-15.450081],[-39.097737,-15.449988],[-39.097689,-15.449941],[-39.097642,-15.449941],[-39.097595,-15.449894],[-39.097547,-15.449894],[-39.097499,-15.449893],[-39.097452,-15.449847],[-39.097357,-15.4498],[-39.097215,-15.449706],[-39.097121,-15.44966],[-39.097073,-15.449659],[-39.097026,-15.449613],[-39.096979,-15.449566],[-39.096932,-15.449519],[-39.096885,-15.449427],[-39.096791,-15.449334],[-39.096743,-15.449287],[-39.096696,-15.449287],[-39.096696,-15.44924],[-39.096649,-15.44924],[-39.096601,-15.44924],[-39.096554,-15.449147],[-39.096507,-15.4491],[-39.096412,-15.449053],[-39.096365,-15.449007],[-39.096318,-15.44896],[-39.096271,-15.448914],[-39.096224,-15.448821],[-39.09613,-15.448774],[-39.095988,-15.448681],[-39.09599,-15.448496],[-39.095943,-15.448449],[-39.095895,-15.448449],[-39.095895,-15.448403],[-39.095848,-15.448356],[-39.095801,-15.448309],[-39.095707,-15.44817],[-39.095613,-15.448077],[-39.095566,-15.44803],[-39.095566,-15.447984],[-39.095519,-15.447938],[-39.09552,-15.447891],[-39.095473,-15.447845],[-39.095474,-15.447752],[-39.095427,-15.44766],[-39.095381,-15.447567],[-39.095333,-15.44752],[-39.095334,-15.447428],[-39.095335,-15.447382],[-39.095288,-15.447289],[-39.095242,-15.44715],[-39.095196,-15.447011],[-39.09515,-15.446918],[-39.09515,-15.446825],[-39.095057,-15.446686],[-39.095058,-15.446594],[-39.095011,-15.446547],[-39.094964,-15.446454],[-39.094917,-15.446408],[-39.094917,-15.446362],[-39.094918,-15.446315],[-39.094871,-15.446223],[-39.094825,-15.446084],[-39.094779,-15.445945],[-39.09478,-15.445898],[-39.094732,-15.445852],[-39.094685,-15.445805],[-39.094638,-15.445759],[-39.094594,-15.445481],[-39.094594,-15.445435],[-39.094547,-15.445388],[-39.094547,-15.445342],[-39.094549,-15.44525],[-39.094503,-15.445064],[-39.094504,-15.445018],[-39.094456,-15.444971],[-39.094457,-15.444879],[-39.094411,-15.44474],[-39.094365,-15.444601],[-39.094271,-15.444462],[-39.094272,-15.444415],[-39.094272,-15.444369],[-39.094273,-15.444277],[-39.094275,-15.444138],[-39.094228,-15.444092],[-39.094229,-15.444033],[-39.076935,-15.447955],[-39.075134,-15.453603]]]}},{"type":"Feature","properties":{"gid":"16092","cd_sipra":"BA0011000","nome_projeto":"PA PUXIM/SARAMPO","municipio":"CANAVIEIRAS","area_hectare_declarada":"2842.5639","capacidade":"78","num_familias":"64","fase":"7","data_de_criacao":"11/08/1986","forma_obtencao":"Desapropriação","data_obtencao":"04/09/1985","area_calc_ha":"2827.5554"},"geometry":{"type":"MultiPolygon","coordinates":[[[[-38.992354,-15.45969],[-38.992346,-15.459674],[-38.992133,-15.459447],[-38.992058,-15.459367],[-38.991835,-15.459129],[-38.988215,-15.456465],[-38.986754,-15.457059],[-38.985823,-15.461586],[-38.993141,-15.466234],[-38.993422,-15.46626],[-38.993533,-15.46627],[-38.993812,-15.466296],[-38.995023,-15.46949],[-38.995922,-15.471489],[-38.996591,-15.473308],[-38.997099,-15.474735],[-38.997395,-15.479233],[-38.997459,-15.483184],[-38.998816,-15.483523],[-39.001813,-15.484272],[-39.009493,-15.485961],[-39.013027,-15.486772],[-39.017085,-15.487701],[-39.019974,-15.488274],[-39.021426,-15.488532],[-39.025541,-15.489514],[-39.033418,-15.491392],[-39.034249,-15.486758],[-39.035047,-15.482476],[-39.035627,-15.479175],[-39.035943,-15.47745],[-39.036323,-15.475376],[-39.037448,-15.469688],[-39.038683,-15.464007],[-39.038821,-15.463313],[-39.039001,-15.462531],[-39.039548,-15.460049],[-39.039387,-15.46001],[-39.037502,-15.459569],[-39.033877,-15.458719],[-39.031988,-15.458287],[-39.026952,-15.457143],[-39.025754,-15.456858],[-39.024615,-15.456692],[-39.021585,-15.455907],[-39.019345,-15.455316],[-39.01771,-15.454875],[-39.016617,-15.45466],[-39.013155,-15.453807],[-39.007346,-15.452358],[-39.007558,-15.455083],[-39.007757,-15.457634],[-39.007855,-15.459503],[-39.007603,-15.459483],[-39.006535,-15.4594],[-39.006462,-15.45941],[-39.006074,-15.459465],[-39.005258,-15.459514],[-39.002212,-15.459716],[-39.000408,-15.459835],[-38.999418,-15.459896],[-38.998469,-15.459955],[-38.993971,-15.460191],[-38.992889,-15.460168],[-38.992575,-15.459945],[-38.992354,-15.45969]]],[[[-39.091101,-15.491763],[-39.092171,-15.492385],[-39.095145,-15.494141],[-39.099078,-15.496453],[-39.103006,-15.494367],[-39.103994,-15.493863],[-39.104365,-15.494498],[-39.105419,-15.494174],[-39.105955,-15.494022],[-39.109686,-15.49296],[-39.118165,-15.490559],[-39.119491,-15.489224],[-39.121289,-15.486454],[-39.123687,-15.482757],[-39.12457,-15.479058],[-39.124889,-15.477749],[-39.118115,-15.471844],[-39.119343,-15.470916],[-39.121785,-15.469071],[-39.12252,-15.468516],[-39.125732,-15.466088],[-39.123908,-15.465132],[-39.122243,-15.465837],[-39.119223,-15.464258],[-39.112664,-15.460828],[-39.109959,-15.459427],[-39.107653,-15.458232],[-39.105254,-15.456985],[-39.105189,-15.456951],[-39.099048,-15.45376],[-39.095058,-15.453997],[-39.094431,-15.455408],[-39.093854,-15.456704],[-39.093317,-15.457957],[-39.092419,-15.460052],[-39.091658,-15.463454],[-39.090471,-15.468761],[-39.089872,-15.471451],[-39.088052,-15.480133],[-39.086983,-15.485232],[-39.090703,-15.486312],[-39.092603,-15.486905],[-39.0911,-15.491763],[-39.091101,-15.491763]]]]}},{"type":"Feature","properties":{"gid":"550","cd_sipra":"BA0132000","nome_projeto":"PA COSME MUNIZ","municipio":"ILHEUS","area_hectare_declarada":"423.9910","capacidade":"40","num_familias":"35","fase":"5","data_de_criacao":"17/12/1997","forma_obtencao":"Desapropriação","data_obtencao":"07/10/1996","area_calc_ha":"391.0191"},"geometry":{"type":"Polygon","coordinates":[[[-39.14747,-14.925211],[-39.147353,-14.924785],[-39.147737,-14.924598],[-39.149507,-14.924027],[-39.150298,-14.923496],[-39.151723,-14.923119],[-39.15229,-14.923131],[-39.152739,-14.923404],[-39.153292,-14.922691],[-39.153373,-14.922499],[-39.153861,-14.922025],[-39.154342,-14.921385],[-39.156152,-14.919637],[-39.156298,-14.917787],[-39.156281,-14.917378],[-39.156294,-14.917228],[-39.155982,-14.917076],[-39.155716,-14.916895],[-39.155166,-14.916555],[-39.154671,-14.916419],[-39.154394,-14.916311],[-39.154248,-14.916281],[-39.153904,-14.91578],[-39.153794,-14.915681],[-39.153264,-14.915499],[-39.153422,-14.915321],[-39.153583,-14.915188],[-39.153776,-14.915093],[-39.155922,-14.913504],[-39.156651,-14.912755],[-39.157481,-14.912706],[-39.157744,-14.912915],[-39.158383,-14.91392],[-39.160026,-14.914346],[-39.160626,-14.914124],[-39.16085,-14.913765],[-39.161098,-14.913133],[-39.161675,-14.912597],[-39.161826,-14.912499],[-39.162121,-14.912365],[-39.162123,-14.912299],[-39.162036,-14.911499],[-39.161961,-14.911002],[-39.161961,-14.911002],[-39.161791,-14.910352],[-39.161454,-14.909385],[-39.161107,-14.908648],[-39.160261,-14.908359],[-39.159161,-14.90785],[-39.158883,-14.906749],[-39.158604,-14.906355],[-39.158022,-14.905363],[-39.157942,-14.90512],[-39.157271,-14.90535],[-39.156532,-14.904997],[-39.156311,-14.904997],[-39.155552,-14.905133],[-39.154671,-14.905248],[-39.154491,-14.904317],[-39.154408,-14.904343],[-39.153328,-14.904369],[-39.152785,-14.90421],[-39.151842,-14.904543],[-39.151063,-14.90495],[-39.149997,-14.90554],[-39.149714,-14.906967],[-39.148737,-14.907265],[-39.148015,-14.907384],[-39.148012,-14.907424],[-39.147559,-14.907509],[-39.146411,-14.907925],[-39.14579,-14.907938],[-39.146207,-14.908436],[-39.145979,-14.908638],[-39.146327,-14.909099],[-39.146527,-14.909969],[-39.146123,-14.910753],[-39.145288,-14.911381],[-39.145054,-14.911195],[-39.144674,-14.910972],[-39.144314,-14.910809],[-39.144041,-14.910689],[-39.140904,-14.90978],[-39.139578,-14.910442],[-39.139094,-14.910613],[-39.13932,-14.912213],[-39.139276,-14.912561],[-39.139093,-14.912805],[-39.138451,-14.913674],[-39.138412,-14.913711],[-39.138315,-14.914345],[-39.137786,-14.915206],[-39.13763,-14.916142],[-39.13769,-14.917194],[-39.137864,-14.917755],[-39.138981,-14.919013],[-39.139291,-14.91928],[-39.13954,-14.920804],[-39.139895,-14.92131],[-39.139992,-14.92183],[-39.13987,-14.922225],[-39.139683,-14.922565],[-39.139242,-14.92274],[-39.139062,-14.923243],[-39.138253,-14.925816],[-39.139967,-14.92698],[-39.142172,-14.924073],[-39.14297,-14.923151],[-39.143078,-14.923175],[-39.143162,-14.9232],[-39.143446,-14.923256],[-39.144448,-14.923534],[-39.14485,-14.924369],[-39.144965,-14.924535],[-39.14498,-14.927789],[-39.1451,-14.930946],[-39.148305,-14.930726],[-39.148096,-14.92872],[-39.14801,-14.927572],[-39.147792,-14.926672],[-39.14747,-14.925211]]]}},{"type":"Feature","properties":{"gid":"11601","cd_sipra":"BA0549000","nome_projeto":"PA SANTA MARIA","municipio":"EUNAPOLIS","area_hectare_declarada":"1309.2609","capacidade":"62","num_familias":"61","fase":"3","data_de_criacao":"16/03/2009","forma_obtencao":"Desapropriação","data_obtencao":"09/10/2007","area_calc_ha":"1310.2379"},"geometry":{"type":"Polygon","coordinates":[[[-39.438631,-16.227571],[-39.438631,-16.227571],[-39.438463,-16.227743],[-39.438185,-16.227986],[-39.437843,-16.228133],[-39.437532,-16.227898],[-39.437623,-16.227547],[-39.437741,-16.227203],[-39.437858,-16.22686],[-39.437876,-16.226679],[-39.437721,-16.226569],[-39.437374,-16.226433],[-39.437039,-16.226272],[-39.43671,-16.226187],[-39.436398,-16.226387],[-39.436138,-16.226647],[-39.435889,-16.226917],[-39.435594,-16.22714],[-39.435282,-16.22734],[-39.434975,-16.227546],[-39.434608,-16.227475],[-39.434261,-16.22734],[-39.43393,-16.22717],[-39.433596,-16.227008],[-39.433256,-16.226857],[-39.432898,-16.22675],[-39.432525,-16.226723],[-39.432177,-16.226855],[-39.432051,-16.227041],[-39.432046,-16.227403],[-39.432099,-16.227761],[-39.432174,-16.228136],[-39.432066,-16.228295],[-39.431757,-16.228499],[-39.431407,-16.228627],[-39.431014,-16.228607],[-39.430723,-16.22838],[-39.430426,-16.228159],[-39.430128,-16.227942],[-39.43009,-16.227852],[-39.430041,-16.227866],[-39.429575,-16.227969],[-39.429344,-16.229027],[-39.429174,-16.229797],[-39.428946,-16.230895],[-39.428695,-16.232122],[-39.428669,-16.232187],[-39.428043,-16.233184],[-39.427473,-16.234078],[-39.427371,-16.234235],[-39.426467,-16.235639],[-39.42511,-16.237737],[-39.423774,-16.239847],[-39.422956,-16.241127],[-39.422686,-16.241549],[-39.42227,-16.242195],[-39.422921,-16.242294],[-39.423834,-16.242433],[-39.424604,-16.242434],[-39.425695,-16.242424],[-39.426923,-16.242333],[-39.427393,-16.242349],[-39.428144,-16.242257],[-39.429588,-16.242185],[-39.431612,-16.242043],[-39.434002,-16.241911],[-39.43662,-16.241777],[-39.437954,-16.241709],[-39.439005,-16.24204],[-39.439076,-16.241943],[-39.439609,-16.242215],[-39.440037,-16.242335],[-39.440195,-16.24238],[-39.440777,-16.242544],[-39.443376,-16.243323],[-39.4446,-16.243687],[-39.444764,-16.243742],[-39.44672,-16.244731],[-39.447429,-16.245104],[-39.448454,-16.246105],[-39.449688,-16.247304],[-39.450424,-16.249335],[-39.450803,-16.250368],[-39.451524,-16.252343],[-39.45186,-16.253337],[-39.452292,-16.254665],[-39.452341,-16.254888],[-39.452541,-16.255563],[-39.452749,-16.256209],[-39.453164,-16.2566],[-39.453927,-16.257228],[-39.454051,-16.257347],[-39.454463,-16.257688],[-39.455278,-16.258399],[-39.455944,-16.258974],[-39.456931,-16.259829],[-39.458087,-16.260819],[-39.45894,-16.261539],[-39.46015,-16.26257],[-39.464422,-16.263115],[-39.46455,-16.262704],[-39.464553,-16.262697],[-39.464672,-16.262311],[-39.465072,-16.261026],[-39.46732,-16.257775],[-39.467694,-16.257142],[-39.466794,-16.256734],[-39.465392,-16.256138],[-39.463968,-16.255535],[-39.463502,-16.255373],[-39.46239,-16.255192],[-39.46212,-16.255015],[-39.462129,-16.254542],[-39.461839,-16.254401],[-39.461031,-16.253994],[-39.460787,-16.254019],[-39.460662,-16.253785],[-39.460426,-16.253],[-39.459593,-16.252562],[-39.459006,-16.252056],[-39.458809,-16.25166],[-39.458868,-16.251074],[-39.458722,-16.250726],[-39.4585,-16.250377],[-39.458517,-16.250069],[-39.458688,-16.249805],[-39.458885,-16.249568],[-39.459002,-16.249324],[-39.459067,-16.248951],[-39.459096,-16.24848],[-39.459621,-16.247847],[-39.459749,-16.247495],[-39.459877,-16.247195],[-39.459978,-16.247085],[-39.460138,-16.247009],[-39.460401,-16.24709],[-39.460596,-16.246731],[-39.460431,-16.246582],[-39.460365,-16.246276],[-39.460412,-16.246113],[-39.460539,-16.246043],[-39.460998,-16.245778],[-39.461332,-16.245634],[-39.461641,-16.245595],[-39.461998,-16.245576],[-39.462532,-16.245359],[-39.463395,-16.244936],[-39.463832,-16.244669],[-39.464413,-16.244403],[-39.464548,-16.244405],[-39.464927,-16.244453],[-39.465246,-16.244691],[-39.465792,-16.244676],[-39.466461,-16.244665],[-39.467002,-16.244621],[-39.46739,-16.244394],[-39.467637,-16.239618],[-39.468395,-16.238288],[-39.468509,-16.238199],[-39.468671,-16.238071],[-39.469106,-16.237861],[-39.469568,-16.238067],[-39.470052,-16.237942],[-39.470227,-16.238356],[-39.470516,-16.23844],[-39.470758,-16.238263],[-39.471181,-16.238393],[-39.471561,-16.238626],[-39.471611,-16.239043],[-39.471929,-16.239289],[-39.472181,-16.239408],[-39.472485,-16.239635],[-39.473024,-16.24016],[-39.4733,-16.240441],[-39.473757,-16.240809],[-39.474387,-16.241651],[-39.475431,-16.241723],[-39.476449,-16.241398],[-39.476978,-16.240904],[-39.478213,-16.240349],[-39.479179,-16.24015],[-39.481033,-16.240061],[-39.482347,-16.237083],[-39.4827,-16.236283],[-39.483243,-16.235101],[-39.481528,-16.234072],[-39.479557,-16.23289],[-39.479226,-16.233669],[-39.476484,-16.231606],[-39.475429,-16.23097],[-39.472246,-16.228946],[-39.467185,-16.225728],[-39.465994,-16.224996],[-39.463995,-16.223766],[-39.4635,-16.223494],[-39.462977,-16.222654],[-39.462971,-16.222083],[-39.462862,-16.221515],[-39.462577,-16.22126],[-39.462532,-16.221254],[-39.462343,-16.221444],[-39.461992,-16.221867],[-39.461608,-16.222191],[-39.461509,-16.222354],[-39.46152,-16.222867],[-39.461529,-16.223472],[-39.461305,-16.223739],[-39.460915,-16.223925],[-39.460406,-16.224226],[-39.459799,-16.224235],[-39.45922,-16.224289],[-39.458514,-16.224675],[-39.458182,-16.224844],[-39.458174,-16.224851],[-39.458042,-16.22495],[-39.457672,-16.225245],[-39.457309,-16.225619],[-39.456858,-16.225954],[-39.456541,-16.226005],[-39.456249,-16.225801],[-39.456089,-16.225673],[-39.456081,-16.225636],[-39.456036,-16.225443],[-39.456088,-16.22511],[-39.456698,-16.22439],[-39.456963,-16.223849],[-39.457015,-16.223334],[-39.456991,-16.223119],[-39.456882,-16.22295],[-39.456728,-16.222845],[-39.456445,-16.222708],[-39.456238,-16.222656],[-39.456074,-16.222625],[-39.45584,-16.222692],[-39.455686,-16.222874],[-39.455599,-16.223106],[-39.455521,-16.22331],[-39.455475,-16.223426],[-39.455358,-16.223504],[-39.455114,-16.22354],[-39.455053,-16.223534],[-39.454933,-16.22346],[-39.454943,-16.223197],[-39.454937,-16.223081],[-39.454937,-16.222773],[-39.454936,-16.222593],[-39.454876,-16.222472],[-39.454723,-16.222362],[-39.454548,-16.222435],[-39.454351,-16.22262],[-39.454271,-16.222697],[-39.454033,-16.223057],[-39.45398,-16.22316],[-39.453856,-16.223326],[-39.453609,-16.223437],[-39.453556,-16.223177],[-39.453478,-16.222728],[-39.453309,-16.222248],[-39.452894,-16.222162],[-39.452667,-16.222074],[-39.452408,-16.222161],[-39.452125,-16.222074],[-39.452143,-16.221776],[-39.452295,-16.22127],[-39.452243,-16.22085],[-39.451822,-16.220275],[-39.451181,-16.219882],[-39.45039,-16.21951],[-39.450331,-16.219485],[-39.450064,-16.219373],[-39.449723,-16.219527],[-39.449282,-16.219749],[-39.449157,-16.219999],[-39.449307,-16.220436],[-39.449442,-16.220858],[-39.449355,-16.221034],[-39.44904,-16.221043],[-39.448578,-16.220958],[-39.447798,-16.220771],[-39.447328,-16.220805],[-39.446956,-16.22076],[-39.446586,-16.220709],[-39.446211,-16.220703],[-39.445842,-16.220759],[-39.445478,-16.220846],[-39.445124,-16.220961],[-39.444815,-16.221166],[-39.444773,-16.221217],[-39.444654,-16.221561],[-39.444629,-16.221705],[-39.444424,-16.222008],[-39.444216,-16.222309],[-39.44402,-16.222616],[-39.44382,-16.222922],[-39.443629,-16.223233],[-39.44336,-16.223484],[-39.443211,-16.223514],[-39.442814,-16.223344],[-39.442565,-16.223074],[-39.442485,-16.222947],[-39.442361,-16.222668],[-39.442138,-16.22259],[-39.441997,-16.222833],[-39.441929,-16.223189],[-39.441844,-16.223496],[-39.441692,-16.223608],[-39.441461,-16.223567],[-39.441111,-16.223439],[-39.440739,-16.223394],[-39.440441,-16.223478],[-39.440387,-16.223611],[-39.440459,-16.223786],[-39.440538,-16.224139],[-39.440539,-16.224501],[-39.440465,-16.224855],[-39.440418,-16.224932],[-39.440263,-16.22494],[-39.439921,-16.224793],[-39.439558,-16.224706],[-39.439184,-16.224682],[-39.438842,-16.224797],[-39.43864,-16.225101],[-39.438548,-16.225452],[-39.438448,-16.2258],[-39.438456,-16.225993],[-39.438609,-16.22611],[-39.43898,-16.226154],[-39.439242,-16.226282],[-39.439384,-16.226459],[-39.43938,-16.226603],[-39.439148,-16.226887],[-39.438936,-16.227185],[-39.438719,-16.22748],[-39.438631,-16.227571],[-39.438631,-16.227571]]]}},{"type":"Feature","properties":{"gid":"437","cd_sipra":"BA0335000","nome_projeto":"PA SANTA IRENE","municipio":"GONGOGI","area_hectare_declarada":"930.8874","capacidade":"87","num_familias":"78","fase":"4","data_de_criacao":"09/05/2003","forma_obtencao":"Desapropriação","data_obtencao":"22/11/2001","area_calc_ha":"990.7019"},"geometry":{"type":"Polygon","coordinates":[[[-39.494017,-14.276299],[-39.494215,-14.277766],[-39.494478,-14.279267],[-39.494475,-14.279842],[-39.493646,-14.280108],[-39.493603,-14.280656],[-39.492753,-14.28114],[-39.493526,-14.282977],[-39.493651,-14.283881],[-39.493699,-14.285273],[-39.493678,-14.285946],[-39.493782,-14.28662],[-39.49356,-14.28759],[-39.492808,-14.288594],[-39.492748,-14.288673],[-39.491802,-14.289668],[-39.49163,-14.289474],[-39.491654,-14.288261],[-39.491659,-14.28791],[-39.491728,-14.286373],[-39.489446,-14.286512],[-39.490292,-14.288445],[-39.490736,-14.289657],[-39.490368,-14.290146],[-39.49016,-14.29095],[-39.490311,-14.291173],[-39.491991,-14.292336],[-39.492554,-14.292775],[-39.493006,-14.293341],[-39.493421,-14.294245],[-39.493089,-14.294339],[-39.491685,-14.295212],[-39.49243,-14.296042],[-39.493393,-14.296512],[-39.494078,-14.29669],[-39.495918,-14.295816],[-39.496272,-14.295756],[-39.496637,-14.295841],[-39.497099,-14.298094],[-39.496642,-14.298524],[-39.496653,-14.299263],[-39.49631,-14.299372],[-39.496238,-14.300251],[-39.496333,-14.300463],[-39.496334,-14.300844],[-39.496846,-14.301948],[-39.496557,-14.302676],[-39.495783,-14.302558],[-39.495748,-14.303031],[-39.495216,-14.304643],[-39.497131,-14.304698],[-39.497135,-14.304783],[-39.497284,-14.305881],[-39.497144,-14.308008],[-39.497255,-14.308165],[-39.497511,-14.30822],[-39.498315,-14.308039],[-39.499408,-14.30831],[-39.499711,-14.308862],[-39.499797,-14.308849],[-39.502677,-14.306615],[-39.502735,-14.306554],[-39.504036,-14.305527],[-39.504268,-14.304912],[-39.504101,-14.30381],[-39.503767,-14.302814],[-39.503903,-14.30264],[-39.505077,-14.301305],[-39.505394,-14.3011],[-39.505102,-14.30025],[-39.504475,-14.299458],[-39.505071,-14.299295],[-39.504768,-14.295876],[-39.50491,-14.293387],[-39.505168,-14.293389],[-39.505767,-14.293043],[-39.506089,-14.291978],[-39.507206,-14.290895],[-39.507324,-14.290585],[-39.507334,-14.290495],[-39.50725,-14.289988],[-39.507681,-14.289572],[-39.508345,-14.289582],[-39.508621,-14.290059],[-39.508788,-14.290079],[-39.50866,-14.290143],[-39.508867,-14.290708],[-39.509152,-14.291735],[-39.50952,-14.292206],[-39.510391,-14.294879],[-39.511679,-14.295167],[-39.512359,-14.294986],[-39.513341,-14.294642],[-39.513816,-14.294513],[-39.514052,-14.295562],[-39.515916,-14.297966],[-39.51711,-14.299287],[-39.517178,-14.299443],[-39.517434,-14.299545],[-39.517813,-14.299399],[-39.517889,-14.299704],[-39.518544,-14.300246],[-39.518836,-14.300619],[-39.519144,-14.299646],[-39.51928,-14.299523],[-39.520096,-14.29942],[-39.522544,-14.299514],[-39.524118,-14.297662],[-39.524119,-14.296771],[-39.523632,-14.296456],[-39.523487,-14.296248],[-39.523566,-14.29604],[-39.524147,-14.295744],[-39.525023,-14.295534],[-39.52512,-14.295492],[-39.525804,-14.295453],[-39.526912,-14.294815],[-39.527206,-14.294932],[-39.52737,-14.295273],[-39.528614,-14.29628],[-39.529095,-14.296127],[-39.529701,-14.295726],[-39.529591,-14.294468],[-39.529965,-14.293687],[-39.530206,-14.29305],[-39.530036,-14.292283],[-39.528401,-14.292232],[-39.527773,-14.291646],[-39.527523,-14.290289],[-39.527211,-14.289959],[-39.527053,-14.289868],[-39.526794,-14.289576],[-39.526694,-14.289451],[-39.526572,-14.289102],[-39.526341,-14.288731],[-39.526063,-14.287962],[-39.525817,-14.287694],[-39.525466,-14.287105],[-39.525392,-14.286844],[-39.525382,-14.286421],[-39.526317,-14.286017],[-39.526513,-14.285878],[-39.526636,-14.285656],[-39.526633,-14.284924],[-39.526179,-14.284923],[-39.525122,-14.284484],[-39.52479,-14.284111],[-39.524645,-14.283743],[-39.524072,-14.283426],[-39.523668,-14.282882],[-39.524762,-14.280275],[-39.525026,-14.280294],[-39.524107,-14.277544],[-39.522704,-14.276877],[-39.522681,-14.276824],[-39.519995,-14.27562],[-39.520314,-14.27434],[-39.520573,-14.274342],[-39.520711,-14.274222],[-39.520938,-14.273877],[-39.521094,-14.273554],[-39.521197,-14.272725],[-39.52086,-14.272916],[-39.520707,-14.273134],[-39.519993,-14.273339],[-39.519504,-14.273776],[-39.518456,-14.273416],[-39.518269,-14.271924],[-39.51534,-14.271657],[-39.514743,-14.270954],[-39.513862,-14.270618],[-39.512866,-14.269621],[-39.512692,-14.269723],[-39.510627,-14.272839],[-39.510811,-14.27316],[-39.511043,-14.27318],[-39.510755,-14.274348],[-39.510649,-14.274986],[-39.510165,-14.275331],[-39.50951,-14.275338],[-39.508234,-14.275918],[-39.507579,-14.276679],[-39.50541,-14.276737],[-39.504368,-14.276326],[-39.503535,-14.275711],[-39.502658,-14.275084],[-39.50222,-14.274893],[-39.502125,-14.274825],[-39.501979,-14.274647],[-39.50193,-14.274527],[-39.501725,-14.274192],[-39.501362,-14.273956],[-39.50014,-14.272932],[-39.499604,-14.272193],[-39.497817,-14.271196],[-39.497991,-14.270862],[-39.498066,-14.270218],[-39.49703,-14.269539],[-39.49674,-14.27019],[-39.496187,-14.271502],[-39.495359,-14.272735],[-39.494646,-14.273722],[-39.494306,-14.274285],[-39.493568,-14.275458],[-39.494017,-14.276299]]]}},{"type":"Feature","properties":{"gid":"11911","cd_sipra":"BA0869000","nome_projeto":"PA CONJUNTO CRUZEIRO DO NORTE E SANTA MARIA","municipio":"ITAJUIPE","area_hectare_declarada":"86.3301","capacidade":"11","num_familias":"6","fase":"3","data_de_criacao":"04/12/2012","forma_obtencao":"Desapropriação","data_obtencao":"01/11/2007","area_calc_ha":"86.3946"},"geometry":{"type":"Polygon","coordinates":[[[-39.424614,-14.644817],[-39.425071,-14.646054],[-39.425207,-14.646439],[-39.42536,-14.646704],[-39.425504,-14.646951],[-39.425665,-14.647374],[-39.425797,-14.647613],[-39.425811,-14.647658],[-39.42597,-14.64788],[-39.426212,-14.648392],[-39.426326,-14.648691],[-39.426718,-14.648651],[-39.427002,-14.648621],[-39.42728,-14.648601],[-39.427693,-14.64857],[-39.427788,-14.64862],[-39.427234,-14.650119],[-39.427287,-14.65082],[-39.42755,-14.651747],[-39.427476,-14.652153],[-39.427596,-14.652858],[-39.429177,-14.652364],[-39.429882,-14.652084],[-39.43207,-14.651342],[-39.432302,-14.651358],[-39.432378,-14.651387],[-39.433571,-14.650758],[-39.433972,-14.650512],[-39.434288,-14.650189],[-39.433821,-14.649751],[-39.433533,-14.649455],[-39.433485,-14.649332],[-39.433301,-14.648587],[-39.433274,-14.647603],[-39.433434,-14.64677],[-39.433515,-14.645598],[-39.433592,-14.645049],[-39.433673,-14.644534],[-39.433652,-14.64418],[-39.433772,-14.64359],[-39.433744,-14.643254],[-39.433593,-14.642683],[-39.433404,-14.641281],[-39.43321,-14.641163],[-39.432305,-14.641324],[-39.43067,-14.64155],[-39.430512,-14.641422],[-39.43021,-14.641136],[-39.429864,-14.640924],[-39.429053,-14.640798],[-39.428756,-14.640687],[-39.428671,-14.640696],[-39.428488,-14.640926],[-39.428387,-14.6411],[-39.428251,-14.641664],[-39.427806,-14.64259],[-39.427269,-14.643815],[-39.427156,-14.644064],[-39.427026,-14.644342],[-39.426846,-14.644921],[-39.426783,-14.644899],[-39.426693,-14.644873],[-39.426406,-14.644871],[-39.42593,-14.644845],[-39.424614,-14.644817]]]}},{"type":"Feature","properties":{"gid":"614","cd_sipra":"BA0191000","nome_projeto":"PA CONJUNTO VILA ISABEL","municipio":"IBICARAI","area_hectare_declarada":"1016.1156","capacidade":"60","num_familias":"37","fase":"3","data_de_criacao":"14/05/1999","forma_obtencao":"Desapropriação","data_obtencao":"23/12/1998","area_calc_ha":"1056.1397"},"geometry":{"type":"Polygon","coordinates":[[[-39.460301,-14.840095],[-39.458744,-14.841207],[-39.458729,-14.841185],[-39.458545,-14.840923],[-39.457473,-14.840716],[-39.457328,-14.840755],[-39.457195,-14.840791],[-39.456685,-14.841683],[-39.456442,-14.842108],[-39.456388,-14.842326],[-39.455903,-14.844302],[-39.455869,-14.845135],[-39.455843,-14.845236],[-39.455814,-14.845455],[-39.455454,-14.845891],[-39.454873,-14.846688],[-39.454697,-14.847387],[-39.455635,-14.84823],[-39.454731,-14.849266],[-39.454187,-14.849721],[-39.453906,-14.849878],[-39.453709,-14.849987],[-39.452508,-14.850656],[-39.451763,-14.851385],[-39.451721,-14.851414],[-39.451539,-14.851537],[-39.451502,-14.851642],[-39.451225,-14.852411],[-39.450108,-14.853149],[-39.448569,-14.854869],[-39.447824,-14.855519],[-39.446908,-14.855882],[-39.44592,-14.857759],[-39.445851,-14.857855],[-39.444989,-14.859053],[-39.444279,-14.86004],[-39.446717,-14.8611],[-39.446923,-14.86119],[-39.446982,-14.861216],[-39.447091,-14.86207],[-39.448375,-14.862056],[-39.448435,-14.862207],[-39.448844,-14.863245],[-39.449698,-14.865412],[-39.449602,-14.867143],[-39.44903,-14.86748],[-39.450955,-14.869089],[-39.451257,-14.869753],[-39.452194,-14.869682],[-39.452625,-14.86965],[-39.452689,-14.869645],[-39.452881,-14.869486],[-39.453306,-14.869168],[-39.453322,-14.869155],[-39.453736,-14.869162],[-39.453769,-14.869164],[-39.454092,-14.869201],[-39.454479,-14.869222],[-39.454882,-14.869295],[-39.455374,-14.869368],[-39.456544,-14.869513],[-39.457038,-14.870139],[-39.457141,-14.870275],[-39.457575,-14.87086],[-39.458721,-14.871161],[-39.458781,-14.871177],[-39.45923,-14.869901],[-39.459894,-14.870004],[-39.460435,-14.870081],[-39.462017,-14.870357],[-39.463576,-14.87064],[-39.463634,-14.870651],[-39.462693,-14.868362],[-39.462687,-14.868348],[-39.465057,-14.86874],[-39.467359,-14.869191],[-39.468702,-14.868468],[-39.468915,-14.868405],[-39.468972,-14.868388],[-39.471788,-14.87261],[-39.47188,-14.872749],[-39.469857,-14.873696],[-39.47,-14.875491],[-39.470079,-14.875518],[-39.470704,-14.875727],[-39.470804,-14.875761],[-39.470821,-14.875767],[-39.470842,-14.875753],[-39.472143,-14.874916],[-39.472575,-14.874812],[-39.4728,-14.874796],[-39.47291,-14.874788],[-39.473136,-14.874773],[-39.473709,-14.874674],[-39.47382,-14.874656],[-39.478843,-14.87404],[-39.479081,-14.874055],[-39.479184,-14.87458],[-39.479111,-14.874836],[-39.479079,-14.874949],[-39.479066,-14.87496],[-39.478432,-14.875467],[-39.47841,-14.876409],[-39.479079,-14.876998],[-39.479435,-14.877472],[-39.480751,-14.876776],[-39.483018,-14.876364],[-39.483519,-14.876273],[-39.483578,-14.876263],[-39.483442,-14.876064],[-39.482087,-14.874086],[-39.481677,-14.873487],[-39.483655,-14.872869],[-39.484199,-14.872669],[-39.484513,-14.872563],[-39.484638,-14.872385],[-39.484844,-14.872102],[-39.48538,-14.871367],[-39.485334,-14.870972],[-39.485332,-14.870954],[-39.486351,-14.871014],[-39.486407,-14.871017],[-39.486451,-14.869373],[-39.486997,-14.86913],[-39.48806,-14.870148],[-39.488109,-14.870194],[-39.488463,-14.869794],[-39.489433,-14.869435],[-39.490578,-14.868009],[-39.490465,-14.866632],[-39.491488,-14.86535],[-39.491417,-14.86452],[-39.491264,-14.862734],[-39.491226,-14.862295],[-39.492,-14.859791],[-39.492832,-14.859803],[-39.494612,-14.859828],[-39.497111,-14.859131],[-39.494708,-14.85594],[-39.494237,-14.855293],[-39.493673,-14.854519],[-39.493647,-14.854519],[-39.493588,-14.854519],[-39.493444,-14.85452],[-39.491621,-14.854532],[-39.491597,-14.854571],[-39.491053,-14.855474],[-39.4905,-14.856392],[-39.490174,-14.856681],[-39.489495,-14.857283],[-39.489192,-14.857552],[-39.487326,-14.858681],[-39.487289,-14.858675],[-39.484063,-14.858117],[-39.483636,-14.858066],[-39.48189,-14.857893],[-39.478886,-14.857594],[-39.477299,-14.857215],[-39.477174,-14.857186],[-39.477111,-14.857183],[-39.477081,-14.857182],[-39.476371,-14.85687],[-39.475436,-14.855277],[-39.475161,-14.854809],[-39.474939,-14.854592],[-39.474057,-14.853734],[-39.473993,-14.853672],[-39.473485,-14.853574],[-39.471717,-14.853229],[-39.471397,-14.853017],[-39.471385,-14.852982],[-39.471057,-14.852027],[-39.470911,-14.851832],[-39.470548,-14.851348],[-39.470035,-14.849583],[-39.469374,-14.8488],[-39.467772,-14.845707],[-39.468087,-14.843995],[-39.468117,-14.843835],[-39.46715,-14.843264],[-39.467098,-14.843233],[-39.467084,-14.843225],[-39.467069,-14.843263],[-39.467016,-14.843399],[-39.466686,-14.844235],[-39.466677,-14.844257],[-39.466488,-14.844373],[-39.466425,-14.844376],[-39.465194,-14.844435],[-39.465107,-14.844489],[-39.464794,-14.844684],[-39.465129,-14.845337],[-39.461692,-14.845951],[-39.461393,-14.846004],[-39.461306,-14.84602],[-39.460656,-14.846126],[-39.460121,-14.846233],[-39.458926,-14.846153],[-39.458772,-14.846142],[-39.458907,-14.845621],[-39.459189,-14.843503],[-39.459237,-14.842676],[-39.459249,-14.842473],[-39.459498,-14.842436],[-39.461465,-14.84215],[-39.463826,-14.841445],[-39.464112,-14.841323],[-39.46436,-14.841165],[-39.465651,-14.84081],[-39.465213,-14.840492],[-39.464971,-14.840317],[-39.463025,-14.838909],[-39.462435,-14.838482],[-39.462408,-14.838502],[-39.460301,-14.840095]]]}},{"type":"Feature","properties":{"gid":"814","cd_sipra":"BA0226000","nome_projeto":"PA CONJUNTO BOM GOSTO","municipio":"ILHEUS","area_hectare_declarada":"431.3063","capacidade":"40","num_familias":"37","fase":"3","data_de_criacao":"09/09/1999","forma_obtencao":"Desapropriação","data_obtencao":"07/12/1998","area_calc_ha":"421.4001"},"geometry":{"type":"Polygon","coordinates":[[[-39.127182,-14.680328],[-39.126738,-14.680719],[-39.126558,-14.681044],[-39.126613,-14.682037],[-39.126695,-14.683184],[-39.12666,-14.68373],[-39.126624,-14.684492],[-39.12623,-14.684491],[-39.123947,-14.684533],[-39.123892,-14.684567],[-39.123234,-14.684871],[-39.123993,-14.686697],[-39.123844,-14.687432],[-39.12362,-14.688152],[-39.123624,-14.688548],[-39.123523,-14.688626],[-39.123502,-14.688868],[-39.122923,-14.688795],[-39.122923,-14.688795],[-39.12245,-14.688734],[-39.12216,-14.688701],[-39.121891,-14.688545],[-39.121477,-14.688385],[-39.120936,-14.688135],[-39.120815,-14.688054],[-39.120724,-14.688075],[-39.120569,-14.688008],[-39.120318,-14.687665],[-39.120456,-14.687097],[-39.120132,-14.687032],[-39.118932,-14.686825],[-39.118542,-14.686752],[-39.118167,-14.687177],[-39.117955,-14.687267],[-39.117955,-14.687267],[-39.117816,-14.687513],[-39.117641,-14.687452],[-39.117373,-14.687351],[-39.117177,-14.686979],[-39.117252,-14.686761],[-39.117411,-14.686136],[-39.117646,-14.685547],[-39.117601,-14.68532],[-39.11685,-14.685353],[-39.116745,-14.685196],[-39.116544,-14.684961],[-39.11606,-14.684861],[-39.115608,-14.684805],[-39.115193,-14.684758],[-39.114904,-14.684721],[-39.114645,-14.685035],[-39.114538,-14.68524],[-39.114375,-14.685458],[-39.114143,-14.686471],[-39.113442,-14.686538],[-39.113348,-14.686585],[-39.111729,-14.687461],[-39.111526,-14.687623],[-39.11078,-14.687433],[-39.110373,-14.687661],[-39.110165,-14.688257],[-39.109328,-14.68909],[-39.109278,-14.689885],[-39.109072,-14.691019],[-39.109046,-14.691339],[-39.109033,-14.691658],[-39.107787,-14.691862],[-39.107782,-14.692419],[-39.107982,-14.692968],[-39.108175,-14.69343],[-39.107519,-14.693751],[-39.107366,-14.694107],[-39.107314,-14.694723],[-39.107196,-14.694987],[-39.107237,-14.695239],[-39.107468,-14.695477],[-39.108822,-14.695532],[-39.10897,-14.695569],[-39.109074,-14.696257],[-39.109195,-14.696721],[-39.108827,-14.696751],[-39.108587,-14.697092],[-39.108117,-14.697399],[-39.108436,-14.697344],[-39.108585,-14.697346],[-39.108907,-14.697409],[-39.109402,-14.697463],[-39.109845,-14.697563],[-39.110081,-14.697665],[-39.110194,-14.697657],[-39.110354,-14.697738],[-39.110744,-14.697934],[-39.111125,-14.698091],[-39.111206,-14.698164],[-39.111552,-14.698197],[-39.111857,-14.698271],[-39.112079,-14.698383],[-39.112368,-14.698523],[-39.112505,-14.698591],[-39.112644,-14.69867],[-39.112889,-14.698964],[-39.11298,-14.699099],[-39.113057,-14.699301],[-39.113175,-14.699467],[-39.113245,-14.699648],[-39.113498,-14.69992],[-39.113578,-14.700065],[-39.113799,-14.700256],[-39.114082,-14.700578],[-39.114139,-14.700683],[-39.11402,-14.70079],[-39.113795,-14.701113],[-39.114365,-14.701645],[-39.114758,-14.701896],[-39.115314,-14.701799],[-39.115406,-14.701772],[-39.115617,-14.701739],[-39.115895,-14.701761],[-39.116226,-14.701795],[-39.116911,-14.701925],[-39.118073,-14.702094],[-39.118075,-14.7022],[-39.118124,-14.704216],[-39.118677,-14.704186],[-39.119322,-14.704547],[-39.119984,-14.703928],[-39.119848,-14.703617],[-39.119923,-14.702429],[-39.119976,-14.702052],[-39.122,-14.701775],[-39.122584,-14.701718],[-39.122646,-14.701703],[-39.123339,-14.701618],[-39.125155,-14.701373],[-39.126788,-14.701155],[-39.128866,-14.700853],[-39.129628,-14.700747],[-39.130686,-14.700566],[-39.131887,-14.700386],[-39.132473,-14.700339],[-39.132591,-14.700185],[-39.132944,-14.699904],[-39.133403,-14.699782],[-39.133541,-14.699581],[-39.133627,-14.699417],[-39.133798,-14.699067],[-39.133999,-14.698492],[-39.134124,-14.697945],[-39.133969,-14.697719],[-39.133739,-14.697223],[-39.133761,-14.696992],[-39.133669,-14.696511],[-39.133548,-14.696407],[-39.133343,-14.696152],[-39.133171,-14.695762],[-39.133048,-14.695158],[-39.133043,-14.694798],[-39.132701,-14.694621],[-39.132195,-14.694317],[-39.131686,-14.693713],[-39.131209,-14.693255],[-39.13047,-14.692584],[-39.130314,-14.692421],[-39.130314,-14.692421],[-39.130808,-14.691802],[-39.131116,-14.691533],[-39.131549,-14.691121],[-39.132269,-14.690507],[-39.132074,-14.689782],[-39.13155,-14.689633],[-39.131441,-14.689629],[-39.131462,-14.689413],[-39.13153,-14.689184],[-39.131473,-14.688395],[-39.131434,-14.687993],[-39.131256,-14.687828],[-39.131154,-14.687682],[-39.130878,-14.687329],[-39.130803,-14.687062],[-39.129835,-14.686584],[-39.129339,-14.686375],[-39.129078,-14.686122],[-39.128689,-14.686003],[-39.128611,-14.685414],[-39.128773,-14.684924],[-39.129109,-14.684718],[-39.129273,-14.684514],[-39.129056,-14.684339],[-39.12879,-14.683883],[-39.12882,-14.683467],[-39.129426,-14.683098],[-39.129761,-14.682743],[-39.129903,-14.68234],[-39.129977,-14.681798],[-39.129671,-14.681236],[-39.129481,-14.680773],[-39.128436,-14.680833],[-39.128007,-14.680595],[-39.127182,-14.680328]]]}},{"type":"Feature","properties":{"gid":"17755","cd_sipra":"BA0332000","nome_projeto":"PA ETEVALDO BARRETO PELÉ","municipio":"IBICARAI","area_hectare_declarada":"518.2684","capacidade":"40","num_familias":"29","fase":"3","data_de_criacao":"18/10/2002","forma_obtencao":"Desapropriação","data_obtencao":"24/09/2001","area_calc_ha":"515.6623"},"geometry":{"type":"MultiPolygon","coordinates":[[[[-39.488843,-14.875682],[-39.48867,-14.875697],[-39.488235,-14.875812],[-39.486739,-14.876467],[-39.486423,-14.876469],[-39.486324,-14.876518],[-39.486124,-14.876516],[-39.484049,-14.87719],[-39.483614,-14.877397],[-39.482443,-14.877705],[-39.481709,-14.878008],[-39.480964,-14.878508],[-39.480196,-14.878843],[-39.479632,-14.879209],[-39.478742,-14.879831],[-39.478538,-14.879583],[-39.478322,-14.879262],[-39.478127,-14.878993],[-39.477817,-14.879166],[-39.475008,-14.880595],[-39.474674,-14.88073],[-39.474314,-14.880827],[-39.473966,-14.880875],[-39.473745,-14.880884],[-39.473288,-14.880881],[-39.47254,-14.880934],[-39.472486,-14.880936],[-39.471984,-14.881065],[-39.471723,-14.881224],[-39.471083,-14.881827],[-39.471153,-14.881868],[-39.471482,-14.882062],[-39.472087,-14.881747],[-39.472722,-14.881933],[-39.474834,-14.882954],[-39.474774,-14.883383],[-39.474752,-14.883491],[-39.474648,-14.883782],[-39.474461,-14.884277],[-39.473516,-14.886693],[-39.473487,-14.886752],[-39.474029,-14.887357],[-39.474333,-14.887749],[-39.474414,-14.88784],[-39.474609,-14.887998],[-39.475431,-14.888863],[-39.47555,-14.888995],[-39.476667,-14.889172],[-39.476877,-14.889303],[-39.477507,-14.889687],[-39.476804,-14.890307],[-39.475918,-14.891365],[-39.47582,-14.891458],[-39.475676,-14.891508],[-39.475593,-14.892069],[-39.475609,-14.892148],[-39.475706,-14.892287],[-39.475899,-14.892595],[-39.47592,-14.892622],[-39.476377,-14.893296],[-39.479778,-14.894516],[-39.479861,-14.89455],[-39.479982,-14.896001],[-39.481027,-14.895975],[-39.480797,-14.896549],[-39.480365,-14.897019],[-39.478615,-14.897232],[-39.479577,-14.899429],[-39.479712,-14.900463],[-39.481523,-14.901684],[-39.482129,-14.901151],[-39.482597,-14.900258],[-39.48289,-14.900101],[-39.483413,-14.900269],[-39.483593,-14.900368],[-39.483978,-14.900582],[-39.485297,-14.901087],[-39.485716,-14.899616],[-39.486049,-14.897772],[-39.487143,-14.898239],[-39.4874,-14.898384],[-39.487526,-14.897666],[-39.487605,-14.896823],[-39.486169,-14.896464],[-39.485505,-14.89625],[-39.486137,-14.89573],[-39.485849,-14.893467],[-39.48572,-14.892406],[-39.485858,-14.892256],[-39.486242,-14.89197],[-39.486813,-14.892291],[-39.487108,-14.891983],[-39.485286,-14.891145],[-39.484767,-14.891075],[-39.484624,-14.890446],[-39.484561,-14.888205],[-39.487854,-14.887708],[-39.488474,-14.887226],[-39.488739,-14.886993],[-39.488871,-14.886836],[-39.488999,-14.886706],[-39.489122,-14.886637],[-39.489364,-14.886601],[-39.490029,-14.886415],[-39.490111,-14.8864],[-39.490468,-14.886303],[-39.491175,-14.886182],[-39.49129,-14.886186],[-39.491843,-14.886063],[-39.492263,-14.886099],[-39.492448,-14.886107],[-39.493026,-14.88615],[-39.493492,-14.886116],[-39.493598,-14.886105],[-39.494282,-14.88637],[-39.494555,-14.886661],[-39.494815,-14.887228],[-39.494902,-14.887506],[-39.494981,-14.887644],[-39.495299,-14.888131],[-39.495717,-14.889212],[-39.495667,-14.889274],[-39.494789,-14.889504],[-39.494541,-14.889584],[-39.494454,-14.88966],[-39.494321,-14.889713],[-39.494241,-14.889754],[-39.493827,-14.890088],[-39.493738,-14.890155],[-39.493652,-14.890221],[-39.4936,-14.89026],[-39.493466,-14.890354],[-39.493104,-14.890916],[-39.49283,-14.891112],[-39.492422,-14.891439],[-39.49224,-14.891609],[-39.492105,-14.891829],[-39.491945,-14.891971],[-39.492383,-14.89247],[-39.492994,-14.892111],[-39.493255,-14.892017],[-39.493417,-14.891968],[-39.493945,-14.891936],[-39.494677,-14.891759],[-39.494719,-14.891746],[-39.4948,-14.891723],[-39.49489,-14.891694],[-39.495362,-14.891499],[-39.496184,-14.893018],[-39.49647,-14.893589],[-39.496507,-14.893745],[-39.496498,-14.893929],[-39.496993,-14.894062],[-39.497068,-14.894121],[-39.497148,-14.894193],[-39.497618,-14.894489],[-39.497751,-14.894584],[-39.497906,-14.894662],[-39.498209,-14.894802],[-39.498418,-14.894956],[-39.498781,-14.895177],[-39.499407,-14.895497],[-39.500341,-14.896207],[-39.50032,-14.89656],[-39.500407,-14.896781],[-39.501747,-14.89852],[-39.501474,-14.899901],[-39.50134,-14.901044],[-39.500626,-14.901386],[-39.499901,-14.901973],[-39.499724,-14.902848],[-39.499735,-14.903228],[-39.499731,-14.905075],[-39.499794,-14.905178],[-39.500195,-14.905583],[-39.500795,-14.905987],[-39.501078,-14.906333],[-39.501549,-14.907608],[-39.501568,-14.90779],[-39.503432,-14.908845],[-39.504838,-14.90683],[-39.50534,-14.905637],[-39.506989,-14.903712],[-39.506623,-14.903238],[-39.506408,-14.90291],[-39.505738,-14.902005],[-39.505337,-14.901937],[-39.504965,-14.901838],[-39.504193,-14.901538],[-39.5036,-14.901012],[-39.503222,-14.900538],[-39.502877,-14.899968],[-39.502625,-14.899572],[-39.502428,-14.899173],[-39.502502,-14.899094],[-39.502359,-14.898731],[-39.503088,-14.898387],[-39.504245,-14.898058],[-39.504729,-14.896155],[-39.504571,-14.896103],[-39.505255,-14.892623],[-39.505148,-14.892571],[-39.503284,-14.893147],[-39.502678,-14.892773],[-39.500058,-14.891174],[-39.498558,-14.890299],[-39.498967,-14.88918],[-39.500043,-14.889401],[-39.500444,-14.889477],[-39.501925,-14.890265],[-39.502394,-14.890203],[-39.503155,-14.889361],[-39.50344,-14.888306],[-39.503359,-14.888061],[-39.502472,-14.886266],[-39.501902,-14.885264],[-39.501164,-14.884977],[-39.500586,-14.884838],[-39.500016,-14.884635],[-39.500107,-14.883787],[-39.499512,-14.883078],[-39.499061,-14.883424],[-39.498276,-14.883043],[-39.496954,-14.882902],[-39.496758,-14.882867],[-39.494742,-14.882962],[-39.49303,-14.883259],[-39.492079,-14.883411],[-39.491775,-14.883448],[-39.49168,-14.883468],[-39.491429,-14.883515],[-39.490455,-14.883792],[-39.490354,-14.883788],[-39.490126,-14.883735],[-39.489407,-14.883854],[-39.489311,-14.883869],[-39.488964,-14.883908],[-39.488138,-14.883861],[-39.488655,-14.883043],[-39.488736,-14.882991],[-39.49009,-14.881907],[-39.490328,-14.881505],[-39.490651,-14.880614],[-39.490674,-14.880421],[-39.490661,-14.87974],[-39.490542,-14.879246],[-39.489997,-14.87778],[-39.489867,-14.877592],[-39.489761,-14.877274],[-39.489053,-14.876037],[-39.488843,-14.875682]],[[-39.48145,-14.881929],[-39.481926,-14.882148],[-39.482582,-14.882647],[-39.482645,-14.882729],[-39.482925,-14.882926],[-39.483412,-14.883212],[-39.483472,-14.883874],[-39.481815,-14.883093],[-39.481716,-14.883023],[-39.48134,-14.882783],[-39.480945,-14.882598],[-39.481252,-14.882199],[-39.48145,-14.881929]]],[[[-39.478838,-14.874053],[-39.473793,-14.874672],[-39.47369,-14.874687],[-39.473127,-14.874777],[-39.47298,-14.874808],[-39.472794,-14.874799],[-39.473185,-14.875624],[-39.473602,-14.876121],[-39.47376,-14.876112],[-39.474013,-14.876786],[-39.473848,-14.876929],[-39.473812,-14.87703],[-39.473926,-14.877141],[-39.474208,-14.877209],[-39.474659,-14.878251],[-39.47471,-14.878464],[-39.474445,-14.878647],[-39.47426,-14.879326],[-39.473465,-14.879167],[-39.473142,-14.879103],[-39.471994,-14.879242],[-39.471296,-14.880748],[-39.471205,-14.880885],[-39.471145,-14.881105],[-39.470878,-14.881418],[-39.471433,-14.880866],[-39.471797,-14.880646],[-39.472416,-14.880487],[-39.473619,-14.880441],[-39.473924,-14.880424],[-39.474219,-14.880384],[-39.474522,-14.880302],[-39.474811,-14.880185],[-39.477595,-14.878769],[-39.477856,-14.878597],[-39.477658,-14.878323],[-39.477709,-14.87789],[-39.4781,-14.877669],[-39.478311,-14.87788],[-39.479071,-14.877004],[-39.47841,-14.876378],[-39.478425,-14.875474],[-39.479071,-14.874959],[-39.479177,-14.874582],[-39.479079,-14.874058],[-39.478838,-14.874053]]]]}},{"type":"Feature","properties":{"gid":"4122","cd_sipra":"BA0519000","nome_projeto":"PA CONJUNTO SAO JOAO","municipio":"IBIRAPITANGA","area_hectare_declarada":"727.9551","capacidade":"44","num_familias":"43","fase":"3","data_de_criacao":"15/09/2005","forma_obtencao":"Desapropriação","data_obtencao":"05/08/2004","area_calc_ha":"758.2658"},"geometry":{"type":"Polygon","coordinates":[[[-39.387308,-14.120255],[-39.387509,-14.122004],[-39.387356,-14.122747],[-39.387806,-14.123951],[-39.388051,-14.123969],[-39.388529,-14.124713],[-39.388931,-14.125586],[-39.389045,-14.125739],[-39.389119,-14.12579],[-39.389306,-14.125867],[-39.389457,-14.12591],[-39.389462,-14.12591],[-39.3899,-14.125815],[-39.39056,-14.125821],[-39.390589,-14.125819],[-39.390595,-14.125821],[-39.390629,-14.125822],[-39.390783,-14.125886],[-39.391972,-14.127597],[-39.392161,-14.12858],[-39.391948,-14.129183],[-39.39201,-14.129876],[-39.392583,-14.130522],[-39.393129,-14.130525],[-39.393155,-14.131363],[-39.392973,-14.131634],[-39.392631,-14.132363],[-39.392742,-14.132742],[-39.392753,-14.133194],[-39.393159,-14.133473],[-39.39332,-14.133081],[-39.394548,-14.133702],[-39.394735,-14.134153],[-39.39521,-14.133897],[-39.395416,-14.13344],[-39.395788,-14.133635],[-39.397402,-14.132678],[-39.39768,-14.132978],[-39.397808,-14.133393],[-39.397136,-14.133486],[-39.396939,-14.133622],[-39.397015,-14.133764],[-39.396781,-14.134195],[-39.396634,-14.134262],[-39.396577,-14.134366],[-39.396792,-14.134929],[-39.397936,-14.135727],[-39.398456,-14.135759],[-39.398746,-14.136413],[-39.397705,-14.136858],[-39.39711,-14.136787],[-39.397033,-14.137059],[-39.397073,-14.137199],[-39.396668,-14.137531],[-39.396602,-14.137655],[-39.395912,-14.137871],[-39.395572,-14.137837],[-39.395549,-14.138922],[-39.395408,-14.139329],[-39.395185,-14.139726],[-39.395533,-14.140299],[-39.396157,-14.141889],[-39.398113,-14.140703],[-39.398573,-14.141166],[-39.398835,-14.141765],[-39.39908,-14.142114],[-39.399544,-14.143496],[-39.39969,-14.143721],[-39.400577,-14.144533],[-39.397821,-14.146555],[-39.397155,-14.146344],[-39.396889,-14.147045],[-39.397488,-14.148195],[-39.397657,-14.148312],[-39.397976,-14.149004],[-39.398225,-14.149365],[-39.399029,-14.149236],[-39.400329,-14.152417],[-39.400756,-14.152927],[-39.401054,-14.153275],[-39.404517,-14.152384],[-39.404649,-14.153029],[-39.404704,-14.154487],[-39.404591,-14.154952],[-39.40467,-14.155323],[-39.405085,-14.155413],[-39.405389,-14.155356],[-39.405446,-14.154904],[-39.406058,-14.154736],[-39.405952,-14.153513],[-39.40774,-14.153028],[-39.40787,-14.15383],[-39.408644,-14.153801],[-39.409371,-14.153959],[-39.410081,-14.155294],[-39.410981,-14.155629],[-39.411135,-14.155452],[-39.411296,-14.154907],[-39.411598,-14.154829],[-39.411738,-14.154902],[-39.412403,-14.155061],[-39.413666,-14.154706],[-39.413591,-14.154047],[-39.413714,-14.153041],[-39.413512,-14.153111],[-39.412496,-14.149352],[-39.412068,-14.147016],[-39.414774,-14.146576],[-39.415719,-14.145641],[-39.416476,-14.142183],[-39.417717,-14.14178],[-39.418737,-14.142541],[-39.41914,-14.14325],[-39.420776,-14.141548],[-39.421607,-14.142109],[-39.425479,-14.149104],[-39.426637,-14.148597],[-39.429471,-14.14269],[-39.429444,-14.142011],[-39.430048,-14.141567],[-39.430161,-14.141207],[-39.431089,-14.140678],[-39.433899,-14.140774],[-39.434241,-14.141027],[-39.437838,-14.141675],[-39.438152,-14.141204],[-39.437936,-14.140304],[-39.43843,-14.139791],[-39.438056,-14.138268],[-39.436994,-14.136583],[-39.437338,-14.133212],[-39.437252,-14.133181],[-39.437173,-14.133152],[-39.437076,-14.132367],[-39.436837,-14.132199],[-39.436544,-14.131707],[-39.436583,-14.131419],[-39.435432,-14.131812],[-39.435073,-14.132206],[-39.434729,-14.13237],[-39.433459,-14.132423],[-39.432717,-14.13273],[-39.431599,-14.133484],[-39.431004,-14.133466],[-39.428895,-14.134511],[-39.428633,-14.134222],[-39.427869,-14.134348],[-39.42721,-14.134037],[-39.422839,-14.135118],[-39.422731,-14.13476],[-39.422948,-14.13426],[-39.422808,-14.133608],[-39.422297,-14.133529],[-39.421494,-14.132675],[-39.420179,-14.133837],[-39.419362,-14.133844],[-39.419018,-14.133681],[-39.417685,-14.133901],[-39.414641,-14.133638],[-39.413389,-14.133882],[-39.412483,-14.133854],[-39.411376,-14.13285],[-39.410327,-14.132024],[-39.409922,-14.131843],[-39.409857,-14.131828],[-39.408806,-14.131772],[-39.40876,-14.131754],[-39.406346,-14.130962],[-39.406195,-14.132704],[-39.406213,-14.132719],[-39.406256,-14.132712],[-39.406184,-14.132835],[-39.406082,-14.134011],[-39.406084,-14.134011],[-39.406111,-14.134064],[-39.40609,-14.134081],[-39.406098,-14.134112],[-39.406089,-14.134115],[-39.40609,-14.134122],[-39.406088,-14.134149],[-39.406111,-14.13416],[-39.406068,-14.134175],[-39.406064,-14.134215],[-39.404077,-14.134876],[-39.404069,-14.134867],[-39.404037,-14.134878],[-39.403116,-14.133857],[-39.403157,-14.13307],[-39.402846,-14.131647],[-39.403749,-14.131097],[-39.403804,-14.130907],[-39.403834,-14.130522],[-39.403843,-14.12985],[-39.403912,-14.12892],[-39.403606,-14.12846],[-39.40336,-14.128154],[-39.402178,-14.127505],[-39.401626,-14.127457],[-39.4005,-14.128817],[-39.400471,-14.128806],[-39.40046,-14.12882],[-39.400453,-14.128817],[-39.400309,-14.12931],[-39.399974,-14.129625],[-39.40031,-14.130928],[-39.400395,-14.132228],[-39.400354,-14.132223],[-39.400355,-14.13223],[-39.399371,-14.132129],[-39.399008,-14.132205],[-39.398991,-14.132203],[-39.398968,-14.132208],[-39.398377,-14.132137],[-39.397628,-14.131478],[-39.395643,-14.131429],[-39.39551,-14.130906],[-39.395009,-14.129864],[-39.394928,-14.129436],[-39.394996,-14.128892],[-39.394637,-14.12842],[-39.394603,-14.128214],[-39.395008,-14.12736],[-39.394708,-14.126556],[-39.395166,-14.124811],[-39.395199,-14.124114],[-39.395015,-14.123506],[-39.390987,-14.12101],[-39.390987,-14.12101],[-39.390981,-14.121013],[-39.390821,-14.121101],[-39.390739,-14.121163],[-39.390711,-14.121141],[-39.389704,-14.120232],[-39.387542,-14.120251],[-39.387308,-14.120255]]]}},{"type":"Feature","properties":{"gid":"639","cd_sipra":"BA0505000","nome_projeto":"PA SERRA DE AREIA I E II","municipio":"IBIRAPITANGA","area_hectare_declarada":"469.2184","capacidade":"37","num_familias":"35","fase":"5","data_de_criacao":"07/10/2004","forma_obtencao":"Desapropriação","data_obtencao":"25/02/2003","area_calc_ha":"421.2953"},"geometry":{"type":"Polygon","coordinates":[[[-39.38957,-14.11065],[-39.388394,-14.111251],[-39.388203,-14.111242],[-39.387802,-14.111416],[-39.387673,-14.111465],[-39.387598,-14.111761],[-39.387307,-14.111879],[-39.387143,-14.112275],[-39.386891,-14.112205],[-39.385652,-14.113795],[-39.385176,-14.11407],[-39.384142,-14.113763],[-39.383289,-14.114026],[-39.382746,-14.113808],[-39.382107,-14.115137],[-39.382027,-14.11589],[-39.38194,-14.115939],[-39.381942,-14.116765],[-39.381407,-14.116935],[-39.381167,-14.117727],[-39.380996,-14.117843],[-39.381961,-14.119286],[-39.381049,-14.119771],[-39.381038,-14.120266],[-39.381234,-14.120242],[-39.381384,-14.120674],[-39.380699,-14.121372],[-39.38042,-14.121758],[-39.379163,-14.122632],[-39.379198,-14.122759],[-39.37897,-14.122825],[-39.379671,-14.124672],[-39.38051,-14.12587],[-39.381658,-14.126833],[-39.3824,-14.12769],[-39.382286,-14.127755],[-39.382254,-14.127813],[-39.382217,-14.127867],[-39.382187,-14.127925],[-39.382138,-14.127953],[-39.382107,-14.128],[-39.382084,-14.128039],[-39.382054,-14.128074],[-39.382021,-14.128131],[-39.382022,-14.128179],[-39.382009,-14.128234],[-39.381995,-14.128301],[-39.38197,-14.128351],[-39.381944,-14.128401],[-39.381917,-14.128467],[-39.381883,-14.128528],[-39.381857,-14.128581],[-39.381827,-14.128641],[-39.381826,-14.128702],[-39.381781,-14.128763],[-39.381808,-14.128808],[-39.381803,-14.128857],[-39.381787,-14.128916],[-39.381806,-14.129033],[-39.381815,-14.129075],[-39.381834,-14.129054],[-39.381843,-14.129097],[-39.381854,-14.129129],[-39.381863,-14.129169],[-39.381862,-14.129209],[-39.381876,-14.129257],[-39.381874,-14.129314],[-39.381876,-14.129371],[-39.381953,-14.129404],[-39.381849,-14.129465],[-39.38185,-14.129528],[-39.381845,-14.129587],[-39.381824,-14.129655],[-39.381798,-14.129715],[-39.381773,-14.129773],[-39.381776,-14.129854],[-39.381695,-14.129919],[-39.381805,-14.130045],[-39.381701,-14.130038],[-39.381696,-14.130096],[-39.381632,-14.130127],[-39.381694,-14.13024],[-39.381702,-14.130252],[-39.381698,-14.130279],[-39.381657,-14.130349],[-39.381582,-14.130402],[-39.38157,-14.130524],[-39.38157,-14.130573],[-39.381568,-14.130628],[-39.381574,-14.130638],[-39.381559,-14.130707],[-39.381648,-14.130748],[-39.381715,-14.130784],[-39.381841,-14.13099],[-39.381876,-14.130996],[-39.381894,-14.13108],[-39.381824,-14.131149],[-39.381936,-14.131243],[-39.381872,-14.131318],[-39.382007,-14.131357],[-39.381995,-14.131417],[-39.381906,-14.13145],[-39.381839,-14.131495],[-39.38194,-14.131556],[-39.382054,-14.131604],[-39.381991,-14.131692],[-39.385037,-14.132695],[-39.385257,-14.132663],[-39.385249,-14.132813],[-39.386976,-14.131703],[-39.38728,-14.131654],[-39.387278,-14.131599],[-39.388381,-14.131076],[-39.389072,-14.130463],[-39.389697,-14.130443],[-39.391465,-14.130026],[-39.391552,-14.130053],[-39.391973,-14.129918],[-39.391908,-14.129182],[-39.392121,-14.128583],[-39.391932,-14.1276],[-39.390747,-14.125889],[-39.390595,-14.125821],[-39.39056,-14.125821],[-39.389462,-14.12591],[-39.389458,-14.125911],[-39.389457,-14.12591],[-39.389418,-14.125913],[-39.389306,-14.125867],[-39.389178,-14.125831],[-39.389119,-14.12579],[-39.389002,-14.125742],[-39.38801,-14.123972],[-39.387766,-14.123954],[-39.387315,-14.12275],[-39.387469,-14.122007],[-39.387268,-14.120256],[-39.387308,-14.120255],[-39.387308,-14.120253],[-39.387542,-14.120251],[-39.389684,-14.120214],[-39.389704,-14.120232],[-39.389776,-14.120232],[-39.395055,-14.123503],[-39.39524,-14.124112],[-39.395207,-14.124809],[-39.394748,-14.126554],[-39.395048,-14.127357],[-39.394643,-14.128212],[-39.394677,-14.128417],[-39.395037,-14.128889],[-39.394968,-14.129433],[-39.395049,-14.129862],[-39.39555,-14.130903],[-39.395686,-14.131428],[-39.397668,-14.131475],[-39.398417,-14.132135],[-39.398991,-14.132203],[-39.399352,-14.132127],[-39.399371,-14.132129],[-39.399392,-14.132125],[-39.400354,-14.132223],[-39.40027,-14.130931],[-39.399934,-14.129627],[-39.400268,-14.129313],[-39.400417,-14.128804],[-39.400453,-14.128817],[-39.400458,-14.128801],[-39.400471,-14.128806],[-39.401591,-14.127453],[-39.401626,-14.127457],[-39.401631,-14.127451],[-39.402218,-14.127502],[-39.4034,-14.128151],[-39.403606,-14.12846],[-39.403789,-14.128688],[-39.403912,-14.128912],[-39.403912,-14.12892],[-39.403955,-14.128985],[-39.403834,-14.130522],[-39.403831,-14.130815],[-39.403804,-14.130907],[-39.40379,-14.131095],[-39.402886,-14.131645],[-39.403197,-14.133068],[-39.403156,-14.133854],[-39.404069,-14.134867],[-39.406068,-14.134175],[-39.406082,-14.134011],[-39.406037,-14.134008],[-39.40598,-14.134027],[-39.405972,-14.134025],[-39.405946,-14.134022],[-39.40593,-14.133999],[-39.405912,-14.133985],[-39.405893,-14.133976],[-39.405856,-14.133964],[-39.405856,-14.133953],[-39.405799,-14.133924],[-39.405762,-14.133888],[-39.405755,-14.133881],[-39.405748,-14.13388],[-39.405673,-14.133839],[-39.405605,-14.133806],[-39.405603,-14.133815],[-39.405589,-14.133813],[-39.405611,-14.133776],[-39.405543,-14.133678],[-39.405592,-14.133673],[-39.405618,-14.133635],[-39.405624,-14.133632],[-39.405637,-14.133615],[-39.405603,-14.133569],[-39.405586,-14.13354],[-39.405567,-14.133481],[-39.405595,-14.133471],[-39.40561,-14.133417],[-39.40564,-14.133371],[-39.405654,-14.133368],[-39.405659,-14.133355],[-39.405667,-14.133348],[-39.405707,-14.13333],[-39.405757,-14.133314],[-39.405776,-14.133279],[-39.40581,-14.133263],[-39.405846,-14.13324],[-39.405874,-14.133237],[-39.405898,-14.133218],[-39.405925,-14.133206],[-39.405964,-14.13321],[-39.406184,-14.132835],[-39.406195,-14.132704],[-39.406098,-14.132627],[-39.406001,-14.132625],[-39.406008,-14.132675],[-39.406074,-14.132686],[-39.406069,-14.132693],[-39.406059,-14.132696],[-39.405875,-14.13273],[-39.405798,-14.132698],[-39.405897,-14.132364],[-39.405901,-14.132363],[-39.405908,-14.132363],[-39.405964,-14.13107],[-39.406052,-14.131115],[-39.406066,-14.131122],[-39.406103,-14.131051],[-39.406135,-14.131031],[-39.406352,-14.130809],[-39.40642,-14.130753],[-39.406824,-14.130338],[-39.406838,-14.130276],[-39.406863,-14.130233],[-39.406911,-14.130212],[-39.406968,-14.130194],[-39.406992,-14.130155],[-39.407016,-14.130116],[-39.407002,-14.130098],[-39.406983,-14.13008],[-39.407005,-14.1299],[-39.407018,-14.129882],[-39.407018,-14.129881],[-39.407021,-14.129874],[-39.407022,-14.129871],[-39.407031,-14.129867],[-39.407043,-14.129862],[-39.407045,-14.129852],[-39.407051,-14.129809],[-39.407087,-14.129778],[-39.407107,-14.129762],[-39.407138,-14.129726],[-39.407143,-14.129672],[-39.407149,-14.129641],[-39.40716,-14.129614],[-39.407161,-14.129573],[-39.407148,-14.12954],[-39.407102,-14.129518],[-39.407059,-14.129524],[-39.40704,-14.129527],[-39.407046,-14.129549],[-39.407046,-14.129549],[-39.407052,-14.129561],[-39.407,-14.12956],[-39.406937,-14.129554],[-39.406941,-14.129518],[-39.406602,-14.129232],[-39.406615,-14.129109],[-39.407137,-14.128539],[-39.407442,-14.128337],[-39.407207,-14.127919],[-39.407258,-14.127071],[-39.406965,-14.126581],[-39.404797,-14.125663],[-39.405163,-14.124706],[-39.405126,-14.124526],[-39.404159,-14.123694],[-39.399976,-14.123412],[-39.398458,-14.123455],[-39.398547,-14.120014],[-39.397191,-14.119971],[-39.397045,-14.120392],[-39.395539,-14.120579],[-39.397869,-14.118239],[-39.397743,-14.116892],[-39.397166,-14.116825],[-39.396871,-14.116901],[-39.396549,-14.116665],[-39.396652,-14.116556],[-39.395699,-14.115839],[-39.395863,-14.115349],[-39.396931,-14.112025],[-39.395994,-14.110755],[-39.395873,-14.110697],[-39.395092,-14.109837],[-39.393732,-14.106543],[-39.391504,-14.105922],[-39.390869,-14.106746],[-39.389524,-14.107563],[-39.389234,-14.109142],[-39.38957,-14.11065]]]}},{"type":"Feature","properties":{"gid":"694","cd_sipra":"BA0234000","nome_projeto":"PA DOIS IRMÃOS","municipio":"ILHEUS","area_hectare_declarada":"461.8727","capacidade":"25","num_familias":"21","fase":"5","data_de_criacao":"12/04/2000","forma_obtencao":"Desapropriação","data_obtencao":"09/11/1999","area_calc_ha":"541.8622"},"geometry":{"type":"MultiPolygon","coordinates":[[[[-39.226801,-14.958231],[-39.225659,-14.958217],[-39.224993,-14.958719],[-39.224435,-14.95905],[-39.221688,-14.958578],[-39.221054,-14.960002],[-39.221202,-14.960696],[-39.221149,-14.96165],[-39.221674,-14.961623],[-39.222284,-14.961974],[-39.222834,-14.962193],[-39.22318,-14.961638],[-39.224178,-14.962131],[-39.224441,-14.962564],[-39.225101,-14.962546],[-39.225876,-14.962296],[-39.226972,-14.963571],[-39.22719,-14.96407],[-39.226517,-14.964411],[-39.226516,-14.964411],[-39.224806,-14.966351],[-39.222726,-14.96622],[-39.222551,-14.966227],[-39.222551,-14.966227],[-39.222577,-14.966296],[-39.222628,-14.96654],[-39.222628,-14.966763],[-39.222596,-14.967183],[-39.222612,-14.967546],[-39.222951,-14.969154],[-39.223085,-14.969447],[-39.223358,-14.969951],[-39.224589,-14.969977],[-39.224845,-14.969579],[-39.225154,-14.969086],[-39.225752,-14.968738],[-39.226647,-14.967472],[-39.229026,-14.969372],[-39.231392,-14.969008],[-39.232176,-14.969039],[-39.232175,-14.968741],[-39.231688,-14.967937],[-39.230916,-14.967336],[-39.230782,-14.966731],[-39.230528,-14.965618],[-39.230409,-14.964482],[-39.229728,-14.963607],[-39.228796,-14.963578],[-39.228659,-14.96343],[-39.228179,-14.963255],[-39.228286,-14.962546],[-39.227004,-14.960207],[-39.226917,-14.958868],[-39.226801,-14.958231]]],[[[-39.205735,-14.933858],[-39.205762,-14.934277],[-39.205766,-14.934529],[-39.20532,-14.934714],[-39.205249,-14.934953],[-39.204995,-14.935426],[-39.204765,-14.935699],[-39.204283,-14.935908],[-39.20412,-14.936404],[-39.203758,-14.937112],[-39.203735,-14.937166],[-39.202979,-14.939054],[-39.202917,-14.939139],[-39.20225,-14.94076],[-39.201858,-14.941535],[-39.201422,-14.94281],[-39.201031,-14.943812],[-39.200712,-14.944603],[-39.200298,-14.945551],[-39.200206,-14.945757],[-39.200288,-14.945743],[-39.200288,-14.945743],[-39.200693,-14.945779],[-39.20085,-14.945856],[-39.200976,-14.945955],[-39.201276,-14.946391],[-39.201427,-14.946569],[-39.202282,-14.947055],[-39.202124,-14.947298],[-39.202044,-14.947494],[-39.20197,-14.947658],[-39.20175,-14.948184],[-39.201257,-14.948954],[-39.20136,-14.949472],[-39.201493,-14.950195],[-39.201504,-14.950304],[-39.20149,-14.950445],[-39.201739,-14.951525],[-39.201977,-14.952496],[-39.202399,-14.952734],[-39.202773,-14.953095],[-39.203118,-14.953369],[-39.203963,-14.953424],[-39.204953,-14.953445],[-39.205432,-14.953901],[-39.205776,-14.955304],[-39.206594,-14.955627],[-39.207285,-14.955654],[-39.208074,-14.955769],[-39.209066,-14.956045],[-39.209479,-14.956171],[-39.209662,-14.95613],[-39.209749,-14.9561],[-39.210022,-14.956035],[-39.210541,-14.956225],[-39.211455,-14.956626],[-39.212131,-14.956889],[-39.212259,-14.956998],[-39.21234,-14.95735],[-39.212334,-14.957749],[-39.21237,-14.957996],[-39.212463,-14.958179],[-39.2127,-14.958553],[-39.212783,-14.958664],[-39.212944,-14.958803],[-39.214438,-14.959735],[-39.214633,-14.959905],[-39.215147,-14.960569],[-39.215742,-14.961194],[-39.215853,-14.961378],[-39.215973,-14.961619],[-39.216164,-14.962031],[-39.216247,-14.962258],[-39.216338,-14.962722],[-39.216535,-14.962875],[-39.216749,-14.963039],[-39.216843,-14.963308],[-39.218152,-14.963654],[-39.218524,-14.963352],[-39.218562,-14.963287],[-39.218973,-14.962525],[-39.219097,-14.962094],[-39.219151,-14.961675],[-39.218826,-14.960971],[-39.218978,-14.960538],[-39.220192,-14.960908],[-39.220248,-14.960582],[-39.219194,-14.960334],[-39.218968,-14.960019],[-39.217606,-14.960587],[-39.216964,-14.960761],[-39.216199,-14.959799],[-39.216668,-14.95836],[-39.218933,-14.956966],[-39.220663,-14.956038],[-39.220399,-14.955055],[-39.220782,-14.954437],[-39.220866,-14.953925],[-39.220371,-14.952068],[-39.219981,-14.951382],[-39.219456,-14.95045],[-39.220193,-14.948668],[-39.219559,-14.947406],[-39.218951,-14.946279],[-39.219158,-14.945947],[-39.217218,-14.944706],[-39.217209,-14.944626],[-39.217287,-14.944328],[-39.217313,-14.943962],[-39.217677,-14.943673],[-39.217807,-14.943505],[-39.217925,-14.943932],[-39.21808,-14.944165],[-39.218402,-14.944357],[-39.218689,-14.94457],[-39.219086,-14.944798],[-39.219437,-14.945026],[-39.219725,-14.945236],[-39.219872,-14.945087],[-39.220393,-14.94453],[-39.220903,-14.943504],[-39.221599,-14.942774],[-39.222481,-14.941662],[-39.220285,-14.939772],[-39.217998,-14.937646],[-39.217122,-14.936579],[-39.216379,-14.936548],[-39.213152,-14.935015],[-39.2127,-14.934632],[-39.212594,-14.934362],[-39.211287,-14.933667],[-39.210152,-14.93289],[-39.208126,-14.933924],[-39.206746,-14.93388],[-39.205735,-14.933858]]]]}},{"type":"Feature","properties":{"gid":"11422","cd_sipra":"BA0580000","nome_projeto":"PA FAZENDA ROCHEDO E OUTRAS","municipio":"ILHEUS","area_hectare_declarada":"342.3008","capacidade":"35","num_familias":"30","fase":"3","data_de_criacao":"07/12/2006","forma_obtencao":"Desapropriação","data_obtencao":"28/12/2005","area_calc_ha":"341.8308"},"geometry":{"type":"Polygon","coordinates":[[[-39.226029,-14.624047],[-39.226531,-14.624275],[-39.227633,-14.624775],[-39.228532,-14.624618],[-39.228938,-14.624451],[-39.228717,-14.623698],[-39.228455,-14.623187],[-39.227315,-14.62295],[-39.227068,-14.622912],[-39.226757,-14.62296],[-39.226565,-14.622419],[-39.226913,-14.622468],[-39.22727,-14.621867],[-39.226995,-14.621276],[-39.227638,-14.62049],[-39.227388,-14.619969],[-39.22742,-14.61891],[-39.229143,-14.619412],[-39.229509,-14.61937],[-39.229919,-14.619119],[-39.230107,-14.619274],[-39.230296,-14.619821],[-39.230504,-14.620095],[-39.230065,-14.620956],[-39.229822,-14.62181],[-39.229799,-14.622166],[-39.229678,-14.622215],[-39.229066,-14.622856],[-39.229055,-14.623122],[-39.230142,-14.622827],[-39.230212,-14.622959],[-39.230462,-14.623357],[-39.231409,-14.623275],[-39.231731,-14.623144],[-39.232035,-14.623169],[-39.232255,-14.623123],[-39.23281,-14.622734],[-39.233361,-14.621995],[-39.233751,-14.621879],[-39.234778,-14.623512],[-39.234991,-14.623691],[-39.235593,-14.623355],[-39.236084,-14.623632],[-39.236563,-14.623816],[-39.236777,-14.623112],[-39.240081,-14.62257],[-39.239894,-14.621876],[-39.240764,-14.618428],[-39.241712,-14.618176],[-39.241728,-14.617896],[-39.241323,-14.617507],[-39.240498,-14.616297],[-39.24158,-14.61576],[-39.241907,-14.616076],[-39.242934,-14.61604],[-39.243035,-14.615955],[-39.24396,-14.617361],[-39.244286,-14.618317],[-39.24462,-14.618896],[-39.245062,-14.61933],[-39.24546,-14.619067],[-39.246403,-14.619122],[-39.246913,-14.618999],[-39.247176,-14.619062],[-39.247308,-14.618888],[-39.247749,-14.619311],[-39.24849,-14.619143],[-39.248644,-14.619142],[-39.249018,-14.619227],[-39.248078,-14.617564],[-39.247809,-14.616409],[-39.247595,-14.616384],[-39.247493,-14.616377],[-39.24681,-14.616289],[-39.246748,-14.616348],[-39.246305,-14.61613],[-39.246099,-14.61566],[-39.245635,-14.615132],[-39.245161,-14.614474],[-39.244719,-14.613948],[-39.244314,-14.613465],[-39.243898,-14.612858],[-39.243735,-14.612338],[-39.243444,-14.612352],[-39.243312,-14.611832],[-39.243234,-14.611225],[-39.243214,-14.610383],[-39.243193,-14.6094],[-39.243192,-14.609318],[-39.243182,-14.608848],[-39.243335,-14.608108],[-39.243258,-14.607252],[-39.243079,-14.606733],[-39.242871,-14.605876],[-39.242875,-14.605322],[-39.242778,-14.604868],[-39.242665,-14.604664],[-39.242298,-14.604253],[-39.242005,-14.603892],[-39.242114,-14.603691],[-39.241869,-14.603553],[-39.240767,-14.60331],[-39.240195,-14.603152],[-39.240173,-14.603374],[-39.240163,-14.604128],[-39.239714,-14.604639],[-39.239696,-14.604938],[-39.240039,-14.605791],[-39.240367,-14.606706],[-39.241072,-14.608431],[-39.241246,-14.60885],[-39.240378,-14.609504],[-39.239866,-14.609774],[-39.239744,-14.609939],[-39.239499,-14.609609],[-39.239089,-14.609474],[-39.23736,-14.609602],[-39.236671,-14.609782],[-39.236382,-14.60939],[-39.236245,-14.609049],[-39.236577,-14.608781],[-39.236519,-14.608661],[-39.236758,-14.608274],[-39.236554,-14.608084],[-39.236366,-14.608126],[-39.236467,-14.607906],[-39.236262,-14.607472],[-39.235897,-14.607526],[-39.23464,-14.608037],[-39.234049,-14.608478],[-39.233774,-14.60851],[-39.230178,-14.609557],[-39.228776,-14.609819],[-39.228777,-14.610582],[-39.228514,-14.611546],[-39.227209,-14.611901],[-39.226798,-14.61167],[-39.226317,-14.611615],[-39.22588,-14.611745],[-39.226013,-14.612571],[-39.225698,-14.612798],[-39.225035,-14.612528],[-39.224217,-14.613719],[-39.223614,-14.614409],[-39.222293,-14.614788],[-39.222624,-14.615642],[-39.22341,-14.61597],[-39.223288,-14.616509],[-39.222375,-14.616984],[-39.222233,-14.617123],[-39.221788,-14.617126],[-39.221317,-14.616765],[-39.220908,-14.616845],[-39.220689,-14.617015],[-39.22069,-14.61721],[-39.220537,-14.617655],[-39.220855,-14.618289],[-39.220801,-14.618696],[-39.220503,-14.618864],[-39.220808,-14.619476],[-39.220683,-14.620019],[-39.220389,-14.620166],[-39.220178,-14.620182],[-39.219484,-14.620295],[-39.218808,-14.621212],[-39.219618,-14.621859],[-39.220032,-14.622067],[-39.220614,-14.622287],[-39.220695,-14.622048],[-39.22163,-14.622419],[-39.222172,-14.622164],[-39.222292,-14.622001],[-39.222896,-14.621625],[-39.223388,-14.621561],[-39.223704,-14.621932],[-39.223784,-14.622172],[-39.223952,-14.622603],[-39.223699,-14.623007],[-39.223752,-14.623787],[-39.224017,-14.62432],[-39.224651,-14.624157],[-39.225187,-14.624518],[-39.225878,-14.624132],[-39.226029,-14.624047]]]}},{"type":"Feature","properties":{"gid":"16094","cd_sipra":"BA0242000","nome_projeto":"PA FREI VANTUY","municipio":"ILHEUS","area_hectare_declarada":"476.4368","capacidade":"47","num_familias":"47","fase":"5","data_de_criacao":"12/04/2000","forma_obtencao":"Desapropriação","data_obtencao":"28/09/1999","area_calc_ha":"484.6181"},"geometry":{"type":"MultiPolygon","coordinates":[[[[-39.134919,-14.767965],[-39.134261,-14.768366],[-39.133895,-14.768494],[-39.13335,-14.768656],[-39.132847,-14.769034],[-39.132632,-14.769525],[-39.133188,-14.770579],[-39.132989,-14.77144],[-39.132369,-14.771331],[-39.132326,-14.771665],[-39.132057,-14.771717],[-39.13193,-14.771875],[-39.131566,-14.772422],[-39.131398,-14.772801],[-39.13108,-14.772976],[-39.130905,-14.77303],[-39.130737,-14.773128],[-39.130294,-14.773711],[-39.130211,-14.774376],[-39.130099,-14.774944],[-39.130749,-14.775176],[-39.130612,-14.775984],[-39.130943,-14.776379],[-39.131056,-14.776777],[-39.131478,-14.776655],[-39.132221,-14.77639],[-39.132883,-14.776332],[-39.133099,-14.77682],[-39.133327,-14.777307],[-39.133557,-14.777681],[-39.13323,-14.778172],[-39.133124,-14.778363],[-39.133031,-14.778523],[-39.133316,-14.77874],[-39.132996,-14.779113],[-39.13289,-14.779233],[-39.131992,-14.779324],[-39.131252,-14.77931],[-39.131143,-14.779293],[-39.130876,-14.779221],[-39.130038,-14.778967],[-39.129995,-14.779461],[-39.129962,-14.779926],[-39.129959,-14.781144],[-39.129727,-14.78133],[-39.129526,-14.781588],[-39.128879,-14.781673],[-39.128425,-14.781836],[-39.128042,-14.781966],[-39.128021,-14.782303],[-39.128005,-14.784315],[-39.127988,-14.78524],[-39.128051,-14.786056],[-39.128126,-14.786444],[-39.128083,-14.786509],[-39.12767,-14.787341],[-39.127733,-14.787736],[-39.12796,-14.788511],[-39.128243,-14.789169],[-39.128604,-14.789432],[-39.128416,-14.790336],[-39.128259,-14.791389],[-39.128193,-14.791698],[-39.127713,-14.792551],[-39.127428,-14.792365],[-39.126816,-14.792006],[-39.126416,-14.792253],[-39.125848,-14.792852],[-39.125716,-14.792836],[-39.125565,-14.792833],[-39.125558,-14.792719],[-39.124977,-14.791942],[-39.124214,-14.79198],[-39.122937,-14.793568],[-39.1227,-14.794109],[-39.122491,-14.79465],[-39.122491,-14.795292],[-39.121943,-14.796446],[-39.121619,-14.797379],[-39.12289,-14.798],[-39.124168,-14.798578],[-39.125614,-14.799255],[-39.126141,-14.799507],[-39.127367,-14.800087],[-39.127498,-14.800147],[-39.128729,-14.800732],[-39.131309,-14.801948],[-39.132859,-14.802681],[-39.133874,-14.803156],[-39.135239,-14.803804],[-39.136589,-14.804377],[-39.136935,-14.804447],[-39.137469,-14.804519],[-39.138157,-14.80451],[-39.137862,-14.803471],[-39.137977,-14.802871],[-39.138384,-14.801057],[-39.138748,-14.799797],[-39.139098,-14.79866],[-39.138967,-14.79839],[-39.138777,-14.797943],[-39.138072,-14.796652],[-39.137831,-14.796222],[-39.137952,-14.795933],[-39.138587,-14.794689],[-39.138648,-14.794593],[-39.138964,-14.794456],[-39.139785,-14.793605],[-39.139878,-14.791778],[-39.139529,-14.791305],[-39.139171,-14.790801],[-39.139436,-14.79046],[-39.139268,-14.789849],[-39.1387,-14.788822],[-39.137682,-14.786645],[-39.139194,-14.786643],[-39.140024,-14.786798],[-39.141008,-14.787618],[-39.141978,-14.788392],[-39.142937,-14.789078],[-39.143651,-14.789782],[-39.144102,-14.789923],[-39.144197,-14.788888],[-39.144201,-14.788795],[-39.14422,-14.788214],[-39.144739,-14.787377],[-39.144982,-14.786977],[-39.144476,-14.786324],[-39.144091,-14.785433],[-39.143589,-14.784787],[-39.143413,-14.78457],[-39.143276,-14.784388],[-39.143687,-14.784173],[-39.144034,-14.784278],[-39.144224,-14.783837],[-39.143936,-14.783707],[-39.143857,-14.783375],[-39.143807,-14.782902],[-39.144126,-14.782505],[-39.144068,-14.782228],[-39.144065,-14.782143],[-39.143801,-14.782001],[-39.143998,-14.781211],[-39.144018,-14.781086],[-39.144201,-14.780558],[-39.14452,-14.779234],[-39.145172,-14.778322],[-39.145624,-14.777402],[-39.145866,-14.776718],[-39.145796,-14.776368],[-39.145916,-14.776104],[-39.14595,-14.775615],[-39.146192,-14.775272],[-39.14604,-14.774466],[-39.145754,-14.773958],[-39.144827,-14.773788],[-39.143688,-14.773407],[-39.142775,-14.774853],[-39.14203,-14.776065],[-39.140912,-14.7778],[-39.140817,-14.777977],[-39.140532,-14.778417],[-39.140018,-14.779313],[-39.139598,-14.77986],[-39.13906,-14.780139],[-39.138583,-14.780927],[-39.138032,-14.781844],[-39.137588,-14.782354],[-39.137107,-14.781205],[-39.136651,-14.781241],[-39.136048,-14.780691],[-39.1355,-14.779822],[-39.1352,-14.779597],[-39.135139,-14.779375],[-39.13525,-14.778056],[-39.135404,-14.7773],[-39.135504,-14.776827],[-39.135805,-14.775855],[-39.135838,-14.775674],[-39.13599,-14.774931],[-39.136102,-14.774252],[-39.136274,-14.774072],[-39.136691,-14.773546],[-39.137594,-14.772573],[-39.13781,-14.772513],[-39.138051,-14.772187],[-39.138094,-14.772023],[-39.138416,-14.771777],[-39.139545,-14.771695],[-39.139942,-14.771534],[-39.139592,-14.770622],[-39.139206,-14.769667],[-39.138608,-14.768909],[-39.138152,-14.769363],[-39.137022,-14.769931],[-39.136645,-14.769992],[-39.136216,-14.770075],[-39.135961,-14.769947],[-39.135535,-14.769581],[-39.135075,-14.769339],[-39.134713,-14.769288],[-39.134865,-14.768465],[-39.134919,-14.767965]]],[[[-39.121441,-14.797899],[-39.121121,-14.798894],[-39.120965,-14.799512],[-39.122522,-14.799879],[-39.124354,-14.800657],[-39.126347,-14.80204],[-39.126443,-14.802479],[-39.127379,-14.80316],[-39.12781,-14.802404],[-39.12839,-14.801385],[-39.121441,-14.797899]]]]}},{"type":"Feature","properties":{"gid":"11431","cd_sipra":"BA0384000","nome_projeto":"PA JOAO AMAZONAS","municipio":"ILHEUS","area_hectare_declarada":"833.2629","capacidade":"75","num_familias":"63","fase":"5","data_de_criacao":"02/08/2004","forma_obtencao":"Desapropriação","data_obtencao":"23/06/2003","area_calc_ha":"820.5485"},"geometry":{"type":"Polygon","coordinates":[[[-39.194276,-14.667671],[-39.194247,-14.66833],[-39.19411,-14.669607],[-39.194144,-14.670526],[-39.194089,-14.670928],[-39.194139,-14.671346],[-39.194111,-14.671915],[-39.19413,-14.672026],[-39.193936,-14.673222],[-39.193938,-14.67352],[-39.195067,-14.674006],[-39.195353,-14.674102],[-39.196271,-14.674414],[-39.197226,-14.674684],[-39.197449,-14.674761],[-39.198548,-14.675074],[-39.19902,-14.675238],[-39.199375,-14.675408],[-39.199532,-14.675464],[-39.200471,-14.675676],[-39.200568,-14.675693],[-39.201596,-14.676001],[-39.2018,-14.676057],[-39.202395,-14.676224],[-39.202654,-14.676266],[-39.203286,-14.676481],[-39.203449,-14.676519],[-39.203214,-14.677597],[-39.204714,-14.677454],[-39.204883,-14.67745],[-39.205502,-14.677376],[-39.206901,-14.677223],[-39.207827,-14.677172],[-39.207686,-14.678501],[-39.207591,-14.679984],[-39.2075,-14.680882],[-39.207528,-14.681082],[-39.207324,-14.682307],[-39.207345,-14.682685],[-39.20725,-14.683533],[-39.207152,-14.683696],[-39.207182,-14.683853],[-39.207171,-14.684375],[-39.207117,-14.684876],[-39.20708,-14.685413],[-39.20697,-14.685973],[-39.206994,-14.686358],[-39.206894,-14.68658],[-39.206891,-14.687278],[-39.206859,-14.687902],[-39.206821,-14.68817],[-39.206739,-14.689092],[-39.206736,-14.689148],[-39.206644,-14.690005],[-39.206583,-14.690266],[-39.206609,-14.690467],[-39.206629,-14.690622],[-39.206559,-14.690929],[-39.20655,-14.691092],[-39.206543,-14.691484],[-39.206425,-14.692445],[-39.206332,-14.693332],[-39.20629,-14.69398],[-39.206225,-14.69445],[-39.206181,-14.694761],[-39.206166,-14.69492],[-39.206106,-14.695235],[-39.206037,-14.696522],[-39.205957,-14.697266],[-39.205869,-14.698265],[-39.205844,-14.698519],[-39.205813,-14.698725],[-39.205708,-14.699587],[-39.205706,-14.699789],[-39.205689,-14.700168],[-39.205638,-14.700899],[-39.205563,-14.701186],[-39.2055,-14.701431],[-39.205493,-14.701988],[-39.205372,-14.703079],[-39.20537,-14.703166],[-39.205342,-14.703407],[-39.205277,-14.704175],[-39.205265,-14.704323],[-39.205215,-14.704537],[-39.205174,-14.705278],[-39.205108,-14.705707],[-39.205078,-14.706389],[-39.205022,-14.706737],[-39.204983,-14.707456],[-39.204891,-14.708191],[-39.2049,-14.708438],[-39.204823,-14.709254],[-39.204842,-14.709741],[-39.204721,-14.710365],[-39.204662,-14.710958],[-39.204627,-14.711299],[-39.204536,-14.712119],[-39.204519,-14.712671],[-39.204407,-14.713415],[-39.205,-14.713652],[-39.205736,-14.713839],[-39.206222,-14.714071],[-39.206888,-14.714393],[-39.207555,-14.714673],[-39.208849,-14.715102],[-39.209696,-14.715258],[-39.2098,-14.714565],[-39.209917,-14.714052],[-39.209973,-14.713309],[-39.209955,-14.713209],[-39.209918,-14.713054],[-39.209997,-14.712195],[-39.210021,-14.711906],[-39.210051,-14.71177],[-39.209992,-14.711403],[-39.209998,-14.711104],[-39.21003,-14.710743],[-39.210085,-14.710372],[-39.210113,-14.709984],[-39.210286,-14.709068],[-39.210348,-14.708701],[-39.210443,-14.707873],[-39.210478,-14.707224],[-39.210518,-14.706695],[-39.210516,-14.706267],[-39.210572,-14.705346],[-39.210615,-14.705157],[-39.210632,-14.705106],[-39.210716,-14.704436],[-39.210794,-14.704072],[-39.210863,-14.70338],[-39.210867,-14.70326],[-39.21086,-14.702968],[-39.211008,-14.701871],[-39.211031,-14.701787],[-39.211058,-14.701325],[-39.211123,-14.700777],[-39.21114,-14.700752],[-39.211316,-14.699704],[-39.211359,-14.699032],[-39.211418,-14.698763],[-39.211394,-14.698559],[-39.211402,-14.69773],[-39.21216,-14.697829],[-39.212284,-14.69749],[-39.213474,-14.697214],[-39.213513,-14.697387],[-39.21391,-14.697339],[-39.213993,-14.697098],[-39.21411,-14.696018],[-39.21383,-14.695988],[-39.213629,-14.696053],[-39.213459,-14.696205],[-39.21328,-14.696393],[-39.212725,-14.696789],[-39.212003,-14.697168],[-39.211704,-14.697241],[-39.211437,-14.697203],[-39.211625,-14.69587],[-39.211924,-14.695821],[-39.212029,-14.695711],[-39.211951,-14.69537],[-39.211769,-14.695115],[-39.212043,-14.694976],[-39.212336,-14.694987],[-39.212107,-14.694684],[-39.211813,-14.694515],[-39.211781,-14.694338],[-39.211765,-14.694078],[-39.211759,-14.693517],[-39.211932,-14.692772],[-39.212083,-14.691415],[-39.21212,-14.691218],[-39.212114,-14.690854],[-39.212123,-14.690693],[-39.212174,-14.69036],[-39.212188,-14.69025],[-39.212329,-14.689439],[-39.212181,-14.689071],[-39.211819,-14.688323],[-39.211861,-14.687828],[-39.212014,-14.686524],[-39.212072,-14.686195],[-39.212168,-14.685558],[-39.212191,-14.685231],[-39.212225,-14.68479],[-39.212217,-14.684455],[-39.2123,-14.683929],[-39.212361,-14.683518],[-39.212398,-14.683186],[-39.212473,-14.682671],[-39.212489,-14.682415],[-39.212606,-14.681669],[-39.21282,-14.679987],[-39.212876,-14.679515],[-39.213108,-14.677938],[-39.213237,-14.676949],[-39.213319,-14.676125],[-39.213431,-14.675608],[-39.213871,-14.675529],[-39.214367,-14.675488],[-39.215942,-14.67523],[-39.217448,-14.674988],[-39.217637,-14.673406],[-39.21783,-14.673442],[-39.217959,-14.671743],[-39.218056,-14.669702],[-39.218075,-14.669431],[-39.218182,-14.668477],[-39.218265,-14.668208],[-39.218441,-14.66673],[-39.218449,-14.666431],[-39.218623,-14.665327],[-39.218748,-14.664638],[-39.218746,-14.664562],[-39.218824,-14.663823],[-39.219171,-14.663064],[-39.219212,-14.662579],[-39.219204,-14.661656],[-39.219215,-14.661215],[-39.219238,-14.661136],[-39.219155,-14.660421],[-39.219169,-14.659987],[-39.219424,-14.65952],[-39.219526,-14.659247],[-39.219507,-14.658456],[-39.219125,-14.658306],[-39.218572,-14.658136],[-39.217832,-14.657919],[-39.217525,-14.657502],[-39.217318,-14.656985],[-39.217154,-14.656568],[-39.216452,-14.655346],[-39.216138,-14.655018],[-39.215922,-14.654697],[-39.215491,-14.654161],[-39.214726,-14.653489],[-39.21431,-14.653343],[-39.213606,-14.653326],[-39.213202,-14.65366],[-39.212648,-14.653993],[-39.212192,-14.654067],[-39.211754,-14.654217],[-39.211262,-14.654395],[-39.210816,-14.654459],[-39.210422,-14.654511],[-39.21013,-14.654541],[-39.209918,-14.654557],[-39.209457,-14.654587],[-39.208908,-14.654663],[-39.2085,-14.654703],[-39.208019,-14.654647],[-39.207481,-14.654639],[-39.207085,-14.654705],[-39.206493,-14.654705],[-39.206004,-14.654882],[-39.205509,-14.655297],[-39.205442,-14.655344],[-39.205232,-14.655458],[-39.204726,-14.655675],[-39.204384,-14.655662],[-39.20406,-14.655689],[-39.203949,-14.655822],[-39.203908,-14.655924],[-39.204021,-14.656036],[-39.204099,-14.656278],[-39.204164,-14.656451],[-39.204032,-14.656641],[-39.203787,-14.656898],[-39.20362,-14.657001],[-39.203283,-14.657085],[-39.203064,-14.65708],[-39.202728,-14.657127],[-39.202654,-14.65729],[-39.202429,-14.657315],[-39.202123,-14.657221],[-39.201706,-14.6569],[-39.201598,-14.656868],[-39.201197,-14.656925],[-39.200915,-14.656946],[-39.200514,-14.657188],[-39.200297,-14.657172],[-39.20006,-14.657335],[-39.199356,-14.657411],[-39.199073,-14.657362],[-39.198759,-14.657437],[-39.19832,-14.657778],[-39.197892,-14.657827],[-39.197282,-14.657712],[-39.196642,-14.657541],[-39.196241,-14.657464],[-39.195764,-14.657598],[-39.195442,-14.657737],[-39.195249,-14.658223],[-39.195071,-14.658744],[-39.195024,-14.658905],[-39.194867,-14.659318],[-39.194852,-14.659367],[-39.194856,-14.659462],[-39.194897,-14.659903],[-39.194913,-14.659961],[-39.194886,-14.660854],[-39.194863,-14.661018],[-39.194895,-14.661049],[-39.194758,-14.662115],[-39.194701,-14.662696],[-39.194781,-14.663485],[-39.194638,-14.664054],[-39.194615,-14.66437],[-39.194482,-14.665779],[-39.19448,-14.666008],[-39.194435,-14.666411],[-39.194276,-14.667671]]]}},{"type":"Feature","properties":{"gid":"722","cd_sipra":"BA0171000","nome_projeto":"PA JOSEFA VITÓRIA","municipio":"ILHEUS","area_hectare_declarada":"180.8300","capacidade":"22","num_familias":"22","fase":"3","data_de_criacao":"04/08/1998","forma_obtencao":"Desapropriação","data_obtencao":"20/11/1997","area_calc_ha":"213.7891"},"geometry":{"type":"Polygon","coordinates":[[[-39.400005,-14.4838],[-39.400336,-14.483831],[-39.400583,-14.483826],[-39.401158,-14.483574],[-39.402094,-14.483412],[-39.40259,-14.483449],[-39.402701,-14.483724],[-39.403001,-14.48365],[-39.4035,-14.483135],[-39.404451,-14.483244],[-39.404823,-14.483699],[-39.405814,-14.485117],[-39.40621,-14.485103],[-39.406313,-14.484231],[-39.406252,-14.483782],[-39.406073,-14.483076],[-39.40495,-14.482787],[-39.403614,-14.482686],[-39.403726,-14.481789],[-39.403964,-14.480894],[-39.404156,-14.479822],[-39.404394,-14.479127],[-39.404467,-14.47877],[-39.404535,-14.477572],[-39.404697,-14.477129],[-39.40573,-14.475396],[-39.406391,-14.473924],[-39.405593,-14.472912],[-39.405505,-14.47274],[-39.405306,-14.472465],[-39.40474,-14.471976],[-39.403696,-14.470741],[-39.402901,-14.46992],[-39.401965,-14.469711],[-39.40154,-14.469553],[-39.399715,-14.469341],[-39.399521,-14.469221],[-39.399286,-14.469192],[-39.399034,-14.469215],[-39.398259,-14.469049],[-39.397898,-14.468989],[-39.397091,-14.469031],[-39.396622,-14.468974],[-39.396123,-14.469002],[-39.394923,-14.468564],[-39.393756,-14.468346],[-39.393087,-14.468014],[-39.392808,-14.468543],[-39.392866,-14.469229],[-39.392411,-14.469701],[-39.3921,-14.469838],[-39.391868,-14.470573],[-39.392146,-14.470759],[-39.39222,-14.470973],[-39.392674,-14.471073],[-39.393143,-14.472131],[-39.393656,-14.473061],[-39.393216,-14.474204],[-39.393028,-14.474382],[-39.392717,-14.474948],[-39.392643,-14.475305],[-39.392531,-14.475488],[-39.392291,-14.476048],[-39.3921,-14.47632],[-39.391688,-14.477377],[-39.392114,-14.477992],[-39.392495,-14.478307],[-39.392759,-14.478536],[-39.393111,-14.478793],[-39.393301,-14.479094],[-39.393463,-14.479766],[-39.393595,-14.480094],[-39.39377,-14.480295],[-39.394078,-14.480824],[-39.394284,-14.481081],[-39.394503,-14.481582],[-39.394357,-14.48201],[-39.393637,-14.482253],[-39.393315,-14.482482],[-39.393021,-14.48291],[-39.392918,-14.483211],[-39.392281,-14.483957],[-39.392207,-14.484457],[-39.392457,-14.484528],[-39.392756,-14.484826],[-39.393316,-14.485647],[-39.394091,-14.485441],[-39.394992,-14.48541],[-39.395881,-14.485271],[-39.396679,-14.485082],[-39.397745,-14.484828],[-39.397686,-14.484142],[-39.397431,-14.483887],[-39.397971,-14.483567],[-39.398062,-14.483359],[-39.397965,-14.483184],[-39.398303,-14.483056],[-39.399315,-14.482956],[-39.39911,-14.483699],[-39.400005,-14.4838]]]}},{"type":"Feature","properties":{"gid":"802","cd_sipra":"BA0262000","nome_projeto":"PA NOVA VITORIA","municipio":"ILHEUS","area_hectare_declarada":"580.7954","capacidade":"36","num_familias":"35","fase":"5","data_de_criacao":"12/04/2000","forma_obtencao":"Desapropriação","data_obtencao":"25/06/1999","area_calc_ha":"539.0454"},"geometry":{"type":"Polygon","coordinates":[[[-39.137395,-14.746201],[-39.137586,-14.751767],[-39.137618,-14.752206],[-39.13883,-14.752714],[-39.13974,-14.753084],[-39.140414,-14.753378],[-39.14064,-14.75349],[-39.140996,-14.753655],[-39.14151,-14.753887],[-39.141718,-14.754006],[-39.142739,-14.754625],[-39.144832,-14.755368],[-39.145406,-14.755608],[-39.14699,-14.756329],[-39.147304,-14.756471],[-39.148554,-14.757008],[-39.148668,-14.757037],[-39.148858,-14.757054],[-39.149837,-14.758211],[-39.150788,-14.759156],[-39.151423,-14.759553],[-39.152289,-14.760778],[-39.15161,-14.763604],[-39.152528,-14.764094],[-39.153232,-14.764353],[-39.154818,-14.764392],[-39.155879,-14.764456],[-39.156286,-14.764486],[-39.156967,-14.763817],[-39.157598,-14.763276],[-39.158343,-14.762575],[-39.158451,-14.762456],[-39.159137,-14.761847],[-39.159437,-14.761601],[-39.160283,-14.761687],[-39.160843,-14.761773],[-39.161322,-14.762272],[-39.16185,-14.762847],[-39.162015,-14.762997],[-39.162552,-14.763414],[-39.163562,-14.764597],[-39.163822,-14.764917],[-39.164711,-14.764045],[-39.165285,-14.763487],[-39.165608,-14.763209],[-39.165308,-14.76157],[-39.16463,-14.76096],[-39.16484,-14.760202],[-39.165389,-14.759902],[-39.166046,-14.759742],[-39.167059,-14.759566],[-39.166098,-14.758286],[-39.164745,-14.757928],[-39.163671,-14.757654],[-39.163405,-14.757518],[-39.163261,-14.755929],[-39.163746,-14.755076],[-39.163244,-14.754014],[-39.162955,-14.753301],[-39.16241,-14.751377],[-39.162334,-14.750388],[-39.162365,-14.750145],[-39.162454,-14.749946],[-39.1625,-14.749913],[-39.162515,-14.749841],[-39.162555,-14.74973],[-39.162668,-14.749582],[-39.162791,-14.749451],[-39.162953,-14.748987],[-39.162951,-14.748582],[-39.162964,-14.748128],[-39.163115,-14.748089],[-39.163487,-14.748081],[-39.163731,-14.749013],[-39.164288,-14.748997],[-39.164451,-14.748684],[-39.165727,-14.748672],[-39.166784,-14.748493],[-39.167713,-14.748395],[-39.168629,-14.748616],[-39.16908,-14.749334],[-39.169655,-14.749144],[-39.169876,-14.748459],[-39.170178,-14.747398],[-39.170325,-14.746834],[-39.170375,-14.746505],[-39.170637,-14.746701],[-39.171582,-14.74641],[-39.172568,-14.746228],[-39.172779,-14.745666],[-39.170875,-14.743838],[-39.170871,-14.743679],[-39.170457,-14.74292],[-39.170204,-14.742284],[-39.169516,-14.741458],[-39.169298,-14.740395],[-39.16919,-14.739535],[-39.171014,-14.738486],[-39.171578,-14.737983],[-39.172805,-14.738386],[-39.173736,-14.738192],[-39.174376,-14.737925],[-39.174757,-14.737778],[-39.174278,-14.736267],[-39.174775,-14.736146],[-39.174482,-14.735647],[-39.17418,-14.735594],[-39.173654,-14.735611],[-39.171882,-14.735398],[-39.171824,-14.734239],[-39.171259,-14.733542],[-39.170212,-14.734711],[-39.168804,-14.735234],[-39.168373,-14.735196],[-39.16765,-14.73488],[-39.166732,-14.735326],[-39.166258,-14.736319],[-39.165328,-14.736947],[-39.166269,-14.737826],[-39.166323,-14.738342],[-39.166708,-14.738777],[-39.166826,-14.739341],[-39.166848,-14.739536],[-39.167378,-14.740436],[-39.167003,-14.740765],[-39.16587,-14.740955],[-39.165836,-14.742014],[-39.165431,-14.742115],[-39.164698,-14.742256],[-39.164229,-14.742277],[-39.163555,-14.743407],[-39.162608,-14.743822],[-39.162513,-14.743584],[-39.161753,-14.743591],[-39.161856,-14.743256],[-39.161333,-14.743255],[-39.160031,-14.743443],[-39.158566,-14.744432],[-39.158102,-14.744473],[-39.157327,-14.744254],[-39.156327,-14.744355],[-39.155801,-14.743999],[-39.155212,-14.744528],[-39.155934,-14.745138],[-39.156512,-14.746821],[-39.156217,-14.747181],[-39.156149,-14.747258],[-39.155307,-14.747144],[-39.154102,-14.746573],[-39.153985,-14.746505],[-39.153328,-14.745503],[-39.152792,-14.744455],[-39.150681,-14.743759],[-39.150278,-14.743623],[-39.149337,-14.743803],[-39.148611,-14.744757],[-39.147319,-14.746225],[-39.147196,-14.746362],[-39.146918,-14.746698],[-39.146983,-14.746796],[-39.146767,-14.746816],[-39.144697,-14.746806],[-39.143704,-14.746744],[-39.143713,-14.746669],[-39.141706,-14.74653],[-39.140136,-14.746409],[-39.1389,-14.74633],[-39.137395,-14.746201]]]}},{"type":"Feature","properties":{"gid":"11421","cd_sipra":"BA0487000","nome_projeto":"PA NOVA VIDA","municipio":"ITACARE","area_hectare_declarada":"576.3051","capacidade":"44","num_familias":"43","fase":"3","data_de_criacao":"11/08/2006","forma_obtencao":"Desapropriação","data_obtencao":"06/09/2004","area_calc_ha":"586.2727"},"geometry":{"type":"Polygon","coordinates":[[[-39.169055,-14.442522],[-39.167403,-14.441935],[-39.16744,-14.442383],[-39.167809,-14.442268],[-39.169305,-14.445343],[-39.168476,-14.445676],[-39.168451,-14.446195],[-39.16609,-14.44845],[-39.166098,-14.449475],[-39.167268,-14.44931],[-39.168916,-14.449244],[-39.169023,-14.449572],[-39.170619,-14.450561],[-39.170763,-14.450322],[-39.171434,-14.450088],[-39.171808,-14.449104],[-39.172227,-14.449047],[-39.172552,-14.450609],[-39.172298,-14.450726],[-39.172405,-14.451555],[-39.172736,-14.451709],[-39.173404,-14.452367],[-39.174677,-14.454717],[-39.174915,-14.455349],[-39.176245,-14.456308],[-39.176273,-14.457497],[-39.177667,-14.457965],[-39.177812,-14.458485],[-39.177035,-14.458778],[-39.176883,-14.4594],[-39.17602,-14.45938],[-39.175632,-14.459795],[-39.175801,-14.460301],[-39.175267,-14.460871],[-39.173407,-14.460964],[-39.171823,-14.461303],[-39.172475,-14.462527],[-39.173105,-14.466168],[-39.173211,-14.466313],[-39.174053,-14.466056],[-39.174853,-14.466313],[-39.175952,-14.467201],[-39.176348,-14.467429],[-39.176765,-14.46822],[-39.176853,-14.46833],[-39.177926,-14.46765],[-39.179288,-14.468696],[-39.180457,-14.468205],[-39.181291,-14.468021],[-39.182602,-14.467346],[-39.18362,-14.467867],[-39.184332,-14.467701],[-39.184719,-14.466894],[-39.184592,-14.466453],[-39.187871,-14.462508],[-39.187695,-14.462316],[-39.187079,-14.462143],[-39.186164,-14.462292],[-39.185944,-14.462216],[-39.185415,-14.46078],[-39.187449,-14.45938],[-39.188513,-14.458633],[-39.187461,-14.456647],[-39.188322,-14.456095],[-39.186043,-14.450816],[-39.18455,-14.446838],[-39.183171,-14.443945],[-39.183935,-14.44106],[-39.184428,-14.438725],[-39.184491,-14.437878],[-39.184703,-14.437376],[-39.185963,-14.434389],[-39.185946,-14.433737],[-39.183132,-14.431488],[-39.182349,-14.431031],[-39.180636,-14.425755],[-39.18012,-14.425619],[-39.179392,-14.425011],[-39.17925,-14.423069],[-39.179471,-14.42285],[-39.178821,-14.422037],[-39.178416,-14.421381],[-39.178749,-14.421223],[-39.179805,-14.420636],[-39.180074,-14.420682],[-39.180411,-14.420948],[-39.180895,-14.42105],[-39.181606,-14.41967],[-39.182108,-14.419867],[-39.182329,-14.419557],[-39.180765,-14.417977],[-39.180054,-14.4177],[-39.17954,-14.417805],[-39.175891,-14.416933],[-39.174983,-14.416678],[-39.174764,-14.417718],[-39.174886,-14.418485],[-39.174842,-14.418794],[-39.173768,-14.419242],[-39.174018,-14.420342],[-39.174014,-14.420938],[-39.174223,-14.421317],[-39.175961,-14.423268],[-39.17666,-14.424561],[-39.176763,-14.425708],[-39.177582,-14.426883],[-39.176636,-14.427255],[-39.177205,-14.428191],[-39.176526,-14.430762],[-39.179573,-14.430908],[-39.179956,-14.430916],[-39.180208,-14.431042],[-39.180787,-14.432012],[-39.180771,-14.432563],[-39.180565,-14.436591],[-39.177067,-14.43821],[-39.174876,-14.439345],[-39.17311,-14.439906],[-39.173153,-14.440579],[-39.172938,-14.440721],[-39.1724,-14.440062],[-39.172056,-14.440016],[-39.17284,-14.441156],[-39.171883,-14.441106],[-39.16977,-14.441072],[-39.169349,-14.441216],[-39.169678,-14.442043],[-39.169055,-14.442522]]]}},{"type":"Feature","properties":{"gid":"11403","cd_sipra":"BA0522000","nome_projeto":"PA CONJUNTO ALEMITA","municipio":"ITABUNA","area_hectare_declarada":"343.3436","capacidade":"30","num_familias":"26","fase":"3","data_de_criacao":"19/08/2005","forma_obtencao":"Desapropriação","data_obtencao":"05/08/2004","area_calc_ha":"347.8760"},"geometry":{"type":"Polygon","coordinates":[[[-39.343097,-14.889904],[-39.343018,-14.890536],[-39.343894,-14.890924],[-39.344263,-14.890981],[-39.344325,-14.891197],[-39.344601,-14.892165],[-39.344665,-14.892482],[-39.344714,-14.893139],[-39.34484,-14.893692],[-39.344767,-14.894451],[-39.344723,-14.895283],[-39.344761,-14.896704],[-39.344841,-14.897075],[-39.345019,-14.897769],[-39.345331,-14.898344],[-39.345563,-14.898894],[-39.345702,-14.899355],[-39.34622,-14.899085],[-39.346601,-14.899367],[-39.348021,-14.900398],[-39.350138,-14.898824],[-39.350302,-14.897784],[-39.350366,-14.896325],[-39.35029,-14.895504],[-39.350547,-14.894641],[-39.35088,-14.893881],[-39.350985,-14.893198],[-39.350978,-14.893111],[-39.350568,-14.89152],[-39.350618,-14.891175],[-39.350664,-14.890874],[-39.350741,-14.890369],[-39.350958,-14.88993],[-39.351092,-14.889644],[-39.351247,-14.889065],[-39.351445,-14.888616],[-39.351415,-14.888214],[-39.351204,-14.887914],[-39.351518,-14.887561],[-39.352091,-14.887172],[-39.351865,-14.8869],[-39.351709,-14.88612],[-39.351303,-14.885282],[-39.350724,-14.884239],[-39.349772,-14.88402],[-39.349654,-14.883268],[-39.349334,-14.88155],[-39.349012,-14.881259],[-39.348643,-14.880475],[-39.348288,-14.879506],[-39.347958,-14.879158],[-39.347183,-14.878643],[-39.346621,-14.878364],[-39.346927,-14.877223],[-39.348039,-14.877062],[-39.348079,-14.877047],[-39.348857,-14.876759],[-39.349163,-14.876787],[-39.350166,-14.876503],[-39.350552,-14.876445],[-39.350728,-14.876418],[-39.350911,-14.87596],[-39.350793,-14.875358],[-39.350332,-14.874488],[-39.35015,-14.874196],[-39.349788,-14.873998],[-39.349555,-14.873631],[-39.349239,-14.873204],[-39.349449,-14.87292],[-39.349795,-14.872779],[-39.350435,-14.872301],[-39.35069,-14.871407],[-39.350985,-14.871019],[-39.351104,-14.87076],[-39.351159,-14.870403],[-39.350936,-14.869671],[-39.350943,-14.869497],[-39.351098,-14.869148],[-39.351293,-14.867986],[-39.351588,-14.867635],[-39.351898,-14.867323],[-39.353407,-14.866394],[-39.353573,-14.866273],[-39.353736,-14.866165],[-39.353873,-14.866092],[-39.354345,-14.865762],[-39.354373,-14.865473],[-39.354301,-14.865179],[-39.354311,-14.865088],[-39.352176,-14.862544],[-39.351717,-14.861277],[-39.351245,-14.860886],[-39.349652,-14.859525],[-39.348715,-14.859114],[-39.347426,-14.858214],[-39.347096,-14.859104],[-39.347023,-14.859277],[-39.346953,-14.859431],[-39.346564,-14.859784],[-39.34648,-14.85991],[-39.346319,-14.859824],[-39.346258,-14.859887],[-39.346209,-14.863094],[-39.346339,-14.863709],[-39.346852,-14.864545],[-39.347188,-14.865743],[-39.34627,-14.86627],[-39.346076,-14.86666],[-39.345741,-14.866544],[-39.345343,-14.867471],[-39.344759,-14.867809],[-39.344738,-14.868526],[-39.344631,-14.868892],[-39.344129,-14.870051],[-39.343884,-14.870763],[-39.343944,-14.871233],[-39.34337,-14.871764],[-39.343259,-14.872148],[-39.343463,-14.872445],[-39.343101,-14.873153],[-39.342884,-14.873578],[-39.343306,-14.87451],[-39.343001,-14.874741],[-39.342813,-14.875011],[-39.342641,-14.876038],[-39.342254,-14.87625],[-39.342193,-14.876852],[-39.342097,-14.877987],[-39.342,-14.878504],[-39.341863,-14.878947],[-39.341271,-14.880753],[-39.340891,-14.881016],[-39.340552,-14.881171],[-39.339267,-14.881422],[-39.338692,-14.881092],[-39.338761,-14.881793],[-39.338794,-14.882501],[-39.338975,-14.883133],[-39.339021,-14.88326],[-39.339645,-14.884275],[-39.339065,-14.884655],[-39.339155,-14.885507],[-39.339065,-14.885869],[-39.339462,-14.886684],[-39.339542,-14.886746],[-39.339829,-14.88699],[-39.341633,-14.887731],[-39.342233,-14.888122],[-39.342313,-14.888158],[-39.342946,-14.889583],[-39.343097,-14.889904]]]}},{"type":"Feature","properties":{"gid":"522","cd_sipra":"BA0079000","nome_projeto":"PA LOANDA","municipio":"ITAJUIPE","area_hectare_declarada":"408.4023","capacidade":"50","num_familias":"49","fase":"5","data_de_criacao":"21/11/1996","forma_obtencao":"Desapropriação","data_obtencao":"04/09/1995","area_calc_ha":"390.2926"},"geometry":{"type":"Polygon","coordinates":[[[-39.41524,-14.692746],[-39.41703,-14.692748],[-39.417081,-14.693181],[-39.418061,-14.692756],[-39.418327,-14.692595],[-39.41769,-14.689789],[-39.41612,-14.689628],[-39.41619,-14.688149],[-39.416287,-14.686981],[-39.416353,-14.686052],[-39.416343,-14.685781],[-39.416202,-14.685873],[-39.415798,-14.68541],[-39.415411,-14.685057],[-39.41458,-14.684646],[-39.414313,-14.684776],[-39.413874,-14.684866],[-39.413379,-14.68481],[-39.412994,-14.684788],[-39.412691,-14.684813],[-39.412532,-14.684861],[-39.412439,-14.684812],[-39.412315,-14.684479],[-39.411991,-14.684269],[-39.411797,-14.683903],[-39.411267,-14.682848],[-39.411304,-14.68278],[-39.409789,-14.681772],[-39.40877,-14.681306],[-39.406919,-14.681511],[-39.406804,-14.681545],[-39.406018,-14.681526],[-39.405437,-14.681685],[-39.405466,-14.681422],[-39.405677,-14.680786],[-39.406147,-14.679191],[-39.406211,-14.679036],[-39.406313,-14.678481],[-39.406824,-14.676129],[-39.406618,-14.673391],[-39.406523,-14.672093],[-39.407053,-14.671922],[-39.407948,-14.671393],[-39.411272,-14.670862],[-39.410967,-14.668435],[-39.409959,-14.668679],[-39.409352,-14.668668],[-39.408657,-14.668272],[-39.406491,-14.669388],[-39.405169,-14.670062],[-39.405197,-14.672105],[-39.40523,-14.672454],[-39.403419,-14.673049],[-39.403417,-14.673443],[-39.403351,-14.673669],[-39.403398,-14.674072],[-39.40362,-14.674566],[-39.403544,-14.674705],[-39.403454,-14.674794],[-39.402136,-14.675022],[-39.401876,-14.675478],[-39.403195,-14.676942],[-39.403247,-14.67715],[-39.403509,-14.677457],[-39.403663,-14.677684],[-39.403929,-14.678436],[-39.404314,-14.680054],[-39.404152,-14.681154],[-39.404035,-14.681683],[-39.403941,-14.68198],[-39.403822,-14.682317],[-39.403764,-14.682712],[-39.404333,-14.684869],[-39.404102,-14.685164],[-39.403907,-14.685511],[-39.403518,-14.685289],[-39.402612,-14.685476],[-39.402027,-14.685649],[-39.401357,-14.686028],[-39.400973,-14.686031],[-39.400644,-14.685216],[-39.400476,-14.684022],[-39.400502,-14.682507],[-39.400671,-14.681922],[-39.400197,-14.681789],[-39.399442,-14.681613],[-39.399254,-14.681744],[-39.398842,-14.68216],[-39.398791,-14.682256],[-39.398426,-14.682839],[-39.398053,-14.683649],[-39.397752,-14.684131],[-39.397671,-14.684192],[-39.396823,-14.684435],[-39.396388,-14.684462],[-39.395726,-14.684643],[-39.39605,-14.685621],[-39.395971,-14.685736],[-39.395323,-14.686019],[-39.394244,-14.686471],[-39.394149,-14.686462],[-39.392727,-14.686534],[-39.392262,-14.686638],[-39.39218,-14.687818],[-39.392022,-14.688708],[-39.392088,-14.689216],[-39.392168,-14.68967],[-39.392698,-14.690169],[-39.39281,-14.69031],[-39.392971,-14.690653],[-39.393078,-14.691338],[-39.393076,-14.691448],[-39.393061,-14.692263],[-39.392982,-14.692355],[-39.393135,-14.692723],[-39.393073,-14.693326],[-39.392899,-14.69344],[-39.39231,-14.693838],[-39.391286,-14.694361],[-39.390985,-14.694511],[-39.390198,-14.694979],[-39.389806,-14.695028],[-39.389361,-14.695349],[-39.388922,-14.696295],[-39.388902,-14.69637],[-39.388895,-14.697234],[-39.388434,-14.69735],[-39.387188,-14.697417],[-39.386326,-14.697838],[-39.386562,-14.698384],[-39.387363,-14.698765],[-39.388285,-14.699383],[-39.388861,-14.699488],[-39.388929,-14.699645],[-39.388262,-14.700278],[-39.388667,-14.700938],[-39.389001,-14.70099],[-39.389228,-14.701148],[-39.389404,-14.701432],[-39.389763,-14.701046],[-39.390449,-14.701224],[-39.391168,-14.701499],[-39.391414,-14.701939],[-39.392616,-14.701836],[-39.39347,-14.70167],[-39.393781,-14.701854],[-39.393717,-14.702954],[-39.393817,-14.703183],[-39.39405,-14.703159],[-39.394196,-14.703381],[-39.394443,-14.703261],[-39.394057,-14.702186],[-39.394093,-14.701548],[-39.394485,-14.701365],[-39.394933,-14.70115],[-39.395397,-14.700822],[-39.395641,-14.700737],[-39.39715,-14.700456],[-39.396476,-14.699473],[-39.396498,-14.699274],[-39.396514,-14.698728],[-39.395478,-14.697179],[-39.396421,-14.697281],[-39.397318,-14.696905],[-39.397908,-14.696451],[-39.398647,-14.696162],[-39.399198,-14.696114],[-39.400864,-14.696281],[-39.4008,-14.695948],[-39.400504,-14.694729],[-39.40039,-14.694447],[-39.400591,-14.694134],[-39.400715,-14.693883],[-39.400821,-14.693434],[-39.401888,-14.693051],[-39.401988,-14.69302],[-39.402591,-14.692905],[-39.403503,-14.692716],[-39.403609,-14.692686],[-39.40485,-14.692439],[-39.405761,-14.692257],[-39.405614,-14.691665],[-39.405745,-14.690906],[-39.406083,-14.690672],[-39.406283,-14.690551],[-39.407144,-14.689495],[-39.407943,-14.689619],[-39.407856,-14.689748],[-39.408532,-14.691026],[-39.408504,-14.691096],[-39.408721,-14.692159],[-39.409012,-14.692381],[-39.409238,-14.692553],[-39.410723,-14.692385],[-39.412152,-14.692444],[-39.413435,-14.692365],[-39.414047,-14.692441],[-39.415215,-14.692746],[-39.41524,-14.692746]]]}},{"type":"Feature","properties":{"gid":"3819","cd_sipra":"BA0476000","nome_projeto":"PA SANTA CRUZ DO OURO","municipio":"ITAMARAJU","area_hectare_declarada":"1843.7087","capacidade":"129","num_familias":"94","fase":"3","data_de_criacao":"28/07/2005","forma_obtencao":"Desapropriação","data_obtencao":"10/12/2004","area_calc_ha":"1511.9921"},"geometry":{"type":"Polygon","coordinates":[[[-39.527497,-16.866391],[-39.523653,-16.869229],[-39.526194,-16.877587],[-39.526598,-16.879666],[-39.525178,-16.879883],[-39.521506,-16.880506],[-39.521073,-16.880578],[-39.520145,-16.882726],[-39.520092,-16.883071],[-39.520403,-16.8842],[-39.517579,-16.885712],[-39.518626,-16.887517],[-39.521129,-16.891554],[-39.521087,-16.891772],[-39.520985,-16.892294],[-39.520875,-16.893153],[-39.52097,-16.893652],[-39.521148,-16.893941],[-39.522843,-16.895979],[-39.523331,-16.896596],[-39.524121,-16.897902],[-39.52535,-16.900663],[-39.525686,-16.90137],[-39.525809,-16.902175],[-39.525717,-16.902738],[-39.525573,-16.903558],[-39.525196,-16.904433],[-39.524478,-16.90536],[-39.522103,-16.907662],[-39.521705,-16.908114],[-39.521509,-16.908559],[-39.521472,-16.909125],[-39.52164,-16.909604],[-39.522163,-16.910127],[-39.524906,-16.908518],[-39.52639,-16.907645],[-39.52709,-16.907245],[-39.531236,-16.905406],[-39.536747,-16.907221],[-39.537296,-16.912721],[-39.53754,-16.915762],[-39.537578,-16.916886],[-39.537353,-16.918631],[-39.537577,-16.919022],[-39.538686,-16.921014],[-39.538718,-16.921076],[-39.538893,-16.921389],[-39.541099,-16.924406],[-39.542536,-16.925976],[-39.54493,-16.928595],[-39.545895,-16.929647],[-39.546846,-16.930689],[-39.547512,-16.931419],[-39.551397,-16.935574],[-39.55229,-16.93545],[-39.554618,-16.935099],[-39.554499,-16.933843],[-39.55552,-16.933385],[-39.554764,-16.931384],[-39.556468,-16.93067],[-39.55712,-16.930308],[-39.557474,-16.928178],[-39.556935,-16.927874],[-39.556812,-16.927445],[-39.557454,-16.922967],[-39.557951,-16.922266],[-39.558476,-16.921545],[-39.558327,-16.919597],[-39.55827,-16.918518],[-39.558177,-16.916993],[-39.555524,-16.912068],[-39.559414,-16.910589],[-39.558382,-16.90855],[-39.556952,-16.90743],[-39.554611,-16.904139],[-39.552872,-16.901698],[-39.555,-16.898477],[-39.554338,-16.897002],[-39.55405,-16.896344],[-39.553253,-16.894587],[-39.551522,-16.890855],[-39.546738,-16.889705],[-39.54393,-16.889669],[-39.543816,-16.889662],[-39.543479,-16.889644],[-39.542528,-16.888511],[-39.542289,-16.88817],[-39.541769,-16.886026],[-39.541174,-16.883365],[-39.54072,-16.882949],[-39.539334,-16.881453],[-39.534021,-16.878049],[-39.533328,-16.874751],[-39.532691,-16.871744],[-39.531218,-16.8715],[-39.530944,-16.871315],[-39.530312,-16.870237],[-39.528973,-16.867893],[-39.527497,-16.866391]]]}},{"type":"Feature","properties":{"gid":"11442","cd_sipra":"BA0862000","nome_projeto":"PDS REUNIDAS PAU BRASIL","municipio":"ITAMARAJU","area_hectare_declarada":"1042.7206","capacidade":"51","num_familias":"50","fase":"3","data_de_criacao":"13/10/2009","forma_obtencao":"Desapropriação","data_obtencao":"26/12/2006","area_calc_ha":"1045.5226"},"geometry":{"type":"Polygon","coordinates":[[[-39.590399,-16.954708],[-39.589265,-16.953804],[-39.589118,-16.953769],[-39.587934,-16.953849],[-39.586714,-16.953555],[-39.585902,-16.953385],[-39.584947,-16.953374],[-39.584873,-16.954115],[-39.582332,-16.951906],[-39.581738,-16.952712],[-39.579188,-16.952372],[-39.578779,-16.952272],[-39.578348,-16.9524],[-39.578933,-16.953356],[-39.579503,-16.953759],[-39.580071,-16.954236],[-39.580897,-16.954844],[-39.581217,-16.955208],[-39.58194,-16.955271],[-39.582286,-16.955694],[-39.582612,-16.95577],[-39.582276,-16.956057],[-39.581641,-16.956282],[-39.58144,-16.955934],[-39.580776,-16.955865],[-39.580661,-16.956238],[-39.581314,-16.956947],[-39.580987,-16.957206],[-39.580447,-16.956553],[-39.580442,-16.956644],[-39.579571,-16.95624],[-39.578748,-16.956042],[-39.575883,-16.956209],[-39.575354,-16.956191],[-39.574955,-16.956639],[-39.573414,-16.956408],[-39.573181,-16.95565],[-39.573002,-16.955073],[-39.573043,-16.954731],[-39.572774,-16.954483],[-39.571952,-16.954866],[-39.571256,-16.95493],[-39.569739,-16.95546],[-39.568492,-16.9558],[-39.567618,-16.95624],[-39.566633,-16.956549],[-39.565497,-16.956972],[-39.564938,-16.956345],[-39.564482,-16.955785],[-39.564215,-16.955764],[-39.563713,-16.95574],[-39.561397,-16.955658],[-39.560137,-16.955854],[-39.559483,-16.955955],[-39.559749,-16.957204],[-39.559462,-16.958059],[-39.559506,-16.959032],[-39.559962,-16.960063],[-39.559996,-16.961333],[-39.560225,-16.962159],[-39.560695,-16.962706],[-39.560909,-16.962972],[-39.561086,-16.963098],[-39.561971,-16.963401],[-39.562081,-16.963546],[-39.562365,-16.964222],[-39.562419,-16.964864],[-39.562342,-16.965122],[-39.561315,-16.966447],[-39.560853,-16.967202],[-39.560656,-16.967787],[-39.561176,-16.967958],[-39.563473,-16.969277],[-39.563819,-16.969465],[-39.565059,-16.971029],[-39.566576,-16.973798],[-39.561558,-16.974366],[-39.560576,-16.974019],[-39.55999,-16.974416],[-39.559023,-16.974722],[-39.558658,-16.976227],[-39.5562,-16.977865],[-39.552198,-16.978296],[-39.552792,-16.980603],[-39.553403,-16.98341],[-39.553479,-16.983972],[-39.554127,-16.983926],[-39.554165,-16.984143],[-39.554988,-16.984248],[-39.555424,-16.984755],[-39.555962,-16.984685],[-39.556292,-16.98459],[-39.556379,-16.984822],[-39.556719,-16.984763],[-39.557315,-16.985136],[-39.557869,-16.984645],[-39.558838,-16.984016],[-39.55916,-16.983741],[-39.559638,-16.98369],[-39.560136,-16.983802],[-39.560242,-16.983826],[-39.560465,-16.983991],[-39.560771,-16.983821],[-39.560907,-16.983824],[-39.5612,-16.983707],[-39.561873,-16.984269],[-39.562305,-16.984418],[-39.562647,-16.98425],[-39.562834,-16.984192],[-39.563045,-16.984213],[-39.563224,-16.984425],[-39.563146,-16.984793],[-39.563443,-16.984784],[-39.563816,-16.984627],[-39.564213,-16.984562],[-39.564517,-16.98446],[-39.56523,-16.984281],[-39.565856,-16.984109],[-39.566037,-16.983951],[-39.566217,-16.983434],[-39.56597,-16.98255],[-39.566968,-16.982097],[-39.567739,-16.981848],[-39.567948,-16.982186],[-39.568494,-16.982491],[-39.568727,-16.982576],[-39.56903,-16.983358],[-39.569284,-16.983557],[-39.570257,-16.983525],[-39.570813,-16.984785],[-39.571014,-16.984702],[-39.570877,-16.983477],[-39.570629,-16.983108],[-39.570334,-16.982928],[-39.570013,-16.982496],[-39.570015,-16.982303],[-39.570175,-16.981733],[-39.570029,-16.981399],[-39.569728,-16.981051],[-39.569896,-16.980519],[-39.569673,-16.980113],[-39.569704,-16.979216],[-39.569681,-16.979006],[-39.569533,-16.978689],[-39.569478,-16.978432],[-39.56909,-16.978714],[-39.568985,-16.978428],[-39.5695,-16.977717],[-39.569547,-16.977048],[-39.569697,-16.97662],[-39.569938,-16.976978],[-39.571303,-16.976605],[-39.571727,-16.976567],[-39.57234,-16.976918],[-39.572853,-16.977067],[-39.573151,-16.977034],[-39.5739,-16.977005],[-39.574058,-16.976716],[-39.575279,-16.975664],[-39.575537,-16.976181],[-39.576041,-16.976684],[-39.576193,-16.97707],[-39.576189,-16.977316],[-39.575946,-16.977756],[-39.576088,-16.978095],[-39.576327,-16.978465],[-39.576589,-16.978431],[-39.576645,-16.978259],[-39.577429,-16.978169],[-39.577663,-16.978158],[-39.578129,-16.977897],[-39.578186,-16.978076],[-39.578304,-16.978119],[-39.578395,-16.977991],[-39.578249,-16.977398],[-39.578606,-16.976973],[-39.578609,-16.976587],[-39.578682,-16.97642],[-39.57888,-16.97632],[-39.579125,-16.976324],[-39.578724,-16.975718],[-39.578783,-16.9754],[-39.579029,-16.975121],[-39.579457,-16.974876],[-39.579702,-16.974633],[-39.580241,-16.975293],[-39.580419,-16.975678],[-39.580378,-16.976197],[-39.580431,-16.976924],[-39.58023,-16.977435],[-39.580038,-16.977823],[-39.579853,-16.978523],[-39.579957,-16.978905],[-39.580074,-16.979129],[-39.580024,-16.979819],[-39.579766,-16.980069],[-39.579435,-16.980174],[-39.579408,-16.980987],[-39.579283,-16.981242],[-39.579174,-16.981353],[-39.578797,-16.981239],[-39.578741,-16.981285],[-39.578802,-16.98154],[-39.578752,-16.98174],[-39.578834,-16.982142],[-39.578654,-16.982697],[-39.578219,-16.982852],[-39.578232,-16.98321],[-39.577915,-16.983323],[-39.577514,-16.983359],[-39.577141,-16.983555],[-39.577307,-16.984248],[-39.577101,-16.984391],[-39.576597,-16.98398],[-39.576378,-16.983327],[-39.576283,-16.983292],[-39.576096,-16.983],[-39.574905,-16.984546],[-39.575033,-16.984775],[-39.575173,-16.985404],[-39.575816,-16.985196],[-39.576816,-16.984813],[-39.577335,-16.984612],[-39.578105,-16.984581],[-39.577608,-16.985086],[-39.577635,-16.985224],[-39.577546,-16.985612],[-39.577834,-16.985763],[-39.578295,-16.986131],[-39.578204,-16.986427],[-39.578482,-16.986497],[-39.578672,-16.986027],[-39.579009,-16.985787],[-39.579107,-16.985849],[-39.579134,-16.986174],[-39.578982,-16.986899],[-39.579133,-16.987326],[-39.578691,-16.987615],[-39.578825,-16.987831],[-39.579099,-16.98786],[-39.579319,-16.987994],[-39.579776,-16.988001],[-39.579943,-16.988281],[-39.580149,-16.988226],[-39.580316,-16.988333],[-39.580562,-16.988714],[-39.580772,-16.989003],[-39.581295,-16.989337],[-39.581499,-16.989531],[-39.581847,-16.989956],[-39.5824,-16.990259],[-39.582617,-16.98991],[-39.582783,-16.989827],[-39.582901,-16.988992],[-39.583243,-16.988363],[-39.582942,-16.988135],[-39.582598,-16.987415],[-39.582375,-16.987094],[-39.582211,-16.986522],[-39.582838,-16.985032],[-39.582901,-16.984792],[-39.582905,-16.984394],[-39.582531,-16.982616],[-39.582879,-16.982285],[-39.583241,-16.981857],[-39.58434,-16.98053],[-39.584762,-16.980104],[-39.585814,-16.979488],[-39.586616,-16.979774],[-39.586864,-16.979901],[-39.587361,-16.979668],[-39.587451,-16.979564],[-39.58833,-16.978945],[-39.587817,-16.977986],[-39.588373,-16.976514],[-39.588577,-16.974981],[-39.588451,-16.974566],[-39.587915,-16.973749],[-39.588097,-16.973196],[-39.588719,-16.973067],[-39.589575,-16.972994],[-39.591058,-16.972833],[-39.593361,-16.972528],[-39.593138,-16.971702],[-39.593233,-16.971282],[-39.593121,-16.970834],[-39.593713,-16.970302],[-39.592626,-16.969424],[-39.592578,-16.968904],[-39.59292,-16.968137],[-39.593576,-16.967892],[-39.593477,-16.967045],[-39.592355,-16.966161],[-39.590658,-16.965132],[-39.591183,-16.964509],[-39.592957,-16.96209],[-39.593362,-16.962512],[-39.594428,-16.962862],[-39.595336,-16.961927],[-39.596414,-16.962552],[-39.597546,-16.961354],[-39.597969,-16.961671],[-39.59905,-16.962364],[-39.599288,-16.962175],[-39.599705,-16.962105],[-39.600055,-16.962129],[-39.600355,-16.962288],[-39.600634,-16.962977],[-39.602591,-16.963014],[-39.601626,-16.961396],[-39.601219,-16.961148],[-39.60131,-16.960939],[-39.600575,-16.960558],[-39.600761,-16.960248],[-39.600313,-16.959086],[-39.60006,-16.95847],[-39.599358,-16.957173],[-39.599029,-16.95658],[-39.598491,-16.956444],[-39.597549,-16.956318],[-39.597457,-16.956737],[-39.596709,-16.956794],[-39.594166,-16.955756],[-39.594729,-16.95643],[-39.594201,-16.956816],[-39.593851,-16.956576],[-39.593877,-16.956355],[-39.592828,-16.955897],[-39.592326,-16.956066],[-39.591842,-16.955976],[-39.592012,-16.955765],[-39.591716,-16.955818],[-39.591406,-16.955858],[-39.591447,-16.955625],[-39.590399,-16.954708]]]}},{"type":"Feature","properties":{"gid":"671","cd_sipra":"BA0139000","nome_projeto":"PA MARGARIDA ALVES","municipio":"ITUBERA","area_hectare_declarada":"522.2500","capacidade":"30","num_familias":"24","fase":"5","data_de_criacao":"11/03/1998","forma_obtencao":"Desapropriação","data_obtencao":"15/01/1997","area_calc_ha":"370.0116"},"geometry":{"type":"Polygon","coordinates":[[[-39.229108,-13.760634],[-39.228271,-13.761034],[-39.225923,-13.761855],[-39.224956,-13.762469],[-39.224789,-13.762739],[-39.22472,-13.763212],[-39.224601,-13.763285],[-39.224563,-13.763323],[-39.22437,-13.763381],[-39.223688,-13.763322],[-39.22322,-13.763595],[-39.222024,-13.76389],[-39.221763,-13.763994],[-39.221456,-13.764417],[-39.221251,-13.764517],[-39.222138,-13.766175],[-39.222294,-13.768139],[-39.222448,-13.768862],[-39.223036,-13.769848],[-39.222776,-13.77084],[-39.222749,-13.771537],[-39.223156,-13.772307],[-39.223017,-13.773371],[-39.223357,-13.77419],[-39.223552,-13.774594],[-39.223613,-13.775292],[-39.223957,-13.775831],[-39.224655,-13.776298],[-39.224922,-13.776914],[-39.225186,-13.777191],[-39.225278,-13.777645],[-39.225625,-13.777751],[-39.225891,-13.778546],[-39.225958,-13.778988],[-39.226026,-13.779369],[-39.22632,-13.780219],[-39.226095,-13.780601],[-39.226041,-13.781249],[-39.227087,-13.781577],[-39.228273,-13.781994],[-39.230407,-13.78311],[-39.230648,-13.783075],[-39.231613,-13.783082],[-39.232101,-13.783173],[-39.232354,-13.783173],[-39.233284,-13.783103],[-39.235252,-13.783049],[-39.23546,-13.783294],[-39.235845,-13.783239],[-39.238536,-13.782906],[-39.238592,-13.782907],[-39.239104,-13.782835],[-39.241159,-13.782514],[-39.239887,-13.780215],[-39.239362,-13.779156],[-39.239141,-13.778298],[-39.237575,-13.774326],[-39.238415,-13.77132],[-39.239064,-13.768952],[-39.239367,-13.766781],[-39.239164,-13.766547],[-39.239171,-13.766184],[-39.239483,-13.765793],[-39.239459,-13.765549],[-39.238559,-13.765052],[-39.238084,-13.764543],[-39.237477,-13.764229],[-39.237219,-13.763934],[-39.236845,-13.763496],[-39.236725,-13.763509],[-39.236605,-13.763646],[-39.236254,-13.763995],[-39.236196,-13.763961],[-39.236075,-13.763897],[-39.236031,-13.763835],[-39.235929,-13.763768],[-39.235831,-13.763772],[-39.235701,-13.76365],[-39.23573,-13.76359],[-39.235748,-13.763399],[-39.234979,-13.762428],[-39.234587,-13.762258],[-39.23427,-13.762365],[-39.233795,-13.762807],[-39.233443,-13.762684],[-39.233369,-13.762743],[-39.232138,-13.762176],[-39.231655,-13.761597],[-39.231403,-13.761512],[-39.230189,-13.761415],[-39.230005,-13.761371],[-39.229912,-13.76103],[-39.229108,-13.760634]]]}},{"type":"Feature","properties":{"gid":"11713","cd_sipra":"BA0173000","nome_projeto":"PA LUCAS DANTAS","municipio":"ITUBERA","area_hectare_declarada":"701.7800","capacidade":"50","num_familias":"49","fase":"3","data_de_criacao":"30/12/1998","forma_obtencao":"Desapropriação","data_obtencao":"20/11/1997","area_calc_ha":"656.7834"},"geometry":{"type":"Polygon","coordinates":[[[-39.269593,-13.806646],[-39.270747,-13.807193],[-39.270924,-13.807487],[-39.271103,-13.807881],[-39.271242,-13.808262],[-39.271333,-13.808585],[-39.271621,-13.8094],[-39.271934,-13.810284],[-39.272177,-13.810968],[-39.272388,-13.811566],[-39.272579,-13.812104],[-39.27277,-13.812643],[-39.272963,-13.81319],[-39.273157,-13.813736],[-39.273352,-13.814288],[-39.27355,-13.814847],[-39.275184,-13.819462],[-39.275617,-13.820684],[-39.275614,-13.820755],[-39.275724,-13.820802],[-39.275878,-13.821179],[-39.2767,-13.823025],[-39.277659,-13.82452],[-39.2786,-13.826327],[-39.2795,-13.828056],[-39.279953,-13.828926],[-39.280414,-13.82981],[-39.280551,-13.830107],[-39.27961,-13.829942],[-39.278731,-13.829718],[-39.278479,-13.82969],[-39.278193,-13.829444],[-39.277926,-13.829326],[-39.27763,-13.829431],[-39.277009,-13.829807],[-39.276672,-13.830109],[-39.276225,-13.830441],[-39.274476,-13.831631],[-39.274226,-13.831792],[-39.274148,-13.831841],[-39.27461,-13.832433],[-39.275055,-13.832992],[-39.275405,-13.833476],[-39.275567,-13.833706],[-39.275647,-13.833773],[-39.27594,-13.834172],[-39.276418,-13.834811],[-39.276953,-13.835405],[-39.277073,-13.835653],[-39.276439,-13.83618],[-39.275907,-13.836008],[-39.275452,-13.836294],[-39.275816,-13.836856],[-39.2758,-13.837179],[-39.275408,-13.837843],[-39.275914,-13.838134],[-39.276509,-13.838446],[-39.277021,-13.838811],[-39.277729,-13.83973],[-39.278216,-13.839261],[-39.278463,-13.838841],[-39.277995,-13.837609],[-39.27803,-13.837402],[-39.278034,-13.837311],[-39.278185,-13.836499],[-39.278796,-13.835934],[-39.279292,-13.835457],[-39.279658,-13.834994],[-39.27974,-13.83489],[-39.280018,-13.834539],[-39.280391,-13.833168],[-39.280449,-13.832956],[-39.2805,-13.832879],[-39.281507,-13.831572],[-39.282106,-13.830346],[-39.282264,-13.830013],[-39.282324,-13.829711],[-39.282207,-13.829049],[-39.281643,-13.828006],[-39.28163,-13.827884],[-39.281605,-13.827651],[-39.281454,-13.825957],[-39.281097,-13.824798],[-39.280939,-13.824489],[-39.281748,-13.821356],[-39.281572,-13.820603],[-39.281551,-13.82051],[-39.281304,-13.819452],[-39.28041,-13.818655],[-39.280166,-13.818439],[-39.280094,-13.818112],[-39.280613,-13.815218],[-39.28001,-13.81421],[-39.279442,-13.813671],[-39.279035,-13.81275],[-39.279296,-13.81228],[-39.279812,-13.811836],[-39.279903,-13.811234],[-39.279475,-13.810601],[-39.279457,-13.810553],[-39.279423,-13.810467],[-39.279368,-13.810323],[-39.279952,-13.809301],[-39.280446,-13.80939],[-39.280678,-13.809932],[-39.281241,-13.810421],[-39.28169,-13.81035],[-39.28259,-13.809764],[-39.282898,-13.809675],[-39.283442,-13.810019],[-39.28387,-13.809928],[-39.284088,-13.809673],[-39.284063,-13.808846],[-39.284229,-13.808491],[-39.285162,-13.807422],[-39.285135,-13.806753],[-39.284856,-13.805951],[-39.284801,-13.805025],[-39.284077,-13.804523],[-39.283766,-13.803853],[-39.28187,-13.802403],[-39.281889,-13.802056],[-39.282412,-13.801338],[-39.282427,-13.800835],[-39.282232,-13.800513],[-39.281643,-13.800173],[-39.280622,-13.800324],[-39.278994,-13.799263],[-39.27865,-13.798678],[-39.279206,-13.797208],[-39.278442,-13.796267],[-39.277953,-13.794738],[-39.278046,-13.794275],[-39.278189,-13.793949],[-39.278293,-13.793847],[-39.278622,-13.793692],[-39.278771,-13.793683],[-39.279503,-13.79404],[-39.280607,-13.794069],[-39.280879,-13.793923],[-39.281408,-13.792852],[-39.281455,-13.792755],[-39.281551,-13.792597],[-39.281026,-13.792527],[-39.280489,-13.792267],[-39.279845,-13.792156],[-39.27967,-13.791677],[-39.279747,-13.79092],[-39.279446,-13.790405],[-39.278888,-13.790008],[-39.27847,-13.790126],[-39.27819,-13.790515],[-39.27722,-13.790307],[-39.276877,-13.790029],[-39.276472,-13.789599],[-39.276105,-13.7893],[-39.275909,-13.789285],[-39.275759,-13.789098],[-39.275384,-13.789194],[-39.275219,-13.789082],[-39.275005,-13.789361],[-39.274292,-13.790376],[-39.274425,-13.79059],[-39.274333,-13.790671],[-39.274115,-13.79058],[-39.273854,-13.790366],[-39.273583,-13.7904],[-39.273557,-13.790781],[-39.272993,-13.79005],[-39.272208,-13.790406],[-39.271873,-13.790812],[-39.271191,-13.790908],[-39.270292,-13.79152],[-39.270021,-13.791788],[-39.269284,-13.791709],[-39.26912,-13.790924],[-39.26885,-13.790439],[-39.268923,-13.789565],[-39.268239,-13.787839],[-39.268459,-13.78715],[-39.268385,-13.786891],[-39.268099,-13.786801],[-39.267971,-13.786344],[-39.268148,-13.785894],[-39.267408,-13.785931],[-39.266981,-13.786103],[-39.266048,-13.785827],[-39.265922,-13.785502],[-39.265586,-13.785565],[-39.265606,-13.785605],[-39.265856,-13.786169],[-39.265902,-13.786392],[-39.265839,-13.7866],[-39.265632,-13.786619],[-39.265315,-13.786703],[-39.264907,-13.786456],[-39.26478,-13.785918],[-39.264516,-13.786275],[-39.263387,-13.786339],[-39.263376,-13.786653],[-39.263099,-13.786851],[-39.262634,-13.78706],[-39.262538,-13.787168],[-39.262407,-13.787645],[-39.262236,-13.787863],[-39.261914,-13.788261],[-39.261298,-13.788613],[-39.260978,-13.789024],[-39.260662,-13.789129],[-39.260222,-13.789055],[-39.259813,-13.789152],[-39.259389,-13.789185],[-39.258946,-13.789307],[-39.258684,-13.789319],[-39.2584,-13.7894],[-39.25794,-13.789493],[-39.257287,-13.789721],[-39.257369,-13.789823],[-39.257469,-13.789945],[-39.258051,-13.79066],[-39.258459,-13.791042],[-39.259017,-13.791713],[-39.259216,-13.791958],[-39.25927,-13.792145],[-39.259291,-13.792695],[-39.259294,-13.793024],[-39.25923,-13.793929],[-39.259231,-13.79415],[-39.2592,-13.79471],[-39.259149,-13.795615],[-39.259119,-13.796053],[-39.258606,-13.801182],[-39.258559,-13.801655],[-39.258577,-13.80172],[-39.25856,-13.802005],[-39.258522,-13.80224],[-39.260799,-13.803017],[-39.261468,-13.803245],[-39.262307,-13.803532],[-39.263435,-13.803917],[-39.263808,-13.804044],[-39.263879,-13.80411],[-39.264387,-13.804331],[-39.265109,-13.804645],[-39.265819,-13.804954],[-39.266563,-13.805277],[-39.267446,-13.805661],[-39.268302,-13.806034],[-39.268567,-13.806124],[-39.269503,-13.806579],[-39.269555,-13.806605],[-39.269593,-13.806646]]]}},{"type":"Feature","properties":{"gid":"1043","cd_sipra":"BA0305000","nome_projeto":"PA LIBERDADE","municipio":"MARAU","area_hectare_declarada":"725.5000","capacidade":"57","num_familias":"52","fase":"3","data_de_criacao":"30/10/2001","forma_obtencao":"Desapropriação","data_obtencao":"21/12/1999","area_calc_ha":"729.0888"},"geometry":{"type":"Polygon","coordinates":[[[-39.369053,-14.190394],[-39.368894,-14.19063],[-39.368266,-14.190449],[-39.366808,-14.190665],[-39.365542,-14.191649],[-39.364581,-14.192379],[-39.363441,-14.193418],[-39.363015,-14.193806],[-39.362815,-14.193988],[-39.3626,-14.194185],[-39.362245,-14.194477],[-39.36547,-14.196203],[-39.365918,-14.195579],[-39.366476,-14.195686],[-39.366626,-14.195851],[-39.366597,-14.19661],[-39.366648,-14.196893],[-39.366871,-14.198122],[-39.36728,-14.200391],[-39.367315,-14.200583],[-39.367746,-14.200712],[-39.370425,-14.201965],[-39.370864,-14.201712],[-39.372044,-14.20153],[-39.372989,-14.201391],[-39.373613,-14.201304],[-39.374005,-14.201217],[-39.374382,-14.201486],[-39.374772,-14.201687],[-39.375527,-14.202573],[-39.37563,-14.202666],[-39.376293,-14.203266],[-39.378185,-14.204554],[-39.378276,-14.204743],[-39.378756,-14.205738],[-39.378809,-14.205816],[-39.379652,-14.206509],[-39.379892,-14.207274],[-39.3796,-14.208838],[-39.380924,-14.209995],[-39.380441,-14.210422],[-39.380626,-14.211879],[-39.380241,-14.212245],[-39.379524,-14.213196],[-39.378275,-14.212853],[-39.377589,-14.213077],[-39.376501,-14.213825],[-39.377,-14.215046],[-39.377301,-14.215654],[-39.377346,-14.215924],[-39.377346,-14.2169],[-39.376833,-14.217208],[-39.376788,-14.217439],[-39.376843,-14.217771],[-39.37782,-14.218299],[-39.38139,-14.218886],[-39.38156,-14.218973],[-39.382336,-14.219894],[-39.383479,-14.22147],[-39.383518,-14.221546],[-39.383989,-14.222545],[-39.383435,-14.222858],[-39.383458,-14.223743],[-39.383751,-14.224542],[-39.384337,-14.223965],[-39.386548,-14.221974],[-39.387132,-14.22131],[-39.387569,-14.221017],[-39.387515,-14.220236],[-39.387531,-14.21998],[-39.38753,-14.219507],[-39.388337,-14.217881],[-39.388988,-14.218205],[-39.389274,-14.218579],[-39.389033,-14.218868],[-39.388754,-14.218981],[-39.388511,-14.219602],[-39.388845,-14.219783],[-39.389062,-14.219999],[-39.390005,-14.219433],[-39.391446,-14.218826],[-39.391095,-14.216916],[-39.391185,-14.216567],[-39.391505,-14.215919],[-39.392411,-14.216586],[-39.393008,-14.215778],[-39.393341,-14.215608],[-39.393739,-14.215286],[-39.394386,-14.214905],[-39.394656,-14.214911],[-39.395176,-14.214927],[-39.395279,-14.213677],[-39.395426,-14.21324],[-39.395497,-14.212833],[-39.395535,-14.211701],[-39.395903,-14.211682],[-39.396377,-14.211657],[-39.39656,-14.211642],[-39.397553,-14.211488],[-39.398684,-14.210791],[-39.399165,-14.210569],[-39.3998,-14.210593],[-39.400238,-14.210822],[-39.400952,-14.210277],[-39.400981,-14.209919],[-39.401079,-14.209415],[-39.401571,-14.208881],[-39.401948,-14.208483],[-39.402073,-14.20809],[-39.402635,-14.208514],[-39.403697,-14.208631],[-39.404672,-14.209193],[-39.405122,-14.209554],[-39.404789,-14.210203],[-39.404584,-14.210448],[-39.404317,-14.210745],[-39.404305,-14.211068],[-39.404298,-14.211158],[-39.40429,-14.211329],[-39.404526,-14.211308],[-39.404687,-14.211363],[-39.405857,-14.211792],[-39.406384,-14.212114],[-39.407201,-14.212661],[-39.40836,-14.213209],[-39.409131,-14.213977],[-39.409967,-14.214965],[-39.410424,-14.215963],[-39.410958,-14.217238],[-39.411064,-14.217976],[-39.412171,-14.219547],[-39.412947,-14.219757],[-39.413348,-14.217981],[-39.413247,-14.217419],[-39.412994,-14.216846],[-39.412859,-14.21559],[-39.412658,-14.214659],[-39.412914,-14.214341],[-39.413196,-14.214103],[-39.4141,-14.213717],[-39.414621,-14.213639],[-39.415813,-14.213274],[-39.416904,-14.213343],[-39.417484,-14.213255],[-39.418121,-14.212909],[-39.419902,-14.212153],[-39.419733,-14.211993],[-39.419266,-14.211612],[-39.418748,-14.211232],[-39.418459,-14.210855],[-39.418124,-14.210529],[-39.4179,-14.210272],[-39.417681,-14.209905],[-39.417525,-14.209702],[-39.417098,-14.209312],[-39.416986,-14.208711],[-39.417237,-14.208741],[-39.417669,-14.208949],[-39.417964,-14.209412],[-39.418629,-14.209101],[-39.418865,-14.208769],[-39.418544,-14.208304],[-39.418284,-14.207752],[-39.417629,-14.206969],[-39.416894,-14.206667],[-39.416634,-14.206031],[-39.41628,-14.205669],[-39.416227,-14.205272],[-39.416382,-14.204985],[-39.416229,-14.204727],[-39.416654,-14.204161],[-39.416191,-14.203651],[-39.416349,-14.202036],[-39.416193,-14.201666],[-39.415243,-14.201493],[-39.413791,-14.202315],[-39.413501,-14.201564],[-39.411943,-14.201249],[-39.411723,-14.201292],[-39.412535,-14.204221],[-39.412222,-14.204507],[-39.412187,-14.205224],[-39.411604,-14.206174],[-39.410948,-14.207058],[-39.410529,-14.207067],[-39.410354,-14.207163],[-39.410041,-14.207436],[-39.409483,-14.206278],[-39.409511,-14.205975],[-39.409208,-14.20536],[-39.409009,-14.205074],[-39.408637,-14.205195],[-39.408322,-14.204142],[-39.408406,-14.203913],[-39.407929,-14.201944],[-39.406428,-14.202228],[-39.405408,-14.202799],[-39.404065,-14.202727],[-39.403281,-14.202855],[-39.401881,-14.20282],[-39.401129,-14.202213],[-39.3993,-14.201876],[-39.398866,-14.201105],[-39.398719,-14.20061],[-39.397322,-14.199592],[-39.397167,-14.199481],[-39.396611,-14.199119],[-39.396285,-14.19887],[-39.396417,-14.199367],[-39.396231,-14.200124],[-39.396226,-14.200213],[-39.396021,-14.200977],[-39.396496,-14.202332],[-39.396608,-14.202766],[-39.396568,-14.204108],[-39.396028,-14.204388],[-39.394278,-14.204372],[-39.393682,-14.204151],[-39.392641,-14.204386],[-39.391206,-14.204204],[-39.389457,-14.204155],[-39.389115,-14.204054],[-39.387959,-14.203329],[-39.386985,-14.202675],[-39.386322,-14.203285],[-39.38543,-14.203602],[-39.385357,-14.203637],[-39.384617,-14.204217],[-39.383511,-14.203919],[-39.381169,-14.202231],[-39.380508,-14.202503],[-39.378431,-14.200522],[-39.379904,-14.197688],[-39.380539,-14.196418],[-39.379982,-14.195796],[-39.379782,-14.195822],[-39.378357,-14.194986],[-39.377076,-14.194629],[-39.376503,-14.19531],[-39.375693,-14.195266],[-39.374977,-14.193783],[-39.374855,-14.193304],[-39.374449,-14.193306],[-39.374003,-14.192935],[-39.373568,-14.192825],[-39.373563,-14.192283],[-39.372394,-14.191856],[-39.371953,-14.191413],[-39.370865,-14.190907],[-39.370741,-14.190872],[-39.369053,-14.190394]]]}},{"type":"Feature","properties":{"gid":"13225","cd_sipra":"BA0916000","nome_projeto":"PA PRIMAVERA","municipio":"MASCOTE","area_hectare_declarada":"48.3486","capacidade":"6","num_familias":"0","fase":"3","data_de_criacao":"09/05/2013","forma_obtencao":"Desapropriação","data_obtencao":"25/09/2008","area_calc_ha":"48.3856"},"geometry":{"type":"Polygon","coordinates":[[[-39.385866,-15.61956],[-39.386276,-15.622],[-39.386377,-15.622387],[-39.386671,-15.623493],[-39.387104,-15.624164],[-39.387819,-15.623714],[-39.388742,-15.623075],[-39.390997,-15.621725],[-39.390765,-15.621673],[-39.390965,-15.62079],[-39.39114,-15.620392],[-39.391507,-15.620491],[-39.392746,-15.621058],[-39.393358,-15.621021],[-39.393461,-15.62104],[-39.393562,-15.620156],[-39.393705,-15.619211],[-39.394185,-15.617257],[-39.393108,-15.616974],[-39.392891,-15.616857],[-39.392168,-15.616607],[-39.391859,-15.616511],[-39.390771,-15.616022],[-39.390272,-15.615761],[-39.390039,-15.615396],[-39.389356,-15.615144],[-39.389023,-15.614873],[-39.388248,-15.615052],[-39.388334,-15.616162],[-39.388655,-15.616318],[-39.389061,-15.6166],[-39.388534,-15.617243],[-39.388188,-15.617613],[-39.387965,-15.618007],[-39.387946,-15.61818],[-39.386262,-15.61943],[-39.385866,-15.61956]]]}},{"type":"Feature","properties":{"gid":"15458","cd_sipra":"BA0462000","nome_projeto":"PA JEQUITIBA","municipio":"MUCURI","area_hectare_declarada":"1645.8189","capacidade":"139","num_familias":"134","fase":"4","data_de_criacao":"22/12/2004","forma_obtencao":"Desapropriação","data_obtencao":"03/02/2004","area_calc_ha":"1596.0955"},"geometry":{"type":"Polygon","coordinates":[[[-39.751828,-18.060415],[-39.744333,-18.061587],[-39.744746,-18.063223],[-39.745086,-18.064052],[-39.745074,-18.066757],[-39.745075,-18.067003],[-39.74508,-18.067255],[-39.744115,-18.067604],[-39.74356,-18.067739],[-39.741577,-18.068758],[-39.738811,-18.07075],[-39.737332,-18.071725],[-39.735416,-18.072137],[-39.734756,-18.072527],[-39.734633,-18.072815],[-39.734417,-18.073323],[-39.73358,-18.075427],[-39.732048,-18.079131],[-39.730671,-18.082359],[-39.729985,-18.084009],[-39.72569,-18.083015],[-39.725461,-18.082961],[-39.724089,-18.082514],[-39.723113,-18.082249],[-39.721346,-18.081774],[-39.721104,-18.081716],[-39.721134,-18.081399],[-39.721277,-18.080557],[-39.721667,-18.078511],[-39.721769,-18.077938],[-39.722337,-18.075014],[-39.722367,-18.074855],[-39.72138,-18.07481],[-39.719932,-18.074472],[-39.717539,-18.073541],[-39.716774,-18.074023],[-39.71538,-18.074553],[-39.714183,-18.074365],[-39.713839,-18.073956],[-39.711204,-18.074065],[-39.710388,-18.075235],[-39.710098,-18.076564],[-39.709719,-18.076882],[-39.709259,-18.077286],[-39.708987,-18.077361],[-39.705934,-18.076355],[-39.705676,-18.07628],[-39.704915,-18.07615],[-39.704431,-18.076201],[-39.703254,-18.076387],[-39.703042,-18.076388],[-39.702435,-18.07648],[-39.702338,-18.076461],[-39.702242,-18.076507],[-39.700056,-18.076876],[-39.697784,-18.077394],[-39.69697,-18.07749],[-39.695269,-18.078188],[-39.693933,-18.078366],[-39.693566,-18.078382],[-39.691929,-18.078955],[-39.691842,-18.079197],[-39.690835,-18.08216],[-39.690235,-18.083813],[-39.690212,-18.083887],[-39.690239,-18.08389],[-39.689658,-18.085395],[-39.689431,-18.086119],[-39.689402,-18.086238],[-39.689534,-18.087468],[-39.688784,-18.089863],[-39.688869,-18.090273],[-39.689057,-18.090571],[-39.689275,-18.090757],[-39.689717,-18.091155],[-39.691364,-18.091929],[-39.692707,-18.09208],[-39.692888,-18.093441],[-39.693444,-18.093932],[-39.693966,-18.094191],[-39.695081,-18.094378],[-39.695766,-18.094288],[-39.696177,-18.093673],[-39.696117,-18.093451],[-39.696807,-18.093002],[-39.697401,-18.092635],[-39.698935,-18.091562],[-39.699245,-18.091073],[-39.699699,-18.090291],[-39.699848,-18.090005],[-39.699872,-18.089894],[-39.700464,-18.089609],[-39.701731,-18.089029],[-39.7036,-18.08926],[-39.704589,-18.089616],[-39.708287,-18.090527],[-39.7084,-18.090553],[-39.708357,-18.090727],[-39.707773,-18.093194],[-39.708494,-18.093729],[-39.710146,-18.094162],[-39.710219,-18.095037],[-39.71029,-18.095932],[-39.710133,-18.096993],[-39.709951,-18.098229],[-39.709868,-18.098844],[-39.709421,-18.099798],[-39.709109,-18.10066],[-39.708973,-18.101171],[-39.708782,-18.102282],[-39.708665,-18.102862],[-39.708323,-18.104169],[-39.708193,-18.104916],[-39.708732,-18.104498],[-39.71031,-18.10359],[-39.712125,-18.102971],[-39.712417,-18.103194],[-39.712573,-18.103024],[-39.712694,-18.102606],[-39.712934,-18.102547],[-39.713109,-18.102686],[-39.71392,-18.102352],[-39.714306,-18.101969],[-39.71453,-18.101472],[-39.714534,-18.100426],[-39.71446,-18.099606],[-39.714263,-18.099027],[-39.714281,-18.098919],[-39.714098,-18.098239],[-39.714114,-18.098152],[-39.714331,-18.097659],[-39.714632,-18.097098],[-39.714838,-18.096833],[-39.715305,-18.096591],[-39.715469,-18.096591],[-39.715888,-18.096523],[-39.716156,-18.096391],[-39.716676,-18.096259],[-39.717582,-18.096105],[-39.718127,-18.095947],[-39.718564,-18.095973],[-39.719212,-18.096315],[-39.719442,-18.096341],[-39.719843,-18.096279],[-39.720466,-18.096396],[-39.721269,-18.096917],[-39.7219,-18.097139],[-39.722828,-18.097203],[-39.722932,-18.097118],[-39.723286,-18.096858],[-39.724034,-18.097615],[-39.723575,-18.098066],[-39.723313,-18.098169],[-39.723301,-18.098161],[-39.723158,-18.099307],[-39.723072,-18.099518],[-39.72248,-18.10126],[-39.722196,-18.102151],[-39.721978,-18.102718],[-39.723259,-18.103239],[-39.724274,-18.103892],[-39.726463,-18.106741],[-39.727545,-18.107147],[-39.728899,-18.106996],[-39.73027,-18.105805],[-39.730888,-18.104543],[-39.731912,-18.103221],[-39.732709,-18.102731],[-39.733998,-18.10216],[-39.734779,-18.101881],[-39.735855,-18.101481],[-39.736401,-18.101138],[-39.736863,-18.100629],[-39.737093,-18.100025],[-39.737409,-18.099855],[-39.737897,-18.099578],[-39.738385,-18.099311],[-39.738741,-18.099287],[-39.739532,-18.098882],[-39.740384,-18.098709],[-39.740992,-18.098547],[-39.741457,-18.097841],[-39.743119,-18.095277],[-39.744083,-18.093807],[-39.744122,-18.093745],[-39.745143,-18.092181],[-39.745276,-18.091976],[-39.745724,-18.091257],[-39.749657,-18.085218],[-39.750278,-18.084271],[-39.750446,-18.083753],[-39.752337,-18.075757],[-39.752354,-18.075682],[-39.750243,-18.075439],[-39.75691,-18.067423],[-39.756922,-18.067409],[-39.756634,-18.067178],[-39.756504,-18.067043],[-39.755039,-18.065882],[-39.754722,-18.065758],[-39.754485,-18.065687],[-39.754284,-18.065703],[-39.754096,-18.065734],[-39.753929,-18.065811],[-39.753446,-18.066092],[-39.752853,-18.066149],[-39.752826,-18.066043],[-39.752734,-18.065683],[-39.75256,-18.064665],[-39.751828,-18.060415]]]}},{"type":"Feature","properties":{"gid":"15459","cd_sipra":"BA0133000","nome_projeto":"PA PAULO FREIRE","municipio":"MUCURI","area_hectare_declarada":"2312.8497","capacidade":"100","num_familias":"98","fase":"6","data_de_criacao":"30/07/1998","forma_obtencao":"Desapropriação","data_obtencao":"10/12/1997","area_calc_ha":"2251.6892"},"geometry":{"type":"Polygon","coordinates":[[[-39.659618,-18.049234],[-39.659112,-18.050164],[-39.658471,-18.051336],[-39.657987,-18.052122],[-39.65716,-18.05297],[-39.657046,-18.053087],[-39.656523,-18.053292],[-39.656411,-18.053579],[-39.657263,-18.055007],[-39.65667,-18.056635],[-39.655778,-18.059159],[-39.655664,-18.059339],[-39.655585,-18.059582],[-39.655493,-18.059862],[-39.655126,-18.060888],[-39.654839,-18.061703],[-39.653971,-18.064069],[-39.653854,-18.064447],[-39.653693,-18.06481],[-39.652749,-18.06744],[-39.652377,-18.06848],[-39.652008,-18.069452],[-39.651659,-18.070418],[-39.653804,-18.071116],[-39.652381,-18.077411],[-39.652187,-18.07827],[-39.652014,-18.078924],[-39.651948,-18.079001],[-39.651982,-18.079057],[-39.650914,-18.082959],[-39.649571,-18.087826],[-39.647149,-18.085981],[-39.644996,-18.08431],[-39.642281,-18.09349],[-39.641671,-18.095503],[-39.641524,-18.096061],[-39.641069,-18.097522],[-39.64202,-18.097546],[-39.641966,-18.097853],[-39.642314,-18.097984],[-39.640995,-18.101536],[-39.641304,-18.101721],[-39.641328,-18.101744],[-39.641676,-18.101911],[-39.642059,-18.102035],[-39.642333,-18.102182],[-39.642416,-18.102209],[-39.6428,-18.102439],[-39.642829,-18.102485],[-39.642966,-18.102624],[-39.643085,-18.102697],[-39.643375,-18.103058],[-39.643497,-18.103169],[-39.643564,-18.103352],[-39.643639,-18.103477],[-39.643917,-18.104025],[-39.644131,-18.104853],[-39.643986,-18.105743],[-39.644671,-18.106949],[-39.645531,-18.107794],[-39.646139,-18.108062],[-39.646415,-18.108163],[-39.647185,-18.108295],[-39.64788,-18.108326],[-39.648481,-18.108252],[-39.648608,-18.108293],[-39.649162,-18.108467],[-39.649294,-18.108511],[-39.649682,-18.108515],[-39.649781,-18.108486],[-39.65009,-18.108387],[-39.650221,-18.108356],[-39.650407,-18.108266],[-39.650725,-18.108141],[-39.651063,-18.10799],[-39.651137,-18.107966],[-39.651296,-18.107797],[-39.65152,-18.107395],[-39.651931,-18.106486],[-39.651944,-18.106487],[-39.652447,-18.105981],[-39.652792,-18.105901],[-39.652894,-18.105806],[-39.652979,-18.105751],[-39.653256,-18.105683],[-39.653622,-18.105746],[-39.653974,-18.105843],[-39.65421,-18.105929],[-39.654296,-18.105979],[-39.654482,-18.106078],[-39.654695,-18.106168],[-39.655025,-18.106316],[-39.655314,-18.106528],[-39.655359,-18.10668],[-39.655371,-18.106841],[-39.65536,-18.107067],[-39.655411,-18.10731],[-39.655733,-18.107908],[-39.656349,-18.108545],[-39.656633,-18.108754],[-39.657368,-18.109045],[-39.657582,-18.109049],[-39.65783,-18.108996],[-39.658038,-18.108916],[-39.658304,-18.108758],[-39.658413,-18.108709],[-39.658698,-18.10856],[-39.658882,-18.108462],[-39.659054,-18.108399],[-39.659226,-18.108358],[-39.659511,-18.108234],[-39.659848,-18.108059],[-39.660114,-18.107869],[-39.660165,-18.107798],[-39.661627,-18.107865],[-39.662698,-18.106619],[-39.662185,-18.105034],[-39.661951,-18.104806],[-39.661738,-18.104535],[-39.661624,-18.10441],[-39.661309,-18.103877],[-39.661236,-18.103734],[-39.661157,-18.10351],[-39.661086,-18.103222],[-39.661077,-18.102919],[-39.661058,-18.102711],[-39.661164,-18.102404],[-39.661532,-18.102002],[-39.661585,-18.101945],[-39.661998,-18.101639],[-39.662497,-18.101333],[-39.662764,-18.101236],[-39.663252,-18.101023],[-39.66355,-18.101017],[-39.664107,-18.101154],[-39.664885,-18.101339],[-39.665376,-18.101118],[-39.665601,-18.101096],[-39.665808,-18.10095],[-39.666074,-18.10081],[-39.666427,-18.100629],[-39.666437,-18.100625],[-39.666547,-18.100544],[-39.666764,-18.100217],[-39.66685,-18.100094],[-39.667015,-18.09963],[-39.667224,-18.099169],[-39.667319,-18.099002],[-39.667694,-18.098462],[-39.667712,-18.098151],[-39.668271,-18.097843],[-39.668545,-18.097502],[-39.668616,-18.097318],[-39.668937,-18.097058],[-39.669057,-18.096873],[-39.669365,-18.096866],[-39.669754,-18.096531],[-39.670092,-18.09598],[-39.670248,-18.095609],[-39.67067,-18.094701],[-39.670712,-18.094489],[-39.670874,-18.093305],[-39.670955,-18.093186],[-39.671109,-18.093086],[-39.671392,-18.093116],[-39.67162,-18.093151],[-39.67177,-18.093218],[-39.671866,-18.093208],[-39.67199,-18.093403],[-39.672093,-18.093546],[-39.672537,-18.094316],[-39.672638,-18.094637],[-39.672843,-18.09512],[-39.67293,-18.0953],[-39.67337,-18.096007],[-39.673825,-18.096412],[-39.674081,-18.096814],[-39.674319,-18.096937],[-39.674549,-18.097161],[-39.674914,-18.097395],[-39.675192,-18.097528],[-39.675672,-18.097694],[-39.675928,-18.097597],[-39.676325,-18.097443],[-39.676519,-18.097227],[-39.676589,-18.096954],[-39.67651,-18.096544],[-39.676304,-18.096348],[-39.676111,-18.096107],[-39.67596,-18.095944],[-39.675765,-18.095715],[-39.675466,-18.095573],[-39.674942,-18.095177],[-39.674786,-18.094871],[-39.674721,-18.094661],[-39.674622,-18.094135],[-39.674637,-18.093866],[-39.674788,-18.093225],[-39.674803,-18.092989],[-39.674925,-18.092808],[-39.675058,-18.092553],[-39.675058,-18.092563],[-39.675152,-18.092331],[-39.675274,-18.092128],[-39.675366,-18.091907],[-39.675462,-18.091753],[-39.675581,-18.091602],[-39.675613,-18.09151],[-39.675846,-18.091215],[-39.676162,-18.090964],[-39.676423,-18.090771],[-39.676658,-18.090632],[-39.6769,-18.090558],[-39.677163,-18.090455],[-39.677335,-18.090343],[-39.677553,-18.090159],[-39.677752,-18.090202],[-39.677924,-18.090262],[-39.678189,-18.090234],[-39.678531,-18.090256],[-39.678649,-18.090277],[-39.678893,-18.090378],[-39.679127,-18.090457],[-39.679344,-18.090576],[-39.679502,-18.090788],[-39.679566,-18.090974],[-39.679643,-18.091284],[-39.679608,-18.091616],[-39.67963,-18.09178],[-39.679596,-18.091919],[-39.679006,-18.092884],[-39.678711,-18.093383],[-39.678586,-18.093651],[-39.678488,-18.093944],[-39.678479,-18.094187],[-39.678527,-18.094384],[-39.678591,-18.094528],[-39.678812,-18.094754],[-39.679174,-18.09506],[-39.679406,-18.095138],[-39.679567,-18.095172],[-39.679768,-18.095237],[-39.679972,-18.095274],[-39.680198,-18.0952],[-39.68041,-18.095145],[-39.680599,-18.095147],[-39.680663,-18.095095],[-39.680982,-18.095016],[-39.681162,-18.094963],[-39.681353,-18.094902],[-39.681503,-18.094818],[-39.681908,-18.094726],[-39.682144,-18.094692],[-39.682209,-18.094696],[-39.682544,-18.094676],[-39.682745,-18.094669],[-39.682884,-18.094673],[-39.683066,-18.094681],[-39.68327,-18.094721],[-39.683411,-18.094719],[-39.683752,-18.094741],[-39.683916,-18.094782],[-39.684142,-18.094852],[-39.684302,-18.094912],[-39.684627,-18.095024],[-39.684871,-18.095105],[-39.685391,-18.095339],[-39.686141,-18.095752],[-39.686645,-18.096047],[-39.687392,-18.096676],[-39.687694,-18.096728],[-39.68794,-18.096795],[-39.688157,-18.096883],[-39.68829,-18.097012],[-39.688569,-18.097419],[-39.68862,-18.097463],[-39.688622,-18.097474],[-39.688647,-18.097638],[-39.688788,-18.097851],[-39.688823,-18.097992],[-39.68887,-18.098276],[-39.688889,-18.098474],[-39.6889,-18.098509],[-39.688824,-18.098839],[-39.688805,-18.099188],[-39.688788,-18.099245],[-39.688713,-18.099461],[-39.688668,-18.099634],[-39.688606,-18.099815],[-39.68841,-18.100288],[-39.688347,-18.100433],[-39.688203,-18.100708],[-39.688152,-18.100831],[-39.6881,-18.100899],[-39.687924,-18.101277],[-39.68777,-18.10155],[-39.687507,-18.102005],[-39.687408,-18.10214],[-39.687057,-18.102601],[-39.686834,-18.102904],[-39.686301,-18.10338],[-39.686333,-18.104229],[-39.686482,-18.104501],[-39.687029,-18.104911],[-39.687151,-18.104945],[-39.687834,-18.105166],[-39.688149,-18.10536],[-39.688768,-18.105469],[-39.689893,-18.105716],[-39.690655,-18.105806],[-39.691039,-18.105853],[-39.691591,-18.105917],[-39.692658,-18.106296],[-39.693527,-18.106662],[-39.693718,-18.106742],[-39.694153,-18.106881],[-39.694614,-18.106916],[-39.69593,-18.107025],[-39.697332,-18.107123],[-39.697374,-18.107122],[-39.697542,-18.107116],[-39.698878,-18.107006],[-39.698932,-18.107002],[-39.699168,-18.106998],[-39.699967,-18.106861],[-39.700212,-18.106813],[-39.700674,-18.106684],[-39.703414,-18.106173],[-39.703779,-18.106128],[-39.704353,-18.10603],[-39.705034,-18.105892],[-39.705037,-18.105471],[-39.705057,-18.104928],[-39.705084,-18.104751],[-39.70552,-18.102893],[-39.705925,-18.1011],[-39.706139,-18.100157],[-39.707773,-18.093194],[-39.708357,-18.090727],[-39.7084,-18.090553],[-39.708287,-18.090527],[-39.704589,-18.089616],[-39.7036,-18.08926],[-39.701731,-18.089029],[-39.700464,-18.089609],[-39.699872,-18.089894],[-39.699848,-18.090005],[-39.699699,-18.090291],[-39.699245,-18.091073],[-39.698935,-18.091562],[-39.697401,-18.092635],[-39.696807,-18.093002],[-39.696117,-18.093451],[-39.696177,-18.093673],[-39.695766,-18.094288],[-39.695081,-18.094378],[-39.693966,-18.094191],[-39.693444,-18.093932],[-39.692888,-18.093441],[-39.692707,-18.09208],[-39.691364,-18.091929],[-39.689717,-18.091155],[-39.689275,-18.090757],[-39.689057,-18.090571],[-39.688869,-18.090273],[-39.688784,-18.089863],[-39.689534,-18.087468],[-39.689402,-18.086238],[-39.689431,-18.086119],[-39.689658,-18.085395],[-39.690239,-18.08389],[-39.690212,-18.083887],[-39.690235,-18.083813],[-39.690835,-18.08216],[-39.691099,-18.081351],[-39.691842,-18.079197],[-39.691929,-18.078955],[-39.690334,-18.078349],[-39.688661,-18.077754],[-39.687522,-18.077053],[-39.686092,-18.076465],[-39.684984,-18.076745],[-39.684133,-18.075602],[-39.684957,-18.072582],[-39.685143,-18.07181],[-39.685969,-18.068728],[-39.68525,-18.068549],[-39.685059,-18.065207],[-39.684905,-18.065252],[-39.683984,-18.065401],[-39.683216,-18.065277],[-39.682716,-18.065041],[-39.682464,-18.064921],[-39.682368,-18.064799],[-39.681691,-18.063927],[-39.681462,-18.062628],[-39.67998,-18.062504],[-39.67887,-18.062316],[-39.678357,-18.062164],[-39.677903,-18.061915],[-39.677493,-18.061715],[-39.677082,-18.061415],[-39.676916,-18.063432],[-39.676707,-18.066586],[-39.673831,-18.065915],[-39.674076,-18.063181],[-39.674239,-18.061365],[-39.674249,-18.061282],[-39.674611,-18.05971],[-39.674165,-18.059417],[-39.669427,-18.05582],[-39.667608,-18.054468],[-39.667488,-18.054374],[-39.666647,-18.053747],[-39.665475,-18.052936],[-39.66303,-18.051105],[-39.661599,-18.050072],[-39.659618,-18.049234]]]}},{"type":"Feature","properties":{"gid":"11437","cd_sipra":"BA0871000","nome_projeto":"PA PAU BRASIL","municipio":"PAU BRASIL","area_hectare_declarada":"160.6533","capacidade":"10","num_familias":"8","fase":"3","data_de_criacao":"14/05/2009","forma_obtencao":"Desapropriação","data_obtencao":"10/07/2007","area_calc_ha":"160.6538"},"geometry":{"type":"Polygon","coordinates":[[[-39.639331,-15.418387],[-39.636945,-15.41701],[-39.636235,-15.417005],[-39.635735,-15.417172],[-39.635629,-15.417175],[-39.6354,-15.417094],[-39.634648,-15.416247],[-39.634401,-15.416436],[-39.633403,-15.41691],[-39.632259,-15.41755],[-39.631735,-15.417997],[-39.631011,-15.417978],[-39.630509,-15.418244],[-39.629608,-15.418681],[-39.629068,-15.419445],[-39.628986,-15.41981],[-39.628444,-15.420525],[-39.628768,-15.421032],[-39.629436,-15.421847],[-39.630491,-15.423435],[-39.631743,-15.42352],[-39.63219,-15.423896],[-39.63289,-15.424821],[-39.633591,-15.425509],[-39.633913,-15.426191],[-39.634541,-15.426838],[-39.634917,-15.42712],[-39.635372,-15.427527],[-39.63566,-15.427896],[-39.636404,-15.428739],[-39.636741,-15.428885],[-39.637788,-15.429286],[-39.640148,-15.43026],[-39.639515,-15.431358],[-39.639521,-15.431512],[-39.639703,-15.432177],[-39.639483,-15.43282],[-39.638962,-15.433825],[-39.63855,-15.434515],[-39.63825,-15.435095],[-39.637672,-15.43488],[-39.635389,-15.433946],[-39.633789,-15.433945],[-39.632266,-15.433478],[-39.632078,-15.43451],[-39.631722,-15.435102],[-39.631657,-15.435907],[-39.631498,-15.436263],[-39.631492,-15.436598],[-39.631501,-15.436945],[-39.631479,-15.437046],[-39.631504,-15.437378],[-39.631794,-15.438314],[-39.631967,-15.438719],[-39.631933,-15.438916],[-39.632148,-15.439219],[-39.632824,-15.439737],[-39.632957,-15.439865],[-39.633039,-15.440069],[-39.633446,-15.440662],[-39.633711,-15.440705],[-39.633901,-15.440656],[-39.634275,-15.440682],[-39.634693,-15.440767],[-39.63477,-15.440739],[-39.635018,-15.440125],[-39.634978,-15.439905],[-39.63624,-15.438854],[-39.63643,-15.438708],[-39.636584,-15.438644],[-39.637329,-15.437796],[-39.63774,-15.437424],[-39.638197,-15.437499],[-39.639402,-15.437596],[-39.639825,-15.437684],[-39.640446,-15.437088],[-39.640598,-15.437003],[-39.641466,-15.436124],[-39.641259,-15.433198],[-39.641342,-15.430936],[-39.641039,-15.428259],[-39.640669,-15.426454],[-39.639931,-15.425413],[-39.639166,-15.424459],[-39.635417,-15.42137],[-39.639331,-15.418387]]]}},{"type":"Feature","properties":{"gid":"14536","cd_sipra":"BA0253000","nome_projeto":"PA CHICO MENDES II","municipio":"PORTO SEGURO","area_hectare_declarada":"864.1346","capacidade":"65","num_familias":"62","fase":"5","data_de_criacao":"12/04/2000","forma_obtencao":"Desapropriação","data_obtencao":"25/08/1999","area_calc_ha":"864.1191"},"geometry":{"type":"Polygon","coordinates":[[[-39.379696,-16.558044],[-39.379292,-16.558165],[-39.378619,-16.557924],[-39.377834,-16.557553],[-39.377511,-16.557462],[-39.377422,-16.55748],[-39.377358,-16.557629],[-39.37744,-16.557801],[-39.377734,-16.557947],[-39.378311,-16.558478],[-39.378278,-16.558797],[-39.377712,-16.55898],[-39.377222,-16.558861],[-39.376796,-16.558649],[-39.376616,-16.558697],[-39.37646,-16.558894],[-39.37614,-16.558983],[-39.37594,-16.558937],[-39.375844,-16.55875],[-39.375829,-16.558411],[-39.37574,-16.558352],[-39.37563,-16.558481],[-39.375617,-16.558825],[-39.375553,-16.558878],[-39.375461,-16.55888],[-39.375331,-16.559302],[-39.373848,-16.565381],[-39.373457,-16.567049],[-39.373056,-16.568755],[-39.372663,-16.570427],[-39.371913,-16.573613],[-39.371448,-16.575694],[-39.371173,-16.576925],[-39.370807,-16.578566],[-39.37037,-16.580151],[-39.369977,-16.581644],[-39.369606,-16.583315],[-39.368565,-16.587458],[-39.368368,-16.58824],[-39.367158,-16.59319],[-39.367784,-16.593348],[-39.368047,-16.593394],[-39.368238,-16.593397],[-39.368365,-16.593363],[-39.368492,-16.593305],[-39.368657,-16.593207],[-39.36888,-16.593077],[-39.369115,-16.592887],[-39.369326,-16.592733],[-39.36964,-16.592435],[-39.370396,-16.591784],[-39.370473,-16.591664],[-39.371599,-16.590543],[-39.371692,-16.590464],[-39.371883,-16.59025],[-39.372164,-16.589987],[-39.372503,-16.589696],[-39.372994,-16.589224],[-39.373135,-16.5891],[-39.373325,-16.588979],[-39.373542,-16.58889],[-39.373772,-16.588858],[-39.374076,-16.588853],[-39.374418,-16.588871],[-39.374603,-16.588891],[-39.374748,-16.588916],[-39.374879,-16.588946],[-39.37576,-16.589182],[-39.376158,-16.589283],[-39.376353,-16.58932],[-39.376522,-16.589323],[-39.37664,-16.589297],[-39.376756,-16.589245],[-39.377191,-16.588994],[-39.37844,-16.588287],[-39.378859,-16.588037],[-39.379235,-16.587825],[-39.379691,-16.587593],[-39.380084,-16.587392],[-39.380524,-16.587148],[-39.381168,-16.586755],[-39.381275,-16.586706],[-39.381743,-16.586423],[-39.382459,-16.586079],[-39.382991,-16.585807],[-39.383294,-16.585645],[-39.383408,-16.585572],[-39.38376,-16.585355],[-39.384604,-16.584919],[-39.384889,-16.584777],[-39.385078,-16.584686],[-39.385628,-16.584383],[-39.386274,-16.584056],[-39.386534,-16.583927],[-39.386568,-16.583898],[-39.38687,-16.583685],[-39.387732,-16.582984],[-39.387887,-16.582853],[-39.387988,-16.582772],[-39.38852,-16.582329],[-39.388762,-16.582108],[-39.389029,-16.581852],[-39.389254,-16.581666],[-39.389607,-16.581384],[-39.389938,-16.581132],[-39.390066,-16.581022],[-39.390121,-16.580976],[-39.390186,-16.580915],[-39.390318,-16.580789],[-39.390706,-16.580392],[-39.390871,-16.580248],[-39.391024,-16.580138],[-39.391325,-16.579994],[-39.391591,-16.579888],[-39.391832,-16.579811],[-39.392133,-16.579746],[-39.392398,-16.579695],[-39.39274,-16.579646],[-39.393147,-16.579567],[-39.394105,-16.579353],[-39.394562,-16.579244],[-39.394804,-16.5792],[-39.394955,-16.579201],[-39.395108,-16.579247],[-39.395317,-16.579367],[-39.395794,-16.579714],[-39.3963,-16.580093],[-39.396633,-16.58031],[-39.39733,-16.580689],[-39.397527,-16.580785],[-39.397823,-16.580951],[-39.398188,-16.581171],[-39.398519,-16.581377],[-39.398949,-16.581709],[-39.399622,-16.579019],[-39.399992,-16.577466],[-39.400604,-16.575073],[-39.400764,-16.574397],[-39.401071,-16.573101],[-39.40109,-16.573023],[-39.401146,-16.571514],[-39.402202,-16.567508],[-39.403069,-16.565158],[-39.403204,-16.564694],[-39.403021,-16.564561],[-39.40271,-16.564477],[-39.402479,-16.564381],[-39.40213,-16.564098],[-39.401905,-16.56401],[-39.401768,-16.564075],[-39.401642,-16.564196],[-39.401377,-16.564114],[-39.401254,-16.564047],[-39.401325,-16.56377],[-39.40138,-16.563655],[-39.401468,-16.563527],[-39.4017,-16.563144],[-39.401717,-16.562969],[-39.401703,-16.562518],[-39.401684,-16.562329],[-39.401624,-16.561941],[-39.401534,-16.561728],[-39.401414,-16.561593],[-39.401171,-16.561413],[-39.401079,-16.561254],[-39.401022,-16.560768],[-39.40102,-16.560665],[-39.400631,-16.560456],[-39.400189,-16.560181],[-39.39974,-16.560002],[-39.399379,-16.559875],[-39.399164,-16.559901],[-39.39869,-16.560023],[-39.398086,-16.560341],[-39.397269,-16.56061],[-39.396697,-16.560832],[-39.396219,-16.56146],[-39.396126,-16.561668],[-39.395499,-16.562531],[-39.395192,-16.562975],[-39.394668,-16.563462],[-39.393844,-16.56394],[-39.393412,-16.563983],[-39.39313,-16.563837],[-39.393013,-16.563495],[-39.39293,-16.563375],[-39.392675,-16.563305],[-39.392113,-16.563198],[-39.391854,-16.562889],[-39.391795,-16.562749],[-39.391629,-16.562633],[-39.391463,-16.562635],[-39.390996,-16.561888],[-39.390842,-16.561247],[-39.390953,-16.560711],[-39.390936,-16.560462],[-39.390801,-16.560271],[-39.390539,-16.56014],[-39.390281,-16.560014],[-39.390262,-16.559677],[-39.390366,-16.55958],[-39.390549,-16.559529],[-39.390897,-16.55952],[-39.390939,-16.558953],[-39.3909,-16.558851],[-39.390222,-16.558247],[-39.390047,-16.558213],[-39.389773,-16.558359],[-39.38932,-16.558499],[-39.389011,-16.55852],[-39.388745,-16.558439],[-39.388355,-16.558111],[-39.388217,-16.558063],[-39.388112,-16.558078],[-39.387574,-16.558442],[-39.387514,-16.558474],[-39.387075,-16.558454],[-39.386709,-16.558263],[-39.386609,-16.5583],[-39.386488,-16.558353],[-39.386307,-16.558515],[-39.386145,-16.55871],[-39.385856,-16.558742],[-39.385489,-16.558434],[-39.385072,-16.558558],[-39.384897,-16.558772],[-39.384838,-16.558918],[-39.384844,-16.55916],[-39.384742,-16.559238],[-39.384545,-16.559219],[-39.38439,-16.559143],[-39.384069,-16.558957],[-39.383657,-16.558859],[-39.383262,-16.558809],[-39.38295,-16.558925],[-39.382723,-16.558929],[-39.382297,-16.558848],[-39.381993,-16.558749],[-39.381895,-16.558709],[-39.381753,-16.558257],[-39.38163,-16.557546],[-39.381595,-16.557436],[-39.381359,-16.557172],[-39.381086,-16.556989],[-39.380873,-16.55691],[-39.38027,-16.556806],[-39.380104,-16.556883],[-39.379778,-16.55778],[-39.379696,-16.558044]]]}},{"type":"Feature","properties":{"gid":"11625","cd_sipra":"BA0178000","nome_projeto":"PA EMBAUBA I","municipio":"SANTA CRUZ CABRALIA","area_hectare_declarada":"676.9373","capacidade":"41","num_familias":"41","fase":"5","data_de_criacao":"29/05/1998","forma_obtencao":"Desapropriação","data_obtencao":"29/08/1996","area_calc_ha":"934.9630"},"geometry":{"type":"Polygon","coordinates":[[[-39.338733,-16.23546],[-39.338756,-16.23572],[-39.338843,-16.236778],[-39.339028,-16.238815],[-39.339298,-16.243235],[-39.339307,-16.243376],[-39.339408,-16.245977],[-39.339668,-16.251682],[-39.340182,-16.253786],[-39.34051,-16.255154],[-39.340577,-16.25543],[-39.34064,-16.255687],[-39.341335,-16.258795],[-39.344396,-16.260234],[-39.346011,-16.263468],[-39.350019,-16.262441],[-39.350366,-16.262381],[-39.350541,-16.262361],[-39.351166,-16.262472],[-39.352683,-16.262727],[-39.355905,-16.263486],[-39.359296,-16.264291],[-39.361266,-16.264759],[-39.363203,-16.257914],[-39.364502,-16.250916],[-39.365263,-16.250877],[-39.365407,-16.250881],[-39.368436,-16.250501],[-39.37308,-16.250821],[-39.373037,-16.250607],[-39.375225,-16.249683],[-39.380278,-16.251557],[-39.380677,-16.251588],[-39.380806,-16.251644],[-39.384458,-16.256438],[-39.384497,-16.256468],[-39.385426,-16.256668],[-39.389605,-16.256594],[-39.392465,-16.255543],[-39.39323,-16.255371],[-39.393728,-16.255269],[-39.397363,-16.254788],[-39.397551,-16.254764],[-39.397811,-16.252983],[-39.397438,-16.251796],[-39.397337,-16.25014],[-39.397333,-16.249877],[-39.397333,-16.249877],[-39.396339,-16.249978],[-39.395685,-16.249954],[-39.395333,-16.249604],[-39.394853,-16.249492],[-39.393934,-16.248867],[-39.393278,-16.248053],[-39.391787,-16.247305],[-39.391474,-16.247206],[-39.390834,-16.247001],[-39.390128,-16.246961],[-39.389263,-16.247028],[-39.388326,-16.247099],[-39.387429,-16.247012],[-39.386506,-16.246815],[-39.385344,-16.246658],[-39.384478,-16.246666],[-39.383653,-16.24665],[-39.383009,-16.246703],[-39.382408,-16.246412],[-39.381166,-16.246682],[-39.380129,-16.24671],[-39.379332,-16.246521],[-39.378381,-16.246538],[-39.37784,-16.246967],[-39.376632,-16.246516],[-39.375993,-16.246506],[-39.375181,-16.245454],[-39.374119,-16.244963],[-39.373568,-16.244638],[-39.372987,-16.244238],[-39.372279,-16.244087],[-39.371558,-16.243351],[-39.370958,-16.243165],[-39.370447,-16.243562],[-39.369794,-16.243407],[-39.36927,-16.242794],[-39.368646,-16.242845],[-39.367921,-16.242656],[-39.367255,-16.242634],[-39.366466,-16.242568],[-39.365501,-16.242426],[-39.364928,-16.242617],[-39.364141,-16.242951],[-39.363698,-16.242542],[-39.362998,-16.242496],[-39.362417,-16.242781],[-39.361895,-16.242905],[-39.361115,-16.242772],[-39.360594,-16.242976],[-39.360071,-16.243637],[-39.359466,-16.243492],[-39.358711,-16.243462],[-39.357733,-16.243281],[-39.357268,-16.242744],[-39.356649,-16.242409],[-39.356329,-16.242055],[-39.355604,-16.241157],[-39.354872,-16.240774],[-39.354569,-16.240345],[-39.353794,-16.24004],[-39.353355,-16.239695],[-39.352859,-16.239127],[-39.35243,-16.238502],[-39.352235,-16.238113],[-39.351714,-16.237797],[-39.351225,-16.23737],[-39.350609,-16.237005],[-39.349896,-16.237051],[-39.349279,-16.237147],[-39.348383,-16.237407],[-39.347881,-16.237646],[-39.347411,-16.237605],[-39.347302,-16.237527],[-39.347243,-16.237484],[-39.347094,-16.23749],[-39.346545,-16.237548],[-39.345697,-16.237398],[-39.345052,-16.237323],[-39.344503,-16.236923],[-39.343993,-16.236497],[-39.343416,-16.236333],[-39.342733,-16.236026],[-39.342126,-16.235716],[-39.341256,-16.235479],[-39.340496,-16.235443],[-39.339872,-16.235206],[-39.339297,-16.235156],[-39.338733,-16.23546]]]}},{"type":"Feature","properties":{"gid":"527","cd_sipra":"BA0127000","nome_projeto":"PA ESTANCIA SANTA CRUZ","municipio":"SANTA CRUZ CABRALIA","area_hectare_declarada":"319.4991","capacidade":"17","num_familias":"10","fase":"6","data_de_criacao":"17/12/1997","forma_obtencao":"Desapropriação","data_obtencao":"20/06/1997","area_calc_ha":"299.5462"},"geometry":{"type":"Polygon","coordinates":[[[-39.186343,-16.270941],[-39.190451,-16.265065],[-39.190571,-16.264817],[-39.191422,-16.263567],[-39.191477,-16.263494],[-39.19343,-16.26063],[-39.195261,-16.258082],[-39.196277,-16.256609],[-39.197526,-16.254843],[-39.197662,-16.254652],[-39.200731,-16.250281],[-39.201816,-16.248715],[-39.201971,-16.248502],[-39.202391,-16.247939],[-39.201082,-16.248039],[-39.20016,-16.247918],[-39.198013,-16.249133],[-39.19757,-16.248903],[-39.196016,-16.249229],[-39.195514,-16.249545],[-39.195348,-16.249568],[-39.194814,-16.249224],[-39.194404,-16.249011],[-39.193575,-16.251189],[-39.192168,-16.251214],[-39.191456,-16.251285],[-39.190438,-16.251431],[-39.190429,-16.251433],[-39.189566,-16.250902],[-39.18749,-16.250283],[-39.187216,-16.250259],[-39.185398,-16.250295],[-39.184859,-16.250603],[-39.180192,-16.255316],[-39.180228,-16.260255],[-39.180214,-16.260297],[-39.179906,-16.26231],[-39.180085,-16.263245],[-39.18003,-16.26543],[-39.186343,-16.270941]]]}},{"type":"Feature","properties":{"gid":"19119","cd_sipra":"BA0208000","nome_projeto":"PA TERRA NOVA","municipio":"PORTO SEGURO","area_hectare_declarada":"754.6821","capacidade":"31","num_familias":"31","fase":"6","data_de_criacao":"21/12/1998","forma_obtencao":"Desapropriação","data_obtencao":"31/08/1998","area_calc_ha":"752.1630"},"geometry":{"type":"MultiPolygon","coordinates":[[[[-39.4287,-16.819266],[-39.426264,-16.821423],[-39.426128,-16.82261],[-39.425934,-16.82325],[-39.426564,-16.824087],[-39.427193,-16.824926],[-39.426211,-16.826594],[-39.425714,-16.827433],[-39.425509,-16.827773],[-39.42442,-16.829561],[-39.424061,-16.830149],[-39.423462,-16.831263],[-39.424879,-16.833063],[-39.425564,-16.833936],[-39.427069,-16.835948],[-39.427731,-16.836742],[-39.430021,-16.839259],[-39.431039,-16.840759],[-39.431728,-16.840734],[-39.432466,-16.840714],[-39.435314,-16.838453],[-39.43553,-16.837513],[-39.435837,-16.837576],[-39.436322,-16.837713],[-39.437323,-16.837962],[-39.438173,-16.83815],[-39.441088,-16.838878],[-39.442969,-16.839349],[-39.443892,-16.839521],[-39.444395,-16.83961],[-39.4453,-16.839563],[-39.448858,-16.840985],[-39.449951,-16.841511],[-39.451514,-16.842374],[-39.454703,-16.842308],[-39.457261,-16.842225],[-39.457124,-16.841815],[-39.456591,-16.841408],[-39.455078,-16.840613],[-39.454614,-16.840023],[-39.454129,-16.839303],[-39.453802,-16.838746],[-39.45327,-16.837791],[-39.455138,-16.837702],[-39.455475,-16.837401],[-39.457034,-16.836106],[-39.458618,-16.835886],[-39.460103,-16.835704],[-39.460571,-16.834914],[-39.459666,-16.833745],[-39.461107,-16.830816],[-39.460097,-16.830142],[-39.459824,-16.83066],[-39.459153,-16.831629],[-39.458505,-16.833001],[-39.458147,-16.833534],[-39.457876,-16.833732],[-39.456765,-16.834308],[-39.456381,-16.83433],[-39.456133,-16.834299],[-39.455875,-16.834246],[-39.455632,-16.834166],[-39.454256,-16.833282],[-39.453494,-16.832699],[-39.453027,-16.832489],[-39.452364,-16.832327],[-39.450608,-16.832469],[-39.448175,-16.83273],[-39.447911,-16.832643],[-39.447743,-16.832606],[-39.447657,-16.832567],[-39.446038,-16.831974],[-39.445129,-16.831697],[-39.444383,-16.831466],[-39.443082,-16.830254],[-39.442841,-16.829172],[-39.442447,-16.828743],[-39.442088,-16.828571],[-39.441773,-16.828503],[-39.441285,-16.828318],[-39.440855,-16.827828],[-39.440657,-16.827628],[-39.440372,-16.827383],[-39.439415,-16.826982],[-39.439085,-16.826912],[-39.438449,-16.826986],[-39.438098,-16.826829],[-39.437567,-16.826707],[-39.436314,-16.826243],[-39.435828,-16.826133],[-39.435395,-16.826168],[-39.435047,-16.826089],[-39.434422,-16.825595],[-39.434116,-16.825392],[-39.43359,-16.825181],[-39.433242,-16.824916],[-39.432416,-16.823967],[-39.432071,-16.823523],[-39.431227,-16.822275],[-39.430912,-16.821965],[-39.430648,-16.821766],[-39.429885,-16.821312],[-39.429546,-16.820996],[-39.429388,-16.820685],[-39.429315,-16.820428],[-39.429126,-16.8197],[-39.428982,-16.819319],[-39.428769,-16.819135],[-39.4287,-16.819266]]],[[[-39.426189,-16.812922],[-39.424693,-16.814821],[-39.424575,-16.814964],[-39.422441,-16.815392],[-39.423753,-16.817567],[-39.424377,-16.818606],[-39.425021,-16.81855],[-39.42637,-16.818567],[-39.426832,-16.818597],[-39.427438,-16.818516],[-39.427795,-16.81859],[-39.428289,-16.818767],[-39.428516,-16.818818],[-39.428832,-16.819011],[-39.429024,-16.819236],[-39.429053,-16.819289],[-39.429198,-16.819672],[-39.429384,-16.820419],[-39.429446,-16.82067],[-39.429597,-16.820941],[-39.42992,-16.821252],[-39.430676,-16.821714],[-39.430952,-16.821916],[-39.431277,-16.822226],[-39.43214,-16.823499],[-39.432458,-16.823913],[-39.433296,-16.824871],[-39.433603,-16.825102],[-39.434151,-16.82533],[-39.434482,-16.825541],[-39.435035,-16.826001],[-39.435361,-16.826089],[-39.435832,-16.826047],[-39.436339,-16.826178],[-39.437564,-16.826628],[-39.438113,-16.826756],[-39.438517,-16.826907],[-39.439103,-16.82684],[-39.439466,-16.826911],[-39.440349,-16.827289],[-39.440436,-16.827322],[-39.440726,-16.827558],[-39.440915,-16.827761],[-39.441359,-16.828235],[-39.441796,-16.828431],[-39.442124,-16.828509],[-39.442499,-16.828683],[-39.442928,-16.829124],[-39.443191,-16.830208],[-39.444413,-16.831399],[-39.44514,-16.831626],[-39.446075,-16.831901],[-39.447936,-16.832569],[-39.44816,-16.83265],[-39.450585,-16.832379],[-39.452377,-16.832223],[-39.453068,-16.832388],[-39.453329,-16.832479],[-39.453548,-16.832617],[-39.454319,-16.833167],[-39.455672,-16.834044],[-39.4559,-16.834127],[-39.456133,-16.834198],[-39.4564,-16.834229],[-39.456708,-16.834195],[-39.457819,-16.833631],[-39.458065,-16.833456],[-39.458432,-16.832965],[-39.459061,-16.831572],[-39.459733,-16.830633],[-39.459933,-16.830113],[-39.459958,-16.830053],[-39.458921,-16.829351],[-39.458889,-16.829323],[-39.45877,-16.82924],[-39.457306,-16.826922],[-39.456852,-16.825956],[-39.45655,-16.825251],[-39.455572,-16.823009],[-39.454256,-16.823222],[-39.452372,-16.823541],[-39.451368,-16.823708],[-39.448507,-16.823423],[-39.447947,-16.82337],[-39.446978,-16.823272],[-39.443397,-16.822928],[-39.443386,-16.822757],[-39.443334,-16.821958],[-39.443166,-16.821902],[-39.442116,-16.821538],[-39.441268,-16.820971],[-39.440519,-16.820468],[-39.439737,-16.819943],[-39.438696,-16.819798],[-39.43775,-16.819667],[-39.436966,-16.819563],[-39.435962,-16.819426],[-39.435146,-16.819318],[-39.434618,-16.820762],[-39.434506,-16.821041],[-39.434459,-16.820978],[-39.434335,-16.820781],[-39.433625,-16.819764],[-39.433578,-16.819697],[-39.433132,-16.818734],[-39.43276,-16.817929],[-39.432819,-16.817863],[-39.433708,-16.816903],[-39.433696,-16.816833],[-39.433633,-16.816526],[-39.433584,-16.816244],[-39.433491,-16.815707],[-39.433247,-16.814463],[-39.433187,-16.814107],[-39.432991,-16.813124],[-39.431398,-16.812886],[-39.430079,-16.81269],[-39.428302,-16.812555],[-39.426189,-16.812922]]]]}},{"type":"Feature","properties":{"gid":"15944","cd_sipra":"BA0950000","nome_projeto":"PA JACY ROCHA/ ANTÔNIO ARAÚJO","municipio":"PRADO","area_hectare_declarada":"3968.6633","capacidade":"227","num_familias":"163","fase":"3","data_de_criacao":"30/04/2015","forma_obtencao":"Compra e Venda","data_obtencao":"16/12/2014","area_calc_ha":"3970.8378"},"geometry":{"type":"Polygon","coordinates":[[[-39.568627,-17.142707],[-39.568551,-17.142745],[-39.568282,-17.142859],[-39.567087,-17.143295],[-39.566211,-17.143615],[-39.564803,-17.144033],[-39.564353,-17.144162],[-39.563856,-17.1443],[-39.561399,-17.144142],[-39.556904,-17.144693],[-39.553533,-17.145249],[-39.552323,-17.146811],[-39.545746,-17.149855],[-39.542012,-17.151821],[-39.539811,-17.15372],[-39.537933,-17.158175],[-39.537035,-17.158682],[-39.537335,-17.15906],[-39.53897,-17.16119],[-39.539019,-17.161308],[-39.538718,-17.161626],[-39.538291,-17.162392],[-39.537618,-17.163619],[-39.537357,-17.163947],[-39.537028,-17.164346],[-39.536903,-17.164473],[-39.535995,-17.165308],[-39.535003,-17.165432],[-39.534818,-17.165669],[-39.534723,-17.165758],[-39.534406,-17.16605],[-39.53376,-17.166945],[-39.533467,-17.167491],[-39.532734,-17.167831],[-39.531977,-17.168224],[-39.530434,-17.168728],[-39.530028,-17.168929],[-39.529702,-17.169108],[-39.52867,-17.169924],[-39.526182,-17.171254],[-39.52564,-17.171417],[-39.523417,-17.172132],[-39.522286,-17.172563],[-39.52199,-17.172627],[-39.521917,-17.172641],[-39.521541,-17.172656],[-39.520517,-17.172699],[-39.519811,-17.172737],[-39.519821,-17.172603],[-39.520074,-17.170095],[-39.520085,-17.16986],[-39.520039,-17.169664],[-39.519977,-17.169561],[-39.519879,-17.169453],[-39.519688,-17.169342],[-39.519526,-17.169308],[-39.519079,-17.169318],[-39.518511,-17.169401],[-39.518328,-17.169462],[-39.518163,-17.169499],[-39.518024,-17.169493],[-39.517755,-17.169407],[-39.517242,-17.169361],[-39.517029,-17.169368],[-39.516842,-17.169373],[-39.516325,-17.169365],[-39.516118,-17.169344],[-39.515712,-17.169247],[-39.515379,-17.169211],[-39.515267,-17.169215],[-39.515216,-17.169224],[-39.514968,-17.169317],[-39.51488,-17.169405],[-39.514597,-17.16971],[-39.514293,-17.1699],[-39.513944,-17.170027],[-39.513761,-17.170118],[-39.513668,-17.170236],[-39.513519,-17.170547],[-39.513444,-17.170708],[-39.513356,-17.17078],[-39.513274,-17.170823],[-39.512772,-17.170885],[-39.512483,-17.170981],[-39.512237,-17.171107],[-39.511533,-17.171715],[-39.511258,-17.171968],[-39.510959,-17.17217],[-39.510857,-17.172226],[-39.510612,-17.17233],[-39.510345,-17.172385],[-39.509962,-17.17244],[-39.509018,-17.174068],[-39.508104,-17.17564],[-39.508051,-17.175728],[-39.506433,-17.176008],[-39.506144,-17.176071],[-39.506159,-17.176116],[-39.507206,-17.177611],[-39.507528,-17.178048],[-39.50758,-17.178132],[-39.510422,-17.179579],[-39.511071,-17.180652],[-39.511357,-17.181119],[-39.51331,-17.179603],[-39.514048,-17.179262],[-39.514372,-17.179062],[-39.516644,-17.179433],[-39.518817,-17.180427],[-39.519097,-17.180815],[-39.5189,-17.183282],[-39.518497,-17.188401],[-39.51846,-17.188761],[-39.518434,-17.189044],[-39.518427,-17.189123],[-39.518043,-17.193214],[-39.517505,-17.198045],[-39.517392,-17.199389],[-39.516964,-17.203991],[-39.519957,-17.204361],[-39.522274,-17.204601],[-39.522616,-17.204641],[-39.524648,-17.204882],[-39.524789,-17.204891],[-39.5283,-17.205261],[-39.528813,-17.205312],[-39.528952,-17.205338],[-39.531697,-17.205771],[-39.532561,-17.205916],[-39.535151,-17.206208],[-39.535603,-17.206282],[-39.5368,-17.206461],[-39.537874,-17.206631],[-39.540798,-17.207104],[-39.543377,-17.207475],[-39.543414,-17.20748],[-39.545107,-17.207724],[-39.545388,-17.207765],[-39.546053,-17.207859],[-39.548908,-17.208279],[-39.549234,-17.20833],[-39.552719,-17.208832],[-39.553267,-17.208914],[-39.553449,-17.208943],[-39.557015,-17.209476],[-39.557436,-17.209536],[-39.558254,-17.209657],[-39.558938,-17.20982],[-39.559991,-17.209895],[-39.563085,-17.210272],[-39.565978,-17.210621],[-39.566469,-17.210689],[-39.567427,-17.210796],[-39.569478,-17.211047],[-39.570602,-17.211182],[-39.5789,-17.212176],[-39.579121,-17.212205],[-39.580405,-17.212357],[-39.583649,-17.212749],[-39.583485,-17.214247],[-39.583759,-17.215248],[-39.583788,-17.215489],[-39.587479,-17.214793],[-39.588966,-17.214498],[-39.59062,-17.214797],[-39.591216,-17.21509],[-39.59142,-17.215167],[-39.593856,-17.216052],[-39.596006,-17.216704],[-39.597119,-17.216338],[-39.597622,-17.216163],[-39.597875,-17.216055],[-39.597995,-17.215996],[-39.598293,-17.215839],[-39.598444,-17.21578],[-39.599769,-17.215348],[-39.59992,-17.21532],[-39.600374,-17.215297],[-39.600783,-17.215294],[-39.601029,-17.215051],[-39.601525,-17.214464],[-39.60164,-17.214241],[-39.601802,-17.213899],[-39.601935,-17.213627],[-39.601997,-17.213512],[-39.603337,-17.214549],[-39.603451,-17.214617],[-39.60317,-17.214056],[-39.602862,-17.213205],[-39.602706,-17.212494],[-39.602656,-17.21197],[-39.602471,-17.209829],[-39.602288,-17.208901],[-39.601719,-17.207062],[-39.601093,-17.206139],[-39.600971,-17.205951],[-39.600374,-17.205293],[-39.600192,-17.205128],[-39.598903,-17.204085],[-39.598263,-17.203547],[-39.593699,-17.199677],[-39.5931,-17.19914],[-39.59233,-17.198224],[-39.591812,-17.197423],[-39.59131,-17.196319],[-39.590296,-17.193181],[-39.590123,-17.192687],[-39.589888,-17.192092],[-39.589831,-17.191989],[-39.589546,-17.191353],[-39.589125,-17.190535],[-39.588759,-17.189928],[-39.588324,-17.189499],[-39.587063,-17.187663],[-39.586564,-17.186943],[-39.586455,-17.186786],[-39.585689,-17.185486],[-39.585519,-17.185272],[-39.585232,-17.185037],[-39.58459,-17.184501],[-39.584241,-17.184372],[-39.584016,-17.184319],[-39.583838,-17.184295],[-39.583604,-17.184279],[-39.583501,-17.184279],[-39.583251,-17.184282],[-39.582099,-17.184348],[-39.581672,-17.184367],[-39.58135,-17.184349],[-39.581158,-17.184315],[-39.580813,-17.184184],[-39.580609,-17.184054],[-39.580387,-17.183851],[-39.580196,-17.183606],[-39.580057,-17.18326],[-39.580001,-17.182815],[-39.58,-17.182346],[-39.58052,-17.180486],[-39.577518,-17.18021],[-39.577192,-17.180179],[-39.572487,-17.179751],[-39.572153,-17.179721],[-39.570822,-17.1796],[-39.570661,-17.179585],[-39.566369,-17.179162],[-39.564755,-17.179994],[-39.564073,-17.180346],[-39.562693,-17.179735],[-39.561361,-17.179145],[-39.557955,-17.176657],[-39.557721,-17.176555],[-39.557301,-17.176494],[-39.555723,-17.176263],[-39.554009,-17.176012],[-39.550499,-17.176086],[-39.550223,-17.176015],[-39.55003,-17.176094],[-39.549517,-17.176105],[-39.548324,-17.176134],[-39.546964,-17.176188],[-39.547006,-17.175966],[-39.547181,-17.175035],[-39.548069,-17.170419],[-39.548412,-17.16858],[-39.548832,-17.166232],[-39.549813,-17.166322],[-39.552476,-17.166565],[-39.554016,-17.166711],[-39.555526,-17.166873],[-39.556303,-17.166953],[-39.557688,-17.167096],[-39.559028,-17.167236],[-39.560102,-17.167346],[-39.560754,-17.167405],[-39.562053,-17.167531],[-39.564913,-17.167812],[-39.567773,-17.16811],[-39.568629,-17.168181],[-39.569908,-17.168307],[-39.570936,-17.168426],[-39.573217,-17.168652],[-39.574015,-17.168728],[-39.576463,-17.168963],[-39.577695,-17.169093],[-39.578634,-17.169192],[-39.578544,-17.168923],[-39.578475,-17.16861],[-39.578389,-17.168292],[-39.578201,-17.167785],[-39.577671,-17.16666],[-39.576849,-17.164979],[-39.57666,-17.164586],[-39.57652,-17.164346],[-39.576192,-17.163816],[-39.575353,-17.162466],[-39.57513,-17.162129],[-39.574931,-17.161918],[-39.574759,-17.161811],[-39.574637,-17.161765],[-39.574389,-17.161725],[-39.574235,-17.161729],[-39.573807,-17.161794],[-39.573221,-17.161873],[-39.572785,-17.161812],[-39.572327,-17.161613],[-39.572006,-17.161299],[-39.571807,-17.161005],[-39.571666,-17.160649],[-39.571669,-17.160117],[-39.571793,-17.159582],[-39.572152,-17.159173],[-39.574283,-17.157845],[-39.574556,-17.15767],[-39.574758,-17.157518],[-39.57492,-17.157365],[-39.575022,-17.157242],[-39.575119,-17.15708],[-39.5752,-17.156934],[-39.575248,-17.156806],[-39.575288,-17.15666],[-39.575309,-17.156549],[-39.575311,-17.156194],[-39.575297,-17.156087],[-39.575253,-17.155918],[-39.575179,-17.15573],[-39.575043,-17.155498],[-39.574967,-17.155405],[-39.57489,-17.155319],[-39.574784,-17.155224],[-39.574698,-17.155158],[-39.574526,-17.155048],[-39.574304,-17.154932],[-39.570401,-17.153247],[-39.567495,-17.151985],[-39.567231,-17.151847],[-39.566924,-17.151638],[-39.566712,-17.151411],[-39.566538,-17.151107],[-39.566442,-17.150796],[-39.566425,-17.150483],[-39.566486,-17.150088],[-39.56658,-17.149839],[-39.56775,-17.146993],[-39.567823,-17.146772],[-39.567838,-17.146682],[-39.567828,-17.146573],[-39.567769,-17.146381],[-39.5677,-17.146237],[-39.567576,-17.146061],[-39.567241,-17.145608],[-39.567079,-17.145351],[-39.566962,-17.145056],[-39.566899,-17.144646],[-39.566998,-17.144177],[-39.567192,-17.143823],[-39.567489,-17.143523],[-39.567978,-17.14328],[-39.56844,-17.143093],[-39.568622,-17.142755],[-39.568627,-17.142707]]]}},{"type":"Feature","properties":{"gid":"13226","cd_sipra":"BA0926000","nome_projeto":"PA REUNIDAS ROSA DO PRADO","municipio":"PRADO","area_hectare_declarada":"5059.4333","capacidade":"264","num_familias":"260","fase":"3","data_de_criacao":"09/05/2013","forma_obtencao":"Desapropriação","data_obtencao":"20/12/1993","area_calc_ha":"5059.3713"},"geometry":{"type":"Polygon","coordinates":[[[-39.47978,-17.233054],[-39.479543,-17.233108],[-39.478259,-17.234086],[-39.477905,-17.234146],[-39.477603,-17.234069],[-39.477216,-17.233815],[-39.476647,-17.233148],[-39.476416,-17.233221],[-39.475176,-17.234123],[-39.474535,-17.234288],[-39.472764,-17.234446],[-39.471753,-17.234842],[-39.470282,-17.235222],[-39.469964,-17.235643],[-39.469749,-17.237247],[-39.469547,-17.237405],[-39.469342,-17.237404],[-39.469158,-17.237295],[-39.468966,-17.237013],[-39.468586,-17.236262],[-39.468199,-17.236112],[-39.467761,-17.2361],[-39.467518,-17.236267],[-39.467438,-17.236565],[-39.467523,-17.236992],[-39.467355,-17.237461],[-39.467341,-17.237831],[-39.467454,-17.238051],[-39.467655,-17.238299],[-39.468252,-17.238521],[-39.468639,-17.238718],[-39.468749,-17.238944],[-39.46868,-17.239275],[-39.468464,-17.239508],[-39.468185,-17.239622],[-39.467889,-17.239651],[-39.467372,-17.239551],[-39.467086,-17.239426],[-39.466783,-17.239153],[-39.465771,-17.238209],[-39.465674,-17.238071],[-39.465438,-17.237253],[-39.465212,-17.237255],[-39.465116,-17.237668],[-39.465381,-17.238828],[-39.465375,-17.239173],[-39.465173,-17.239652],[-39.464835,-17.23994],[-39.464516,-17.239993],[-39.464098,-17.239935],[-39.463778,-17.239774],[-39.462985,-17.238931],[-39.462309,-17.238384],[-39.46184,-17.237215],[-39.461084,-17.236673],[-39.460123,-17.236914],[-39.459442,-17.236908],[-39.458638,-17.23681],[-39.45854,-17.236673],[-39.458348,-17.236197],[-39.457828,-17.236083],[-39.457679,-17.23593],[-39.457549,-17.235492],[-39.457399,-17.235453],[-39.457183,-17.235584],[-39.456631,-17.235769],[-39.456124,-17.236196],[-39.455567,-17.236538],[-39.455174,-17.236588],[-39.45443,-17.236436],[-39.453976,-17.236584],[-39.453551,-17.236598],[-39.453257,-17.236556],[-39.452819,-17.236299],[-39.452319,-17.236216],[-39.452028,-17.236255],[-39.451912,-17.236477],[-39.451811,-17.236943],[-39.451715,-17.237127],[-39.451591,-17.23726],[-39.451215,-17.237461],[-39.451109,-17.237649],[-39.452071,-17.23861],[-39.451976,-17.238853],[-39.451721,-17.23894],[-39.450074,-17.238954],[-39.449666,-17.239071],[-39.449314,-17.239065],[-39.448868,-17.238887],[-39.448597,-17.239023],[-39.448651,-17.239551],[-39.449009,-17.239849],[-39.449149,-17.240108],[-39.449108,-17.240328],[-39.448985,-17.240466],[-39.448752,-17.240566],[-39.448594,-17.240554],[-39.448259,-17.240429],[-39.447614,-17.240077],[-39.447475,-17.240083],[-39.44702,-17.240223],[-39.446694,-17.240397],[-39.446433,-17.240611],[-39.446037,-17.241677],[-39.445851,-17.242033],[-39.445718,-17.242206],[-39.445374,-17.242539],[-39.4451,-17.242737],[-39.444963,-17.243],[-39.444858,-17.242925],[-39.434707,-17.237355],[-39.435586,-17.252011],[-39.435634,-17.251989],[-39.436598,-17.251407],[-39.437165,-17.251266],[-39.437385,-17.251341],[-39.437525,-17.251526],[-39.437697,-17.252213],[-39.437951,-17.252438],[-39.439479,-17.2526],[-39.439819,-17.252558],[-39.439638,-17.251989],[-39.439633,-17.25166],[-39.43973,-17.251497],[-39.439898,-17.251443],[-39.440337,-17.25199],[-39.440559,-17.25207],[-39.440924,-17.251812],[-39.441266,-17.251701],[-39.44181,-17.25162],[-39.441926,-17.252],[-39.441944,-17.252588],[-39.442025,-17.256726],[-39.442027,-17.257407],[-39.44203,-17.258265],[-39.442041,-17.258519],[-39.442104,-17.259133],[-39.442123,-17.26005],[-39.44221,-17.263089],[-39.442279,-17.263677],[-39.442411,-17.264756],[-39.442962,-17.269116],[-39.442974,-17.269202],[-39.442997,-17.269376],[-39.44314,-17.273423],[-39.443195,-17.274484],[-39.443206,-17.274714],[-39.443273,-17.276297],[-39.443327,-17.277526],[-39.443354,-17.278006],[-39.443421,-17.279704],[-39.443441,-17.28018],[-39.44313,-17.280371],[-39.443245,-17.280625],[-39.443276,-17.28166],[-39.443515,-17.282061],[-39.443584,-17.283541],[-39.443587,-17.283619],[-39.443648,-17.284066],[-39.443672,-17.284174],[-39.443952,-17.285986],[-39.44399,-17.286079],[-39.44481,-17.287624],[-39.445649,-17.287793],[-39.447479,-17.288144],[-39.447161,-17.286014],[-39.446833,-17.283909],[-39.446675,-17.282881],[-39.449998,-17.282705],[-39.450238,-17.282692],[-39.450625,-17.282405],[-39.450981,-17.282141],[-39.45252,-17.280991],[-39.453545,-17.282364],[-39.453776,-17.282672],[-39.453926,-17.284966],[-39.453934,-17.286338],[-39.453934,-17.286422],[-39.453946,-17.287165],[-39.454016,-17.290381],[-39.454096,-17.292395],[-39.454136,-17.293107],[-39.454233,-17.294428],[-39.454313,-17.295742],[-39.454318,-17.295793],[-39.454442,-17.297625],[-39.454463,-17.297812],[-39.454494,-17.298235],[-39.454562,-17.298794],[-39.454786,-17.300537],[-39.454147,-17.300756],[-39.453618,-17.30093],[-39.452622,-17.301274],[-39.452549,-17.301291],[-39.451443,-17.301657],[-39.451099,-17.301791],[-39.453334,-17.308418],[-39.453404,-17.308556],[-39.455298,-17.313153],[-39.456844,-17.316996],[-39.457001,-17.317385],[-39.457079,-17.317581],[-39.458022,-17.319746],[-39.458216,-17.320141],[-39.458177,-17.3202],[-39.457772,-17.320031],[-39.457498,-17.320017],[-39.457163,-17.320049],[-39.456701,-17.320128],[-39.456167,-17.320345],[-39.455565,-17.320608],[-39.455298,-17.320756],[-39.455038,-17.32098],[-39.454762,-17.321143],[-39.454056,-17.321814],[-39.453791,-17.322016],[-39.453578,-17.322228],[-39.453538,-17.322418],[-39.453444,-17.323064],[-39.453247,-17.323605],[-39.452862,-17.32406],[-39.452329,-17.324558],[-39.451582,-17.324996],[-39.451481,-17.325139],[-39.451225,-17.325385],[-39.450902,-17.326329],[-39.450786,-17.327001],[-39.450574,-17.327209],[-39.449526,-17.328086],[-39.448999,-17.328506],[-39.448704,-17.328962],[-39.448755,-17.329244],[-39.448772,-17.329578],[-39.448885,-17.329831],[-39.448514,-17.331004],[-39.448515,-17.331639],[-39.448573,-17.332033],[-39.448246,-17.332462],[-39.448176,-17.332754],[-39.448104,-17.333003],[-39.448024,-17.333214],[-39.447982,-17.33319],[-39.447209,-17.333055],[-39.44518,-17.332996],[-39.445041,-17.333045],[-39.444279,-17.333306],[-39.444209,-17.333309],[-39.440137,-17.334003],[-39.438082,-17.333668],[-39.436133,-17.333043],[-39.435972,-17.333411],[-39.435812,-17.333486],[-39.43562,-17.333462],[-39.435567,-17.335329],[-39.435437,-17.336696],[-39.435223,-17.338927],[-39.43513,-17.339901],[-39.4351,-17.340208],[-39.435014,-17.341106],[-39.435002,-17.34124],[-39.434904,-17.342282],[-39.434759,-17.343834],[-39.434732,-17.344126],[-39.43464,-17.345109],[-39.434608,-17.345266],[-39.434549,-17.345552],[-39.434426,-17.347202],[-39.434413,-17.347381],[-39.43439,-17.34769],[-39.434346,-17.348269],[-39.434246,-17.350263],[-39.435599,-17.350368],[-39.435726,-17.350392],[-39.437294,-17.350496],[-39.437479,-17.3505],[-39.437715,-17.350515],[-39.438401,-17.350579],[-39.438919,-17.350606],[-39.439286,-17.350631],[-39.439477,-17.350654],[-39.440986,-17.350786],[-39.441765,-17.350849],[-39.442003,-17.350869],[-39.443719,-17.351012],[-39.443785,-17.351019],[-39.443961,-17.351034],[-39.44413,-17.351047],[-39.444568,-17.351084],[-39.447486,-17.351313],[-39.447478,-17.351385],[-39.447148,-17.355774],[-39.447112,-17.356533],[-39.447298,-17.356447],[-39.448975,-17.356539],[-39.4506,-17.356778],[-39.450845,-17.356768],[-39.452502,-17.356628],[-39.453201,-17.355691],[-39.453389,-17.355552],[-39.45475,-17.353648],[-39.455145,-17.353494],[-39.455446,-17.353493],[-39.456896,-17.35309],[-39.457084,-17.353036],[-39.458396,-17.351976],[-39.459142,-17.351444],[-39.458578,-17.350522],[-39.457459,-17.34873],[-39.458994,-17.347458],[-39.459061,-17.347396],[-39.462332,-17.344681],[-39.46319,-17.343904],[-39.463597,-17.344524],[-39.464387,-17.34573],[-39.46433,-17.345974],[-39.464256,-17.346178],[-39.463801,-17.348091],[-39.463778,-17.348183],[-39.463503,-17.349359],[-39.464467,-17.349618],[-39.46499,-17.349761],[-39.465775,-17.349972],[-39.466256,-17.350105],[-39.466498,-17.35017],[-39.467142,-17.350348],[-39.467937,-17.350562],[-39.468513,-17.350727],[-39.46956,-17.351005],[-39.469801,-17.350806],[-39.470239,-17.350433],[-39.471485,-17.349252],[-39.47383,-17.347018],[-39.473918,-17.346939],[-39.475218,-17.345709],[-39.476425,-17.344596],[-39.476568,-17.344465],[-39.477527,-17.343587],[-39.47801,-17.343146],[-39.47829,-17.342883],[-39.480713,-17.34532],[-39.480881,-17.345494],[-39.48107,-17.345668],[-39.48136,-17.345987],[-39.482215,-17.346858],[-39.483677,-17.345454],[-39.483978,-17.345146],[-39.485608,-17.343564],[-39.485831,-17.34335],[-39.487321,-17.341891],[-39.488475,-17.340792],[-39.489083,-17.340223],[-39.489191,-17.34011],[-39.489739,-17.339607],[-39.490285,-17.339095],[-39.491369,-17.33807],[-39.491467,-17.337982],[-39.492606,-17.336932],[-39.492972,-17.336598],[-39.493804,-17.335853],[-39.491657,-17.333312],[-39.490049,-17.331409],[-39.489483,-17.330737],[-39.48849,-17.329567],[-39.486945,-17.327744],[-39.485948,-17.326566],[-39.485388,-17.325936],[-39.483735,-17.323961],[-39.484384,-17.323495],[-39.484573,-17.323368],[-39.486571,-17.321947],[-39.488079,-17.320872],[-39.488714,-17.320409],[-39.489944,-17.319539],[-39.490943,-17.318819],[-39.493148,-17.31725],[-39.494645,-17.316202],[-39.495386,-17.315661],[-39.497673,-17.314004],[-39.496879,-17.31298],[-39.495918,-17.311737],[-39.495279,-17.310912],[-39.495207,-17.310818],[-39.494037,-17.309307],[-39.49268,-17.307552],[-39.490481,-17.309124],[-39.489745,-17.309649],[-39.488266,-17.310713],[-39.487448,-17.311301],[-39.485968,-17.31237],[-39.48559,-17.312635],[-39.484394,-17.313503],[-39.483661,-17.314024],[-39.481056,-17.315708],[-39.48044,-17.316089],[-39.478856,-17.317033],[-39.478734,-17.316826],[-39.477396,-17.314253],[-39.476577,-17.312606],[-39.481727,-17.310649],[-39.481671,-17.3094],[-39.481607,-17.308139],[-39.481552,-17.307333],[-39.481542,-17.304868],[-39.481554,-17.303832],[-39.481536,-17.303583],[-39.481434,-17.303387],[-39.481482,-17.303342],[-39.481483,-17.302238],[-39.481374,-17.297524],[-39.481368,-17.297267],[-39.481319,-17.294954],[-39.481306,-17.294341],[-39.481284,-17.29327],[-39.481268,-17.292691],[-39.481147,-17.288259],[-39.481144,-17.288166],[-39.48102,-17.283626],[-39.480985,-17.282327],[-39.480921,-17.279122],[-39.480831,-17.274536],[-39.480791,-17.272484],[-39.480786,-17.270228],[-39.480786,-17.270137],[-39.480785,-17.26985],[-39.480705,-17.259676],[-39.480525,-17.236627],[-39.480189,-17.236559],[-39.480065,-17.236346],[-39.480045,-17.236105],[-39.480279,-17.235247],[-39.480195,-17.234892],[-39.480404,-17.234389],[-39.480663,-17.234315],[-39.480889,-17.234345],[-39.481029,-17.234213],[-39.481019,-17.234047],[-39.480671,-17.233331],[-39.47978,-17.233054]]]}},{"type":"Feature","properties":{"gid":"11916","cd_sipra":"BA0259000","nome_projeto":"PA TERRA DE SANTA CRUZ","municipio":"SANTA LUZIA","area_hectare_declarada":"382.6817","capacidade":"25","num_familias":"23","fase":"5","data_de_criacao":"12/04/2000","forma_obtencao":"Desapropriação","data_obtencao":"26/08/1999","area_calc_ha":"385.0306"},"geometry":{"type":"Polygon","coordinates":[[[-39.392768,-15.410841],[-39.392865,-15.410888],[-39.393478,-15.411496],[-39.393959,-15.411982],[-39.395,-15.412101],[-39.39686,-15.41232],[-39.397727,-15.411343],[-39.398072,-15.410988],[-39.399415,-15.410488],[-39.399927,-15.410265],[-39.399426,-15.409245],[-39.399231,-15.408906],[-39.397932,-15.409533],[-39.39741,-15.409887],[-39.397018,-15.409643],[-39.39651,-15.40893],[-39.396055,-15.408325],[-39.395859,-15.408165],[-39.394804,-15.407743],[-39.394333,-15.40747],[-39.393631,-15.406622],[-39.393651,-15.405942],[-39.392949,-15.405718],[-39.392715,-15.405694],[-39.392325,-15.405796],[-39.392197,-15.405806],[-39.392116,-15.405811],[-39.391439,-15.405824],[-39.390104,-15.405809],[-39.389867,-15.40494],[-39.389894,-15.404727],[-39.390293,-15.403599],[-39.390423,-15.402778],[-39.390454,-15.402573],[-39.389753,-15.402167],[-39.38904,-15.401347],[-39.388815,-15.401125],[-39.388606,-15.400064],[-39.388567,-15.39994],[-39.388473,-15.399634],[-39.388158,-15.399098],[-39.384233,-15.397838],[-39.383635,-15.396312],[-39.383539,-15.395415],[-39.383195,-15.394002],[-39.382848,-15.392433],[-39.382788,-15.392176],[-39.381434,-15.392096],[-39.37944,-15.39197],[-39.380232,-15.393693],[-39.380872,-15.394875],[-39.381673,-15.396385],[-39.382521,-15.397951],[-39.379838,-15.404383],[-39.379515,-15.404462],[-39.378758,-15.40394],[-39.37755,-15.405534],[-39.377163,-15.406604],[-39.377292,-15.406835],[-39.376621,-15.408095],[-39.375603,-15.409867],[-39.376201,-15.41056],[-39.376303,-15.411209],[-39.376193,-15.413275],[-39.376835,-15.414949],[-39.377737,-15.41659],[-39.377886,-15.416848],[-39.378238,-15.417565],[-39.378493,-15.417959],[-39.378932,-15.418788],[-39.379672,-15.420008],[-39.380263,-15.42038],[-39.380315,-15.420414],[-39.380744,-15.420734],[-39.381332,-15.421045],[-39.381607,-15.421242],[-39.382046,-15.421659],[-39.382726,-15.42239],[-39.383151,-15.421952],[-39.383437,-15.421563],[-39.383778,-15.421612],[-39.384303,-15.421843],[-39.385669,-15.422242],[-39.386594,-15.422527],[-39.386839,-15.422598],[-39.387281,-15.422728],[-39.38741,-15.422761],[-39.38823,-15.422573],[-39.388654,-15.422456],[-39.38917,-15.422343],[-39.389257,-15.42231],[-39.389624,-15.422388],[-39.390307,-15.422494],[-39.390779,-15.422577],[-39.391273,-15.422653],[-39.391364,-15.422246],[-39.391576,-15.421234],[-39.391931,-15.419526],[-39.3916,-15.418558],[-39.391578,-15.41848],[-39.391535,-15.418376],[-39.391123,-15.417198],[-39.390498,-15.415406],[-39.389665,-15.412934],[-39.388625,-15.412627],[-39.388243,-15.412435],[-39.38716,-15.412071],[-39.387704,-15.411423],[-39.389003,-15.409801],[-39.38921,-15.409524],[-39.390032,-15.409819],[-39.390166,-15.40989],[-39.391168,-15.410244],[-39.391255,-15.410276],[-39.392768,-15.410841]]]}},{"type":"Feature","properties":{"gid":"485","cd_sipra":"BA0082000","nome_projeto":"PA RESISTENTE","municipio":"WENCESLAU GUIMARAES","area_hectare_declarada":"1000.9600","capacidade":"50","num_familias":"49","fase":"6","data_de_criacao":"21/11/1996","forma_obtencao":"Desapropriação","data_obtencao":"04/09/1995","area_calc_ha":"1521.9350"},"geometry":{"type":"Polygon","coordinates":[[[-39.512638,-13.634847],[-39.517998,-13.63366],[-39.523728,-13.632563],[-39.527426,-13.632826],[-39.530481,-13.634538],[-39.547584,-13.621087],[-39.566202,-13.635077],[-39.568875,-13.635803],[-39.571118,-13.632928],[-39.575116,-13.631802],[-39.576971,-13.635413],[-39.58159,-13.633593],[-39.58021,-13.636309],[-39.588028,-13.635528],[-39.585238,-13.629024],[-39.588096,-13.625853],[-39.591698,-13.624037],[-39.591223,-13.618613],[-39.588031,-13.6181],[-39.583783,-13.62037],[-39.576474,-13.617674],[-39.576982,-13.62489],[-39.573909,-13.626903],[-39.571316,-13.624648],[-39.565578,-13.621948],[-39.562615,-13.619784],[-39.564606,-13.615704],[-39.5634,-13.613261],[-39.560624,-13.611458],[-39.549526,-13.608063],[-39.548146,-13.607792],[-39.540952,-13.61486],[-39.53771,-13.612155],[-39.533,-13.614873],[-39.531707,-13.615781],[-39.530971,-13.61759],[-39.533383,-13.621021],[-39.532832,-13.622559],[-39.529133,-13.622567],[-39.524599,-13.620316],[-39.520439,-13.620325],[-39.516922,-13.618523],[-39.514854,-13.618528],[-39.512819,-13.617628],[-39.510694,-13.618537],[-39.507637,-13.615379],[-39.504395,-13.615267],[-39.503304,-13.61385],[-39.501454,-13.613493],[-39.499432,-13.625409],[-39.500413,-13.624926],[-39.505232,-13.630432],[-39.506713,-13.630791],[-39.505884,-13.632601],[-39.510239,-13.63666],[-39.512638,-13.634847]]]}},{"type":"Feature","properties":{"gid":"528","cd_sipra":"BA0128000","nome_projeto":"PA ERNESTO CHEGUEVARA","municipio":"WENCESLAU GUIMARAES","area_hectare_declarada":"848.2488","capacidade":"60","num_familias":"50","fase":"5","data_de_criacao":"11/03/1998","forma_obtencao":"Desapropriação","data_obtencao":"22/10/1997","area_calc_ha":"915.2982"},"geometry":{"type":"Polygon","coordinates":[[[-39.475499,-13.683335],[-39.47554,-13.683279],[-39.476517,-13.681955],[-39.478143,-13.682195],[-39.480838,-13.679967],[-39.481791,-13.67964],[-39.482254,-13.679407],[-39.482544,-13.679055],[-39.482413,-13.678831],[-39.482501,-13.678145],[-39.480441,-13.67721],[-39.481599,-13.675779],[-39.481246,-13.675257],[-39.482343,-13.675259],[-39.482521,-13.675824],[-39.483695,-13.675904],[-39.484571,-13.675792],[-39.484615,-13.67466],[-39.489103,-13.676087],[-39.493985,-13.674993],[-39.496798,-13.674133],[-39.500285,-13.670898],[-39.499892,-13.668335],[-39.501346,-13.667382],[-39.502507,-13.666145],[-39.504735,-13.664147],[-39.506001,-13.665949],[-39.511628,-13.665082],[-39.513967,-13.661071],[-39.51307,-13.660042],[-39.512524,-13.658701],[-39.50707,-13.655598],[-39.505421,-13.65482],[-39.501596,-13.651972],[-39.49931,-13.651446],[-39.498026,-13.653772],[-39.495691,-13.653343],[-39.494481,-13.651953],[-39.493575,-13.649819],[-39.493157,-13.64976],[-39.491676,-13.650441],[-39.489145,-13.650714],[-39.490584,-13.656427],[-39.490289,-13.657911],[-39.485595,-13.658213],[-39.484465,-13.660959],[-39.47787,-13.663156],[-39.477874,-13.665245],[-39.475408,-13.665408],[-39.474761,-13.66409],[-39.476382,-13.66135],[-39.473992,-13.661491],[-39.473836,-13.661279],[-39.46492,-13.660536],[-39.463788,-13.660601],[-39.463137,-13.660856],[-39.463624,-13.661342],[-39.462982,-13.661751],[-39.459484,-13.664631],[-39.462637,-13.66556],[-39.463417,-13.667077],[-39.467109,-13.669064],[-39.467593,-13.668588],[-39.470905,-13.674564],[-39.474705,-13.681868],[-39.475002,-13.684621],[-39.475948,-13.684478],[-39.475944,-13.684461],[-39.475499,-13.683335]]]}},{"type":"Feature","properties":{"gid":"17753","cd_sipra":"BA0348000","nome_projeto":"PA FAZ VAVA","municipio":"URUCUCA","area_hectare_declarada":"159.9568","capacidade":"19","num_familias":"18","fase":"4","data_de_criacao":"08/10/2003","forma_obtencao":"Desapropriação","data_obtencao":"20/03/2002","area_calc_ha":"159.7492"},"geometry":{"type":"MultiPolygon","coordinates":[[[[-39.330001,-14.496526],[-39.329397,-14.497619],[-39.32946,-14.497688],[-39.328839,-14.499117],[-39.328559,-14.499839],[-39.328476,-14.499839],[-39.328029,-14.499763],[-39.327743,-14.499543],[-39.327681,-14.499767],[-39.328011,-14.500787],[-39.328346,-14.500763],[-39.328428,-14.500781],[-39.328135,-14.501517],[-39.327862,-14.502131],[-39.327175,-14.503062],[-39.326898,-14.503581],[-39.327881,-14.503473],[-39.32964,-14.503363],[-39.330536,-14.503333],[-39.331427,-14.50285],[-39.331082,-14.499603],[-39.330853,-14.498857],[-39.330537,-14.497773],[-39.330497,-14.497753],[-39.330199,-14.497097],[-39.330159,-14.497026],[-39.330001,-14.496526]]],[[[-39.339001,-14.488301],[-39.337333,-14.48867],[-39.335945,-14.488988],[-39.335099,-14.48916],[-39.334856,-14.489218],[-39.333454,-14.489519],[-39.33317,-14.489407],[-39.33266,-14.489446],[-39.332277,-14.489293],[-39.33214,-14.489239],[-39.331543,-14.489043],[-39.330984,-14.488884],[-39.330996,-14.489961],[-39.331103,-14.490641],[-39.331548,-14.49156],[-39.332138,-14.491941],[-39.331509,-14.492075],[-39.33157,-14.492981],[-39.331996,-14.492878],[-39.332206,-14.493004],[-39.331969,-14.49326],[-39.331808,-14.49341],[-39.33207,-14.493893],[-39.331931,-14.493941],[-39.331667,-14.494002],[-39.33065,-14.494357],[-39.330258,-14.495989],[-39.330918,-14.497352],[-39.331005,-14.497394],[-39.331388,-14.498705],[-39.331631,-14.499498],[-39.331946,-14.50263],[-39.33264,-14.502211],[-39.332219,-14.501829],[-39.333029,-14.500919],[-39.332994,-14.499559],[-39.333117,-14.499535],[-39.333475,-14.49945],[-39.336147,-14.499962],[-39.336468,-14.500163],[-39.337332,-14.500866],[-39.338522,-14.501576],[-39.338658,-14.501566],[-39.338959,-14.501497],[-39.34076,-14.500838],[-39.341865,-14.500438],[-39.341983,-14.499971],[-39.342048,-14.498346],[-39.342037,-14.49789],[-39.342022,-14.497195],[-39.342108,-14.496915],[-39.342187,-14.496464],[-39.342145,-14.495048],[-39.342185,-14.49476],[-39.342189,-14.494633],[-39.342212,-14.494262],[-39.342184,-14.49341],[-39.341857,-14.492672],[-39.341521,-14.492098],[-39.341353,-14.491704],[-39.341407,-14.491511],[-39.341252,-14.491494],[-39.340587,-14.491466],[-39.340449,-14.491446],[-39.340056,-14.49142],[-39.339386,-14.491247],[-39.338855,-14.491188],[-39.338393,-14.490978],[-39.337862,-14.490617],[-39.337622,-14.490483],[-39.337591,-14.490468],[-39.338119,-14.489982],[-39.338682,-14.489376],[-39.338917,-14.489182],[-39.339001,-14.488301]]]]}},{"type":"Feature","properties":{"gid":"699","cd_sipra":"BA0265000","nome_projeto":"PA VITOROPOLIS","municipio":"UNA","area_hectare_declarada":"404.3609","capacidade":"22","num_familias":"20","fase":"4","data_de_criacao":"12/04/2000","forma_obtencao":"Desapropriação","data_obtencao":"04/11/1999","area_calc_ha":"403.7193"},"geometry":{"type":"Polygon","coordinates":[[[-39.050957,-15.138888],[-39.050631,-15.138211],[-39.049555,-15.136195],[-39.048856,-15.134989],[-39.047783,-15.133196],[-39.047107,-15.132083],[-39.046439,-15.130449],[-39.046276,-15.129372],[-39.045973,-15.127177],[-39.045831,-15.126104],[-39.045737,-15.125255],[-39.0457,-15.122284],[-39.045823,-15.120426],[-39.045852,-15.119514],[-39.045902,-15.117218],[-39.046344,-15.115894],[-39.046497,-15.11549],[-39.042605,-15.113692],[-39.042555,-15.113999],[-39.042469,-15.114512],[-39.042323,-15.115024],[-39.042171,-15.115727],[-39.038709,-15.117531],[-39.03696,-15.118409],[-39.036867,-15.118448],[-39.035388,-15.119173],[-39.032946,-15.120368],[-39.030513,-15.121549],[-39.028349,-15.122666],[-39.028277,-15.122672],[-39.028036,-15.12275],[-39.025559,-15.123943],[-39.028394,-15.12788],[-39.028819,-15.128439],[-39.030495,-15.130357],[-39.032575,-15.132474],[-39.033,-15.133018],[-39.033055,-15.133061],[-39.034029,-15.134207],[-39.035773,-15.136323],[-39.036907,-15.137768],[-39.037731,-15.13887],[-39.040332,-15.138716],[-39.042459,-15.138744],[-39.043148,-15.138764],[-39.044093,-15.138833],[-39.044655,-15.138822],[-39.046037,-15.138823],[-39.050959,-15.138889],[-39.050957,-15.138888]]]}},{"type":"Feature","properties":{"gid":"13228","cd_sipra":"BA0924000","nome_projeto":"PA MAÇARANDUBA NOVA ESPERANÇA","municipio":"MARAU","area_hectare_declarada":"586.6398","capacidade":"38","num_familias":"34","fase":"3","data_de_criacao":"09/05/2013","forma_obtencao":"Desapropriação","data_obtencao":"18/08/2009","area_calc_ha":"604.2831"},"geometry":{"type":"Polygon","coordinates":[[[-39.183782,-14.116964],[-39.181515,-14.118231],[-39.180586,-14.118816],[-39.180329,-14.11945],[-39.177755,-14.120103],[-39.177554,-14.120261],[-39.177421,-14.120661],[-39.174523,-14.126681],[-39.174507,-14.126726],[-39.172584,-14.129398],[-39.17356,-14.131463],[-39.1736,-14.131562],[-39.173121,-14.143206],[-39.180524,-14.139481],[-39.18547,-14.143994],[-39.188977,-14.144754],[-39.189997,-14.142608],[-39.192111,-14.142849],[-39.187772,-14.152965],[-39.187848,-14.152974],[-39.18836,-14.153387],[-39.188261,-14.15356],[-39.187628,-14.154389],[-39.188694,-14.155025],[-39.190702,-14.158304],[-39.190861,-14.159513],[-39.189084,-14.160313],[-39.188752,-14.160808],[-39.189106,-14.161093],[-39.188748,-14.162021],[-39.19351,-14.162668],[-39.193942,-14.161901],[-39.194599,-14.16092],[-39.195504,-14.159603],[-39.203054,-14.149189],[-39.201301,-14.146882],[-39.199894,-14.145621],[-39.197491,-14.144814],[-39.197275,-14.144777],[-39.194858,-14.142669],[-39.191127,-14.140648],[-39.187031,-14.138004],[-39.186437,-14.136677],[-39.186709,-14.133815],[-39.187828,-14.130972],[-39.18764,-14.128318],[-39.187246,-14.124708],[-39.189341,-14.122834],[-39.187569,-14.122015],[-39.187477,-14.122008],[-39.190598,-14.119234],[-39.184381,-14.11778],[-39.183782,-14.116964]]]}},{"type":"Feature","properties":{"gid":"553","cd_sipra":"BA0140000","nome_projeto":"PA 17 DE ABRIL","municipio":"TAPEROA","area_hectare_declarada":"999.2370","capacidade":"80","num_familias":"38","fase":"3","data_de_criacao":"31/12/1997","forma_obtencao":"Desapropriação","data_obtencao":"18/08/1997","area_calc_ha":"974.6299"},"geometry":{"type":"Polygon","coordinates":[[[-39.267049,-13.619601],[-39.263782,-13.620359],[-39.263696,-13.62034],[-39.262802,-13.619978],[-39.262027,-13.619259],[-39.260612,-13.617711],[-39.259626,-13.616554],[-39.257563,-13.61834],[-39.258132,-13.620011],[-39.258233,-13.62031],[-39.258639,-13.621666],[-39.258628,-13.621726],[-39.258384,-13.62307],[-39.258871,-13.623786],[-39.259654,-13.62527],[-39.259694,-13.625345],[-39.260145,-13.624993],[-39.260446,-13.62493],[-39.261016,-13.625182],[-39.261074,-13.625209],[-39.263075,-13.625633],[-39.263659,-13.627254],[-39.263684,-13.627333],[-39.263268,-13.627342],[-39.262755,-13.627222],[-39.261956,-13.627316],[-39.261109,-13.626984],[-39.260866,-13.626988],[-39.260439,-13.6272],[-39.259913,-13.627612],[-39.26097,-13.627975],[-39.261921,-13.627977],[-39.262768,-13.627898],[-39.264276,-13.628239],[-39.264738,-13.628293],[-39.264759,-13.628386],[-39.265053,-13.629759],[-39.264933,-13.630773],[-39.266795,-13.630488],[-39.26722,-13.630739],[-39.267278,-13.630751],[-39.269107,-13.633595],[-39.269964,-13.634561],[-39.270317,-13.635266],[-39.270302,-13.635406],[-39.270208,-13.636298],[-39.270191,-13.636458],[-39.269872,-13.637861],[-39.26986,-13.637927],[-39.269489,-13.63797],[-39.269233,-13.638119],[-39.268919,-13.638302],[-39.268333,-13.638794],[-39.268367,-13.639386],[-39.268653,-13.640061],[-39.268938,-13.640862],[-39.268687,-13.641534],[-39.269288,-13.641908],[-39.269473,-13.642236],[-39.269571,-13.642213],[-39.27009,-13.642095],[-39.27178,-13.641586],[-39.273744,-13.641459],[-39.27524,-13.64165],[-39.275883,-13.641612],[-39.277941,-13.642883],[-39.280051,-13.644196],[-39.280054,-13.644257],[-39.279985,-13.644543],[-39.2797,-13.645716],[-39.278491,-13.646344],[-39.277995,-13.647903],[-39.277741,-13.64847],[-39.276821,-13.64826],[-39.276197,-13.649106],[-39.276193,-13.649575],[-39.274972,-13.651848],[-39.275094,-13.652124],[-39.275511,-13.652329],[-39.275682,-13.652413],[-39.276339,-13.653166],[-39.276346,-13.653189],[-39.276506,-13.653684],[-39.275461,-13.654605],[-39.275725,-13.6548],[-39.276142,-13.65453],[-39.276191,-13.655852],[-39.276129,-13.656925],[-39.276028,-13.658061],[-39.276557,-13.657725],[-39.277262,-13.657276],[-39.280422,-13.656108],[-39.285411,-13.652805],[-39.284494,-13.652028],[-39.285113,-13.651211],[-39.283638,-13.649128],[-39.28341,-13.648674],[-39.282355,-13.647845],[-39.282074,-13.647316],[-39.28197,-13.646129],[-39.282055,-13.645709],[-39.282015,-13.645455],[-39.281913,-13.644818],[-39.281648,-13.644394],[-39.281285,-13.644133],[-39.280996,-13.643925],[-39.28081,-13.643432],[-39.281752,-13.641728],[-39.28209,-13.641689],[-39.283804,-13.641349],[-39.283971,-13.641003],[-39.284614,-13.638951],[-39.284658,-13.637598],[-39.284667,-13.637427],[-39.284671,-13.637399],[-39.284677,-13.637367],[-39.284659,-13.636661],[-39.283464,-13.634687],[-39.283,-13.633777],[-39.282694,-13.633176],[-39.282564,-13.632774],[-39.283807,-13.63272],[-39.286311,-13.632062],[-39.286387,-13.632065],[-39.28665,-13.632496],[-39.286881,-13.63289],[-39.287369,-13.633721],[-39.28746,-13.634575],[-39.287466,-13.634631],[-39.287485,-13.634647],[-39.288692,-13.635658],[-39.288814,-13.635761],[-39.291395,-13.636667],[-39.29163,-13.636651],[-39.292113,-13.636619],[-39.292185,-13.636637],[-39.293387,-13.636958],[-39.293592,-13.637314],[-39.293699,-13.637499],[-39.294755,-13.639479],[-39.295336,-13.640093],[-39.29542,-13.640181],[-39.295435,-13.640303],[-39.295502,-13.640846],[-39.295093,-13.641505],[-39.295125,-13.641965],[-39.295104,-13.642048],[-39.294694,-13.643071],[-39.294703,-13.643443],[-39.294856,-13.644002],[-39.294643,-13.644801],[-39.294877,-13.64514],[-39.295149,-13.645534],[-39.295203,-13.646937],[-39.295208,-13.647071],[-39.295188,-13.647873],[-39.295488,-13.648279],[-39.295569,-13.64839],[-39.295983,-13.648951],[-39.29743,-13.649761],[-39.297537,-13.649792],[-39.297989,-13.649926],[-39.298423,-13.650344],[-39.298817,-13.650512],[-39.300068,-13.650492],[-39.300656,-13.649712],[-39.301017,-13.649512],[-39.301504,-13.649126],[-39.302163,-13.649029],[-39.302455,-13.648542],[-39.302457,-13.648424],[-39.302462,-13.64812],[-39.30205,-13.647359],[-39.301359,-13.646436],[-39.301115,-13.646109],[-39.301537,-13.645725],[-39.302543,-13.6462],[-39.302903,-13.64586],[-39.302841,-13.645218],[-39.303002,-13.644647],[-39.303108,-13.644429],[-39.303367,-13.644408],[-39.303953,-13.644008],[-39.304464,-13.643645],[-39.304688,-13.643019],[-39.305325,-13.643485],[-39.306402,-13.643882],[-39.308401,-13.64417],[-39.309219,-13.644217],[-39.309541,-13.64456],[-39.310015,-13.64493],[-39.31087,-13.645693],[-39.311713,-13.645293],[-39.312117,-13.645038],[-39.312654,-13.644548],[-39.313066,-13.644288],[-39.313785,-13.64178],[-39.314453,-13.640463],[-39.314812,-13.639864],[-39.314909,-13.639702],[-39.314913,-13.639296],[-39.314921,-13.638473],[-39.314999,-13.638149],[-39.315631,-13.637551],[-39.316291,-13.637645],[-39.316357,-13.637654],[-39.316533,-13.63767],[-39.317164,-13.637466],[-39.317701,-13.637662],[-39.318042,-13.637992],[-39.31814,-13.638282],[-39.318215,-13.638503],[-39.318519,-13.638848],[-39.319122,-13.639505],[-39.319415,-13.639851],[-39.320132,-13.640285],[-39.320198,-13.640325],[-39.320797,-13.640682],[-39.321136,-13.640694],[-39.321727,-13.640386],[-39.32192,-13.640285],[-39.321831,-13.640174],[-39.3215,-13.640152],[-39.321341,-13.640017],[-39.321231,-13.63963],[-39.321262,-13.639373],[-39.32169,-13.638882],[-39.321811,-13.638617],[-39.32202,-13.638162],[-39.322318,-13.636761],[-39.322568,-13.636102],[-39.322464,-13.63546],[-39.322448,-13.635358],[-39.322371,-13.634879],[-39.321312,-13.634164],[-39.320714,-13.634141],[-39.320085,-13.63375],[-39.319482,-13.633401],[-39.318916,-13.632815],[-39.317608,-13.634396],[-39.317398,-13.635141],[-39.316949,-13.635221],[-39.316093,-13.63546],[-39.315263,-13.635101],[-39.315224,-13.635069],[-39.314575,-13.635051],[-39.314126,-13.635931],[-39.313755,-13.636837],[-39.313372,-13.637302],[-39.312915,-13.638014],[-39.313024,-13.638975],[-39.313032,-13.640114],[-39.312232,-13.640331],[-39.31134,-13.640497],[-39.311236,-13.640516],[-39.310643,-13.640682],[-39.309573,-13.640645],[-39.307541,-13.640724],[-39.306941,-13.640455],[-39.306126,-13.640571],[-39.305836,-13.640468],[-39.305214,-13.6404],[-39.304251,-13.639999],[-39.303687,-13.63959],[-39.303258,-13.639368],[-39.303021,-13.639246],[-39.302569,-13.639272],[-39.30249,-13.639277],[-39.302495,-13.639262],[-39.302597,-13.638984],[-39.302192,-13.638657],[-39.302067,-13.638556],[-39.302013,-13.637979],[-39.302087,-13.637973],[-39.303035,-13.638202],[-39.303738,-13.638013],[-39.303855,-13.638043],[-39.30464,-13.638243],[-39.305506,-13.638152],[-39.306173,-13.637422],[-39.306761,-13.636779],[-39.307531,-13.636635],[-39.308408,-13.636461],[-39.309374,-13.636237],[-39.310066,-13.635789],[-39.310125,-13.63575],[-39.309772,-13.634883],[-39.309497,-13.634221],[-39.308688,-13.633207],[-39.307638,-13.633823],[-39.306793,-13.633749],[-39.306103,-13.634252],[-39.30588,-13.634415],[-39.305407,-13.635038],[-39.304996,-13.635023],[-39.303918,-13.634779],[-39.303738,-13.634758],[-39.303087,-13.634682],[-39.302499,-13.634514],[-39.302479,-13.634509],[-39.302542,-13.633568],[-39.302608,-13.632693],[-39.302604,-13.632002],[-39.303037,-13.630873],[-39.302831,-13.630228],[-39.30263,-13.630224],[-39.302032,-13.629831],[-39.301595,-13.629751],[-39.300315,-13.62974],[-39.300269,-13.62974],[-39.300136,-13.629721],[-39.300123,-13.628732],[-39.299904,-13.627776],[-39.299701,-13.6268],[-39.299873,-13.6259],[-39.299873,-13.62588],[-39.299878,-13.625264],[-39.299149,-13.624768],[-39.298815,-13.624297],[-39.29819,-13.624019],[-39.296872,-13.624266],[-39.294994,-13.624575],[-39.293956,-13.624992],[-39.293696,-13.625451],[-39.293349,-13.625778],[-39.293283,-13.62584],[-39.293022,-13.625982],[-39.292324,-13.625961],[-39.292265,-13.625959],[-39.291846,-13.625956],[-39.291341,-13.625922],[-39.290606,-13.62589],[-39.289974,-13.625883],[-39.289556,-13.62589],[-39.288849,-13.625956],[-39.288275,-13.625958],[-39.287474,-13.626085],[-39.286909,-13.6264],[-39.285512,-13.626539],[-39.284712,-13.626709],[-39.284457,-13.626722],[-39.284138,-13.627341],[-39.284101,-13.627977],[-39.284228,-13.628313],[-39.2843,-13.628503],[-39.284184,-13.628583],[-39.283497,-13.629054],[-39.283135,-13.629333],[-39.282368,-13.629523],[-39.281715,-13.62978],[-39.2815,-13.629978],[-39.281305,-13.630037],[-39.280959,-13.630142],[-39.280615,-13.630139],[-39.2803,-13.630137],[-39.279189,-13.630005],[-39.278297,-13.629974],[-39.278126,-13.629872],[-39.276932,-13.629114],[-39.27503,-13.628527],[-39.27413,-13.628213],[-39.274112,-13.628207],[-39.2736,-13.627951],[-39.273297,-13.627477],[-39.27328,-13.627451],[-39.272978,-13.627103],[-39.272757,-13.626422],[-39.272088,-13.625957],[-39.271842,-13.625786],[-39.271754,-13.625539],[-39.271693,-13.625452],[-39.271967,-13.625222],[-39.272027,-13.625172],[-39.271933,-13.625017],[-39.271721,-13.624667],[-39.271582,-13.623582],[-39.271642,-13.623258],[-39.271703,-13.622932],[-39.271789,-13.622295],[-39.271524,-13.62159],[-39.271066,-13.619081],[-39.270959,-13.618495],[-39.271288,-13.618059],[-39.271779,-13.617951],[-39.272401,-13.617453],[-39.272527,-13.617352],[-39.272493,-13.617274],[-39.272601,-13.616829],[-39.272478,-13.615506],[-39.271776,-13.61399],[-39.271417,-13.613516],[-39.271101,-13.612576],[-39.270832,-13.611841],[-39.270593,-13.611598],[-39.270202,-13.611419],[-39.269211,-13.610852],[-39.268318,-13.610996],[-39.26776,-13.611741],[-39.267842,-13.612526],[-39.267952,-13.613579],[-39.267968,-13.614433],[-39.26791,-13.614772],[-39.267851,-13.61512],[-39.266919,-13.616028],[-39.266967,-13.616632],[-39.26703,-13.617432],[-39.267003,-13.617746],[-39.266909,-13.618835],[-39.267049,-13.619601]]]}},{"type":"Feature","properties":{"gid":"735","cd_sipra":"BA0258000","nome_projeto":"PA CACHOEIRA BONITA E CONCEIÇÃO","municipio":"UBAITABA","area_hectare_declarada":"965.3328","capacidade":"60","num_familias":"38","fase":"3","data_de_criacao":"28/12/1999","forma_obtencao":"Desapropriação","data_obtencao":"25/08/1999","area_calc_ha":"973.0106"},"geometry":{"type":"Polygon","coordinates":[[[-39.381226,-14.265403],[-39.380594,-14.265178],[-39.375748,-14.265104],[-39.361139,-14.264879],[-39.361075,-14.264801],[-39.361002,-14.26466],[-39.360939,-14.264546],[-39.36087,-14.264426],[-39.360777,-14.264378],[-39.360588,-14.264374],[-39.360446,-14.264371],[-39.360257,-14.264367],[-39.360068,-14.264363],[-39.359926,-14.264406],[-39.359831,-14.264404],[-39.359642,-14.2644],[-39.359406,-14.264395],[-39.35917,-14.26439],[-39.359029,-14.264341],[-39.358794,-14.26429],[-39.358657,-14.264102],[-39.35852,-14.263868],[-39.358336,-14.263634],[-39.358244,-14.263493],[-39.358155,-14.26326],[-39.358161,-14.262983],[-39.358164,-14.262845],[-39.358167,-14.262706],[-39.35817,-14.262568],[-39.358173,-14.26243],[-39.358176,-14.262291],[-39.35818,-14.262107],[-39.358186,-14.26183],[-39.35819,-14.261645],[-39.358194,-14.261461],[-39.358197,-14.261322],[-39.358202,-14.261091],[-39.358204,-14.260999],[-39.358206,-14.260907],[-39.358211,-14.260676],[-39.35826,-14.260585],[-39.358358,-14.260402],[-39.358362,-14.260264],[-39.358411,-14.260172],[-39.358413,-14.26008],[-39.358463,-14.259943],[-39.358513,-14.259805],[-39.358563,-14.259668],[-39.358613,-14.259577],[-39.358617,-14.259392],[-39.358622,-14.259161],[-39.358624,-14.259069],[-39.358628,-14.258884],[-39.358634,-14.258607],[-39.358637,-14.258469],[-39.358639,-14.258377],[-39.358641,-14.258284],[-39.358598,-14.258053],[-39.358461,-14.257865],[-39.35837,-14.257678],[-39.358233,-14.257445],[-39.358192,-14.257167],[-39.358147,-14.257074],[-39.358011,-14.256794],[-39.357876,-14.256514],[-39.357786,-14.256281],[-39.357742,-14.256142],[-39.357699,-14.255956],[-39.357701,-14.255864],[-39.357705,-14.255679],[-39.357708,-14.255541],[-39.357711,-14.255402],[-39.357715,-14.255218],[-39.357764,-14.255126],[-39.357815,-14.254943],[-39.357913,-14.254806],[-39.358058,-14.254625],[-39.358203,-14.254489],[-39.358297,-14.254491],[-39.358347,-14.2544],[-39.358492,-14.254218],[-39.358638,-14.254037],[-39.358736,-14.253854],[-39.358881,-14.253719],[-39.358978,-14.253582],[-39.359076,-14.253446],[-39.359173,-14.25331],[-39.359271,-14.253173],[-39.359368,-14.253037],[-39.359418,-14.252945],[-39.359467,-14.252854],[-39.359469,-14.252762],[-39.359473,-14.252577],[-39.359385,-14.252252],[-39.359343,-14.252021],[-39.359205,-14.251833],[-39.359114,-14.251692],[-39.35907,-14.251553],[-39.358918,-14.251393],[-39.35879,-14.251259],[-39.358617,-14.251099],[-39.358507,-14.250974],[-39.358381,-14.2508],[-39.358379,-14.250796],[-39.358223,-14.250725],[-39.35784,-14.250432],[-39.35565,-14.251869],[-39.355005,-14.251689],[-39.350722,-14.252773],[-39.354824,-14.260059],[-39.347669,-14.260279],[-39.346442,-14.257532],[-39.345991,-14.254015],[-39.345166,-14.253509],[-39.343872,-14.254936],[-39.344034,-14.256426],[-39.343406,-14.256724],[-39.341732,-14.25467],[-39.341089,-14.256018],[-39.339824,-14.25663],[-39.338792,-14.256833],[-39.339399,-14.258749],[-39.339929,-14.259358],[-39.341591,-14.259462],[-39.343091,-14.261022],[-39.344068,-14.260985],[-39.344453,-14.262608],[-39.341604,-14.265821],[-39.340761,-14.266392],[-39.341222,-14.268115],[-39.345029,-14.273609],[-39.348065,-14.274466],[-39.349231,-14.274251],[-39.349409,-14.274646],[-39.353181,-14.275653],[-39.354134,-14.276261],[-39.354762,-14.278926],[-39.35884,-14.28233],[-39.361185,-14.283223],[-39.361306,-14.28299],[-39.361406,-14.282756],[-39.361489,-14.282567],[-39.361581,-14.282351],[-39.361694,-14.282128],[-39.361811,-14.28195],[-39.361955,-14.281777],[-39.362118,-14.281631],[-39.362249,-14.28155],[-39.362383,-14.281454],[-39.3625,-14.281332],[-39.362619,-14.281168],[-39.362727,-14.280982],[-39.362828,-14.280862],[-39.362949,-14.280717],[-39.363062,-14.28056],[-39.36316,-14.280399],[-39.363248,-14.280266],[-39.363333,-14.280169],[-39.363412,-14.280053],[-39.363494,-14.279909],[-39.363583,-14.279707],[-39.363683,-14.27948],[-39.363741,-14.279256],[-39.363794,-14.279075],[-39.363847,-14.278923],[-39.363887,-14.278781],[-39.363938,-14.278628],[-39.364019,-14.278458],[-39.364127,-14.278303],[-39.364255,-14.278126],[-39.364311,-14.277996],[-39.36436,-14.277857],[-39.364425,-14.277697],[-39.364485,-14.277539],[-39.364538,-14.277428],[-39.36461,-14.277304],[-39.36472,-14.27717],[-39.364855,-14.277041],[-39.364997,-14.276909],[-39.365176,-14.276789],[-39.365325,-14.276701],[-39.365491,-14.276657],[-39.365676,-14.276668],[-39.365853,-14.276683],[-39.366054,-14.276681],[-39.366223,-14.27662],[-39.366233,-14.276368],[-39.366564,-14.275972],[-39.367858,-14.275791],[-39.367696,-14.275979],[-39.367858,-14.275989],[-39.367996,-14.276045],[-39.368145,-14.276154],[-39.368342,-14.276303],[-39.368483,-14.276396],[-39.368631,-14.27647],[-39.368786,-14.276538],[-39.368972,-14.276632],[-39.369138,-14.276759],[-39.369285,-14.276866],[-39.369425,-14.277008],[-39.3695,-14.277179],[-39.369525,-14.277378],[-39.369559,-14.277649],[-39.369588,-14.277922],[-39.369677,-14.278157],[-39.369876,-14.278317],[-39.370087,-14.278472],[-39.370301,-14.278645],[-39.370538,-14.278856],[-39.370744,-14.279111],[-39.370964,-14.279348],[-39.371125,-14.279529],[-39.371266,-14.279704],[-39.37135,-14.279846],[-39.371381,-14.279895],[-39.371381,-14.279895],[-39.371393,-14.279908],[-39.37152,-14.280065],[-39.371723,-14.280293],[-39.371858,-14.280472],[-39.372003,-14.280717],[-39.372148,-14.28095],[-39.37229,-14.281161],[-39.372368,-14.281299],[-39.372449,-14.281471],[-39.37257,-14.281702],[-39.372708,-14.281934],[-39.372822,-14.28207],[-39.372941,-14.282223],[-39.373025,-14.282371],[-39.373164,-14.282605],[-39.373295,-14.282764],[-39.373394,-14.282919],[-39.373481,-14.283092],[-39.373586,-14.283287],[-39.373678,-14.283444],[-39.373769,-14.283586],[-39.373856,-14.283766],[-39.37394,-14.283926],[-39.374016,-14.284083],[-39.374088,-14.28422],[-39.374179,-14.284392],[-39.374302,-14.28459],[-39.374419,-14.284781],[-39.374535,-14.284931],[-39.37466,-14.285079],[-39.37481,-14.285316],[-39.374977,-14.285534],[-39.375139,-14.28578],[-39.375233,-14.285991],[-39.375289,-14.286248],[-39.384823,-14.284508],[-39.386784,-14.284588],[-39.386864,-14.281012],[-39.392298,-14.281432],[-39.393577,-14.279753],[-39.391936,-14.278297],[-39.390045,-14.27556],[-39.386484,-14.274721],[-39.385196,-14.274775],[-39.385218,-14.274621],[-39.385079,-14.273951],[-39.384773,-14.273341],[-39.384711,-14.272983],[-39.38468,-14.272939],[-39.384588,-14.27273],[-39.384527,-14.272522],[-39.384435,-14.272314],[-39.384312,-14.27209],[-39.384297,-14.271807],[-39.384051,-14.270959],[-39.383849,-14.270317],[-39.383667,-14.26999],[-39.383391,-14.269661],[-39.383113,-14.269378],[-39.38293,-14.269144],[-39.382745,-14.268955],[-39.382653,-14.268815],[-39.382613,-14.268491],[-39.382531,-14.267889],[-39.382351,-14.267469],[-39.382309,-14.267238],[-39.38222,-14.267005],[-39.382222,-14.266913],[-39.382224,-14.266774],[-39.381844,-14.266524],[-39.381704,-14.266287],[-39.381453,-14.265857],[-39.381226,-14.265403]]]}},{"type":"Feature","properties":{"gid":"698","cd_sipra":"BA0264000","nome_projeto":"PA CONJUNTO CRUZEIRO DO SUL","municipio":"UBAITABA","area_hectare_declarada":"909.8750","capacidade":"60","num_familias":"50","fase":"3","data_de_criacao":"28/12/2000","forma_obtencao":"Desapropriação","data_obtencao":"09/06/1999","area_calc_ha":"887.6801"},"geometry":{"type":"MultiPolygon","coordinates":[[[[-39.542827,-14.278249],[-39.543855,-14.28049],[-39.544,-14.280456],[-39.544151,-14.280003],[-39.544605,-14.279676],[-39.544022,-14.278165],[-39.542827,-14.278249]]],[[[-39.540968,-14.275668],[-39.540925,-14.277933],[-39.538115,-14.278261],[-39.537649,-14.277908],[-39.537356,-14.277098],[-39.535441,-14.277525],[-39.536069,-14.28042],[-39.53753,-14.280532],[-39.537864,-14.280457],[-39.541725,-14.280451],[-39.541283,-14.277943],[-39.542616,-14.278173],[-39.542572,-14.277966],[-39.542925,-14.277494],[-39.543097,-14.277344],[-39.543179,-14.277293],[-39.543571,-14.27698],[-39.543692,-14.276614],[-39.54424,-14.276619],[-39.546062,-14.275373],[-39.546221,-14.275133],[-39.546158,-14.274465],[-39.545186,-14.273999],[-39.545135,-14.273833],[-39.545275,-14.272334],[-39.544438,-14.27215],[-39.54404,-14.272288],[-39.542133,-14.272469],[-39.542437,-14.273081],[-39.541419,-14.273626],[-39.541497,-14.273919],[-39.540747,-14.274094],[-39.540872,-14.275244],[-39.540968,-14.275668]]],[[[-39.53571,-14.262917],[-39.534367,-14.263226],[-39.534154,-14.263191],[-39.533948,-14.263267],[-39.533527,-14.264997],[-39.533841,-14.266536],[-39.533838,-14.267712],[-39.533838,-14.267725],[-39.53389,-14.267751],[-39.534438,-14.268021],[-39.534504,-14.268211],[-39.534684,-14.268733],[-39.53544,-14.268242],[-39.535462,-14.268227],[-39.535976,-14.269317],[-39.535771,-14.269678],[-39.535743,-14.269764],[-39.535569,-14.270155],[-39.534404,-14.270631],[-39.534351,-14.271078],[-39.53458,-14.271735],[-39.535039,-14.274008],[-39.535134,-14.274683],[-39.535141,-14.274739],[-39.536948,-14.274147],[-39.537726,-14.272284],[-39.538011,-14.271713],[-39.537992,-14.271617],[-39.538024,-14.271606],[-39.537895,-14.271396],[-39.53787,-14.271355],[-39.53788,-14.271335],[-39.537916,-14.271265],[-39.537876,-14.271162],[-39.537608,-14.270234],[-39.537127,-14.268574],[-39.536521,-14.265839],[-39.536136,-14.264105],[-39.536578,-14.263869],[-39.535749,-14.262908],[-39.53571,-14.262917]]],[[[-39.532754,-14.259469],[-39.532754,-14.259469],[-39.532754,-14.259469],[-39.533027,-14.26154],[-39.534313,-14.26092],[-39.534277,-14.260475],[-39.534103,-14.260523],[-39.533641,-14.259272],[-39.532754,-14.259469]]],[[[-39.532754,-14.259469],[-39.532317,-14.256586],[-39.532264,-14.25613],[-39.532125,-14.255651],[-39.533211,-14.255107],[-39.53346,-14.255491],[-39.53354,-14.255482],[-39.534264,-14.25555],[-39.534698,-14.25522],[-39.534691,-14.255204],[-39.534403,-14.254548],[-39.534309,-14.25454],[-39.533398,-14.254467],[-39.533688,-14.253832],[-39.533344,-14.252719],[-39.533312,-14.252615],[-39.536388,-14.252377],[-39.536593,-14.25137],[-39.536982,-14.251217],[-39.53698,-14.251192],[-39.536948,-14.250819],[-39.53694,-14.250726],[-39.536797,-14.250611],[-39.536786,-14.249293],[-39.536656,-14.248741],[-39.536734,-14.248582],[-39.536462,-14.247283],[-39.536122,-14.246704],[-39.535521,-14.246117],[-39.534719,-14.24584],[-39.535257,-14.243423],[-39.535463,-14.242915],[-39.535482,-14.242845],[-39.535511,-14.24132],[-39.535388,-14.241097],[-39.534708,-14.23986],[-39.534705,-14.239581],[-39.534797,-14.238763],[-39.536023,-14.235517],[-39.536399,-14.23445],[-39.536466,-14.234262],[-39.536226,-14.233438],[-39.536705,-14.23201],[-39.535238,-14.227813],[-39.534556,-14.226353],[-39.534163,-14.224979],[-39.533679,-14.223454],[-39.533469,-14.222737],[-39.532161,-14.219487],[-39.531724,-14.218796],[-39.531647,-14.218835],[-39.530441,-14.219436],[-39.530155,-14.219542],[-39.529317,-14.219739],[-39.528244,-14.220119],[-39.528172,-14.22014],[-39.527679,-14.220288],[-39.527006,-14.220527],[-39.526749,-14.220597],[-39.526209,-14.22079],[-39.525668,-14.220984],[-39.52511,-14.221013],[-39.524662,-14.220855],[-39.524579,-14.220825],[-39.524164,-14.22077],[-39.523597,-14.220873],[-39.523628,-14.220942],[-39.523707,-14.221116],[-39.52371,-14.221125],[-39.523745,-14.221207],[-39.523968,-14.221643],[-39.524071,-14.221865],[-39.526959,-14.227127],[-39.527236,-14.227647],[-39.527987,-14.228691],[-39.529312,-14.229541],[-39.530412,-14.230126],[-39.530586,-14.230219],[-39.531951,-14.230958],[-39.531977,-14.231338],[-39.532031,-14.232219],[-39.531845,-14.23353],[-39.531993,-14.234565],[-39.531784,-14.23813],[-39.531784,-14.238134],[-39.528441,-14.238752],[-39.528217,-14.237405],[-39.527751,-14.23586],[-39.527438,-14.235287],[-39.527091,-14.23465],[-39.527077,-14.234551],[-39.52685,-14.23295],[-39.525713,-14.233612],[-39.524589,-14.233998],[-39.524092,-14.234169],[-39.521546,-14.234419],[-39.521535,-14.234592],[-39.521789,-14.234919],[-39.52184,-14.235413],[-39.522,-14.235697],[-39.522001,-14.236162],[-39.521395,-14.236578],[-39.521309,-14.236637],[-39.521287,-14.236855],[-39.521395,-14.236873],[-39.521727,-14.236927],[-39.521899,-14.237079],[-39.522202,-14.237817],[-39.522359,-14.238197],[-39.522393,-14.238279],[-39.522312,-14.238656],[-39.522171,-14.238889],[-39.522833,-14.239949],[-39.523264,-14.24064],[-39.523265,-14.241149],[-39.52264,-14.241609],[-39.52248,-14.243435],[-39.522633,-14.243733],[-39.523161,-14.244437],[-39.522603,-14.244925],[-39.523063,-14.245423],[-39.522765,-14.245502],[-39.522958,-14.245837],[-39.522652,-14.246101],[-39.522562,-14.24617],[-39.522496,-14.246195],[-39.521668,-14.246953],[-39.521594,-14.246893],[-39.521426,-14.246812],[-39.521241,-14.246722],[-39.521231,-14.246731],[-39.520717,-14.247191],[-39.520677,-14.247155],[-39.520445,-14.246947],[-39.520436,-14.246952],[-39.51941,-14.247496],[-39.519402,-14.247494],[-39.519093,-14.2474],[-39.518914,-14.247353],[-39.517595,-14.248069],[-39.517437,-14.248459],[-39.517208,-14.248826],[-39.517162,-14.24889],[-39.516205,-14.250202],[-39.516204,-14.250203],[-39.516476,-14.250398],[-39.516504,-14.250419],[-39.516435,-14.250565],[-39.515918,-14.250395],[-39.515655,-14.250567],[-39.514766,-14.251148],[-39.51348,-14.252437],[-39.512986,-14.252933],[-39.513958,-14.253761],[-39.514803,-14.25537],[-39.514806,-14.255377],[-39.514907,-14.255389],[-39.514937,-14.255392],[-39.514992,-14.255399],[-39.515979,-14.254934],[-39.516146,-14.254789],[-39.517848,-14.253303],[-39.51776,-14.252631],[-39.520973,-14.250689],[-39.522486,-14.250228],[-39.522621,-14.250233],[-39.522737,-14.250238],[-39.522879,-14.250244],[-39.522848,-14.250324],[-39.522664,-14.250809],[-39.521818,-14.253041],[-39.521529,-14.253804],[-39.52132,-14.253987],[-39.520068,-14.25518],[-39.519992,-14.25512],[-39.519841,-14.255335],[-39.51991,-14.255906],[-39.520543,-14.256298],[-39.520594,-14.256772],[-39.520667,-14.256795],[-39.520413,-14.257314],[-39.520351,-14.257248],[-39.520078,-14.257277],[-39.519979,-14.257248],[-39.51973,-14.257176],[-39.514794,-14.256129],[-39.514614,-14.255794],[-39.514446,-14.258302],[-39.514441,-14.258381],[-39.51429,-14.258545],[-39.513646,-14.258337],[-39.512411,-14.257937],[-39.511496,-14.25715],[-39.510917,-14.256959],[-39.505907,-14.258925],[-39.505903,-14.260074],[-39.507202,-14.261596],[-39.507234,-14.261633],[-39.507167,-14.262047],[-39.507133,-14.26281],[-39.507132,-14.262823],[-39.507166,-14.262814],[-39.50737,-14.262761],[-39.509261,-14.263077],[-39.510365,-14.263261],[-39.510399,-14.263267],[-39.510506,-14.26357],[-39.510201,-14.264666],[-39.510201,-14.264667],[-39.511029,-14.26464],[-39.511078,-14.264638],[-39.5114,-14.265694],[-39.51122,-14.266048],[-39.510931,-14.266614],[-39.510618,-14.267227],[-39.512691,-14.269715],[-39.512692,-14.269717],[-39.512713,-14.269705],[-39.512866,-14.269621],[-39.513862,-14.270618],[-39.514413,-14.270828],[-39.514743,-14.270954],[-39.514907,-14.271148],[-39.51534,-14.271657],[-39.517712,-14.271873],[-39.518266,-14.271924],[-39.518269,-14.271924],[-39.518396,-14.272935],[-39.518456,-14.273411],[-39.518456,-14.273416],[-39.519504,-14.273776],[-39.519993,-14.273339],[-39.520707,-14.273134],[-39.52086,-14.272916],[-39.521192,-14.272728],[-39.521197,-14.272725],[-39.521374,-14.272052],[-39.52147,-14.271687],[-39.521813,-14.271108],[-39.521854,-14.271038],[-39.522198,-14.270722],[-39.52227,-14.270653],[-39.524359,-14.266433],[-39.525018,-14.265574],[-39.525421,-14.26473],[-39.525644,-14.264119],[-39.526804,-14.264212],[-39.527439,-14.263138],[-39.527637,-14.263047],[-39.527749,-14.262917],[-39.52829,-14.26229],[-39.528392,-14.262158],[-39.528758,-14.261684],[-39.529268,-14.261192],[-39.529845,-14.260635],[-39.530296,-14.260454],[-39.532627,-14.259519],[-39.532706,-14.259488],[-39.532754,-14.259469]]]]}},{"type":"Feature","properties":{"gid":"11419","cd_sipra":"BA0587000","nome_projeto":"PA NOSSA SENHORA APARECIDA","municipio":"UBAITABA","area_hectare_declarada":"261.0258","capacidade":"25","num_familias":"21","fase":"3","data_de_criacao":"29/03/2007","forma_obtencao":"Desapropriação","data_obtencao":"23/05/2006","area_calc_ha":"261.2236"},"geometry":{"type":"Polygon","coordinates":[[[-39.398013,-14.262332],[-39.39758,-14.263293],[-39.397022,-14.2637],[-39.396388,-14.264387],[-39.395835,-14.265012],[-39.395157,-14.265439],[-39.395538,-14.266902],[-39.397848,-14.269708],[-39.398352,-14.269419],[-39.399536,-14.269632],[-39.401287,-14.269062],[-39.401376,-14.268659],[-39.402114,-14.268359],[-39.405136,-14.266504],[-39.406501,-14.267611],[-39.406947,-14.267012],[-39.407415,-14.267609],[-39.410016,-14.267814],[-39.4102,-14.267928],[-39.409252,-14.269637],[-39.416099,-14.269229],[-39.416862,-14.269688],[-39.419255,-14.270201],[-39.419449,-14.269677],[-39.418905,-14.268664],[-39.419615,-14.268104],[-39.419635,-14.267151],[-39.417438,-14.267113],[-39.416886,-14.267062],[-39.415162,-14.266918],[-39.414537,-14.265797],[-39.413863,-14.265592],[-39.413713,-14.266251],[-39.41345,-14.266312],[-39.413147,-14.26673],[-39.412929,-14.265884],[-39.414013,-14.265064],[-39.413322,-14.263197],[-39.412523,-14.263366],[-39.4106,-14.259653],[-39.408251,-14.256179],[-39.40743,-14.255838],[-39.406152,-14.255073],[-39.404321,-14.255323],[-39.403687,-14.255842],[-39.403142,-14.256383],[-39.402768,-14.256568],[-39.401683,-14.256589],[-39.400007,-14.256498],[-39.400847,-14.256115],[-39.400096,-14.255265],[-39.400002,-14.253615],[-39.399994,-14.252984],[-39.398412,-14.253309],[-39.396873,-14.253831],[-39.396721,-14.253283],[-39.397385,-14.25299],[-39.397404,-14.252754],[-39.397228,-14.251832],[-39.397128,-14.251942],[-39.396956,-14.251911],[-39.396772,-14.251966],[-39.396494,-14.252284],[-39.396475,-14.252953],[-39.396097,-14.253406],[-39.396125,-14.25399],[-39.394464,-14.254471],[-39.394167,-14.254341],[-39.394069,-14.255627],[-39.393669,-14.257654],[-39.395006,-14.257645],[-39.397834,-14.25769],[-39.399531,-14.257984],[-39.398974,-14.258107],[-39.398669,-14.258499],[-39.398557,-14.259278],[-39.398337,-14.260662],[-39.398404,-14.261382],[-39.398013,-14.262332]]]}},{"type":"Feature","properties":{"gid":"173","cd_sipra":"BA0024000","nome_projeto":"PA FAZ CAJUEIRO","municipio":"UNA","area_hectare_declarada":"1874.9258","capacidade":"55","num_familias":"54","fase":"7","data_de_criacao":"12/05/1987","forma_obtencao":"Desapropriação","data_obtencao":"18/12/1986","area_calc_ha":"1766.4428"},"geometry":{"type":"Polygon","coordinates":[[[-39.000393,-15.131391],[-39.000275,-15.131368],[-38.999634,-15.131879],[-38.999617,-15.131884],[-38.999606,-15.131893],[-38.999586,-15.131893],[-38.999506,-15.131915],[-38.999403,-15.132096],[-38.999383,-15.132146],[-38.999416,-15.1322],[-38.999634,-15.132507],[-38.99963,-15.132546],[-38.999657,-15.132591],[-38.999592,-15.132858],[-38.999577,-15.132982],[-38.99955,-15.133027],[-38.999543,-15.133058],[-38.999489,-15.133131],[-38.999347,-15.133373],[-38.999315,-15.133369],[-38.999314,-15.133369],[-38.999103,-15.133369],[-38.998908,-15.133715],[-38.998811,-15.133903],[-38.998734,-15.134077],[-38.998629,-15.134351],[-38.998672,-15.135039],[-38.998696,-15.135282],[-38.998467,-15.135712],[-38.998401,-15.135842],[-38.998945,-15.136736],[-38.998901,-15.136891],[-38.998861,-15.13724],[-38.998902,-15.137439],[-38.99897,-15.137595],[-38.999075,-15.137747],[-38.999288,-15.137937],[-38.999622,-15.138051],[-38.999742,-15.138066],[-39.000224,-15.138036],[-39.000356,-15.138021],[-39.000358,-15.138027],[-39.000386,-15.138026],[-39.000523,-15.13847],[-39.000523,-15.138637],[-39.000527,-15.138664],[-39.000528,-15.138803],[-39.000068,-15.138692],[-39.000093,-15.138837],[-39.000157,-15.139049],[-39.000021,-15.139078],[-38.999953,-15.139111],[-38.999867,-15.139642],[-38.999967,-15.139852],[-39.000157,-15.140161],[-39.000432,-15.140561],[-39.000446,-15.140884],[-39.000471,-15.141122],[-39.000298,-15.141764],[-39.000008,-15.142235],[-38.999906,-15.142407],[-38.999448,-15.142719],[-38.998784,-15.143008],[-38.998733,-15.143033],[-38.998402,-15.143217],[-38.998488,-15.143859],[-38.998774,-15.144474],[-38.99911,-15.145276],[-38.999112,-15.145281],[-38.999168,-15.145401],[-38.999407,-15.145814],[-38.999621,-15.145941],[-38.999622,-15.145942],[-38.999951,-15.146105],[-39.000478,-15.146595],[-39.000615,-15.146839],[-39.000455,-15.147573],[-39.000312,-15.147743],[-39.000234,-15.147867],[-39.000234,-15.147867],[-39.000134,-15.148196],[-39.000237,-15.148324],[-39.000474,-15.148593],[-39.000618,-15.148733],[-39.000647,-15.149152],[-39.000361,-15.149229],[-39.00036,-15.149229],[-38.999665,-15.149438],[-38.999611,-15.149513],[-38.999494,-15.149708],[-38.999596,-15.149875],[-38.999641,-15.149934],[-38.9999,-15.150354],[-38.999896,-15.150366],[-38.999929,-15.15042],[-38.999836,-15.15054],[-38.999814,-15.150604],[-38.999675,-15.150749],[-38.999585,-15.150865],[-38.999082,-15.151376],[-38.998922,-15.151434],[-38.998693,-15.151526],[-38.99852,-15.151834],[-38.998377,-15.152197],[-38.998338,-15.152517],[-38.998327,-15.152822],[-38.998319,-15.153051],[-38.998319,-15.153202],[-38.998311,-15.153291],[-38.998304,-15.153489],[-38.998278,-15.15364],[-38.998262,-15.153816],[-38.998265,-15.154022],[-38.998281,-15.15409],[-38.998302,-15.154498],[-39.022324,-15.145707],[-39.02425,-15.144999],[-39.035846,-15.140751],[-39.033071,-15.136214],[-39.026157,-15.124932],[-39.025389,-15.123992],[-39.042029,-15.115762],[-39.042745,-15.113945],[-39.042855,-15.113998],[-39.04392,-15.109772],[-39.038011,-15.107341],[-39.032168,-15.107238],[-39.031101,-15.105428],[-39.031185,-15.104469],[-39.031192,-15.104382],[-39.030781,-15.103849],[-39.031703,-15.10288],[-39.031921,-15.102644],[-39.029236,-15.099453],[-39.02861,-15.098716],[-39.007104,-15.106729],[-39.002384,-15.108494],[-39.002427,-15.109021],[-39.002629,-15.111181],[-39.002217,-15.113806],[-39.002194,-15.114117],[-39.00218,-15.114098],[-39.001974,-15.113886],[-39.001745,-15.113409],[-39.001673,-15.113372],[-39.001531,-15.113316],[-39.00133,-15.113468],[-39.001365,-15.114615],[-39.001394,-15.115074],[-39.001384,-15.115235],[-39.001387,-15.115356],[-39.001345,-15.115627],[-39.001331,-15.115648],[-39.001325,-15.115674],[-39.001174,-15.115881],[-39.00087,-15.116333],[-39.000871,-15.116628],[-39.000873,-15.116658],[-39.00117,-15.117414],[-39.001037,-15.117624],[-39.00064,-15.118289],[-39.000661,-15.118493],[-39.000735,-15.118882],[-39.000621,-15.119166],[-39.000556,-15.11944],[-39.000661,-15.119622],[-39.000726,-15.119727],[-39.000726,-15.119734],[-39.000735,-15.11975],[-39.000726,-15.120174],[-39.000726,-15.120817],[-39.000853,-15.120858],[-39.001344,-15.120998],[-39.001445,-15.121012],[-39.001454,-15.121029],[-39.00149,-15.12104],[-39.001536,-15.121173],[-39.001284,-15.121707],[-39.001244,-15.121981],[-39.001243,-15.12199],[-39.001268,-15.122061],[-39.00133,-15.122152],[-39.002657,-15.122441],[-39.002813,-15.12265],[-39.002824,-15.12266],[-39.002825,-15.122666],[-39.00284,-15.122686],[-39.002867,-15.122867],[-39.002911,-15.123079],[-39.00291,-15.123386],[-39.002907,-15.123389],[-39.002909,-15.12342],[-39.002589,-15.123673],[-39.002565,-15.123693],[-39.002562,-15.123693],[-39.002543,-15.123709],[-39.001536,-15.123709],[-39.001531,-15.123693],[-39.000405,-15.123115],[-39.000328,-15.123227],[-39.000163,-15.123531],[-39.000148,-15.123569],[-39.000095,-15.123777],[-39.000155,-15.124113],[-39.000232,-15.124443],[-39.000232,-15.124705],[-39.000238,-15.124756],[-39.000232,-15.124761],[-39.000232,-15.124799],[-38.999798,-15.125158],[-38.99975,-15.125202],[-38.999733,-15.125212],[-38.999614,-15.12531],[-38.99918,-15.125555],[-38.999157,-15.125777],[-38.99924,-15.125925],[-38.999315,-15.126035],[-38.999393,-15.126085],[-38.999394,-15.126085],[-38.999692,-15.126263],[-39.000554,-15.126514],[-39.001129,-15.126794],[-39.001246,-15.126896],[-39.001373,-15.126986],[-39.001384,-15.127018],[-39.001416,-15.127046],[-39.001474,-15.127241],[-39.001464,-15.12725],[-39.001465,-15.127253],[-39.001429,-15.127284],[-39.001215,-15.127493],[-39.000123,-15.127743],[-38.99998,-15.127995],[-38.999869,-15.128184],[-38.999885,-15.128238],[-38.999885,-15.128239],[-39.000008,-15.128526],[-39.000313,-15.128749],[-39.000412,-15.12881],[-39.000466,-15.128904],[-39.000669,-15.129211],[-39.000878,-15.130112],[-39.000916,-15.130256],[-39.000917,-15.130282],[-39.000928,-15.130328],[-39.000984,-15.131251],[-39.000984,-15.131257],[-39.000985,-15.131278],[-39.000871,-15.131501],[-39.000393,-15.131391]]]}},{"type":"Feature","properties":{"gid":"676","cd_sipra":"BA0194000","nome_projeto":"PA SÃO JORGE","municipio":"URUCUCA","area_hectare_declarada":"557.4167","capacidade":"52","num_familias":"43","fase":"6","data_de_criacao":"30/12/1998","forma_obtencao":"Desapropriação","data_obtencao":"31/08/1998","area_calc_ha":"567.3458"},"geometry":{"type":"Polygon","coordinates":[[[-39.300481,-14.606304],[-39.300424,-14.606346],[-39.300058,-14.606359],[-39.299768,-14.606364],[-39.299632,-14.606366],[-39.299318,-14.606287],[-39.298724,-14.60633],[-39.298547,-14.606384],[-39.298328,-14.606739],[-39.297431,-14.606325],[-39.297315,-14.606278],[-39.297002,-14.606254],[-39.296734,-14.60625],[-39.296501,-14.606294],[-39.295611,-14.606619],[-39.29524,-14.606263],[-39.295141,-14.606064],[-39.294974,-14.605737],[-39.294979,-14.605652],[-39.294982,-14.605557],[-39.294982,-14.605025],[-39.29488,-14.604847],[-39.294662,-14.604891],[-39.294458,-14.604933],[-39.293362,-14.60513],[-39.293063,-14.605296],[-39.292382,-14.605688],[-39.291811,-14.606024],[-39.291774,-14.606443],[-39.291224,-14.606399],[-39.291043,-14.606398],[-39.290008,-14.606202],[-39.290344,-14.604758],[-39.290643,-14.604012],[-39.290503,-14.6032],[-39.290503,-14.603197],[-39.290438,-14.602572],[-39.290447,-14.602303],[-39.290249,-14.602081],[-39.29002,-14.601589],[-39.289729,-14.601789],[-39.289262,-14.60192],[-39.288385,-14.601864],[-39.287667,-14.601887],[-39.287437,-14.601844],[-39.286903,-14.601765],[-39.286822,-14.602168],[-39.286901,-14.602906],[-39.286943,-14.603278],[-39.286688,-14.603379],[-39.285949,-14.603438],[-39.284761,-14.603618],[-39.284081,-14.603626],[-39.283202,-14.603796],[-39.28301,-14.603766],[-39.282461,-14.603548],[-39.281971,-14.60322],[-39.281582,-14.603082],[-39.281009,-14.602788],[-39.280736,-14.602673],[-39.280118,-14.602599],[-39.279661,-14.602244],[-39.279353,-14.602262],[-39.278772,-14.602222],[-39.277834,-14.60238],[-39.273161,-14.603764],[-39.273012,-14.60368],[-39.272625,-14.603451],[-39.272447,-14.603372],[-39.271927,-14.603795],[-39.271485,-14.604173],[-39.271136,-14.604364],[-39.271021,-14.604247],[-39.270986,-14.603945],[-39.270691,-14.603525],[-39.270649,-14.603264],[-39.270278,-14.60322],[-39.269918,-14.603379],[-39.269505,-14.603369],[-39.269366,-14.603499],[-39.269385,-14.603936],[-39.269541,-14.604306],[-39.269699,-14.604642],[-39.269785,-14.604985],[-39.269553,-14.605111],[-39.269185,-14.604953],[-39.269042,-14.605147],[-39.268818,-14.604915],[-39.268437,-14.604684],[-39.268307,-14.604522],[-39.267911,-14.60442],[-39.267435,-14.60463],[-39.267339,-14.604783],[-39.267591,-14.605275],[-39.267689,-14.605686],[-39.267647,-14.605868],[-39.267278,-14.60618],[-39.267197,-14.606213],[-39.266544,-14.606713],[-39.267065,-14.607107],[-39.267666,-14.60675],[-39.267981,-14.607141],[-39.268018,-14.607437],[-39.267916,-14.607769],[-39.267161,-14.607974],[-39.267019,-14.608109],[-39.267032,-14.608328],[-39.267471,-14.608336],[-39.26761,-14.608377],[-39.267664,-14.608514],[-39.267709,-14.608588],[-39.267707,-14.608884],[-39.267003,-14.609356],[-39.266841,-14.609475],[-39.266578,-14.609312],[-39.263087,-14.607287],[-39.262448,-14.606696],[-39.262175,-14.607022],[-39.261125,-14.606254],[-39.260902,-14.606046],[-39.26035,-14.606394],[-39.260733,-14.606801],[-39.261119,-14.607041],[-39.261781,-14.607118],[-39.262288,-14.607919],[-39.262083,-14.608141],[-39.262489,-14.608705],[-39.263131,-14.608699],[-39.262524,-14.609275],[-39.262729,-14.609587],[-39.26286,-14.609876],[-39.263815,-14.609419],[-39.263783,-14.609697],[-39.26346,-14.609995],[-39.263545,-14.610225],[-39.263975,-14.610874],[-39.263852,-14.611087],[-39.264023,-14.611271],[-39.263859,-14.611527],[-39.263709,-14.611561],[-39.264026,-14.611937],[-39.264447,-14.612123],[-39.264695,-14.612493],[-39.265019,-14.612487],[-39.264926,-14.612731],[-39.265632,-14.612866],[-39.266666,-14.612418],[-39.266893,-14.612425],[-39.267343,-14.612458],[-39.267637,-14.612479],[-39.269238,-14.612553],[-39.269321,-14.612544],[-39.269523,-14.612571],[-39.271129,-14.612724],[-39.271988,-14.612884],[-39.272177,-14.612776],[-39.272636,-14.612685],[-39.273542,-14.612467],[-39.273703,-14.612412],[-39.274353,-14.612189],[-39.274514,-14.612103],[-39.274836,-14.611935],[-39.275637,-14.611553],[-39.276595,-14.611548],[-39.27707,-14.611449],[-39.277395,-14.611384],[-39.277791,-14.611919],[-39.277998,-14.612633],[-39.278605,-14.613148],[-39.279168,-14.613327],[-39.279881,-14.613256],[-39.280615,-14.613139],[-39.282533,-14.615311],[-39.282563,-14.615318],[-39.283202,-14.615386],[-39.283503,-14.615295],[-39.284191,-14.615132],[-39.284947,-14.614847],[-39.285608,-14.614674],[-39.286324,-14.61442],[-39.286987,-14.61422],[-39.287368,-14.614728],[-39.288021,-14.61503],[-39.28864,-14.615093],[-39.289516,-14.614639],[-39.289996,-14.614658],[-39.290137,-14.61478],[-39.29038,-14.615024],[-39.290308,-14.616154],[-39.290185,-14.616883],[-39.291165,-14.616798],[-39.292127,-14.616625],[-39.292476,-14.616646],[-39.293622,-14.616357],[-39.294143,-14.616267],[-39.294942,-14.616123],[-39.296358,-14.616012],[-39.29543,-14.614395],[-39.296935,-14.614454],[-39.298019,-14.614802],[-39.298582,-14.614231],[-39.298677,-14.614009],[-39.298503,-14.613446],[-39.298723,-14.611998],[-39.298406,-14.611737],[-39.298023,-14.61164],[-39.297652,-14.611492],[-39.297418,-14.611056],[-39.297204,-14.610628],[-39.297081,-14.608946],[-39.297644,-14.608975],[-39.298479,-14.60913],[-39.299381,-14.609076],[-39.300356,-14.608839],[-39.300542,-14.608832],[-39.300632,-14.608815],[-39.300884,-14.608829],[-39.301033,-14.608811],[-39.301713,-14.608762],[-39.302552,-14.608798],[-39.303066,-14.608981],[-39.304021,-14.609201],[-39.304518,-14.609148],[-39.304727,-14.609221],[-39.305424,-14.609438],[-39.305656,-14.608935],[-39.306063,-14.608439],[-39.306508,-14.607714],[-39.306896,-14.60723],[-39.306908,-14.607044],[-39.307072,-14.6071],[-39.308039,-14.607577],[-39.308194,-14.607667],[-39.308318,-14.60769],[-39.308881,-14.607724],[-39.309357,-14.607827],[-39.310121,-14.607774],[-39.310252,-14.607688],[-39.310645,-14.607227],[-39.310763,-14.607152],[-39.312015,-14.606544],[-39.312141,-14.606531],[-39.313288,-14.60618],[-39.314452,-14.605931],[-39.316095,-14.605602],[-39.316739,-14.605452],[-39.318402,-14.605115],[-39.318674,-14.60507],[-39.320474,-14.604667],[-39.322348,-14.604282],[-39.3228,-14.604188],[-39.323919,-14.603956],[-39.325249,-14.60368],[-39.327255,-14.603268],[-39.329119,-14.602879],[-39.328473,-14.602651],[-39.327693,-14.602137],[-39.326087,-14.601375],[-39.325267,-14.600985],[-39.325089,-14.60081],[-39.325018,-14.600559],[-39.323296,-14.600747],[-39.322464,-14.601237],[-39.32184,-14.601484],[-39.321001,-14.601901],[-39.320682,-14.602076],[-39.319846,-14.602513],[-39.318719,-14.603269],[-39.318348,-14.603422],[-39.317536,-14.603988],[-39.316546,-14.604594],[-39.315395,-14.604951],[-39.315186,-14.604997],[-39.313881,-14.605741],[-39.314089,-14.60532],[-39.314282,-14.604425],[-39.314188,-14.60419],[-39.314133,-14.604121],[-39.31384,-14.603784],[-39.314106,-14.603291],[-39.313283,-14.600543],[-39.313069,-14.599719],[-39.312856,-14.598863],[-39.312762,-14.598697],[-39.312536,-14.598435],[-39.312367,-14.597656],[-39.312114,-14.597413],[-39.311704,-14.596748],[-39.311403,-14.595328],[-39.310598,-14.594281],[-39.309514,-14.594901],[-39.309026,-14.595178],[-39.308965,-14.595591],[-39.309074,-14.595974],[-39.308999,-14.596538],[-39.309053,-14.596936],[-39.309342,-14.598998],[-39.308961,-14.59911],[-39.308184,-14.599732],[-39.308018,-14.600101],[-39.307635,-14.600378],[-39.307022,-14.600576],[-39.306118,-14.600772],[-39.305145,-14.601101],[-39.303461,-14.601643],[-39.30344,-14.601646],[-39.303308,-14.601708],[-39.302588,-14.601949],[-39.302169,-14.601852],[-39.301442,-14.601677],[-39.300805,-14.601471],[-39.30087,-14.601727],[-39.300941,-14.602009],[-39.301021,-14.602203],[-39.301199,-14.604153],[-39.301142,-14.604678],[-39.301055,-14.604824],[-39.300796,-14.605313],[-39.300561,-14.605767],[-39.300527,-14.606264],[-39.300481,-14.606304]]]}},{"type":"Feature","properties":{"gid":"18835","cd_sipra":"BA0159000","nome_projeto":"PA BOA SORTE","municipio":"WENCESLAU GUIMARAES","area_hectare_declarada":"1099.3418","capacidade":"50","num_familias":"48","fase":"6","data_de_criacao":"31/12/1997","forma_obtencao":"Desapropriação","data_obtencao":"01/09/1997","area_calc_ha":"1098.2145"},"geometry":{"type":"Polygon","coordinates":[[[-39.718918,-13.526751],[-39.713854,-13.529723],[-39.717801,-13.537737],[-39.717067,-13.538158],[-39.716329,-13.53845],[-39.711241,-13.541218],[-39.710673,-13.541883],[-39.710921,-13.542006],[-39.710119,-13.542966],[-39.708468,-13.544129],[-39.708347,-13.545489],[-39.70987,-13.546304],[-39.709175,-13.548647],[-39.709205,-13.548154],[-39.707862,-13.54719],[-39.706105,-13.546788],[-39.702885,-13.545595],[-39.702773,-13.544998],[-39.701417,-13.544112],[-39.700385,-13.543938],[-39.699867,-13.543632],[-39.699003,-13.543604],[-39.697979,-13.543986],[-39.696173,-13.547775],[-39.695907,-13.548435],[-39.69545,-13.550335],[-39.697162,-13.552334],[-39.698254,-13.552855],[-39.698724,-13.554169],[-39.703467,-13.558044],[-39.703323,-13.559219],[-39.703865,-13.559585],[-39.704575,-13.560825],[-39.705846,-13.562431],[-39.70654,-13.562628],[-39.710604,-13.565013],[-39.710663,-13.566161],[-39.710915,-13.566829],[-39.713766,-13.569792],[-39.714802,-13.571737],[-39.714993,-13.57085],[-39.715964,-13.570902],[-39.716544,-13.570267],[-39.715414,-13.567518],[-39.71733,-13.567055],[-39.718183,-13.566298],[-39.719308,-13.565499],[-39.71884,-13.565197],[-39.719951,-13.564259],[-39.719855,-13.562957],[-39.719326,-13.562172],[-39.718936,-13.56154],[-39.717915,-13.560024],[-39.716811,-13.558779],[-39.722015,-13.554745],[-39.720383,-13.551048],[-39.719486,-13.549607],[-39.721262,-13.545367],[-39.72187,-13.544768],[-39.724001,-13.546507],[-39.727597,-13.548685],[-39.727459,-13.550105],[-39.730509,-13.55198],[-39.73049,-13.553089],[-39.736973,-13.554372],[-39.737554,-13.555649],[-39.737713,-13.556516],[-39.738176,-13.558075],[-39.739249,-13.558343],[-39.739274,-13.554347],[-39.742666,-13.551579],[-39.744079,-13.552745],[-39.744836,-13.550804],[-39.743331,-13.548286],[-39.736542,-13.540521],[-39.736568,-13.540078],[-39.737249,-13.53909],[-39.737914,-13.535806],[-39.733883,-13.532174],[-39.731789,-13.529192],[-39.729627,-13.527684],[-39.728904,-13.526881],[-39.723254,-13.530365],[-39.718918,-13.526751],[-39.718918,-13.526751]]]}},{"type":"Feature","properties":{"gid":"16074","cd_sipra":"BA0026000","nome_projeto":"PA RIACHO DAS OSTRAS","municipio":"PRADO","area_hectare_declarada":"2000.0000","capacidade":"86","num_familias":"82","fase":"6","data_de_criacao":"12/05/1987","forma_obtencao":"Desapropriação","data_obtencao":"18/12/1986","area_calc_ha":"1972.1707"},"geometry":{"type":"Polygon","coordinates":[[[-39.287141,-17.160881],[-39.286746,-17.161966],[-39.286338,-17.16307],[-39.285913,-17.16418],[-39.285542,-17.165179],[-39.2851,-17.166371],[-39.284692,-17.167454],[-39.284269,-17.168579],[-39.283777,-17.169953],[-39.283292,-17.171244],[-39.282818,-17.172591],[-39.282787,-17.172685],[-39.280921,-17.178005],[-39.278953,-17.180822],[-39.278873,-17.180889],[-39.272836,-17.189802],[-39.272776,-17.189884],[-39.271739,-17.191649],[-39.270091,-17.194582],[-39.268243,-17.197451],[-39.266784,-17.199605],[-39.264612,-17.20241],[-39.262102,-17.205258],[-39.260907,-17.206338],[-39.260812,-17.20637],[-39.259365,-17.207544],[-39.257535,-17.209133],[-39.255991,-17.210283],[-39.255596,-17.210569],[-39.253782,-17.211747],[-39.25242,-17.212516],[-39.251266,-17.213053],[-39.251308,-17.213362],[-39.251319,-17.213641],[-39.251306,-17.213983],[-39.251324,-17.214183],[-39.251378,-17.214384],[-39.251455,-17.214588],[-39.251536,-17.214735],[-39.251655,-17.214903],[-39.252023,-17.215274],[-39.252128,-17.215438],[-39.252276,-17.215696],[-39.252396,-17.21598],[-39.252474,-17.21621],[-39.252554,-17.21642],[-39.252623,-17.216539],[-39.252734,-17.216653],[-39.252909,-17.21677],[-39.253203,-17.216935],[-39.25335,-17.217032],[-39.253574,-17.217202],[-39.253774,-17.217391],[-39.253848,-17.217497],[-39.254034,-17.217713],[-39.254261,-17.218073],[-39.254417,-17.218293],[-39.254518,-17.21841],[-39.254599,-17.218508],[-39.254734,-17.218608],[-39.254895,-17.218768],[-39.255038,-17.218981],[-39.255178,-17.219292],[-39.255224,-17.219405],[-39.255293,-17.219667],[-39.25535,-17.220036],[-39.255412,-17.220589],[-39.255446,-17.220782],[-39.255506,-17.220942],[-39.255583,-17.221046],[-39.255701,-17.221146],[-39.255817,-17.22122],[-39.255954,-17.221276],[-39.256028,-17.221284],[-39.256132,-17.221266],[-39.256909,-17.22098],[-39.257154,-17.220926],[-39.257288,-17.220918],[-39.257464,-17.220936],[-39.258081,-17.221042],[-39.258267,-17.221058],[-39.258435,-17.221051],[-39.258647,-17.221016],[-39.259134,-17.220847],[-39.259439,-17.220721],[-39.260472,-17.220333],[-39.260708,-17.220246],[-39.260906,-17.220196],[-39.261198,-17.220198],[-39.261437,-17.220233],[-39.261747,-17.220332],[-39.262074,-17.22047],[-39.262525,-17.220716],[-39.263734,-17.2214],[-39.264066,-17.221565],[-39.264264,-17.221702],[-39.264487,-17.221898],[-39.264676,-17.222077],[-39.264807,-17.222176],[-39.264971,-17.222254],[-39.265209,-17.222277],[-39.265515,-17.222321],[-39.265689,-17.222328],[-39.265813,-17.222316],[-39.265973,-17.222275],[-39.266133,-17.222198],[-39.266656,-17.221954],[-39.266872,-17.22186],[-39.267003,-17.221814],[-39.267306,-17.221746],[-39.267597,-17.221738],[-39.267925,-17.221698],[-39.26841,-17.221631],[-39.268599,-17.221612],[-39.268807,-17.221605],[-39.269947,-17.221728],[-39.271564,-17.221866],[-39.271811,-17.221906],[-39.272017,-17.221966],[-39.272104,-17.221981],[-39.272391,-17.222091],[-39.272615,-17.222201],[-39.272841,-17.222343],[-39.273056,-17.222596],[-39.27315,-17.222727],[-39.273214,-17.222859],[-39.27327,-17.223014],[-39.273412,-17.223424],[-39.273608,-17.22377],[-39.273739,-17.224026],[-39.273801,-17.224147],[-39.273913,-17.224285],[-39.274366,-17.224821],[-39.274603,-17.225068],[-39.274768,-17.225214],[-39.274901,-17.225302],[-39.27502,-17.225364],[-39.275377,-17.225403],[-39.275745,-17.225491],[-39.282487,-17.216519],[-39.282571,-17.216407],[-39.283488,-17.215187],[-39.288385,-17.208696],[-39.288421,-17.208649],[-39.292359,-17.20343],[-39.295369,-17.199402],[-39.295436,-17.199313],[-39.296436,-17.197975],[-39.297431,-17.196643],[-39.298266,-17.195526],[-39.299229,-17.194238],[-39.300115,-17.193051],[-39.301184,-17.191621],[-39.302026,-17.190495],[-39.303041,-17.189137],[-39.303403,-17.188652],[-39.304026,-17.187748],[-39.304795,-17.186629],[-39.305636,-17.185408],[-39.306401,-17.184296],[-39.307298,-17.182992],[-39.307675,-17.182444],[-39.308903,-17.180659],[-39.309651,-17.179572],[-39.310637,-17.178139],[-39.311383,-17.176847],[-39.312292,-17.175272],[-39.313204,-17.173692],[-39.314007,-17.1723],[-39.315109,-17.170188],[-39.305604,-17.167102],[-39.305511,-17.167057],[-39.300495,-17.165361],[-39.300402,-17.165326],[-39.294771,-17.1634],[-39.289024,-17.16151],[-39.287141,-17.160881]]]}},{"type":"Feature","properties":{"gid":"12930","cd_sipra":"BA0115000","nome_projeto":"PA PEDRA DOURADA","municipio":"COARACI","area_hectare_declarada":"373.2129","capacidade":"30","num_familias":"23","fase":"5","data_de_criacao":"06/06/1997","forma_obtencao":"Desapropriação","data_obtencao":"23/09/1996","area_calc_ha":"222.2514"},"geometry":{"type":"Polygon","coordinates":[[[-39.594822,-14.617247],[-39.593153,-14.618186],[-39.592798,-14.617966],[-39.589932,-14.618851],[-39.58931,-14.618948],[-39.588663,-14.618724],[-39.58869,-14.619184],[-39.589143,-14.621049],[-39.590136,-14.621878],[-39.590254,-14.622272],[-39.590197,-14.622535],[-39.590228,-14.622605],[-39.590658,-14.623845],[-39.59063,-14.625127],[-39.59015,-14.626564],[-39.590612,-14.627103],[-39.592189,-14.628397],[-39.594073,-14.628938],[-39.59541,-14.629519],[-39.596193,-14.628066],[-39.59578,-14.627734],[-39.597486,-14.626793],[-39.599359,-14.626028],[-39.599577,-14.626657],[-39.599918,-14.62673],[-39.602288,-14.626016],[-39.602578,-14.624894],[-39.603775,-14.624445],[-39.604973,-14.62415],[-39.605646,-14.624282],[-39.605739,-14.624306],[-39.606411,-14.624331],[-39.606482,-14.624331],[-39.607107,-14.624309],[-39.608511,-14.624859],[-39.608614,-14.624885],[-39.61044,-14.625273],[-39.60996,-14.622813],[-39.606875,-14.621757],[-39.606437,-14.621557],[-39.605247,-14.620882],[-39.604701,-14.620163],[-39.603814,-14.61758],[-39.603698,-14.61667],[-39.604816,-14.615651],[-39.604702,-14.614242],[-39.604654,-14.613671],[-39.604201,-14.613057],[-39.603794,-14.611619],[-39.601549,-14.611428],[-39.600221,-14.612371],[-39.599306,-14.612639],[-39.598496,-14.614934],[-39.598614,-14.615762],[-39.597958,-14.615836],[-39.594822,-14.617247]]]}},{"type":"Feature","properties":{"gid":"603","cd_sipra":"BA0310000","nome_projeto":"PA JOÃO EPIFÂNIO","municipio":"ITACARE","area_hectare_declarada":"368.7723","capacidade":"32","num_familias":"31","fase":"3","data_de_criacao":"14/12/2001","forma_obtencao":"Desapropriação","data_obtencao":"18/09/2001","area_calc_ha":"381.8476"},"geometry":{"type":"Polygon","coordinates":[[[-39.28715,-14.336355],[-39.2852,-14.336956],[-39.284397,-14.338115],[-39.283633,-14.337983],[-39.283103,-14.338968],[-39.282572,-14.340259],[-39.28214,-14.341756],[-39.280585,-14.34229],[-39.2806,-14.342636],[-39.280205,-14.342996],[-39.280014,-14.342996],[-39.279784,-14.344513],[-39.278639,-14.345074],[-39.277472,-14.346162],[-39.27787,-14.347652],[-39.278773,-14.350019],[-39.27685,-14.350527],[-39.276523,-14.350288],[-39.275459,-14.350875],[-39.275516,-14.351038],[-39.275544,-14.352169],[-39.27534,-14.352715],[-39.274686,-14.353221],[-39.272112,-14.356551],[-39.271477,-14.357035],[-39.271083,-14.357821],[-39.271765,-14.358073],[-39.273065,-14.361625],[-39.27248,-14.36277],[-39.272398,-14.363063],[-39.272465,-14.363438],[-39.272672,-14.365288],[-39.272604,-14.36582],[-39.273193,-14.367443],[-39.273672,-14.368547],[-39.274858,-14.368452],[-39.276486,-14.367861],[-39.277114,-14.367821],[-39.277415,-14.368739],[-39.277225,-14.369071],[-39.277444,-14.370442],[-39.278699,-14.370108],[-39.279394,-14.369229],[-39.28088,-14.36924],[-39.281822,-14.369798],[-39.283104,-14.369597],[-39.286627,-14.36773],[-39.286694,-14.367197],[-39.286981,-14.367037],[-39.287485,-14.36689],[-39.287813,-14.366996],[-39.287989,-14.366025],[-39.288248,-14.365865],[-39.290227,-14.366967],[-39.290867,-14.366034],[-39.289215,-14.363753],[-39.288272,-14.362942],[-39.288204,-14.36257],[-39.287876,-14.362331],[-39.287712,-14.362371],[-39.287467,-14.362291],[-39.286961,-14.361227],[-39.287137,-14.360768],[-39.287232,-14.360675],[-39.287423,-14.360688],[-39.287546,-14.360608],[-39.287382,-14.360515],[-39.28745,-14.359996],[-39.286875,-14.358745],[-39.286655,-14.357468],[-39.286994,-14.355906],[-39.286571,-14.355907],[-39.286271,-14.355734],[-39.285492,-14.354417],[-39.285327,-14.353513],[-39.285352,-14.352248],[-39.284928,-14.351078],[-39.284968,-14.349717],[-39.285377,-14.349091],[-39.284775,-14.348054],[-39.284841,-14.346084],[-39.28428,-14.344608],[-39.28369,-14.340971],[-39.283472,-14.340799],[-39.284834,-14.339759],[-39.285107,-14.339266],[-39.285938,-14.33876],[-39.286129,-14.338693],[-39.287043,-14.338732],[-39.28767,-14.338571],[-39.287232,-14.337593],[-39.287136,-14.336728],[-39.28715,-14.336355]]]}},{"type":"Feature","properties":{"gid":"11435","cd_sipra":"BA0598000","nome_projeto":"PA LUZITÂNIA","municipio":"MARAU","area_hectare_declarada":"278.6732","capacidade":"30","num_familias":"26","fase":"3","data_de_criacao":"18/12/2008","forma_obtencao":"Desapropriação","data_obtencao":"26/12/2006","area_calc_ha":"278.8927"},"geometry":{"type":"Polygon","coordinates":[[[-39.261336,-14.158999],[-39.259977,-14.15862],[-39.258824,-14.157172],[-39.258512,-14.156377],[-39.258222,-14.155997],[-39.257263,-14.156126],[-39.257754,-14.15736],[-39.25784,-14.15804],[-39.256995,-14.159782],[-39.255635,-14.161134],[-39.255774,-14.162602],[-39.256011,-14.162855],[-39.25588,-14.163259],[-39.254524,-14.16321],[-39.254279,-14.163164],[-39.254012,-14.163721],[-39.252412,-14.164763],[-39.25217,-14.165077],[-39.251711,-14.164979],[-39.250155,-14.165386],[-39.250122,-14.165966],[-39.250071,-14.166653],[-39.249649,-14.166917],[-39.249275,-14.167455],[-39.249499,-14.168193],[-39.249242,-14.169139],[-39.248528,-14.169459],[-39.248674,-14.169804],[-39.248311,-14.16991],[-39.248208,-14.170029],[-39.248148,-14.170927],[-39.248074,-14.171632],[-39.247926,-14.172199],[-39.248082,-14.17251],[-39.248867,-14.173321],[-39.249017,-14.173354],[-39.249549,-14.173686],[-39.24964,-14.174027],[-39.249781,-14.174199],[-39.250479,-14.174435],[-39.252895,-14.174704],[-39.254287,-14.176337],[-39.255599,-14.176467],[-39.256404,-14.176465],[-39.256394,-14.176348],[-39.256697,-14.17629],[-39.257997,-14.175988],[-39.258372,-14.175828],[-39.258339,-14.174914],[-39.258847,-14.174332],[-39.260431,-14.173944],[-39.261103,-14.173758],[-39.26363,-14.175945],[-39.264809,-14.175715],[-39.26611,-14.175622],[-39.266769,-14.175317],[-39.266953,-14.174511],[-39.266986,-14.172787],[-39.266914,-14.172532],[-39.266384,-14.172287],[-39.266112,-14.171478],[-39.266567,-14.170555],[-39.266105,-14.169286],[-39.265682,-14.168427],[-39.265258,-14.166771],[-39.265316,-14.165193],[-39.265235,-14.163938],[-39.265478,-14.163533],[-39.265594,-14.16132],[-39.265762,-14.161062],[-39.265603,-14.160992],[-39.265414,-14.160852],[-39.26468,-14.160988],[-39.264277,-14.161088],[-39.264207,-14.16031],[-39.263807,-14.160215],[-39.263769,-14.16021],[-39.263448,-14.160273],[-39.262874,-14.160303],[-39.262325,-14.16014],[-39.262216,-14.160037],[-39.261462,-14.159992],[-39.261336,-14.158999]]]}},{"type":"Feature","properties":{"gid":"17749","cd_sipra":"BA0393000","nome_projeto":"PA LAGOA BONITA","municipio":"MUCURI","area_hectare_declarada":"1420.0763","capacidade":"119","num_familias":"116","fase":"5","data_de_criacao":"07/10/2004","forma_obtencao":"Desapropriação","data_obtencao":"03/01/2004","area_calc_ha":"1407.0707"},"geometry":{"type":"MultiPolygon","coordinates":[[[[-39.800422,-18.047059],[-39.799715,-18.047168],[-39.791316,-18.048293],[-39.791178,-18.048315],[-39.788549,-18.048635],[-39.787938,-18.050093],[-39.787579,-18.050938],[-39.786369,-18.053774],[-39.786331,-18.053865],[-39.786669,-18.055534],[-39.786994,-18.057154],[-39.787185,-18.058135],[-39.78453,-18.059059],[-39.7823,-18.060079],[-39.779371,-18.060549],[-39.77806,-18.061851],[-39.777977,-18.061939],[-39.779114,-18.066277],[-39.779809,-18.069],[-39.780311,-18.071168],[-39.780465,-18.071725],[-39.781638,-18.076238],[-39.783136,-18.083816],[-39.78361,-18.08618],[-39.783862,-18.087184],[-39.784333,-18.089099],[-39.784715,-18.090626],[-39.785046,-18.091876],[-39.785782,-18.094753],[-39.78582,-18.094764],[-39.788088,-18.093623],[-39.789416,-18.093098],[-39.789977,-18.092788],[-39.792761,-18.091271],[-39.793652,-18.091425],[-39.796873,-18.091959],[-39.797298,-18.09174],[-39.798168,-18.091415],[-39.798357,-18.091312],[-39.799022,-18.090931],[-39.799697,-18.090505],[-39.799972,-18.090317],[-39.800935,-18.089645],[-39.801989,-18.088949],[-39.805228,-18.086731],[-39.805511,-18.086541],[-39.807276,-18.085396],[-39.811385,-18.08277],[-39.813664,-18.081325],[-39.816303,-18.079615],[-39.816672,-18.07937],[-39.817169,-18.079361],[-39.817297,-18.079676],[-39.818044,-18.080313],[-39.818404,-18.080858],[-39.819256,-18.081741],[-39.81939,-18.081826],[-39.82057,-18.081025],[-39.821047,-18.080809],[-39.823098,-18.079155],[-39.823936,-18.079072],[-39.825032,-18.078798],[-39.825691,-18.07874],[-39.826527,-18.07843],[-39.827158,-18.078306],[-39.828011,-18.07793],[-39.829045,-18.07708],[-39.826817,-18.076144],[-39.825651,-18.075673],[-39.825564,-18.075637],[-39.823109,-18.074668],[-39.819313,-18.073125],[-39.81536,-18.071569],[-39.814427,-18.07121],[-39.807556,-18.068339],[-39.807275,-18.068224],[-39.806857,-18.068064],[-39.806667,-18.062849],[-39.806652,-18.062758],[-39.806549,-18.061615],[-39.806358,-18.059633],[-39.806299,-18.059044],[-39.803486,-18.053267],[-39.800422,-18.047059]]],[[[-39.78869,-18.043712],[-39.789149,-18.047081],[-39.788732,-18.048217],[-39.799573,-18.046684],[-39.799429,-18.046134],[-39.798528,-18.046305],[-39.798407,-18.046273],[-39.797522,-18.046067],[-39.793264,-18.044901],[-39.78869,-18.043712]]]]}},{"type":"Feature","properties":{"gid":"512","cd_sipra":"BA0067000","nome_projeto":"PA IMBIRUSSU DE DENTRO","municipio":"PORTO SEGURO","area_hectare_declarada":"1446.7000","capacidade":"150","num_familias":"99","fase":"7","data_de_criacao":"12/11/1992","forma_obtencao":"Desapropriação","data_obtencao":"02/12/1987","area_calc_ha":"1515.5980"},"geometry":{"type":"Polygon","coordinates":[[[-39.137386,-16.402327],[-39.137752,-16.402157],[-39.138033,-16.401977],[-39.138471,-16.401733],[-39.138692,-16.401493],[-39.138946,-16.401378],[-39.139183,-16.401148],[-39.139307,-16.40112],[-39.139453,-16.401178],[-39.139596,-16.401192],[-39.142213,-16.401848],[-39.144925,-16.402551],[-39.148428,-16.403499],[-39.151318,-16.40429],[-39.151214,-16.406309],[-39.150769,-16.411135],[-39.150003,-16.419372],[-39.151407,-16.4187],[-39.152735,-16.418183],[-39.153828,-16.4176],[-39.15507,-16.41704],[-39.156337,-16.416474],[-39.157009,-16.41613],[-39.159429,-16.415094],[-39.161646,-16.414094],[-39.163893,-16.413098],[-39.16559,-16.412112],[-39.166761,-16.411333],[-39.167558,-16.410572],[-39.16849,-16.409697],[-39.170239,-16.40798],[-39.170306,-16.407928],[-39.171829,-16.40663],[-39.173355,-16.405518],[-39.172541,-16.40133],[-39.172511,-16.401173],[-39.172065,-16.398731],[-39.171117,-16.393425],[-39.171073,-16.393133],[-39.170076,-16.387733],[-39.16699,-16.386812],[-39.166908,-16.386963],[-39.167337,-16.389196],[-39.167239,-16.389182],[-39.153015,-16.387543],[-39.141876,-16.386178],[-39.136008,-16.385476],[-39.134826,-16.385335],[-39.132828,-16.38511],[-39.130686,-16.384914],[-39.129524,-16.384829],[-39.124095,-16.384228],[-39.122758,-16.384111],[-39.120173,-16.383835],[-39.118376,-16.383583],[-39.117807,-16.383572],[-39.115956,-16.383358],[-39.113629,-16.383127],[-39.111752,-16.382941],[-39.110092,-16.382786],[-39.109979,-16.39027],[-39.109985,-16.390329],[-39.110482,-16.402159],[-39.110489,-16.402317],[-39.110812,-16.402099],[-39.111768,-16.401922],[-39.11259,-16.40214],[-39.113475,-16.402363],[-39.114085,-16.402582],[-39.114326,-16.402831],[-39.11441,-16.403305],[-39.1145,-16.403463],[-39.114968,-16.403683],[-39.115527,-16.403796],[-39.115718,-16.403908],[-39.11597,-16.404211],[-39.116185,-16.404254],[-39.117017,-16.404258],[-39.11798,-16.404406],[-39.11875,-16.404703],[-39.11898,-16.404981],[-39.119596,-16.405423],[-39.120088,-16.405632],[-39.12041,-16.405626],[-39.121112,-16.405744],[-39.121318,-16.405654],[-39.121522,-16.405036],[-39.121791,-16.404738],[-39.122176,-16.404329],[-39.12256,-16.403957],[-39.12313,-16.403643],[-39.123603,-16.403638],[-39.123884,-16.403732],[-39.124054,-16.403832],[-39.124688,-16.404399],[-39.124871,-16.404415],[-39.125217,-16.404402],[-39.125871,-16.404438],[-39.126487,-16.404401],[-39.12691,-16.404215],[-39.127102,-16.403657],[-39.127179,-16.403173],[-39.127256,-16.402764],[-39.127294,-16.402467],[-39.127397,-16.402035],[-39.127555,-16.401874],[-39.12773,-16.40181],[-39.127909,-16.401834],[-39.128294,-16.402057],[-39.128646,-16.402316],[-39.128913,-16.402235],[-39.129213,-16.402259],[-39.129346,-16.402203],[-39.129379,-16.402114],[-39.129379,-16.401986],[-39.129296,-16.401913],[-39.12932,-16.401813],[-39.129396,-16.401768],[-39.129504,-16.401744],[-39.129604,-16.401728],[-39.129941,-16.401767],[-39.130527,-16.402056],[-39.131182,-16.402539],[-39.131721,-16.403059],[-39.132422,-16.403585],[-39.132647,-16.403883],[-39.132877,-16.40398],[-39.133171,-16.403932],[-39.133614,-16.40381],[-39.134185,-16.403801],[-39.134839,-16.403763],[-39.135288,-16.403664],[-39.135812,-16.403261],[-39.135955,-16.403056],[-39.135995,-16.402931],[-39.136153,-16.402883],[-39.13634,-16.402944],[-39.136487,-16.402955],[-39.136678,-16.402922],[-39.136811,-16.40281],[-39.136969,-16.402592],[-39.137386,-16.402327]]]}},{"type":"Feature","properties":{"gid":"8588","cd_sipra":"BA0157000","nome_projeto":"PA BELA VISTA","municipio":"ITAMARAJU","area_hectare_declarada":"2388.1373","capacidade":"175","num_familias":"167","fase":"6","data_de_criacao":"16/12/1997","forma_obtencao":"Desapropriação","data_obtencao":"20/06/1997","area_calc_ha":"3260.6836"},"geometry":{"type":"Polygon","coordinates":[[[-39.786907,-16.932669],[-39.784678,-16.933911],[-39.777853,-16.931164],[-39.775678,-16.930288],[-39.769997,-16.930094],[-39.76371,-16.929877],[-39.76078,-16.929793],[-39.759636,-16.930809],[-39.757282,-16.929632],[-39.757075,-16.929526],[-39.756955,-16.92944],[-39.756524,-16.929185],[-39.755227,-16.929674],[-39.754077,-16.930111],[-39.753266,-16.930189],[-39.749655,-16.931268],[-39.748566,-16.931605],[-39.74588,-16.930653],[-39.741192,-16.929898],[-39.736368,-16.928119],[-39.736178,-16.9294],[-39.736035,-16.930593],[-39.735992,-16.930939],[-39.735672,-16.93292],[-39.735606,-16.933608],[-39.734331,-16.934811],[-39.734296,-16.93484],[-39.732068,-16.936943],[-39.731924,-16.936819],[-39.729536,-16.936069],[-39.728069,-16.935666],[-39.726168,-16.935086],[-39.724784,-16.938354],[-39.722604,-16.944659],[-39.72206,-16.946444],[-39.722056,-16.946492],[-39.72112,-16.949035],[-39.717645,-16.951737],[-39.717403,-16.951904],[-39.717248,-16.952025],[-39.716948,-16.951962],[-39.716609,-16.95206],[-39.716311,-16.952354],[-39.716112,-16.952686],[-39.716078,-16.953028],[-39.716247,-16.953419],[-39.716484,-16.953858],[-39.716719,-16.954285],[-39.716981,-16.954731],[-39.717191,-16.955239],[-39.717207,-16.955745],[-39.717173,-16.955954],[-39.717178,-16.955971],[-39.717182,-16.955988],[-39.717185,-16.956005],[-39.717188,-16.956026],[-39.717189,-16.956047],[-39.71719,-16.956064],[-39.717189,-16.956078],[-39.717189,-16.956093],[-39.717187,-16.956111],[-39.717184,-16.956129],[-39.717181,-16.956145],[-39.717177,-16.95616],[-39.717171,-16.956181],[-39.717164,-16.956202],[-39.717157,-16.95622],[-39.717148,-16.956239],[-39.717139,-16.956255],[-39.717128,-16.956273],[-39.717118,-16.956288],[-39.717108,-16.956302],[-39.717095,-16.956317],[-39.717084,-16.956329],[-39.71702,-16.956424],[-39.716843,-16.956659],[-39.716658,-16.95698],[-39.716601,-16.957211],[-39.716708,-16.957856],[-39.716877,-16.95847],[-39.717124,-16.958918],[-39.717352,-16.959331],[-39.717595,-16.959748],[-39.717798,-16.960285],[-39.717595,-16.961346],[-39.717488,-16.96173],[-39.717658,-16.962774],[-39.717679,-16.962879],[-39.717752,-16.963323],[-39.717803,-16.963624],[-39.71788,-16.96399],[-39.717937,-16.964356],[-39.717984,-16.964648],[-39.71799,-16.964819],[-39.718035,-16.965071],[-39.719984,-16.965439],[-39.720648,-16.96663],[-39.721312,-16.967132],[-39.721887,-16.967566],[-39.722903,-16.970943],[-39.723675,-16.974148],[-39.720711,-16.975743],[-39.722255,-16.978803],[-39.722522,-16.980562],[-39.722199,-16.982611],[-39.72217,-16.982796],[-39.722168,-16.983158],[-39.722102,-16.986645],[-39.721779,-16.988355],[-39.721372,-16.988937],[-39.721027,-16.989756],[-39.720974,-16.990109],[-39.720886,-16.991702],[-39.720938,-16.991918],[-39.721169,-16.992431],[-39.725989,-16.991757],[-39.72789,-16.987908],[-39.72812,-16.987443],[-39.730316,-16.988489],[-39.732142,-16.989359],[-39.732522,-16.989079],[-39.736312,-16.986285],[-39.733875,-16.982105],[-39.735233,-16.981161],[-39.735959,-16.97879],[-39.737069,-16.97768],[-39.737282,-16.977468],[-39.737755,-16.977224],[-39.737913,-16.977161],[-39.739558,-16.976294],[-39.743309,-16.972099],[-39.744591,-16.97157],[-39.748909,-16.966579],[-39.747269,-16.963362],[-39.748303,-16.960737],[-39.753027,-16.95599],[-39.758517,-16.957244],[-39.758566,-16.957204],[-39.764718,-16.965588],[-39.770762,-16.971287],[-39.770955,-16.970795],[-39.775141,-16.970246],[-39.780127,-16.973326],[-39.785068,-16.974058],[-39.787151,-16.9719],[-39.789473,-16.967029],[-39.788548,-16.961124],[-39.787301,-16.95652],[-39.787867,-16.956279],[-39.785649,-16.95322],[-39.786826,-16.945598],[-39.786436,-16.94517],[-39.790468,-16.94112],[-39.791643,-16.940644],[-39.790852,-16.938077],[-39.79182,-16.928785],[-39.787383,-16.930481],[-39.786907,-16.932669]]]}},{"type":"Feature","properties":{"gid":"12841","cd_sipra":"BA0083000","nome_projeto":"PA SÃO JOSÉ","municipio":"CANAVIEIRAS","area_hectare_declarada":"367.7790","capacidade":"33","num_familias":"31","fase":"3","data_de_criacao":"28/11/1996","forma_obtencao":"Desapropriação","data_obtencao":"07/06/1996","area_calc_ha":"382.9136"},"geometry":{"type":"Polygon","coordinates":[[[-39.004292,-15.55346],[-39.003761,-15.553587],[-39.003621,-15.553335],[-39.00311,-15.553571],[-39.001225,-15.554441],[-39.001184,-15.554442],[-39.00098,-15.554421],[-39.000968,-15.55456],[-39.000887,-15.554607],[-39.000483,-15.55635],[-39.000042,-15.558251],[-38.999018,-15.558211],[-38.998764,-15.558201],[-38.99871,-15.558622],[-38.998638,-15.559175],[-38.997367,-15.561664],[-38.99887,-15.563328],[-38.999581,-15.5636],[-39.000011,-15.565579],[-39,-15.565614],[-38.998721,-15.566643],[-38.997604,-15.567547],[-38.997688,-15.568038],[-38.997713,-15.568154],[-38.997889,-15.569096],[-38.99663,-15.570825],[-38.99675,-15.57132],[-38.997788,-15.575418],[-38.999273,-15.575241],[-39.001041,-15.574706],[-39.002144,-15.574372],[-39.002958,-15.574085],[-39.002906,-15.574074],[-39.005162,-15.573436],[-39.006126,-15.573164],[-39.006225,-15.573137],[-39.006437,-15.573077],[-39.008033,-15.57241],[-39.009203,-15.571863],[-39.010451,-15.571649],[-39.012045,-15.571741],[-39.013489,-15.571234],[-39.014389,-15.570918],[-39.014512,-15.570244],[-39.014836,-15.568445],[-39.014817,-15.567901],[-39.014719,-15.565621],[-39.014695,-15.565262],[-39.014687,-15.56515],[-39.014679,-15.564677],[-39.016112,-15.564807],[-39.016898,-15.564891],[-39.017021,-15.564904],[-39.017188,-15.564556],[-39.017572,-15.563756],[-39.018986,-15.561798],[-39.019196,-15.561494],[-39.019344,-15.561279],[-39.019467,-15.561105],[-39.01973,-15.560733],[-39.015791,-15.558527],[-39.015529,-15.558385],[-39.015021,-15.558088],[-39.014254,-15.557639],[-39.013928,-15.556406],[-39.012536,-15.555783],[-39.010348,-15.554826],[-39.010053,-15.554701],[-39.008954,-15.554236],[-39.008123,-15.553891],[-39.007625,-15.553682],[-39.007104,-15.553402],[-39.006253,-15.552969],[-39.005009,-15.553283],[-39.004687,-15.553364],[-39.004292,-15.55346]]]}},{"type":"Feature","properties":{"gid":"552","cd_sipra":"BA0111000","nome_projeto":"PA REUNIDAS CORUMBAU","municipio":"PRADO","area_hectare_declarada":"2741.0402","capacidade":"92","num_familias":"67","fase":"6","data_de_criacao":"13/06/1997","forma_obtencao":"Desapropriação","data_obtencao":"22/10/1996","area_calc_ha":"2827.7343"},"geometry":{"type":"Polygon","coordinates":[[[-39.283289,-16.911259],[-39.280004,-16.892986],[-39.276081,-16.893901],[-39.275183,-16.894644],[-39.272102,-16.895515],[-39.270691,-16.896507],[-39.269409,-16.898488],[-39.264791,-16.901959],[-39.262738,-16.902828],[-39.262097,-16.903942],[-39.2603,-16.904687],[-39.260045,-16.905801],[-39.258761,-16.905926],[-39.255294,-16.906797],[-39.250035,-16.911505],[-39.243106,-16.916587],[-39.240668,-16.918198],[-39.236817,-16.919564],[-39.232578,-16.919569],[-39.22821,-16.91846],[-39.224356,-16.917722],[-39.2223,-16.916982],[-39.214851,-16.917113],[-39.212026,-16.917488],[-39.210871,-16.91786],[-39.208559,-16.917862],[-39.203937,-16.919476],[-39.199827,-16.919975],[-39.194562,-16.91998],[-39.193174,-16.919915],[-39.183985,-16.935735],[-39.182741,-16.935512],[-39.181809,-16.935032],[-39.181376,-16.934615],[-39.179073,-16.934592],[-39.166264,-16.94307],[-39.168725,-16.946976],[-39.224094,-16.950311],[-39.223244,-16.942555],[-39.225972,-16.940186],[-39.235073,-16.94258],[-39.244762,-16.942618],[-39.244845,-16.939551],[-39.243883,-16.938554],[-39.243864,-16.937916],[-39.25011,-16.938824],[-39.242445,-16.926484],[-39.283289,-16.911259]]]}},{"type":"Feature","properties":{"gid":"11433","cd_sipra":"BA0582000","nome_projeto":"PA ROSELI NUNES","municipio":"GUARATINGA","area_hectare_declarada":"1165.7125","capacidade":"81","num_familias":"63","fase":"3","data_de_criacao":"01/12/2008","forma_obtencao":"Desapropriação","data_obtencao":"01/11/2007","area_calc_ha":"1213.0994"},"geometry":{"type":"Polygon","coordinates":[[[-40.001162,-16.545851],[-39.997187,-16.546829],[-39.995027,-16.547387],[-39.99481,-16.547442],[-39.993903,-16.547677],[-39.993787,-16.547706],[-39.993473,-16.547792],[-39.993472,-16.548243],[-39.993364,-16.54907],[-39.993505,-16.54993],[-39.993802,-16.550414],[-39.994279,-16.553392],[-39.994214,-16.555118],[-39.993493,-16.555162],[-39.991764,-16.554763],[-39.99026,-16.554428],[-39.985714,-16.556348],[-39.985466,-16.558248],[-39.984694,-16.55894],[-39.983173,-16.559844],[-39.982009,-16.561714],[-39.982101,-16.562417],[-39.980014,-16.56365],[-39.978469,-16.564556],[-39.978123,-16.564515],[-39.976546,-16.562508],[-39.975745,-16.559993],[-39.974327,-16.558194],[-39.97371,-16.559286],[-39.97226,-16.55981],[-39.972216,-16.559927],[-39.972277,-16.561637],[-39.972313,-16.562136],[-39.972398,-16.563267],[-39.97242,-16.563512],[-39.968387,-16.565738],[-39.96753,-16.566591],[-39.966804,-16.567313],[-39.965424,-16.568661],[-39.965794,-16.570145],[-39.965953,-16.570784],[-39.965706,-16.571602],[-39.966529,-16.571783],[-39.968048,-16.571263],[-39.968195,-16.571558],[-39.968957,-16.573088],[-39.969109,-16.573383],[-39.970052,-16.575212],[-39.970273,-16.575638],[-39.975755,-16.58357],[-39.978162,-16.582986],[-39.984031,-16.581533],[-39.990696,-16.578653],[-39.992111,-16.577994],[-39.993578,-16.577311],[-39.995138,-16.577143],[-39.996898,-16.576919],[-39.997004,-16.576903],[-39.99948,-16.576674],[-40.000704,-16.579688],[-40.000052,-16.582828],[-39.999499,-16.583004],[-39.998396,-16.583319],[-39.998318,-16.583347],[-39.995602,-16.584192],[-39.996622,-16.586087],[-39.996657,-16.586136],[-39.997096,-16.586937],[-39.998326,-16.587499],[-40.00012,-16.588342],[-40.001346,-16.584667],[-40.00146,-16.584619],[-40.001781,-16.584476],[-40.001916,-16.584417],[-40.005465,-16.582871],[-40.009492,-16.581154],[-40.009552,-16.578667],[-40.009539,-16.578633],[-40.009356,-16.575996],[-40.008236,-16.575726],[-40.010676,-16.564375],[-40.011054,-16.56353],[-40.014465,-16.556952],[-40.012944,-16.556774],[-40.012576,-16.556638],[-40.012088,-16.556457],[-40.009299,-16.556253],[-40.008225,-16.555913],[-40.00609,-16.555761],[-40.002313,-16.555574],[-40.00188,-16.555551],[-40.001879,-16.555521],[-40.001783,-16.55457],[-40.001696,-16.553699],[-40.001614,-16.552645],[-40.001252,-16.547092],[-40.001162,-16.545851]]]}},{"type":"Feature","properties":{"gid":"12603","cd_sipra":"BA0936000","nome_projeto":"PA CANDELÁRIA","municipio":"WENCESLAU GUIMARAES","area_hectare_declarada":"455.4026","capacidade":"45","num_familias":"31","fase":"3","data_de_criacao":"22/09/2014","forma_obtencao":"Desapropriação","data_obtencao":"30/09/2010","area_calc_ha":"455.7380"},"geometry":{"type":"Polygon","coordinates":[[[-39.484611,-13.723963],[-39.485273,-13.724049],[-39.485902,-13.723813],[-39.486234,-13.723677],[-39.487039,-13.723512],[-39.487344,-13.723503],[-39.488269,-13.723664],[-39.489009,-13.723436],[-39.489981,-13.722917],[-39.491794,-13.72254],[-39.494817,-13.720975],[-39.496105,-13.720003],[-39.496984,-13.720416],[-39.497141,-13.719889],[-39.497356,-13.71981],[-39.499482,-13.718628],[-39.503786,-13.716179],[-39.504004,-13.715653],[-39.503252,-13.715442],[-39.50321,-13.715351],[-39.503034,-13.714829],[-39.50158,-13.712942],[-39.501228,-13.711366],[-39.498655,-13.708416],[-39.498865,-13.708042],[-39.500619,-13.706697],[-39.500987,-13.705987],[-39.501446,-13.705931],[-39.503599,-13.705842],[-39.5059,-13.706351],[-39.507337,-13.707116],[-39.508209,-13.7069],[-39.50841,-13.706637],[-39.50882,-13.705903],[-39.509327,-13.705107],[-39.510393,-13.704426],[-39.51013,-13.704208],[-39.510158,-13.703809],[-39.510072,-13.703339],[-39.50947,-13.70303],[-39.509171,-13.702264],[-39.509075,-13.702139],[-39.508214,-13.701296],[-39.508003,-13.700843],[-39.508216,-13.700315],[-39.508237,-13.700173],[-39.508139,-13.699681],[-39.507545,-13.698415],[-39.507436,-13.698317],[-39.50729,-13.69827],[-39.507231,-13.698724],[-39.506908,-13.699005],[-39.506953,-13.699211],[-39.505645,-13.700757],[-39.50449,-13.700597],[-39.502783,-13.700232],[-39.500971,-13.699512],[-39.500031,-13.698972],[-39.494018,-13.703842],[-39.490575,-13.703986],[-39.48955,-13.704687],[-39.491489,-13.70757],[-39.491267,-13.708137],[-39.490719,-13.707896],[-39.489608,-13.709207],[-39.486735,-13.708793],[-39.484844,-13.709161],[-39.484064,-13.708766],[-39.483555,-13.709699],[-39.482734,-13.709603],[-39.481193,-13.711689],[-39.480677,-13.711791],[-39.4812,-13.712972],[-39.481667,-13.715186],[-39.482246,-13.71816],[-39.480205,-13.719719],[-39.480615,-13.720975],[-39.480903,-13.721517],[-39.48143,-13.721833],[-39.481777,-13.724047],[-39.484211,-13.724829],[-39.484611,-13.723963]]]}},{"type":"Feature","properties":{"gid":"799","cd_sipra":"BA0174000","nome_projeto":"PA MIRANTE","municipio":"IGRAPIUNA","area_hectare_declarada":"722.2000","capacidade":"40","num_familias":"42","fase":"6","data_de_criacao":"11/03/1998","forma_obtencao":"Desapropriação","data_obtencao":"27/11/1997","area_calc_ha":"1008.4672"},"geometry":{"type":"Polygon","coordinates":[[[-39.344155,-13.906265],[-39.344191,-13.905772],[-39.34244,-13.90326],[-39.340765,-13.902152],[-39.340241,-13.899939],[-39.340355,-13.898623],[-39.340088,-13.897105],[-39.339762,-13.896269],[-39.340184,-13.89468],[-39.341844,-13.89371],[-39.340169,-13.891841],[-39.341088,-13.891538],[-39.340956,-13.890924],[-39.34297,-13.889272],[-39.343571,-13.889507],[-39.348224,-13.887827],[-39.348157,-13.886146],[-39.346934,-13.885171],[-39.344969,-13.883962],[-39.342394,-13.882212],[-39.342476,-13.881334],[-39.344101,-13.878592],[-39.344731,-13.879061],[-39.348587,-13.876461],[-39.352071,-13.879177],[-39.354697,-13.87798],[-39.35511,-13.87534],[-39.352394,-13.867061],[-39.3477,-13.865395],[-39.346153,-13.864131],[-39.33898,-13.870217],[-39.343472,-13.878007],[-39.341079,-13.882716],[-39.339115,-13.887456],[-39.339246,-13.888433],[-39.340202,-13.890412],[-39.339677,-13.892103],[-39.340531,-13.893748],[-39.338777,-13.896309],[-39.335589,-13.900527],[-39.333187,-13.903885],[-39.333544,-13.907474],[-39.328594,-13.908593],[-39.327759,-13.907337],[-39.324864,-13.909619],[-39.323532,-13.909766],[-39.32135,-13.91192],[-39.325181,-13.917521],[-39.326468,-13.917927],[-39.327162,-13.917889],[-39.327964,-13.922319],[-39.328707,-13.922987],[-39.327856,-13.9242],[-39.324406,-13.926239],[-39.325836,-13.928633],[-39.329138,-13.92749],[-39.333224,-13.930794],[-39.3348,-13.931025],[-39.336034,-13.932408],[-39.33804,-13.930361],[-39.337965,-13.929656],[-39.337703,-13.927513],[-39.337443,-13.927107],[-39.335727,-13.925138],[-39.334718,-13.924272],[-39.340924,-13.914733],[-39.341498,-13.914479],[-39.342161,-13.912787],[-39.341882,-13.911494],[-39.341477,-13.910773],[-39.342004,-13.909905],[-39.343054,-13.906657],[-39.343323,-13.906439],[-39.343672,-13.906367],[-39.344109,-13.906275],[-39.345781,-13.910179],[-39.345486,-13.910731],[-39.347395,-13.912474],[-39.354827,-13.911568],[-39.356651,-13.911691],[-39.357266,-13.908562],[-39.360518,-13.91033],[-39.36105,-13.907426],[-39.360112,-13.905249],[-39.3607,-13.902843],[-39.359208,-13.901705],[-39.359558,-13.900692],[-39.360123,-13.900384],[-39.360002,-13.900294],[-39.360104,-13.90013],[-39.360604,-13.900338],[-39.360695,-13.899252],[-39.361324,-13.898926],[-39.358526,-13.897312],[-39.357989,-13.896535],[-39.358292,-13.895702],[-39.357958,-13.894521],[-39.358373,-13.893752],[-39.356466,-13.892868],[-39.35553,-13.892209],[-39.358125,-13.888652],[-39.353788,-13.885277],[-39.353252,-13.885684],[-39.352781,-13.886554],[-39.35429,-13.892365],[-39.353189,-13.892764],[-39.350735,-13.891764],[-39.349404,-13.893231],[-39.348299,-13.896822],[-39.34612,-13.900451],[-39.346808,-13.903054],[-39.345767,-13.9065],[-39.345173,-13.908632],[-39.344155,-13.906265]]]}},{"type":"Feature","properties":{"gid":"349","cd_sipra":"BA0027000","nome_projeto":"PA FAZ CUMURUXATIBA","municipio":"PRADO","area_hectare_declarada":"4450.4700","capacidade":"125","num_familias":"152","fase":"7","data_de_criacao":"12/05/1987","forma_obtencao":"Desapropriação","data_obtencao":"19/12/1986","area_calc_ha":"4253.0913"},"geometry":{"type":"Polygon","coordinates":[[[-39.242228,-17.153792],[-39.242718,-17.151225],[-39.245522,-17.138015],[-39.245927,-17.136106],[-39.246353,-17.134095],[-39.242336,-17.134699],[-39.238094,-17.135336],[-39.233572,-17.135949],[-39.231214,-17.136457],[-39.231227,-17.136883],[-39.229103,-17.137055],[-39.227214,-17.137209],[-39.225912,-17.137247],[-39.224148,-17.137429],[-39.223086,-17.137579],[-39.222335,-17.137639],[-39.221929,-17.137671],[-39.222313,-17.135088],[-39.222446,-17.134189],[-39.222865,-17.131105],[-39.222919,-17.130701],[-39.223375,-17.12706],[-39.223412,-17.126764],[-39.224088,-17.122639],[-39.224301,-17.120979],[-39.224628,-17.119656],[-39.224804,-17.119084],[-39.225034,-17.118284],[-39.225107,-17.117425],[-39.225233,-17.116803],[-39.225636,-17.113702],[-39.226053,-17.111071],[-39.226363,-17.108475],[-39.226501,-17.107177],[-39.225333,-17.105889],[-39.225128,-17.105246],[-39.224747,-17.103813],[-39.223188,-17.104406],[-39.222454,-17.104602],[-39.222535,-17.103361],[-39.222587,-17.101823],[-39.222656,-17.099766],[-39.222714,-17.099488],[-39.222718,-17.097843],[-39.222766,-17.095657],[-39.215841,-17.094257],[-39.213913,-17.093867],[-39.21364,-17.093748],[-39.212862,-17.093609],[-39.211623,-17.093425],[-39.205685,-17.092242],[-39.199651,-17.091108],[-39.1996,-17.090531],[-39.199395,-17.087667],[-39.199056,-17.084098],[-39.199073,-17.083888],[-39.198809,-17.079486],[-39.196404,-17.079971],[-39.195466,-17.080161],[-39.194656,-17.080286],[-39.191322,-17.080998],[-39.189501,-17.081307],[-39.187981,-17.081565],[-39.185276,-17.082144],[-39.182924,-17.082544],[-39.180383,-17.0831],[-39.180048,-17.083337],[-39.180136,-17.083728],[-39.1803,-17.084457],[-39.180349,-17.085115],[-39.18031,-17.086298],[-39.180249,-17.08748],[-39.180173,-17.088173],[-39.180038,-17.088881],[-39.179974,-17.089529],[-39.179813,-17.090003],[-39.179729,-17.090342],[-39.179556,-17.091138],[-39.179208,-17.092334],[-39.178965,-17.092944],[-39.179296,-17.093066],[-39.180205,-17.093046],[-39.180433,-17.093824],[-39.180565,-17.094274],[-39.182874,-17.102142],[-39.187366,-17.10314],[-39.187063,-17.104004],[-39.186994,-17.104399],[-39.186767,-17.105135],[-39.186644,-17.105392],[-39.186373,-17.106329],[-39.185056,-17.107652],[-39.184917,-17.10792],[-39.183767,-17.109082],[-39.184097,-17.109642],[-39.184543,-17.110483],[-39.18583,-17.11044],[-39.186134,-17.110429],[-39.187918,-17.111289],[-39.188282,-17.111464],[-39.189667,-17.112132],[-39.190752,-17.112259],[-39.190979,-17.112466],[-39.191726,-17.11297],[-39.190589,-17.114309],[-39.190186,-17.115337],[-39.189924,-17.116002],[-39.189699,-17.116575],[-39.189568,-17.117079],[-39.189062,-17.119015],[-39.188957,-17.119287],[-39.188691,-17.119804],[-39.192738,-17.122616],[-39.196282,-17.124668],[-39.197333,-17.125865],[-39.19782,-17.126521],[-39.1991,-17.12863],[-39.19967,-17.129638],[-39.19968,-17.1299],[-39.200964,-17.132759],[-39.201298,-17.133436],[-39.203758,-17.136452],[-39.20547,-17.140214],[-39.206161,-17.141545],[-39.20618,-17.141898],[-39.206415,-17.142603],[-39.206514,-17.1429],[-39.207297,-17.144913],[-39.207573,-17.145624],[-39.209119,-17.148763],[-39.210085,-17.153031],[-39.210656,-17.154465],[-39.210974,-17.15573],[-39.211444,-17.157298],[-39.212332,-17.159687],[-39.212327,-17.161322],[-39.212589,-17.162939],[-39.212868,-17.164168],[-39.213586,-17.166356],[-39.21372,-17.166766],[-39.213855,-17.169268],[-39.213668,-17.172072],[-39.213772,-17.174218],[-39.21374,-17.174511],[-39.21387,-17.179739],[-39.213658,-17.182707],[-39.213633,-17.183055],[-39.212963,-17.185711],[-39.213639,-17.19104],[-39.213751,-17.192268],[-39.213862,-17.19484],[-39.21389,-17.197485],[-39.213894,-17.197881],[-39.214237,-17.199102],[-39.21442,-17.201346],[-39.214514,-17.203462],[-39.214635,-17.203948],[-39.214922,-17.206015],[-39.215114,-17.208417],[-39.215155,-17.210977],[-39.215043,-17.212078],[-39.215044,-17.213427],[-39.214984,-17.21586],[-39.216122,-17.215749],[-39.217691,-17.215674],[-39.225379,-17.215824],[-39.225669,-17.21583],[-39.231158,-17.215851],[-39.232623,-17.215889],[-39.232655,-17.214738],[-39.232652,-17.213619],[-39.232606,-17.212464],[-39.232753,-17.208806],[-39.232793,-17.205219],[-39.232832,-17.201762],[-39.232803,-17.200628],[-39.232808,-17.19946],[-39.232813,-17.198386],[-39.232817,-17.197255],[-39.23282,-17.196564],[-39.232791,-17.196076],[-39.23278,-17.194863],[-39.23277,-17.193767],[-39.232764,-17.193165],[-39.232777,-17.192714],[-39.232774,-17.192027],[-39.232773,-17.19158],[-39.232769,-17.19044],[-39.232767,-17.18986],[-39.232755,-17.186626],[-39.232748,-17.184473],[-39.232694,-17.180816],[-39.232711,-17.180539],[-39.232637,-17.176666],[-39.232627,-17.176149],[-39.232631,-17.172373],[-39.232952,-17.17084],[-39.232933,-17.170506],[-39.232888,-17.170384],[-39.232729,-17.167101],[-39.23274,-17.165848],[-39.239307,-17.164472],[-39.239655,-17.164435],[-39.242721,-17.163902],[-39.242721,-17.163902],[-39.243285,-17.16375],[-39.243461,-17.162795],[-39.242668,-17.16266],[-39.241792,-17.159045],[-39.241377,-17.157332],[-39.240366,-17.154468],[-39.240834,-17.154006],[-39.242228,-17.153792]]]}},{"type":"Feature","properties":{"gid":"828","cd_sipra":"BA0232000","nome_projeto":"PA CONJUNTO COARY","municipio":"SANTA LUZIA","area_hectare_declarada":"258.3400","capacidade":"18","num_familias":"18","fase":"3","data_de_criacao":"30/10/2001","forma_obtencao":"Desapropriação","data_obtencao":"29/11/1999","area_calc_ha":"192.5950"},"geometry":{"type":"Polygon","coordinates":[[[-39.33853,-15.376953],[-39.336012,-15.376786],[-39.333946,-15.37681],[-39.3326,-15.376739],[-39.332598,-15.379527],[-39.332577,-15.381201],[-39.330656,-15.380687],[-39.330664,-15.378779],[-39.327341,-15.379033],[-39.326249,-15.377638],[-39.324518,-15.377164],[-39.323139,-15.375159],[-39.322764,-15.374036],[-39.322385,-15.373749],[-39.321976,-15.373358],[-39.321705,-15.373115],[-39.320511,-15.374529],[-39.320693,-15.374863],[-39.320054,-15.3763],[-39.319176,-15.376195],[-39.318775,-15.37588],[-39.317784,-15.375108],[-39.317638,-15.374999],[-39.315877,-15.373808],[-39.314442,-15.375366],[-39.315509,-15.376381],[-39.316818,-15.377569],[-39.316978,-15.37767],[-39.317223,-15.378295],[-39.316932,-15.378626],[-39.316871,-15.379321],[-39.316841,-15.379532],[-39.316807,-15.379755],[-39.317584,-15.382345],[-39.317581,-15.382436],[-39.317607,-15.382813],[-39.318709,-15.38483],[-39.318425,-15.384855],[-39.31904,-15.385389],[-39.319852,-15.385595],[-39.319915,-15.385442],[-39.319547,-15.383647],[-39.319489,-15.383364],[-39.319142,-15.381686],[-39.320528,-15.379893],[-39.321162,-15.380315],[-39.322928,-15.381637],[-39.325265,-15.383419],[-39.329337,-15.386543],[-39.330191,-15.385692],[-39.330903,-15.385618],[-39.331099,-15.385835],[-39.331501,-15.386378],[-39.330582,-15.387708],[-39.330472,-15.388062],[-39.329541,-15.388508],[-39.329609,-15.389003],[-39.332123,-15.389634],[-39.33226,-15.389638],[-39.333836,-15.38724],[-39.334689,-15.386033],[-39.337339,-15.386304],[-39.337035,-15.384745],[-39.33615,-15.384517],[-39.336378,-15.383372],[-39.336853,-15.381664],[-39.337154,-15.380309],[-39.338084,-15.379727],[-39.338544,-15.379065],[-39.338555,-15.378218],[-39.33853,-15.376953]]]}},{"type":"Feature","properties":{"gid":"16080","cd_sipra":"BA0880000","nome_projeto":"PA PANCADINHA","municipio":"ALMADINA","area_hectare_declarada":"317.8881","capacidade":"14","num_familias":"0","fase":"3","data_de_criacao":"22/06/2016","forma_obtencao":"Desapropriação","data_obtencao":"12/06/2008","area_calc_ha":"303.1376"},"geometry":{"type":"Polygon","coordinates":[[[-39.670472,-14.715355],[-39.667138,-14.715429],[-39.665368,-14.716465],[-39.665104,-14.71686],[-39.663051,-14.720302],[-39.662308,-14.72094],[-39.662071,-14.720922],[-39.661954,-14.724052],[-39.653671,-14.734027],[-39.653645,-14.734181],[-39.654889,-14.734569],[-39.656063,-14.735555],[-39.657435,-14.735706],[-39.657783,-14.737838],[-39.65637,-14.741775],[-39.655686,-14.74429],[-39.655791,-14.74573],[-39.656391,-14.746704],[-39.659248,-14.750761],[-39.662247,-14.747858],[-39.662891,-14.745644],[-39.662287,-14.740905],[-39.663156,-14.734734],[-39.662685,-14.733504],[-39.663442,-14.732617],[-39.670525,-14.726637],[-39.671692,-14.726315],[-39.671495,-14.723753],[-39.671509,-14.723521],[-39.671264,-14.720795],[-39.670795,-14.719693],[-39.670472,-14.715355]]]}},{"type":"Feature","properties":{"gid":"791","cd_sipra":"BA0317000","nome_projeto":"PA VENCEDORES","municipio":"WENCESLAU GUIMARAES","area_hectare_declarada":"240.0000","capacidade":"22","num_familias":"22","fase":"4","data_de_criacao":"18/10/2002","forma_obtencao":"Desapropriação","data_obtencao":"06/08/2001","area_calc_ha":"243.5713"},"geometry":{"type":"Polygon","coordinates":[[[-39.433368,-13.651926],[-39.433566,-13.656304],[-39.430616,-13.656449],[-39.430284,-13.656868],[-39.429951,-13.657009],[-39.429666,-13.657242],[-39.429154,-13.657243],[-39.429095,-13.657243],[-39.428476,-13.657523],[-39.428239,-13.657896],[-39.428097,-13.65813],[-39.428178,-13.658327],[-39.428192,-13.658362],[-39.428383,-13.658548],[-39.428432,-13.659107],[-39.428432,-13.65948],[-39.428243,-13.659806],[-39.427482,-13.660133],[-39.426817,-13.660693],[-39.426477,-13.660932],[-39.426151,-13.66116],[-39.425533,-13.661627],[-39.425582,-13.662046],[-39.425877,-13.662375],[-39.425916,-13.662418],[-39.426868,-13.662789],[-39.427676,-13.663101],[-39.428104,-13.662914],[-39.428532,-13.662774],[-39.428818,-13.663006],[-39.428915,-13.663844],[-39.428964,-13.664776],[-39.429204,-13.665707],[-39.429538,-13.666591],[-39.429682,-13.66701],[-39.429778,-13.667336],[-39.429968,-13.667522],[-39.430492,-13.66766],[-39.43092,-13.66766],[-39.431634,-13.667426],[-39.432395,-13.667331],[-39.433299,-13.66733],[-39.433918,-13.667328],[-39.434537,-13.667607],[-39.434919,-13.667979],[-39.435347,-13.668211],[-39.435919,-13.668349],[-39.43649,-13.668442],[-39.436869,-13.667696],[-39.437297,-13.667183],[-39.437677,-13.666856],[-39.438581,-13.666854],[-39.43939,-13.667039],[-39.440008,-13.666386],[-39.440292,-13.665967],[-39.440339,-13.665408],[-39.440291,-13.665082],[-39.440005,-13.66471],[-39.439718,-13.664338],[-39.439099,-13.663966],[-39.438908,-13.663594],[-39.438812,-13.663221],[-39.438669,-13.662896],[-39.439097,-13.662662],[-39.439525,-13.662522],[-39.440191,-13.662381],[-39.44057,-13.661774],[-39.440855,-13.661355],[-39.441187,-13.660982],[-39.442093,-13.661539],[-39.441903,-13.662005],[-39.442426,-13.661678],[-39.443329,-13.661775],[-39.443184,-13.660238],[-39.441801,-13.658797],[-39.439466,-13.657264],[-39.439086,-13.657358],[-39.437847,-13.656242],[-39.437085,-13.65615],[-39.436513,-13.655546],[-39.434849,-13.656201],[-39.434752,-13.655363],[-39.435462,-13.653405],[-39.435414,-13.653173],[-39.436271,-13.653357],[-39.437082,-13.654334],[-39.439079,-13.653399],[-39.440648,-13.653024],[-39.441838,-13.652928],[-39.442219,-13.653067],[-39.442314,-13.653347],[-39.4426,-13.653486],[-39.444122,-13.653111],[-39.443505,-13.650621],[-39.443499,-13.650597],[-39.438544,-13.647392],[-39.437115,-13.646556],[-39.433833,-13.645917],[-39.43383,-13.645931],[-39.433456,-13.647967],[-39.431272,-13.650579],[-39.4327,-13.651042],[-39.433081,-13.651321],[-39.433368,-13.651926]]]}},{"type":"Feature","properties":{"gid":"11456","cd_sipra":"BA0874000","nome_projeto":"PA PINDORAMA","municipio":"SANTA LUZIA","area_hectare_declarada":"612.3566","capacidade":"20","num_familias":"20","fase":"3","data_de_criacao":"15/10/2013","forma_obtencao":"Desapropriação","data_obtencao":"09/10/2007","area_calc_ha":"612.8500"},"geometry":{"type":"Polygon","coordinates":[[[-39.050987,-15.407063],[-39.050266,-15.407703],[-39.047703,-15.406909],[-39.046736,-15.406634],[-39.046003,-15.406389],[-39.044526,-15.4059],[-39.042226,-15.405208],[-39.042131,-15.405184],[-39.041644,-15.408127],[-39.041074,-15.411309],[-39.040546,-15.414304],[-39.039964,-15.417668],[-39.039877,-15.418078],[-39.040846,-15.419745],[-39.043512,-15.424404],[-39.044331,-15.425811],[-39.0445,-15.425313],[-39.046574,-15.426302],[-39.047708,-15.42612],[-39.051169,-15.425795],[-39.052819,-15.425552],[-39.05319,-15.425399],[-39.054531,-15.425352],[-39.065011,-15.423959],[-39.069781,-15.418283],[-39.069867,-15.417154],[-39.070339,-15.414657],[-39.070594,-15.413696],[-39.070514,-15.413537],[-39.071067,-15.412304],[-39.075904,-15.410446],[-39.075267,-15.408336],[-39.07278,-15.406417],[-39.071586,-15.40703],[-39.070026,-15.408145],[-39.069877,-15.408246],[-39.069085,-15.408408],[-39.068254,-15.408799],[-39.067792,-15.409218],[-39.067025,-15.410066],[-39.066946,-15.410131],[-39.066043,-15.410392],[-39.065929,-15.410319],[-39.064926,-15.410132],[-39.064818,-15.410168],[-39.059638,-15.409774],[-39.059009,-15.40887],[-39.058161,-15.407543],[-39.057376,-15.406242],[-39.056158,-15.403617],[-39.055691,-15.40273],[-39.05434,-15.403996],[-39.051973,-15.406157],[-39.050987,-15.407063]]]}},{"type":"Feature","properties":{"gid":"11439","cd_sipra":"BA0284000","nome_projeto":"PA CANAA II","municipio":"CANAVIEIRAS","area_hectare_declarada":"812.5776","capacidade":"55","num_familias":"53","fase":"3","data_de_criacao":"21/11/2005","forma_obtencao":"Desapropriação","data_obtencao":"03/05/2004","area_calc_ha":"804.3925"},"geometry":{"type":"Polygon","coordinates":[[[-39.176049,-15.597217],[-39.174907,-15.596948],[-39.173466,-15.596943],[-39.171859,-15.59742],[-39.169403,-15.599114],[-39.168233,-15.600217],[-39.167131,-15.600972],[-39.165867,-15.602254],[-39.164995,-15.602517],[-39.164074,-15.602675],[-39.163311,-15.602793],[-39.163487,-15.603195],[-39.163872,-15.603693],[-39.164469,-15.604883],[-39.164654,-15.604819],[-39.165556,-15.606496],[-39.165934,-15.606306],[-39.166476,-15.606344],[-39.167821,-15.605592],[-39.168132,-15.605425],[-39.168762,-15.605396],[-39.169291,-15.605216],[-39.169643,-15.605417],[-39.170387,-15.604927],[-39.170966,-15.605138],[-39.171329,-15.604709],[-39.171249,-15.603304],[-39.17206,-15.602062],[-39.172766,-15.602558],[-39.173029,-15.602823],[-39.173343,-15.605857],[-39.1734,-15.606087],[-39.171801,-15.606488],[-39.171676,-15.606542],[-39.169285,-15.607273],[-39.169285,-15.607378],[-39.168953,-15.60737],[-39.166077,-15.608193],[-39.164591,-15.608578],[-39.164392,-15.60863],[-39.163641,-15.608835],[-39.163614,-15.608755],[-39.16256,-15.605517],[-39.16135,-15.605172],[-39.160962,-15.604381],[-39.160813,-15.603809],[-39.160362,-15.602966],[-39.158985,-15.605057],[-39.159073,-15.605253],[-39.159122,-15.606374],[-39.159185,-15.608199],[-39.158915,-15.61122],[-39.158764,-15.613645],[-39.15866,-15.615904],[-39.15865,-15.616561],[-39.158446,-15.620035],[-39.158374,-15.621173],[-39.158368,-15.621888],[-39.158312,-15.623184],[-39.158299,-15.62343],[-39.158219,-15.624638],[-39.158192,-15.625144],[-39.158126,-15.626219],[-39.156002,-15.626126],[-39.15449,-15.626045],[-39.153655,-15.62602],[-39.152165,-15.625954],[-39.151868,-15.625934],[-39.151241,-15.626629],[-39.150458,-15.627499],[-39.149666,-15.628375],[-39.148877,-15.62925],[-39.148549,-15.629605],[-39.148073,-15.630207],[-39.147242,-15.631063],[-39.147197,-15.631122],[-39.146976,-15.631623],[-39.146714,-15.631656],[-39.14654,-15.63166],[-39.145672,-15.6313],[-39.145578,-15.630509],[-39.144646,-15.630166],[-39.143686,-15.629711],[-39.143331,-15.628721],[-39.142461,-15.628404],[-39.137983,-15.630903],[-39.13637,-15.634447],[-39.136114,-15.635051],[-39.136295,-15.635882],[-39.135612,-15.636106],[-39.133928,-15.636667],[-39.132468,-15.63773],[-39.132101,-15.637835],[-39.130324,-15.638592],[-39.13111,-15.639971],[-39.131663,-15.641296],[-39.131724,-15.641435],[-39.132952,-15.641512],[-39.133482,-15.642172],[-39.134619,-15.643498],[-39.135271,-15.644053],[-39.136203,-15.643814],[-39.1371,-15.643698],[-39.1379,-15.64292],[-39.138191,-15.642983],[-39.140502,-15.643549],[-39.140569,-15.643475],[-39.140869,-15.642629],[-39.141169,-15.642662],[-39.142375,-15.642843],[-39.143771,-15.643008],[-39.145543,-15.643143],[-39.145726,-15.643158],[-39.146279,-15.643362],[-39.147411,-15.643524],[-39.14882,-15.643717],[-39.150095,-15.643893],[-39.150631,-15.643968],[-39.15122,-15.643884],[-39.151744,-15.643812],[-39.152257,-15.643756],[-39.152739,-15.643718],[-39.153125,-15.643682],[-39.153742,-15.642607],[-39.154481,-15.641895],[-39.155722,-15.640686],[-39.156473,-15.639937],[-39.157215,-15.639179],[-39.157396,-15.638994],[-39.157647,-15.638424],[-39.157781,-15.638221],[-39.158414,-15.637329],[-39.159125,-15.63648],[-39.159136,-15.636427],[-39.15945,-15.635029],[-39.159543,-15.634496],[-39.159775,-15.633399],[-39.160214,-15.631374],[-39.160391,-15.630574],[-39.160771,-15.62873],[-39.1618,-15.628473],[-39.162053,-15.628312],[-39.162401,-15.627008],[-39.16252,-15.626458],[-39.162696,-15.625617],[-39.163118,-15.624887],[-39.163876,-15.623535],[-39.164012,-15.623322],[-39.164864,-15.6218],[-39.167212,-15.617684],[-39.172045,-15.615467],[-39.174158,-15.616419],[-39.176132,-15.617377],[-39.176838,-15.612912],[-39.176872,-15.612793],[-39.176867,-15.61272],[-39.177316,-15.609989],[-39.178019,-15.605473],[-39.17763,-15.605264],[-39.176974,-15.605081],[-39.176619,-15.605009],[-39.176363,-15.605011],[-39.176168,-15.605075],[-39.176141,-15.605036],[-39.175805,-15.605089],[-39.175672,-15.605109],[-39.175348,-15.604967],[-39.175857,-15.603962],[-39.175859,-15.603278],[-39.175591,-15.603019],[-39.176062,-15.599341],[-39.175817,-15.59842],[-39.175918,-15.597799],[-39.176049,-15.597217]]]}},{"type":"Feature","properties":{"gid":"12602","cd_sipra":"BA0873000","nome_projeto":"PA RUBIM I E RUBIM II","municipio":"SANTA CRUZ CABRALIA","area_hectare_declarada":"1005.4762","capacidade":"40","num_familias":"0","fase":"3","data_de_criacao":"25/09/2014","forma_obtencao":"Desapropriação","data_obtencao":"18/01/2008","area_calc_ha":"1006.2835"},"geometry":{"type":"Polygon","coordinates":[[[-39.120395,-16.11653],[-39.118864,-16.116743],[-39.11614,-16.120615],[-39.114356,-16.120076],[-39.108985,-16.122837],[-39.109133,-16.119904],[-39.103512,-16.119866],[-39.101729,-16.113703],[-39.101621,-16.11345],[-39.101543,-16.113422],[-39.101495,-16.113491],[-39.101565,-16.113558],[-39.10159,-16.113654],[-39.101557,-16.113712],[-39.101215,-16.113761],[-39.101187,-16.113857],[-39.101113,-16.113898],[-39.101019,-16.113875],[-39.100926,-16.113912],[-39.100774,-16.11406],[-39.10061,-16.114162],[-39.100577,-16.114351],[-39.10018,-16.114239],[-39.100075,-16.114287],[-39.099643,-16.114109],[-39.099557,-16.114168],[-39.099364,-16.113971],[-39.099276,-16.113841],[-39.099149,-16.11395],[-39.099053,-16.113901],[-39.098957,-16.113868],[-39.098894,-16.113939],[-39.098999,-16.114125],[-39.098849,-16.11418],[-39.098689,-16.114056],[-39.098441,-16.11393],[-39.098248,-16.113911],[-39.098105,-16.113766],[-39.097826,-16.113738],[-39.097545,-16.113751],[-39.09738,-16.113805],[-39.097801,-16.115127],[-39.098126,-16.11636],[-39.099595,-16.116936],[-39.09977,-16.118175],[-39.09868,-16.119749],[-39.095949,-16.119689],[-39.09679,-16.120865],[-39.097499,-16.122149],[-39.099826,-16.122641],[-39.099303,-16.126236],[-39.098824,-16.127946],[-39.097759,-16.128173],[-39.096874,-16.128901],[-39.096403,-16.129257],[-39.093908,-16.13016],[-39.093243,-16.130327],[-39.088605,-16.131994],[-39.094159,-16.133643],[-39.098198,-16.137386],[-39.098121,-16.139517],[-39.099201,-16.140324],[-39.100104,-16.141591],[-39.100948,-16.142057],[-39.10138,-16.14193],[-39.102139,-16.142092],[-39.104618,-16.142424],[-39.105707,-16.142073],[-39.10603,-16.142082],[-39.106664,-16.142488],[-39.107089,-16.142676],[-39.107432,-16.143295],[-39.107144,-16.144668],[-39.10761,-16.145312],[-39.10816,-16.145478],[-39.109321,-16.145458],[-39.110635,-16.147064],[-39.11102,-16.147153],[-39.1115,-16.148902],[-39.112653,-16.152236],[-39.112304,-16.154875],[-39.112161,-16.155744],[-39.119489,-16.159178],[-39.120271,-16.162046],[-39.120444,-16.162017],[-39.12136,-16.165539],[-39.120664,-16.166794],[-39.120366,-16.167481],[-39.120748,-16.16868],[-39.121299,-16.168409],[-39.121507,-16.168228],[-39.121537,-16.168093],[-39.121689,-16.168006],[-39.121951,-16.167832],[-39.122061,-16.167869],[-39.122146,-16.167983],[-39.122298,-16.167984],[-39.122469,-16.167876],[-39.122906,-16.167989],[-39.122967,-16.168097],[-39.122924,-16.168202],[-39.123006,-16.168295],[-39.123252,-16.168261],[-39.123175,-16.168067],[-39.123279,-16.167998],[-39.123423,-16.167972],[-39.123632,-16.167875],[-39.123806,-16.167698],[-39.123915,-16.167478],[-39.12399,-16.167354],[-39.124197,-16.1673],[-39.124506,-16.167109],[-39.124705,-16.166917],[-39.124956,-16.166797],[-39.125213,-16.166906],[-39.125474,-16.167006],[-39.125714,-16.167022],[-39.125942,-16.166933],[-39.126103,-16.166828],[-39.126223,-16.166562],[-39.126359,-16.166368],[-39.126529,-16.166262],[-39.126867,-16.166286],[-39.127268,-16.166043],[-39.127374,-16.165865],[-39.127405,-16.165683],[-39.127424,-16.165484],[-39.127531,-16.165441],[-39.127712,-16.165483],[-39.128021,-16.165484],[-39.128196,-16.165561],[-39.128323,-16.165681],[-39.128452,-16.165685],[-39.12857,-16.165601],[-39.128679,-16.165472],[-39.128801,-16.165436],[-39.128967,-16.165559],[-39.128969,-16.165714],[-39.128918,-16.165832],[-39.128987,-16.165912],[-39.129162,-16.165902],[-39.12951,-16.165848],[-39.129719,-16.165951],[-39.129863,-16.165959],[-39.129975,-16.165854],[-39.130112,-16.165758],[-39.130376,-16.165662],[-39.130434,-16.165539],[-39.130236,-16.165354],[-39.13028,-16.165086],[-39.130202,-16.164985],[-39.129954,-16.164916],[-39.129908,-16.164802],[-39.130149,-16.164715],[-39.130421,-16.164647],[-39.13096,-16.164501],[-39.131433,-16.164211],[-39.131789,-16.164234],[-39.132267,-16.163949],[-39.132498,-16.163796],[-39.132589,-16.163878],[-39.132558,-16.164128],[-39.132653,-16.164243],[-39.133197,-16.164067],[-39.13345,-16.163913],[-39.133617,-16.16364],[-39.133868,-16.163437],[-39.134213,-16.163338],[-39.13454,-16.16333],[-39.13463,-16.163291],[-39.134692,-16.163418],[-39.134738,-16.163531],[-39.135053,-16.163445],[-39.135138,-16.163313],[-39.135295,-16.162699],[-39.134982,-16.162618],[-39.134851,-16.162553],[-39.134895,-16.162428],[-39.135165,-16.16222],[-39.135342,-16.161953],[-39.135649,-16.161688],[-39.136239,-16.161414],[-39.136551,-16.161511],[-39.136848,-16.161456],[-39.13697,-16.161381],[-39.137259,-16.161453],[-39.137402,-16.161408],[-39.137636,-16.161186],[-39.138205,-16.160874],[-39.138506,-16.16075],[-39.138731,-16.16052],[-39.134542,-16.154741],[-39.132723,-16.152188],[-39.129627,-16.148264],[-39.129214,-16.147799],[-39.128536,-16.148342],[-39.125785,-16.147255],[-39.125456,-16.147091],[-39.123832,-16.145476],[-39.123752,-16.145397],[-39.118988,-16.147231],[-39.116135,-16.148316],[-39.115327,-16.148659],[-39.113013,-16.145409],[-39.115303,-16.141888],[-39.118338,-16.137458],[-39.118437,-16.137249],[-39.11912,-16.134743],[-39.11938,-16.133406],[-39.116149,-16.133474],[-39.116033,-16.133034],[-39.115782,-16.131811],[-39.115348,-16.129309],[-39.114227,-16.12514],[-39.120784,-16.124143],[-39.120134,-16.12227],[-39.118966,-16.11816],[-39.120232,-16.116837],[-39.120395,-16.11653]]]}},{"type":"Feature","properties":{"gid":"830","cd_sipra":"BA0378000","nome_projeto":"PA LORETA VALADARES","municipio":"IBICARAI","area_hectare_declarada":"519.5055","capacidade":"31","num_familias":"31","fase":"4","data_de_criacao":"12/07/2004","forma_obtencao":"Desapropriação","data_obtencao":"23/06/2003","area_calc_ha":"548.3712"},"geometry":{"type":"Polygon","coordinates":[[[-39.463642,-14.839332],[-39.464224,-14.839774],[-39.465128,-14.840489],[-39.465546,-14.840755],[-39.465758,-14.840891],[-39.466532,-14.84078],[-39.466282,-14.841868],[-39.466405,-14.842287],[-39.466471,-14.84241],[-39.467077,-14.843222],[-39.467104,-14.843231],[-39.467425,-14.843171],[-39.467827,-14.843116],[-39.468156,-14.842772],[-39.468673,-14.842857],[-39.469842,-14.842558],[-39.468388,-14.841173],[-39.468355,-14.841059],[-39.469087,-14.840762],[-39.469705,-14.840492],[-39.470494,-14.84032],[-39.471156,-14.840904],[-39.471299,-14.841008],[-39.471501,-14.841168],[-39.472548,-14.841209],[-39.47305,-14.841521],[-39.473888,-14.841792],[-39.474118,-14.841498],[-39.474468,-14.842077],[-39.474944,-14.842206],[-39.476265,-14.842639],[-39.476766,-14.842869],[-39.477139,-14.842875],[-39.477254,-14.842888],[-39.477543,-14.842869],[-39.478276,-14.842821],[-39.479223,-14.842565],[-39.479409,-14.842698],[-39.479462,-14.844123],[-39.479404,-14.844749],[-39.479507,-14.845102],[-39.479734,-14.845408],[-39.479588,-14.845778],[-39.480289,-14.84622],[-39.480679,-14.846235],[-39.48113,-14.847087],[-39.481529,-14.847773],[-39.482121,-14.84797],[-39.483494,-14.847669],[-39.483401,-14.847843],[-39.483435,-14.847973],[-39.482732,-14.848154],[-39.482686,-14.848232],[-39.483451,-14.849253],[-39.483754,-14.849868],[-39.483815,-14.849918],[-39.484003,-14.850058],[-39.484343,-14.850174],[-39.484339,-14.849929],[-39.484253,-14.849523],[-39.484071,-14.849219],[-39.483961,-14.848963],[-39.484063,-14.84898],[-39.48459,-14.849089],[-39.484834,-14.849149],[-39.484816,-14.849391],[-39.484907,-14.849388],[-39.485524,-14.849449],[-39.485682,-14.849686],[-39.485818,-14.849751],[-39.486033,-14.849764],[-39.486105,-14.850082],[-39.485973,-14.850189],[-39.485519,-14.850367],[-39.485181,-14.85036],[-39.485238,-14.850576],[-39.485525,-14.850536],[-39.48561,-14.850782],[-39.485662,-14.851244],[-39.485928,-14.851916],[-39.486449,-14.85219],[-39.486934,-14.853127],[-39.487017,-14.85432],[-39.487404,-14.855089],[-39.487405,-14.85569],[-39.48778,-14.856302],[-39.488232,-14.856692],[-39.488524,-14.857053],[-39.489165,-14.857569],[-39.490007,-14.856929],[-39.490494,-14.856402],[-39.490395,-14.855246],[-39.491286,-14.854725],[-39.49129,-14.85444],[-39.491513,-14.854489],[-39.491888,-14.854653],[-39.492456,-14.854783],[-39.493,-14.854788],[-39.493686,-14.854513],[-39.494059,-14.854292],[-39.494658,-14.853655],[-39.494912,-14.853556],[-39.495528,-14.853167],[-39.495727,-14.852932],[-39.49596,-14.852711],[-39.496066,-14.852746],[-39.496113,-14.852391],[-39.496163,-14.851964],[-39.496211,-14.851493],[-39.496409,-14.851342],[-39.496906,-14.850732],[-39.497524,-14.850163],[-39.497873,-14.849405],[-39.497895,-14.849246],[-39.49863,-14.84883],[-39.498794,-14.848739],[-39.499056,-14.848348],[-39.499384,-14.84771],[-39.499829,-14.84752],[-39.500346,-14.84721],[-39.500882,-14.846458],[-39.499692,-14.844753],[-39.499707,-14.844205],[-39.499804,-14.843548],[-39.499842,-14.842865],[-39.499435,-14.841861],[-39.499339,-14.8413],[-39.499223,-14.840706],[-39.498799,-14.839815],[-39.498776,-14.839046],[-39.498543,-14.837929],[-39.498414,-14.83739],[-39.497193,-14.836549],[-39.496974,-14.836145],[-39.495543,-14.834765],[-39.495099,-14.834431],[-39.493749,-14.833134],[-39.4943,-14.832534],[-39.493029,-14.831612],[-39.492604,-14.831847],[-39.491822,-14.831223],[-39.491553,-14.831402],[-39.491575,-14.832584],[-39.491489,-14.833246],[-39.491219,-14.833593],[-39.491059,-14.834223],[-39.490195,-14.83495],[-39.488913,-14.835727],[-39.488221,-14.836124],[-39.487507,-14.836542],[-39.486333,-14.837029],[-39.48574,-14.837278],[-39.484852,-14.837495],[-39.484704,-14.837606],[-39.484688,-14.837665],[-39.484588,-14.837702],[-39.48446,-14.837766],[-39.484035,-14.837907],[-39.483833,-14.838092],[-39.482498,-14.837582],[-39.482241,-14.837246],[-39.481964,-14.836912],[-39.481693,-14.836633],[-39.481586,-14.836524],[-39.481456,-14.836357],[-39.481296,-14.835959],[-39.481317,-14.835897],[-39.481274,-14.835873],[-39.481281,-14.835731],[-39.480343,-14.835953],[-39.479781,-14.836079],[-39.479188,-14.83616],[-39.479051,-14.836711],[-39.478702,-14.836731],[-39.477831,-14.836845],[-39.47753,-14.836715],[-39.477448,-14.83668],[-39.476924,-14.836209],[-39.476819,-14.836099],[-39.476458,-14.835994],[-39.475404,-14.835812],[-39.474634,-14.835645],[-39.47449,-14.83558],[-39.474291,-14.835487],[-39.473889,-14.835214],[-39.473836,-14.835156],[-39.473375,-14.834709],[-39.473453,-14.834531],[-39.473356,-14.833787],[-39.473338,-14.833326],[-39.473429,-14.833001],[-39.473443,-14.832203],[-39.473396,-14.831959],[-39.473439,-14.831563],[-39.473553,-14.830722],[-39.473531,-14.830396],[-39.473558,-14.829696],[-39.473538,-14.829634],[-39.472314,-14.82827],[-39.47148,-14.827426],[-39.470672,-14.828426],[-39.470288,-14.828898],[-39.469415,-14.82986],[-39.469344,-14.830201],[-39.469279,-14.830666],[-39.46873,-14.832859],[-39.468368,-14.833073],[-39.467482,-14.833491],[-39.467445,-14.833495],[-39.466893,-14.833732],[-39.465789,-14.833511],[-39.465473,-14.83396],[-39.465312,-14.834175],[-39.464695,-14.834297],[-39.463895,-14.834822],[-39.463817,-14.834888],[-39.463547,-14.835611],[-39.462954,-14.83635],[-39.462898,-14.837038],[-39.463234,-14.837085],[-39.463716,-14.83745],[-39.463122,-14.837929],[-39.462431,-14.838494],[-39.463642,-14.839332]]]}},{"type":"Feature","properties":{"gid":"11423","cd_sipra":"BA0448000","nome_projeto":"PA OJEFERSON SANTOS","municipio":"COARACI","area_hectare_declarada":"300.4357","capacidade":"30","num_familias":"28","fase":"3","data_de_criacao":"23/08/2006","forma_obtencao":"Desapropriação","data_obtencao":"02/08/2005","area_calc_ha":"296.8764"},"geometry":{"type":"Polygon","coordinates":[[[-39.552195,-14.715483],[-39.550999,-14.715959],[-39.549325,-14.717377],[-39.548642,-14.718477],[-39.547345,-14.719784],[-39.547366,-14.722008],[-39.547456,-14.722861],[-39.547363,-14.724355],[-39.54875,-14.724735],[-39.549233,-14.726107],[-39.549551,-14.724526],[-39.550814,-14.72426],[-39.551862,-14.724115],[-39.551998,-14.724666],[-39.552052,-14.724911],[-39.552151,-14.725399],[-39.55218,-14.725623],[-39.552219,-14.725877],[-39.552259,-14.726125],[-39.552287,-14.726312],[-39.552362,-14.726765],[-39.552429,-14.727221],[-39.552498,-14.727681],[-39.552501,-14.728092],[-39.552486,-14.728261],[-39.552469,-14.728837],[-39.552435,-14.729331],[-39.550922,-14.729175],[-39.549317,-14.729012],[-39.547666,-14.728786],[-39.547762,-14.730245],[-39.548178,-14.730405],[-39.548665,-14.731439],[-39.549446,-14.731859],[-39.550204,-14.731897],[-39.55164,-14.732066],[-39.551621,-14.732684],[-39.5525,-14.732838],[-39.554118,-14.733182],[-39.555109,-14.733398],[-39.556365,-14.733683],[-39.557327,-14.733891],[-39.558952,-14.734247],[-39.559568,-14.734345],[-39.560168,-14.734519],[-39.560525,-14.734605],[-39.560654,-14.734637],[-39.560925,-14.73469],[-39.561607,-14.734842],[-39.561721,-14.734868],[-39.562846,-14.735118],[-39.564568,-14.7355],[-39.564651,-14.735042],[-39.564636,-14.733235],[-39.564741,-14.731177],[-39.564498,-14.730767],[-39.564924,-14.730128],[-39.565252,-14.729781],[-39.565484,-14.728865],[-39.565901,-14.728301],[-39.565931,-14.727518],[-39.565579,-14.727305],[-39.565671,-14.726993],[-39.565581,-14.726972],[-39.565947,-14.725761],[-39.566091,-14.725474],[-39.566561,-14.724288],[-39.566297,-14.724127],[-39.566347,-14.723719],[-39.566371,-14.722803],[-39.566259,-14.72165],[-39.56656,-14.7207],[-39.565853,-14.720886],[-39.565949,-14.719657],[-39.565818,-14.719177],[-39.565446,-14.719394],[-39.565336,-14.719332],[-39.565061,-14.719279],[-39.564191,-14.719017],[-39.563927,-14.718938],[-39.563819,-14.719082],[-39.563944,-14.719364],[-39.56405,-14.719706],[-39.563912,-14.719833],[-39.563912,-14.719834],[-39.563912,-14.719834],[-39.563911,-14.719834],[-39.563911,-14.719834],[-39.563911,-14.719835],[-39.563911,-14.719835],[-39.563911,-14.719835],[-39.563911,-14.719836],[-39.563911,-14.719836],[-39.563911,-14.719836],[-39.563858,-14.720087],[-39.563925,-14.721617],[-39.563901,-14.722155],[-39.563666,-14.722694],[-39.563737,-14.723059],[-39.563415,-14.723004],[-39.563148,-14.722895],[-39.562859,-14.722723],[-39.562776,-14.722682],[-39.562274,-14.722488],[-39.560995,-14.721993],[-39.56022,-14.721572],[-39.560155,-14.721522],[-39.559949,-14.7213],[-39.559349,-14.72053],[-39.557968,-14.719124],[-39.556967,-14.717604],[-39.556466,-14.716951],[-39.555963,-14.71666],[-39.554405,-14.715439],[-39.553319,-14.715438],[-39.552195,-14.715483]]]}},{"type":"Feature","properties":{"gid":"679","cd_sipra":"BA0312000","nome_projeto":"PA CONJUNTO MINEIRO","municipio":"GANDU","area_hectare_declarada":"323.4813","capacidade":"34","num_familias":"25","fase":"3","data_de_criacao":"14/05/2003","forma_obtencao":"Desapropriação","data_obtencao":"16/01/2002","area_calc_ha":"332.3418"},"geometry":{"type":"Polygon","coordinates":[[[-39.461722,-13.717059],[-39.453402,-13.720506],[-39.453248,-13.720808],[-39.453018,-13.721172],[-39.453006,-13.721511],[-39.45325,-13.721912],[-39.453456,-13.722251],[-39.453945,-13.722877],[-39.45438,-13.723497],[-39.454676,-13.724011],[-39.455075,-13.724738],[-39.455384,-13.725327],[-39.455603,-13.725766],[-39.455989,-13.726418],[-39.456247,-13.727196],[-39.456428,-13.727999],[-39.456481,-13.728513],[-39.453206,-13.731459],[-39.452398,-13.73141],[-39.45132,-13.731173],[-39.450294,-13.7312],[-39.450435,-13.731388],[-39.450539,-13.731915],[-39.450565,-13.732442],[-39.450464,-13.732945],[-39.450311,-13.733409],[-39.45026,-13.733773],[-39.450274,-13.734162],[-39.45021,-13.734439],[-39.450185,-13.734928],[-39.450173,-13.73516],[-39.450084,-13.735348],[-39.450084,-13.7357],[-39.450649,-13.735586],[-39.451162,-13.735497],[-39.451585,-13.735295],[-39.451789,-13.735107],[-39.451917,-13.734818],[-39.451904,-13.734492],[-39.451685,-13.734216],[-39.451441,-13.734028],[-39.451235,-13.733828],[-39.451145,-13.733602],[-39.451081,-13.733401],[-39.451132,-13.733263],[-39.451298,-13.732999],[-39.451528,-13.732723],[-39.451797,-13.732459],[-39.451964,-13.732308],[-39.452182,-13.73227],[-39.452554,-13.732482],[-39.452926,-13.732532],[-39.454473,-13.732131],[-39.454652,-13.732005],[-39.45496,-13.731917],[-39.455268,-13.731941],[-39.455576,-13.731865],[-39.455883,-13.731677],[-39.456306,-13.731563],[-39.456614,-13.73165],[-39.456845,-13.731763],[-39.457077,-13.731963],[-39.457321,-13.732188],[-39.457578,-13.732288],[-39.457924,-13.732074],[-39.458205,-13.731873],[-39.458552,-13.731797],[-39.45877,-13.731797],[-39.459013,-13.731834],[-39.459231,-13.731746],[-39.459987,-13.730928],[-39.459961,-13.730715],[-39.459883,-13.730577],[-39.459755,-13.730452],[-39.459614,-13.730327],[-39.4596,-13.730214],[-39.459549,-13.730088],[-39.459818,-13.7299],[-39.460023,-13.729924],[-39.460241,-13.730012],[-39.460742,-13.729986],[-39.461024,-13.730123],[-39.461268,-13.73016],[-39.461486,-13.730185],[-39.46164,-13.73011],[-39.461883,-13.729833],[-39.462184,-13.729175],[-39.462325,-13.728736],[-39.468325,-13.731567],[-39.472301,-13.731522],[-39.473136,-13.731834],[-39.47375,-13.731118],[-39.473805,-13.727048],[-39.472854,-13.726372],[-39.473943,-13.725667],[-39.474015,-13.723107],[-39.475881,-13.722003],[-39.475363,-13.719223],[-39.473748,-13.71944],[-39.472595,-13.720522],[-39.469365,-13.721519],[-39.469479,-13.72113],[-39.469556,-13.720778],[-39.469593,-13.720339],[-39.469566,-13.719749],[-39.469501,-13.719272],[-39.469488,-13.719021],[-39.471574,-13.716758],[-39.4731,-13.716316],[-39.473588,-13.716566],[-39.473726,-13.715531],[-39.474725,-13.714525],[-39.47398,-13.713987],[-39.471545,-13.712525],[-39.470711,-13.712702],[-39.469251,-13.713797],[-39.468959,-13.715203],[-39.467907,-13.715406],[-39.462108,-13.71751],[-39.461722,-13.717059]]]}},{"type":"Feature","properties":{"gid":"18831","cd_sipra":"BA0956000","nome_projeto":"PA SANTA ISABEL","municipio":"URUCUCA","area_hectare_declarada":"282.5208","capacidade":"24","num_familias":"0","fase":"3","data_de_criacao":"11/08/2016","forma_obtencao":"Desapropriação","data_obtencao":"26/12/2013","area_calc_ha":"282.8821"},"geometry":{"type":"Polygon","coordinates":[[[-39.342459,-14.541997],[-39.34228,-14.542303],[-39.341829,-14.545056],[-39.341667,-14.547368],[-39.341557,-14.548029],[-39.343017,-14.547947],[-39.343175,-14.549064],[-39.343419,-14.549153],[-39.344243,-14.549937],[-39.34583,-14.549774],[-39.346332,-14.549724],[-39.346606,-14.551222],[-39.348367,-14.551911],[-39.349229,-14.551928],[-39.34921,-14.553875],[-39.348439,-14.553603],[-39.345539,-14.552552],[-39.345291,-14.55242],[-39.344774,-14.553536],[-39.344464,-14.554319],[-39.343974,-14.555991],[-39.343816,-14.556359],[-39.343868,-14.557331],[-39.344058,-14.558347],[-39.344032,-14.559196],[-39.343954,-14.560808],[-39.343923,-14.562831],[-39.345772,-14.562806],[-39.347533,-14.566558],[-39.348889,-14.5661],[-39.353597,-14.564512],[-39.353698,-14.56308],[-39.357234,-14.562513],[-39.357582,-14.560603],[-39.357503,-14.560174],[-39.357246,-14.557887],[-39.356265,-14.555664],[-39.356417,-14.554514],[-39.355429,-14.552774],[-39.356269,-14.548464],[-39.355752,-14.546761],[-39.352593,-14.545998],[-39.347462,-14.546158],[-39.346916,-14.543755],[-39.345532,-14.543183],[-39.344545,-14.542732],[-39.342862,-14.541979],[-39.342459,-14.541997]]]}},{"type":"Feature","properties":{"gid":"758","cd_sipra":"BA0382000","nome_projeto":"PA FAZ DOIS IRMAOS","municipio":"WENCESLAU GUIMARAES","area_hectare_declarada":"304.6863","capacidade":"21","num_familias":"19","fase":"4","data_de_criacao":"29/07/2004","forma_obtencao":"Desapropriação","data_obtencao":"29/09/2003","area_calc_ha":"304.8978"},"geometry":{"type":"Polygon","coordinates":[[[-39.637657,-13.669827],[-39.635749,-13.669474],[-39.634661,-13.669372],[-39.637204,-13.665176],[-39.635728,-13.664643],[-39.63131,-13.664057],[-39.630678,-13.663924],[-39.629581,-13.665274],[-39.628899,-13.666017],[-39.626415,-13.667012],[-39.626444,-13.668019],[-39.626355,-13.668172],[-39.625429,-13.668332],[-39.623862,-13.668755],[-39.623166,-13.669234],[-39.622906,-13.669533],[-39.622354,-13.671535],[-39.620829,-13.67317],[-39.621348,-13.673741],[-39.621956,-13.673839],[-39.622284,-13.674391],[-39.622184,-13.675003],[-39.621964,-13.675577],[-39.621918,-13.676452],[-39.622111,-13.677093],[-39.622531,-13.679124],[-39.623882,-13.680144],[-39.624205,-13.680584],[-39.625133,-13.681288],[-39.625563,-13.681645],[-39.626168,-13.680089],[-39.628078,-13.677991],[-39.630153,-13.678437],[-39.629418,-13.680487],[-39.629486,-13.682065],[-39.63107,-13.682419],[-39.632947,-13.68182],[-39.633129,-13.681716],[-39.633348,-13.681507],[-39.633209,-13.679819],[-39.633233,-13.679503],[-39.633766,-13.678768],[-39.634449,-13.679104],[-39.635867,-13.679287],[-39.636534,-13.68019],[-39.63662,-13.680511],[-39.636566,-13.680923],[-39.636881,-13.681071],[-39.637654,-13.681001],[-39.638008,-13.681066],[-39.640215,-13.68126],[-39.640709,-13.681098],[-39.640967,-13.680461],[-39.640944,-13.679001],[-39.640831,-13.677762],[-39.641615,-13.674813],[-39.641879,-13.673078],[-39.642754,-13.670424],[-39.641227,-13.670086],[-39.64063,-13.670125],[-39.637657,-13.669827]]]}},{"type":"Feature","properties":{"gid":"651","cd_sipra":"BA0456000","nome_projeto":"PA FAZENDA SAO JOAO","municipio":"NILO PECANHA","area_hectare_declarada":"414.8680","capacidade":"30","num_familias":"29","fase":"3","data_de_criacao":"10/12/2004","forma_obtencao":"Desapropriação","data_obtencao":"23/06/2003","area_calc_ha":"420.0192"},"geometry":{"type":"Polygon","coordinates":[[[-39.133535,-13.623739],[-39.13214,-13.62429],[-39.127493,-13.624258],[-39.126641,-13.6243],[-39.126125,-13.624724],[-39.121934,-13.624524],[-39.119397,-13.624799],[-39.116979,-13.624973],[-39.115288,-13.625106],[-39.113669,-13.625242],[-39.111517,-13.625384],[-39.108994,-13.625573],[-39.1076,-13.627427],[-39.107268,-13.628324],[-39.106784,-13.629947],[-39.106109,-13.630043],[-39.103974,-13.629228],[-39.101975,-13.630083],[-39.100424,-13.629632],[-39.099534,-13.631204],[-39.108961,-13.631152],[-39.110228,-13.631052],[-39.111575,-13.630918],[-39.113496,-13.63072],[-39.117282,-13.630096],[-39.120933,-13.630028],[-39.123558,-13.629514],[-39.127118,-13.629151],[-39.129522,-13.628909],[-39.146686,-13.62724],[-39.153582,-13.626405],[-39.162433,-13.625483],[-39.164084,-13.625036],[-39.165566,-13.625453],[-39.168421,-13.625191],[-39.175153,-13.624139],[-39.18149,-13.623944],[-39.180387,-13.620881],[-39.179976,-13.619996],[-39.179309,-13.619713],[-39.175414,-13.620099],[-39.171019,-13.620464],[-39.157122,-13.621715],[-39.150189,-13.62234],[-39.14397,-13.622899],[-39.141685,-13.623093],[-39.135317,-13.623632],[-39.133535,-13.623739]]]}},{"type":"Feature","properties":{"gid":"20597","cd_sipra":"BA0032000","nome_projeto":"PA FAZ GUAÍRA","municipio":"PRADO","area_hectare_declarada":"742.6325","capacidade":"25","num_familias":"23","fase":"3","data_de_criacao":"12/05/1987","forma_obtencao":"Doação","data_obtencao":"01/04/1987","area_calc_ha":"715.6398"},"geometry":{"type":"Polygon","coordinates":[[[-39.291308,-17.130794],[-39.291085,-17.130901],[-39.29093,-17.131024],[-39.290755,-17.131212],[-39.289859,-17.131433],[-39.28951,-17.131587],[-39.288889,-17.131876],[-39.288604,-17.131836],[-39.288198,-17.132084],[-39.287803,-17.132217],[-39.287369,-17.132282],[-39.286976,-17.132662],[-39.285716,-17.136727],[-39.283839,-17.142644],[-39.283798,-17.142716],[-39.282414,-17.146846],[-39.2824,-17.14688],[-39.280066,-17.15326],[-39.278421,-17.158109],[-39.283763,-17.159775],[-39.284818,-17.16011],[-39.284907,-17.160146],[-39.287141,-17.160881],[-39.289024,-17.16151],[-39.294771,-17.1634],[-39.300402,-17.165326],[-39.300495,-17.165361],[-39.300505,-17.165361],[-39.301959,-17.161133],[-39.303566,-17.156357],[-39.306421,-17.147856],[-39.308513,-17.142061],[-39.307389,-17.141634],[-39.30733,-17.141566],[-39.307139,-17.141544],[-39.306428,-17.141223],[-39.305431,-17.140902],[-39.300124,-17.139244],[-39.299678,-17.139085],[-39.299098,-17.138678],[-39.298475,-17.13822],[-39.298218,-17.138016],[-39.298504,-17.137946],[-39.29927,-17.137424],[-39.300105,-17.136987],[-39.300529,-17.137134],[-39.300844,-17.137105],[-39.301198,-17.137162],[-39.301569,-17.137188],[-39.301992,-17.137173],[-39.302333,-17.137196],[-39.302581,-17.13713],[-39.302728,-17.137033],[-39.30293,-17.136909],[-39.302148,-17.136367],[-39.301927,-17.136238],[-39.301032,-17.135633],[-39.30096,-17.135603],[-39.300753,-17.135465],[-39.299762,-17.134831],[-39.299301,-17.134603],[-39.298868,-17.134499],[-39.297402,-17.134406],[-39.297214,-17.134362],[-39.296144,-17.133874],[-39.295947,-17.133756],[-39.295924,-17.133841],[-39.294136,-17.137581],[-39.293829,-17.137821],[-39.293296,-17.137914],[-39.29325,-17.137999],[-39.293025,-17.138108],[-39.2925,-17.138354],[-39.29235,-17.138457],[-39.291914,-17.138777],[-39.291073,-17.139109],[-39.290895,-17.139177],[-39.2904,-17.139434],[-39.289927,-17.139629],[-39.289771,-17.139583],[-39.290289,-17.134848],[-39.2948,-17.132988],[-39.294888,-17.132953],[-39.294821,-17.132901],[-39.292973,-17.131473],[-39.292796,-17.131386],[-39.292147,-17.131091],[-39.291308,-17.130794]]]}}]}