{
"type": "FeatureCollection",
"name": "indigenas",
"crs": { "type": "name", "properties": { "name": "urn:ogc:def:crs:EPSG::4674" } },
"features": [
{ "type": "Feature", "properties": { "gid": 1, "terrai_cod": 501, "terrai_nom": "Águas Belas", "etnia_nome": "Pataxó", "municipio_": "Prado", "uf_sigla": "BA", "fase_ti": "Regularizada", "modalidade": "Tradicionalmente ocupada", "cr": "COORDENACAO REGIONAL SUL DA BAHIA" }, "geometry": { "type": "MultiPolygon", "coordinates": [ [ [ [ -39.30549018, -16.90607526 ], [ -39.30500726, -16.90589998 ], [ -39.30478519, -16.90578479 ], [ -39.30438182, -16.90556554 ], [ -39.3040956, -16.9054989 ], [ -39.30355558, -16.9054319 ], [ -39.30294516, -16.90538761 ], [ -39.30233489, -16.90543371 ], [ -39.30181852, -16.90547967 ], [ -39.3011379, -16.90557107 ], [ -39.30043373, -16.9056173 ], [ -39.29980016, -16.90577642 ], [ -39.29921369, -16.90602587 ], [ -39.2986977, -16.9063205 ], [ -39.2983693, -16.90647917 ], [ -39.29808789, -16.90666037 ], [ -39.29752474, -16.90681938 ], [ -39.29703181, -16.90684269 ], [ -39.29656248, -16.90695637 ], [ -39.29576455, -16.90709312 ], [ -39.29524814, -16.90711646 ], [ -39.29475527, -16.90718497 ], [ -39.29430946, -16.9073212 ], [ -39.29391059, -16.90745737 ], [ -39.2932535, -16.90759391 ], [ -39.29258984, -16.90791251 ], [ -39.29217651, -16.90811152 ], [ -39.28995268, -16.90461546 ], [ -39.27795816, -16.91019975 ], [ -39.27649764, -16.91117891 ], [ -39.27628282, -16.91132474 ], [ -39.27606326, -16.91144797 ], [ -39.27587754, -16.91158834 ], [ -39.27570964, -16.9117115 ], [ -39.27546104, -16.91187997 ], [ -39.27531008, -16.91203114 ], [ -39.27515347, -16.91217688 ], [ -39.27500906, -16.91231719 ], [ -39.2748759, -16.91244031 ], [ -39.27478309, -16.91254168 ], [ -39.27462081, -16.91266483 ], [ -39.2743197, -16.91288128 ], [ -39.27412276, -16.91306053 ], [ -39.27393141, -16.91320632 ], [ -39.27361343, -16.91345172 ], [ -39.27340241, -16.91363279 ], [ -39.2732148, -16.91376864 ], [ -39.27288637, -16.91392727 ], [ -39.27269879, -16.91408571 ], [ -39.27248773, -16.91424427 ], [ -39.27227671, -16.91442535 ], [ -39.27201873, -16.91460648 ], [ -39.27187807, -16.91474226 ], [ -39.271714, -16.91492327 ], [ -39.27157337, -16.91508165 ], [ -39.27145619, -16.9152174 ], [ -39.27129205, -16.91535321 ], [ -39.27108099, -16.91551168 ], [ -39.27089344, -16.91569272 ], [ -39.27070592, -16.91589636 ], [ -39.27054185, -16.91607737 ], [ -39.27028393, -16.9163037 ], [ -39.27000261, -16.91657526 ], [ -39.26979158, -16.91675633 ], [ -39.26932257, -16.91711853 ], [ -39.26911154, -16.9172996 ], [ -39.26892399, -16.91748063 ], [ -39.26871293, -16.9176391 ], [ -39.26838451, -16.91782033 ], [ -39.26789177, -16.91800176 ], [ -39.2675164, -16.91818305 ], [ -39.26723491, -16.9183417 ], [ -39.26700027, -16.9184324 ], [ -39.26674222, -16.91856833 ], [ -39.26648411, -16.91865906 ], [ -39.26627295, -16.91874973 ], [ -39.2660853, -16.91886297 ], [ -39.26580377, -16.91899893 ], [ -39.26552227, -16.91915749 ], [ -39.26533465, -16.91929333 ], [ -39.26512349, -16.919384 ], [ -39.26493584, -16.91949723 ], [ -39.26446659, -16.91970123 ], [ -39.2640442, -16.91983737 ], [ -39.2635984, -16.92001874 ], [ -39.26329345, -16.92013212 ], [ -39.26301186, -16.92022288 ], [ -39.26263642, -16.92035896 ], [ -39.26235483, -16.92044971 ], [ -39.2619325, -16.92063105 ], [ -39.26162746, -16.92074443 ], [ -39.26141629, -16.9208351 ], [ -39.2610643, -16.92094854 ], [ -39.26073578, -16.92106196 ], [ -39.2605011, -16.92113005 ], [ -39.26024298, -16.92122078 ], [ -39.26000828, -16.92126627 ], [ -39.25972662, -16.92131183 ], [ -39.25935105, -16.9213575 ], [ -39.25892853, -16.92140324 ], [ -39.25850598, -16.92142637 ], [ -39.25714433, -16.92142809 ], [ -39.25679221, -16.92145113 ], [ -39.25639314, -16.92147423 ], [ -39.25590018, -16.92152004 ], [ -39.25540717, -16.92152066 ], [ -39.25503157, -16.92154373 ], [ -39.25474988, -16.92156668 ], [ -39.25444475, -16.92161225 ], [ -39.25409265, -16.92165789 ], [ -39.25376404, -16.9217035 ], [ -39.25357626, -16.92172633 ], [ -39.25334155, -16.92177182 ], [ -39.25310687, -16.9218399 ], [ -39.25270782, -16.92188559 ], [ -39.25223841, -16.92197657 ], [ -39.25176902, -16.92209014 ], [ -39.25151081, -16.92211306 ], [ -39.2512996, -16.92218112 ], [ -39.25106493, -16.9222492 ], [ -39.25073634, -16.92231749 ], [ -39.25038431, -16.92240832 ], [ -39.25010273, -16.92252166 ], [ -39.24986811, -16.92263494 ], [ -39.24968044, -16.92274816 ], [ -39.24942238, -16.92288407 ], [ -39.24916437, -16.92306518 ], [ -39.24892987, -16.92326885 ], [ -39.24860154, -16.92354044 ], [ -39.24817931, -16.92381214 ], [ -39.24773366, -16.92412907 ], [ -39.24747574, -16.92437797 ], [ -39.24721778, -16.92460427 ], [ -39.24703023, -16.92480788 ], [ -39.24677222, -16.92498899 ], [ -39.24651417, -16.92514749 ], [ -39.24634995, -16.92523808 ], [ -39.24609185, -16.92535139 ], [ -39.24583377, -16.92548729 ], [ -39.24559912, -16.92557797 ], [ -39.24531748, -16.92564611 ], [ -39.24510627, -16.92571416 ], [ -39.24482457, -16.92573709 ], [ -39.24419068, -16.92573785 ], [ -39.24372117, -16.92576101 ], [ -39.24329857, -16.92576151 ], [ -39.24298693, -16.92579244 ], [ -39.24240544, -16.92578942 ], [ -39.24671889, -16.93523314 ], [ -39.24755351, -16.93509771 ], [ -39.24816984, -16.9350722 ], [ -39.24906321, -16.93540458 ], [ -39.2496505, -16.93565245 ], [ -39.25009671, -16.9357423 ], [ -39.2507306, -16.93571893 ], [ -39.25110626, -16.93571846 ], [ -39.25162282, -16.93574043 ], [ -39.25265581, -16.93569396 ], [ -39.25380614, -16.93560213 ], [ -39.25436962, -16.93560143 ], [ -39.25495656, -16.9355781 ], [ -39.2553087, -16.93555506 ], [ -39.25570775, -16.93548677 ], [ -39.25636502, -16.93539555 ], [ -39.25692835, -16.93528185 ], [ -39.25760898, -16.9351002 ], [ -39.25817228, -16.9349639 ], [ -39.25880583, -16.93469191 ], [ -39.25922816, -16.93448798 ], [ -39.25976776, -16.93419342 ], [ -39.26058885, -16.9337178 ], [ -39.2609173, -16.93353659 ], [ -39.2612691, -16.93326495 ], [ -39.26185574, -16.93303821 ], [ -39.26230161, -16.93287945 ], [ -39.26281803, -16.93281099 ], [ -39.26328744, -16.93276519 ], [ -39.26378032, -16.93265156 ], [ -39.26436712, -16.93253781 ], [ -39.26481305, -16.93242423 ], [ -39.26525894, -16.93228806 ], [ -39.26603343, -16.93208367 ], [ -39.26666715, -16.93194725 ], [ -39.26732447, -16.93190119 ], [ -39.26842759, -16.93165116 ], [ -39.26892037, -16.93146972 ], [ -39.26953054, -16.93128812 ], [ -39.27014067, -16.93108393 ], [ -39.27068054, -16.93099282 ], [ -39.27124375, -16.93081128 ], [ -39.27197127, -16.93060692 ], [ -39.27245673, -16.93055837 ], [ -39.27265203, -16.93053822 ], [ -39.27328616, -16.93069557 ], [ -39.27380307, -16.93096606 ], [ -39.27417921, -16.93130454 ], [ -39.27446156, -16.93173354 ], [ -39.27479078, -16.93209468 ], [ -39.27519033, -16.93238793 ], [ -39.27549558, -16.93241011 ], [ -39.27587107, -16.93229661 ], [ -39.27615251, -16.93209284 ], [ -39.27652779, -16.93184375 ], [ -39.27671525, -16.93159491 ], [ -39.27709031, -16.93118762 ], [ -39.27746582, -16.93109671 ], [ -39.2781936, -16.93107313 ], [ -39.2787337, -16.93114019 ], [ -39.27929723, -16.93118462 ], [ -39.27974331, -16.93118401 ], [ -39.28016585, -16.93113823 ], [ -39.28056474, -16.93097949 ], [ -39.28084624, -16.93082091 ], [ -39.28124506, -16.93061697 ], [ -39.28178472, -16.93039024 ], [ -39.28260624, -16.93025342 ], [ -39.28338084, -16.93013936 ], [ -39.28403784, -16.92988986 ], [ -39.2847417, -16.92957249 ], [ -39.28516375, -16.92921032 ], [ -39.28542167, -16.92898398 ], [ -39.28565604, -16.92871246 ], [ -39.28586692, -16.92844098 ], [ -39.28610122, -16.92812427 ], [ -39.28640592, -16.92778486 ], [ -39.28652296, -16.92755871 ], [ -39.28675716, -16.9271742 ], [ -39.28689754, -16.92685762 ], [ -39.28717869, -16.92647304 ], [ -39.2873662, -16.9262693 ], [ -39.28764734, -16.92588472 ], [ -39.28795217, -16.9256357 ], [ -39.28818654, -16.92543198 ], [ -39.28858527, -16.92518283 ], [ -39.28919523, -16.92488819 ], [ -39.28989906, -16.92457081 ], [ -39.29048574, -16.92441178 ], [ -39.29121319, -16.92418476 ], [ -39.2919407, -16.92400293 ], [ -39.2925743, -16.92382123 ], [ -39.29320817, -16.92382033 ], [ -39.29381868, -16.92388725 ], [ -39.29454678, -16.92408959 ], [ -39.29520435, -16.92422423 ], [ -39.29581458, -16.92411036 ], [ -39.29628387, -16.92395149 ], [ -39.29672955, -16.92370225 ], [ -39.29712837, -16.92352088 ], [ -39.29769146, -16.92329407 ], [ -39.29820781, -16.92320293 ], [ -39.2987242, -16.92313438 ], [ -39.29914664, -16.92304336 ], [ -39.2994751, -16.92290729 ], [ -39.29989715, -16.92256769 ], [ -39.30020195, -16.92231865 ], [ -39.30045973, -16.9220244 ], [ -39.30081142, -16.9217301 ], [ -39.30116314, -16.92145839 ], [ -39.3015617, -16.92111882 ], [ -39.30196051, -16.92093744 ], [ -39.30268822, -16.92089117 ], [ -39.3031813, -16.92093564 ], [ -39.30365098, -16.92102534 ], [ -39.30428495, -16.92109219 ], [ -39.30498936, -16.92115894 ], [ -39.30548252, -16.9212486 ], [ -39.30630431, -16.92131517 ], [ -39.30684431, -16.92133695 ], [ -39.30733721, -16.92126842 ], [ -39.30778323, -16.92124515 ], [ -39.30835666, -16.92109486 ], [ -39.3087673, -16.92097058 ], [ -39.30928051, -16.92074725 ], [ -39.31010609, -16.92055011 ], [ -39.30549018, -16.90607526 ] ] ] ] } },
{ "type": "Feature", "properties": { "gid": 2, "terrai_cod": 901, "terrai_nom": "Aldeia Velha", "etnia_nome": "Pataxó", "municipio_": "Porto Seguro", "uf_sigla": "BA", "fase_ti": "Declarada", "modalidade": "Tradicionalmente ocupada", "cr": "COORDENACAO REGIONAL SUL DA BAHIA" }, "geometry": { "type": "MultiPolygon", "coordinates": [ [ [ [ -39.12989761, -16.45137115 ], [ -39.13008878, -16.45088694 ], [ -39.13044981, -16.45036391 ], [ -39.1306219, -16.4498709 ], [ -39.13067148, -16.44941602 ], [ -39.13067119, -16.44939786 ], [ -39.13058777, -16.44891768 ], [ -39.13026996, -16.44858627 ], [ -39.12983838, -16.44824743 ], [ -39.1291708, -16.44795746 ], [ -39.12842368, -16.44776859 ], [ -39.12788282, -16.44770385 ], [ -39.12743969, -16.44782842 ], [ -39.12697103, -16.44813502 ], [ -39.12651301, -16.44851413 ], [ -39.12631091, -16.44890766 ], [ -39.12619302, -16.44923637 ], [ -39.12601543, -16.4493843 ], [ -39.12575002, -16.44937002 ], [ -39.12572147, -16.44936136 ], [ -39.12556636, -16.44913655 ], [ -39.12556607, -16.44911839 ], [ -39.12557345, -16.44839163 ], [ -39.12563221, -16.44791844 ], [ -39.12585938, -16.44731563 ], [ -39.12596722, -16.44694939 ], [ -39.12594908, -16.44640467 ], [ -39.12578436, -16.44617092 ], [ -39.1257462, -16.44615332 ], [ -39.12544162, -16.44605786 ], [ -39.12502964, -16.44620664 ], [ -39.12450129, -16.44633245 ], [ -39.12421109, -16.44654561 ], [ -39.12413925, -16.4467919 ], [ -39.12427158, -16.44737129 ], [ -39.12423983, -16.44793613 ], [ -39.12410528, -16.44857663 ], [ -39.12404153, -16.44911893 ], [ -39.12412514, -16.44982565 ], [ -39.12411839, -16.45031159 ], [ -39.12402283, -16.4506739 ], [ -39.12369774, -16.45116451 ], [ -39.12319436, -16.45136621 ], [ -39.1227302, -16.45130359 ], [ -39.12246686, -16.45112698 ], [ -39.12240435, -16.45083639 ], [ -39.12235013, -16.450157 ], [ -39.12207798, -16.44942527 ], [ -39.12166663, -16.4490426 ], [ -39.12111257, -16.44878695 ], [ -39.12069336, -16.44882084 ], [ -39.12035003, -16.44907572 ], [ -39.12020363, -16.44988298 ], [ -39.12016007, -16.45078591 ], [ -39.11976413, -16.45137473 ], [ -39.11933351, -16.45160313 ], [ -39.1189281, -16.45159517 ], [ -39.11838671, -16.45122828 ], [ -39.11810273, -16.45066328 ], [ -39.11797882, -16.45015147 ], [ -39.11805662, -16.44958119 ], [ -39.11843545, -16.44882605 ], [ -39.11899256, -16.44835983 ], [ -39.12014339, -16.4479127 ], [ -39.12058515, -16.44747593 ], [ -39.12081116, -16.44712559 ], [ -39.12083371, -16.4467227 ], [ -39.12081924, -16.44672291 ], [ -39.12065411, -16.44635053 ], [ -39.12063257, -16.44590663 ], [ -39.12053957, -16.4455193 ], [ -39.12028739, -16.44513429 ], [ -39.11950676, -16.44511796 ], [ -39.11884024, -16.44507216 ], [ -39.11807441, -16.44515273 ], [ -39.1173691, -16.445399 ], [ -39.11682495, -16.44576786 ], [ -39.11653054, -16.44636906 ], [ -39.1164988, -16.44710525 ], [ -39.11694747, -16.44801489 ], [ -39.11712008, -16.44885914 ], [ -39.11707541, -16.44969267 ], [ -39.1166865, -16.45072558 ], [ -39.11607501, -16.45141471 ], [ -39.11512818, -16.45178939 ], [ -39.11428843, -16.45177388 ], [ -39.11339934, -16.45138429 ], [ -39.11280907, -16.45067106 ], [ -39.11243279, -16.44976037 ], [ -39.11192671, -16.44887933 ], [ -39.11097399, -16.44812972 ], [ -39.11019947, -16.44773846 ], [ -39.10950291, -16.44762367 ], [ -39.10868468, -16.44805201 ], [ -39.10764739, -16.44835861 ], [ -39.10649364, -16.44862525 ], [ -39.10546918, -16.44865404 ], [ -39.1046117, -16.44843052 ], [ -39.10397894, -16.44777341 ], [ -39.10330144, -16.44703365 ], [ -39.10286665, -16.44608213 ], [ -39.10286929, -16.44533047 ], [ -39.10304732, -16.44468934 ], [ -39.10382855, -16.44404806 ], [ -39.1045314, -16.44334906 ], [ -39.10484251, -16.44288645 ], [ -39.10479317, -16.44251237 ], [ -39.10437288, -16.44247683 ], [ -39.10311748, -16.44271716 ], [ -39.10180679, -16.44312486 ], [ -39.10058305, -16.44362851 ], [ -39.09975079, -16.44408479 ], [ -39.09904701, -16.44442815 ], [ -39.09773108, -16.44450276 ], [ -39.09670322, -16.44448989 ], [ -39.09620881, -16.44434436 ], [ -39.09554248, -16.44431237 ], [ -39.09443021, -16.44442567 ], [ -39.09334232, -16.44427485 ], [ -39.09183019, -16.44383865 ], [ -39.09057784, -16.44335702 ], [ -39.09006391, -16.44342001 ], [ -39.08970739, -16.44375832 ], [ -39.08939363, -16.44405437 ], [ -39.08879308, -16.44452113 ], [ -39.08820786, -16.4450432 ], [ -39.08780543, -16.44614565 ], [ -39.08756718, -16.4472111 ], [ -39.08733951, -16.44838041 ], [ -39.08697244, -16.44896873 ], [ -39.08635937, -16.4495606 ], [ -39.0854139, -16.45018504 ], [ -39.08436234, -16.45050562 ], [ -39.08329708, -16.45077085 ], [ -39.08232886, -16.45086812 ], [ -39.08222778, -16.45088346 ], [ -39.08176254, -16.45075136 ], [ -39.08125476, -16.4506754 ], [ -39.08053295, -16.45079687 ], [ -39.07977489, -16.45137696 ], [ -39.07874274, -16.45210188 ], [ -39.07770999, -16.45269977 ], [ -39.07659923, -16.45293787 ], [ -39.07580161, -16.45283831 ], [ -39.07490008, -16.45257366 ], [ -39.07403936, -16.45214185 ], [ -39.07333998, -16.45184653 ], [ -39.07287604, -16.45179768 ], [ -39.07272163, -16.45210529 ], [ -39.07275752, -16.45254898 ], [ -39.07256308, -16.45309492 ], [ -39.07211282, -16.45392038 ], [ -39.07184417, -16.4543268 ], [ -39.07161372, -16.45439952 ], [ -39.07133964, -16.45445899 ], [ -39.07116582, -16.45451138 ], [ -39.07101481, -16.45441886 ], [ -39.07085658, -16.45430193 ], [ -39.07074951, -16.45419456 ], [ -39.07057943, -16.45409861 ], [ -39.070422, -16.45417669 ], [ -39.070146, -16.45436882 ], [ -39.07005522, -16.4545601 ], [ -39.06995326, -16.45467784 ], [ -39.06983762, -16.45477691 ], [ -39.06977409, -16.45492542 ], [ -39.06988399, -16.45512283 ], [ -39.06975159, -16.45527176 ], [ -39.0696036, -16.45544579 ], [ -39.06945775, -16.45559191 ], [ -39.06925785, -16.45574998 ], [ -39.06906812, -16.45594875 ], [ -39.06898231, -16.45607659 ], [ -39.06885672, -16.45606884 ], [ -39.06880767, -16.45592406 ], [ -39.06869596, -16.45585042 ], [ -39.06864262, -16.45594843 ], [ -39.06871622, -16.45611028 ], [ -39.06873241, -16.45614412 ], [ -39.06884233, -16.45629414 ], [ -39.06895882, -16.45649821 ], [ -39.06909647, -16.45672374 ], [ -39.06911158, -16.45675541 ], [ -39.0691267, -16.45677933 ], [ -39.06922404, -16.45696793 ], [ -39.06936358, -16.45726069 ], [ -39.06953015, -16.4575265 ], [ -39.06954464, -16.45754176 ], [ -39.06966528, -16.45774272 ], [ -39.06968653, -16.45777244 ], [ -39.06970043, -16.45780181 ], [ -39.06979727, -16.45799138 ], [ -39.06979663, -16.45801261 ], [ -39.06998244, -16.45828596 ], [ -39.07022468, -16.45848186 ], [ -39.07063047, -16.45871457 ], [ -39.07091836, -16.45883278 ], [ -39.07103015, -16.45884381 ], [ -39.07113977, -16.45881423 ], [ -39.07166623, -16.45868817 ], [ -39.07213196, -16.45852507 ], [ -39.07311192, -16.45824719 ], [ -39.07366163, -16.45822539 ], [ -39.0743742, -16.45843723 ], [ -39.07478222, -16.45861182 ], [ -39.0753911, -16.45867246 ], [ -39.07598421, -16.45865003 ], [ -39.07643369, -16.45869908 ], [ -39.0767415, -16.45894452 ], [ -39.0771175, -16.45927055 ], [ -39.07742554, -16.45952986 ], [ -39.07765522, -16.45963916 ], [ -39.07784054, -16.45985143 ], [ -39.07805647, -16.46032859 ], [ -39.07813277, -16.46038323 ], [ -39.07820687, -16.46040002 ], [ -39.07835288, -16.46041258 ], [ -39.0787123, -16.4603581 ], [ -39.079057, -16.46018655 ], [ -39.07931727, -16.46016892 ], [ -39.0794808, -16.46044419 ], [ -39.07954478, -16.46083194 ], [ -39.07973921, -16.4612317 ], [ -39.08014941, -16.46154505 ], [ -39.08011539, -16.46241306 ], [ -39.08004053, -16.46262101 ], [ -39.07989069, -16.46274762 ], [ -39.07964717, -16.46289236 ], [ -39.07956292, -16.46305511 ], [ -39.07963794, -16.46323588 ], [ -39.0797036, -16.46343473 ], [ -39.07974115, -16.46362456 ], [ -39.07972248, -16.46379633 ], [ -39.07963823, -16.46395908 ], [ -39.07963577, -16.46413202 ], [ -39.07975013, -16.4645538 ], [ -39.0793716, -16.4685498 ], [ -39.07863857, -16.47629358 ], [ -39.07927468, -16.47657569 ], [ -39.08317416, -16.47950717 ], [ -39.08525628, -16.47905968 ], [ -39.08516772, -16.48165543 ], [ -39.08529282, -16.4816863 ], [ -39.08551695, -16.48172709 ], [ -39.08578121, -16.4817465 ], [ -39.08587543, -16.48173666 ], [ -39.08593003, -16.48171912 ], [ -39.08618257, -16.48163538 ], [ -39.08648604, -16.48152308 ], [ -39.08681561, -16.48144662 ], [ -39.08713559, -16.48144231 ], [ -39.08727901, -16.48145037 ], [ -39.08750953, -16.48146637 ], [ -39.08770289, -16.48147961 ], [ -39.08780121, -16.48148731 ], [ -39.08836, -16.48153894 ], [ -39.08881004, -16.48158513 ], [ -39.0895896, -16.48174998 ], [ -39.08987353, -16.48184231 ], [ -39.09010289, -16.48191723 ], [ -39.09070492, -16.48203672 ], [ -39.09078233, -16.48202075 ], [ -39.09103279, -16.48192895 ], [ -39.09129475, -16.48181818 ], [ -39.09148386, -16.48173852 ], [ -39.0916592, -16.481664 ], [ -39.09194127, -16.48154154 ], [ -39.09212619, -16.48146093 ], [ -39.09225038, -16.48139993 ], [ -39.09251348, -16.48125635 ], [ -39.09280405, -16.48109165 ], [ -39.09307239, -16.48093911 ], [ -39.093256, -16.48083827 ], [ -39.09353343, -16.48067959 ], [ -39.09389832, -16.48047678 ], [ -39.09427535, -16.48029959 ], [ -39.0944084, -16.48024752 ], [ -39.09471048, -16.48013525 ], [ -39.09498424, -16.48003392 ], [ -39.0952702, -16.47992776 ], [ -39.09549913, -16.47984355 ], [ -39.09591466, -16.47969129 ], [ -39.09622164, -16.47963501 ], [ -39.09653592, -16.47960426 ], [ -39.09681264, -16.47957073 ], [ -39.09727972, -16.47953483 ], [ -39.09759537, -16.47952559 ], [ -39.09809261, -16.47948888 ], [ -39.09820196, -16.47947043 ], [ -39.09846662, -16.47941503 ], [ -39.0987347, -16.47935911 ], [ -39.09910108, -16.47928309 ], [ -39.09951952, -16.47919935 ], [ -39.09993411, -16.47915258 ], [ -39.10026511, -16.47917216 ], [ -39.10043086, -16.47919875 ], [ -39.10068948, -16.47926737 ], [ -39.10099296, -16.4793936 ], [ -39.10124515, -16.47950851 ], [ -39.10161094, -16.47967251 ], [ -39.10197611, -16.4797857 ], [ -39.10204623, -16.47979507 ], [ -39.1023455, -16.47980479 ], [ -39.10263029, -16.47978614 ], [ -39.10298368, -16.47976429 ], [ -39.10335862, -16.47978003 ], [ -39.10369678, -16.47980459 ], [ -39.10392537, -16.47980715 ], [ -39.1042232, -16.47986026 ], [ -39.10457218, -16.47995238 ], [ -39.10490185, -16.48005727 ], [ -39.10515326, -16.480137 ], [ -39.10547423, -16.48023606 ], [ -39.10563502, -16.48028235 ], [ -39.1060055, -16.48036869 ], [ -39.10613297, -16.48039318 ], [ -39.10652572, -16.48045647 ], [ -39.10692501, -16.4805172 ], [ -39.10741209, -16.48059292 ], [ -39.10775694, -16.4806469 ], [ -39.1080502, -16.48069262 ], [ -39.10845137, -16.48075525 ], [ -39.10894904, -16.48084341 ], [ -39.10932136, -16.48091491 ], [ -39.10975261, -16.48100369 ], [ -39.11020291, -16.48102481 ], [ -39.11029494, -16.48101123 ], [ -39.11062389, -16.48093306 ], [ -39.1111015, -16.48081305 ], [ -39.11134506, -16.48075165 ], [ -39.11178348, -16.48064047 ], [ -39.11227343, -16.48051524 ], [ -39.11274709, -16.48039601 ], [ -39.1131679, -16.48029786 ], [ -39.11332153, -16.48027153 ], [ -39.11367557, -16.48022707 ], [ -39.11401349, -16.48019882 ], [ -39.11437888, -16.48017385 ], [ -39.11449047, -16.48016594 ], [ -39.11486349, -16.4801441 ], [ -39.11534393, -16.48011487 ], [ -39.11574473, -16.4801456 ], [ -39.11592839, -16.48020545 ], [ -39.11640443, -16.48036644 ], [ -39.11665333, -16.48045063 ], [ -39.11682707, -16.48050871 ], [ -39.11702122, -16.48057364 ], [ -39.11737764, -16.48071996 ], [ -39.11748438, -16.4807881 ], [ -39.11770638, -16.48098065 ], [ -39.11790157, -16.48118774 ], [ -39.11809212, -16.48139103 ], [ -39.11824089, -16.48154494 ], [ -39.1184962, -16.48177969 ], [ -39.11874463, -16.48194545 ], [ -39.11884696, -16.48200233 ], [ -39.11902298, -16.48208719 ], [ -39.11940895, -16.48222041 ], [ -39.12001728, -16.48230801 ], [ -39.12312485, -16.48303199 ], [ -39.1232882, -16.48305128 ], [ -39.12350036, -16.48302236 ], [ -39.12376623, -16.48290624 ], [ -39.12396983, -16.48278337 ], [ -39.12427468, -16.48259923 ], [ -39.12451932, -16.48245168 ], [ -39.12477005, -16.48230103 ], [ -39.12512254, -16.48208701 ], [ -39.12539615, -16.48191315 ], [ -39.12562137, -16.48172855 ], [ -39.12577065, -16.48157347 ], [ -39.12596444, -16.48137014 ], [ -39.12625404, -16.48106712 ], [ -39.12644581, -16.48086539 ], [ -39.12655751, -16.48074745 ], [ -39.12677228, -16.4805087 ], [ -39.12690167, -16.4803146 ], [ -39.12693045, -16.48024881 ], [ -39.1270146, -16.48002261 ], [ -39.12712973, -16.47969778 ], [ -39.12721676, -16.47944909 ], [ -39.12728013, -16.47924577 ], [ -39.12734166, -16.4789908 ], [ -39.12737357, -16.47877435 ], [ -39.12738721, -16.47845948 ], [ -39.12737638, -16.47812604 ], [ -39.12736435, -16.47780307 ], [ -39.1273477, -16.47720914 ], [ -39.12736538, -16.47687581 ], [ -39.12740716, -16.47661376 ], [ -39.1274224, -16.47654675 ], [ -39.12747212, -16.47632974 ], [ -39.12754977, -16.4759943 ], [ -39.12761007, -16.4757355 ], [ -39.12773041, -16.47524078 ], [ -39.12780077, -16.47502424 ], [ -39.12790088, -16.47479018 ], [ -39.12796785, -16.47466694 ], [ -39.12808067, -16.47447466 ], [ -39.12822779, -16.47422339 ], [ -39.12830949, -16.47409269 ], [ -39.1284433, -16.47391348 ], [ -39.12864602, -16.47371266 ], [ -39.12883055, -16.47356679 ], [ -39.12906508, -16.47338807 ], [ -39.12931698, -16.47318409 ], [ -39.12941437, -16.47307077 ], [ -39.12951065, -16.47286934 ], [ -39.12956005, -16.47264167 ], [ -39.1295731, -16.47250318 ], [ -39.12958015, -16.4723578 ], [ -39.12957382, -16.47216034 ], [ -39.1295196, -16.47192786 ], [ -39.12948866, -16.47185744 ], [ -39.12936202, -16.47165772 ], [ -39.12920654, -16.47146935 ], [ -39.12895887, -16.47117897 ], [ -39.12874912, -16.47095404 ], [ -39.12838189, -16.47059142 ], [ -39.12654283, -16.46989032 ], [ -39.1252163, -16.46875325 ], [ -39.12486052, -16.46788583 ], [ -39.12553603, -16.46613161 ], [ -39.12554141, -16.46538052 ], [ -39.12530113, -16.46495783 ], [ -39.13036462, -16.45931673 ], [ -39.13423048, -16.4550084 ], [ -39.13389818, -16.45481425 ], [ -39.13343904, -16.45474289 ], [ -39.13287193, -16.45473674 ], [ -39.13240931, -16.45453264 ], [ -39.13178906, -16.45424199 ], [ -39.13100378, -16.45369944 ], [ -39.13054102, -16.45318848 ], [ -39.13024024, -16.45273873 ], [ -39.13002627, -16.45231392 ], [ -39.1299331, -16.4518157 ], [ -39.12989761, -16.45137115 ] ] ] ] } },
{ "type": "Feature", "properties": { "gid": 3, "terrai_cod": 5701, "terrai_nom": "Barra", "etnia_nome": "Kiriri,Atikum", "municipio_": "Muquém de São Francisco", "uf_sigla": "BA", "fase_ti": "Regularizada", "modalidade": "Reserva Indígena", "cr": "COORDENACAO REGIONAL BAIXO SÃO FRANCISCO" }, "geometry": { "type": "MultiPolygon", "coordinates": [ [ [ [ -43.25250191, -12.17263681 ], [ -43.25509907, -12.17321663 ], [ -43.25739147, -12.17224571 ], [ -43.26109224, -12.17078595 ], [ -43.25782955, -12.17006509 ], [ -43.25281745, -12.16894809 ], [ -43.25268082, -12.16891617 ], [ -43.25201529, -12.16877505 ], [ -43.24608208, -12.16747148 ], [ -43.24600566, -12.16754436 ], [ -43.24593858, -12.16760833 ], [ -43.24592936, -12.16761734 ], [ -43.24586046, -12.1676971 ], [ -43.24579596, -12.16778078 ], [ -43.24572551, -12.1678588 ], [ -43.24570703, -12.16787523 ], [ -43.24564492, -12.1679273 ], [ -43.24556352, -12.16799495 ], [ -43.24548188, -12.1680623 ], [ -43.24540007, -12.16812947 ], [ -43.24532642, -12.16818981 ], [ -43.24531818, -12.16819656 ], [ -43.24523624, -12.16826359 ], [ -43.24515425, -12.16833057 ], [ -43.24507225, -12.16839753 ], [ -43.24499026, -12.1684645 ], [ -43.24490831, -12.16853151 ], [ -43.24487936, -12.16855521 ], [ -43.24482687, -12.16859909 ], [ -43.24474719, -12.16866858 ], [ -43.2446687, -12.16873939 ], [ -43.2445907, -12.16881075 ], [ -43.2445125, -12.1688819 ], [ -43.24443339, -12.16895206 ], [ -43.24435266, -12.16902048 ], [ -43.24431671, -12.16904963 ], [ -43.24426831, -12.16908445 ], [ -43.24417618, -12.16913777 ], [ -43.24408134, -12.16918737 ], [ -43.24398982, -12.16924162 ], [ -43.24397751, -12.16925014 ], [ -43.2439046, -12.16930462 ], [ -43.24381967, -12.16936813 ], [ -43.24380683, -12.16937704 ], [ -43.24373183, -12.16942774 ], [ -43.24365559, -12.169478 ], [ -43.24364307, -12.16948611 ], [ -43.24355332, -12.16954302 ], [ -43.24349517, -12.1695786 ], [ -43.24346202, -12.16959752 ], [ -43.24336747, -12.1696467 ], [ -43.24332593, -12.16966998 ], [ -43.24327571, -12.16970053 ], [ -43.24318646, -12.16975818 ], [ -43.24315597, -12.16977911 ], [ -43.24309946, -12.169819 ], [ -43.24301325, -12.16988082 ], [ -43.24292708, -12.16994267 ], [ -43.24287186, -12.16998173 ], [ -43.24284023, -12.17000362 ], [ -43.24275253, -12.17006345 ], [ -43.24274889, -12.17006598 ], [ -43.24266863, -12.17012819 ], [ -43.24259693, -12.1701847 ], [ -43.2425848, -12.17019285 ], [ -43.24248759, -12.17023881 ], [ -43.24242769, -12.17027607 ], [ -43.24240153, -12.17029945 ], [ -43.24232272, -12.1703699 ], [ -43.24271389, -12.17047385 ], [ -43.24409751, -12.17082042 ], [ -43.24520048, -12.17105838 ], [ -43.24661381, -12.17135271 ], [ -43.24775388, -12.17158319 ], [ -43.24960394, -12.17199209 ], [ -43.2505152, -12.17219601 ], [ -43.25141765, -12.17239069 ], [ -43.25250191, -12.17263681 ] ] ] ] } },
{ "type": "Feature", "properties": { "gid": 4, "terrai_cod": 5801, "terrai_nom": "Barra Velha", "etnia_nome": "Pataxó", "municipio_": "Porto Seguro", "uf_sigla": "BA", "fase_ti": "Regularizada", "modalidade": "Tradicionalmente ocupada", "cr": "COORDENACAO REGIONAL SUL DA BAHIA" }, "geometry": { "type": "MultiPolygon", "coordinates": [ [ [ [ -39.14484438, -16.81644512 ], [ -39.14478848, -16.81679275 ], [ -39.14474262, -16.81713229 ], [ -39.1447082, -16.81744627 ], [ -39.14468593, -16.81772595 ], [ -39.14468445, -16.81798073 ], [ -39.14468646, -16.8181918 ], [ -39.14469921, -16.81838605 ], [ -39.14471475, -16.81854534 ], [ -39.14473307, -16.81866967 ], [ -39.14475279, -16.81877652 ], [ -39.14477459, -16.81885715 ], [ -39.14479778, -16.8189203 ], [ -39.14480296, -16.8189734 ], [ -39.14479948, -16.8190171 ], [ -39.1447967, -16.81905206 ], [ -39.14479391, -16.81908702 ], [ -39.14478247, -16.81911258 ], [ -39.14478974, -16.81913946 ], [ -39.14479631, -16.81917507 ], [ -39.14481154, -16.81922009 ], [ -39.14482468, -16.81929132 ], [ -39.14483435, -16.81940625 ], [ -39.14483047, -16.81957297 ], [ -39.14481237, -16.81980021 ], [ -39.14478213, -16.82006175 ], [ -39.1447498, -16.82034952 ], [ -39.14471817, -16.82062854 ], [ -39.14469798, -16.820882 ], [ -39.14468196, -16.82108302 ], [ -39.14467879, -16.82124099 ], [ -39.14467909, -16.82135527 ], [ -39.14468148, -16.82144333 ], [ -39.14467731, -16.82149577 ], [ -39.14467383, -16.82153947 ], [ -39.14466168, -16.82157377 ], [ -39.1446589, -16.82160873 ], [ -39.14464606, -16.82165177 ], [ -39.14463979, -16.82173043 ], [ -39.1446408, -16.82183597 ], [ -39.14463971, -16.82196772 ], [ -39.14463653, -16.8221257 ], [ -39.14463196, -16.82230116 ], [ -39.144626, -16.82249409 ], [ -39.14461068, -16.82268637 ], [ -39.14460332, -16.82289679 ], [ -39.14458661, -16.82310655 ], [ -39.14457786, -16.82333444 ], [ -39.14456842, -16.82357108 ], [ -39.14457699, -16.82381777 ], [ -39.14458486, -16.8240732 ], [ -39.14460349, -16.82431181 ], [ -39.14462281, -16.82454168 ], [ -39.14464561, -16.82472784 ], [ -39.14467119, -16.82487905 ], [ -39.14468951, -16.82500338 ], [ -39.14469917, -16.82511832 ], [ -39.14470744, -16.82525073 ], [ -39.14471292, -16.8254181 ], [ -39.14470486, -16.82563726 ], [ -39.14469542, -16.8258739 ], [ -39.14467522, -16.82612735 ], [ -39.14465711, -16.82635459 ], [ -39.14464179, -16.82654687 ], [ -39.14462129, -16.82668606 ], [ -39.14460497, -16.8267728 ], [ -39.14459074, -16.82683332 ], [ -39.1445765, -16.82689384 ], [ -39.14457093, -16.82696376 ], [ -39.14457263, -16.82706056 ], [ -39.14457223, -16.82718358 ], [ -39.14456178, -16.82731468 ], [ -39.14456139, -16.82743769 ], [ -39.14455233, -16.82755131 ], [ -39.14453601, -16.82763805 ], [ -39.14452108, -16.82770732 ], [ -39.14449749, -16.82776718 ], [ -39.14447391, -16.82782705 ], [ -39.14444962, -16.82789565 ], [ -39.14442324, -16.82799048 ], [ -39.14440553, -16.8280947 ], [ -39.14438781, -16.82819892 ], [ -39.1443701, -16.82830314 ], [ -39.14434372, -16.82839797 ], [ -39.14431008, -16.82846592 ], [ -39.14427783, -16.82851638 ], [ -39.14424558, -16.82856685 ], [ -39.14422339, -16.82860924 ], [ -39.14419114, -16.8286597 ], [ -39.14417621, -16.82872897 ], [ -39.14416924, -16.82881637 ], [ -39.14415879, -16.82894747 ], [ -39.14417293, -16.82912424 ], [ -39.14418219, -16.82936219 ], [ -39.14420459, -16.82967137 ], [ -39.14423217, -16.83003365 ], [ -39.14426562, -16.83044029 ], [ -39.14428832, -16.83086375 ], [ -39.14430166, -16.83128656 ], [ -39.14429698, -16.83169931 ], [ -39.14428434, -16.83209392 ], [ -39.1442731, -16.83247105 ], [ -39.1442726, -16.83283136 ], [ -39.1442735, -16.83317419 ], [ -39.14430385, -16.83350152 ], [ -39.14433491, -16.8338201 ], [ -39.14437741, -16.83411312 ], [ -39.14442131, -16.83438866 ], [ -39.14445724, -16.83464606 ], [ -39.14448521, -16.83488533 ], [ -39.14449725, -16.83508832 ], [ -39.14450063, -16.83528192 ], [ -39.14449605, -16.83545737 ], [ -39.14448421, -16.83560595 ], [ -39.14445504, -16.83573574 ], [ -39.14442727, -16.83584804 ], [ -39.14440019, -16.8359516 ], [ -39.14437451, -16.83603769 ], [ -39.14434952, -16.83611503 ], [ -39.14432523, -16.83618364 ], [ -39.144311, -16.83624416 ], [ -39.14429746, -16.83629594 ], [ -39.14428462, -16.83633898 ], [ -39.14426311, -16.83637263 ], [ -39.1442229, -16.83640496 ], [ -39.14419204, -16.83643794 ], [ -39.14415043, -16.83648775 ], [ -39.14410673, -16.83656378 ], [ -39.1440689, -16.83668417 ], [ -39.14403695, -16.83684891 ], [ -39.14401086, -16.83705801 ], [ -39.14399274, -16.83728525 ], [ -39.14398328, -16.83752189 ], [ -39.14397382, -16.83775852 ], [ -39.14398516, -16.83797025 ], [ -39.14400795, -16.83815642 ], [ -39.14403214, -16.83832511 ], [ -39.14405841, -16.83846758 ], [ -39.14408678, -16.83858383 ], [ -39.14411724, -16.83867386 ], [ -39.14413973, -16.83874575 ], [ -39.14415496, -16.83879077 ], [ -39.14416153, -16.83882639 ], [ -39.14416879, -16.83885326 ], [ -39.1441667, -16.83887948 ], [ -39.14415595, -16.83889631 ], [ -39.1441459, -16.83890439 ], [ -39.14413584, -16.83891247 ], [ -39.14413515, -16.83892121 ], [ -39.14413445, -16.83892995 ], [ -39.14414241, -16.83894809 ], [ -39.14415764, -16.8389931 ], [ -39.14417008, -16.83907308 ], [ -39.14418839, -16.83919741 ], [ -39.14420252, -16.83937418 ], [ -39.14422322, -16.83958657 ], [ -39.14423317, -16.83981578 ], [ -39.14425317, -16.84003691 ], [ -39.14426521, -16.8402399 ], [ -39.14427137, -16.84039854 ], [ -39.14428033, -16.84052221 ], [ -39.14427993, -16.84064523 ], [ -39.14428818, -16.84077764 ], [ -39.14430371, -16.84093694 ], [ -39.14431644, -16.84113119 ], [ -39.14432639, -16.8413604 ], [ -39.14434429, -16.84160775 ], [ -39.1443629, -16.84184636 ], [ -39.14439226, -16.84206815 ], [ -39.1444237, -16.84226371 ], [ -39.14444789, -16.8424324 ], [ -39.14448352, -16.84257553 ], [ -39.14451118, -16.84270052 ], [ -39.14453955, -16.84281677 ], [ -39.1445485, -16.84294045 ], [ -39.14455815, -16.84305538 ], [ -39.14455845, -16.84316966 ], [ -39.14454938, -16.84328328 ], [ -39.14453962, -16.84340564 ], [ -39.14451045, -16.84353542 ], [ -39.14447192, -16.84366455 ], [ -39.14442264, -16.8438105 ], [ -39.14435325, -16.84397261 ], [ -39.14425439, -16.84415022 ], [ -39.14412467, -16.84436083 ], [ -39.1439842, -16.84458825 ], [ -39.14382362, -16.84483184 ], [ -39.14368035, -16.84509423 ], [ -39.1435357, -16.84537409 ], [ -39.14341911, -16.84565593 ], [ -39.14332124, -16.84593908 ], [ -39.14324347, -16.84620607 ], [ -39.14317855, -16.84643002 ], [ -39.14312578, -16.84661966 ], [ -39.14308725, -16.84674878 ], [ -39.1430529, -16.84682547 ], [ -39.14303, -16.84687659 ], [ -39.14300919, -16.8469015 ], [ -39.14298838, -16.8469264 ], [ -39.14297693, -16.84695196 ], [ -39.14296479, -16.84698626 ], [ -39.14295264, -16.84702056 ], [ -39.14294119, -16.84704613 ], [ -39.14292904, -16.84708043 ], [ -39.14290893, -16.84709659 ], [ -39.14289818, -16.84711341 ], [ -39.14287668, -16.84714706 ], [ -39.14286453, -16.84718136 ], [ -39.14285029, -16.84724188 ], [ -39.14284401, -16.84732054 ], [ -39.14282629, -16.84742476 ], [ -39.14281792, -16.84752964 ], [ -39.14280955, -16.84763452 ], [ -39.14280187, -16.84773065 ], [ -39.14278624, -16.84780865 ], [ -39.142772, -16.84786918 ], [ -39.14275915, -16.84791222 ], [ -39.14274631, -16.84795526 ], [ -39.14274422, -16.84798148 ], [ -39.14274212, -16.8480077 ], [ -39.14274073, -16.84802518 ], [ -39.14273933, -16.84804266 ], [ -39.1427473, -16.84806079 ], [ -39.14273724, -16.84806888 ], [ -39.14273585, -16.84808636 ], [ -39.14272509, -16.84810318 ], [ -39.14271434, -16.84812 ], [ -39.14270219, -16.8481543 ], [ -39.14269005, -16.8481886 ], [ -39.14268656, -16.8482323 ], [ -39.14269033, -16.84830288 ], [ -39.14268266, -16.84839902 ], [ -39.14266214, -16.8485382 ], [ -39.14263744, -16.84872982 ], [ -39.14258914, -16.8489813 ], [ -39.14252799, -16.84927582 ], [ -39.14246475, -16.84959656 ], [ -39.14241017, -16.8499267 ], [ -39.14236494, -16.8502575 ], [ -39.14233117, -16.85056274 ], [ -39.14231751, -16.85085181 ], [ -39.14230524, -16.8511234 ], [ -39.14229436, -16.85137752 ], [ -39.14228418, -16.85162289 ], [ -39.14226604, -16.85185013 ], [ -39.14223924, -16.85206797 ], [ -39.14221244, -16.8522858 ], [ -39.142195, -16.8525043 ], [ -39.14217686, -16.85273154 ], [ -39.14217603, -16.85297757 ], [ -39.14219323, -16.85323366 ], [ -39.14220833, -16.85351597 ], [ -39.14223, -16.85383389 ], [ -39.14224818, -16.85419552 ], [ -39.14227292, -16.85459276 ], [ -39.14228482, -16.85503305 ], [ -39.14229532, -16.85549081 ], [ -39.14230512, -16.85595731 ], [ -39.14213865, -16.85933814 ], [ -39.14213614, -16.85948737 ], [ -39.14213503, -16.85961913 ], [ -39.1421159, -16.85974083 ], [ -39.14210612, -16.85986318 ], [ -39.1420856, -16.86000236 ], [ -39.1420796, -16.8601953 ], [ -39.14208812, -16.86044199 ], [ -39.14209903, -16.86077674 ], [ -39.14212586, -16.86114776 ], [ -39.14216064, -16.86153693 ], [ -39.14218747, -16.86190795 ], [ -39.14221052, -16.8622084 ], [ -39.14221318, -16.86241073 ], [ -39.14221207, -16.86254249 ], [ -39.14220509, -16.86262989 ], [ -39.14219154, -16.86268167 ], [ -39.14218805, -16.86272537 ], [ -39.14218316, -16.86278654 ], [ -39.14217618, -16.86287394 ], [ -39.14217646, -16.86298822 ], [ -39.14216459, -16.8631368 ], [ -39.14213987, -16.86332841 ], [ -39.14211166, -16.86356373 ], [ -39.14208136, -16.86382527 ], [ -39.14204099, -16.86409488 ], [ -39.14200203, -16.86434702 ], [ -39.14197521, -16.86456486 ], [ -39.14195189, -16.864739 ], [ -39.14194142, -16.86487009 ], [ -39.14193373, -16.86496623 ], [ -39.14193751, -16.86503681 ], [ -39.14192396, -16.86508859 ], [ -39.14192047, -16.86513229 ], [ -39.14190692, -16.86518407 ], [ -39.14189267, -16.86524459 ], [ -39.14188639, -16.86532325 ], [ -39.14188737, -16.86542878 ], [ -39.14188485, -16.86557802 ], [ -39.1418896, -16.86575413 ], [ -39.14189086, -16.86597395 ], [ -39.14188933, -16.86622872 ], [ -39.14186558, -16.86652587 ], [ -39.14182968, -16.86685733 ], [ -39.14177367, -16.86720494 ], [ -39.14171599, -16.86745576 ], [ -39.14171529, -16.8674645 ], [ -39.14172465, -16.86746516 ], [ -39.15518196, -16.90585558 ], [ -39.15525684, -16.90586086 ], [ -39.15546346, -16.90586664 ], [ -39.15575433, -16.90587835 ], [ -39.15609199, -16.90589336 ], [ -39.15642826, -16.90592585 ], [ -39.15673575, -16.9059651 ], [ -39.15700509, -16.90601045 ], [ -39.15724566, -16.90606257 ], [ -39.15746751, -16.90611336 ], [ -39.15767063, -16.90616284 ], [ -39.1578651, -16.90620291 ], [ -39.1580509, -16.90623358 ], [ -39.15822805, -16.90625486 ], [ -39.15840589, -16.90626739 ], [ -39.15858443, -16.90627119 ], [ -39.15876367, -16.90626624 ], [ -39.15895228, -16.90626195 ], [ -39.15913292, -16.90623952 ], [ -39.15931356, -16.90621709 ], [ -39.1594956, -16.90617718 ], [ -39.15966828, -16.90613661 ], [ -39.15984235, -16.90607856 ], [ -39.16003795, -16.90598687 ], [ -39.16026372, -16.90587093 ], [ -39.16052973, -16.90572267 ], [ -39.16083808, -16.90551586 ], [ -39.16118666, -16.90527673 ], [ -39.16154739, -16.90500329 ], [ -39.16190953, -16.90471237 ], [ -39.16225503, -16.90439391 ], [ -39.16257316, -16.90406473 ], [ -39.1628632, -16.90373357 ], [ -39.16311441, -16.90341725 ], [ -39.1633448, -16.90312583 ], [ -39.16355366, -16.90286806 ], [ -39.16373096, -16.90265201 ], [ -39.16389609, -16.90247027 ], [ -39.16404908, -16.90232282 ], [ -39.164192, -16.90218346 ], [ -39.1643148, -16.90206026 ], [ -39.1644383, -16.90192832 ], [ -39.1645625, -16.90178764 ], [ -39.16469816, -16.9016214 ], [ -39.16484597, -16.90142085 ], [ -39.16500664, -16.90117726 ], [ -39.16519958, -16.9008832 ], [ -39.16540467, -16.90055484 ], [ -39.1656011, -16.90021708 ], [ -39.16579543, -16.89990553 ], [ -39.16595889, -16.89962698 ], [ -39.16608001, -16.89940697 ], [ -39.16617822, -16.89923808 ], [ -39.16625492, -16.89910285 ], [ -39.16632016, -16.89899317 ], [ -39.16639337, -16.89890164 ], [ -39.16646727, -16.89880136 ], [ -39.16656925, -16.89870306 ], [ -39.16667123, -16.89860476 ], [ -39.16678328, -16.89849838 ], [ -39.16690398, -16.8984014 ], [ -39.16703334, -16.89831382 ], [ -39.1671634, -16.8982175 ], [ -39.16730282, -16.89812183 ], [ -39.16746026, -16.89803623 ], [ -39.16762776, -16.89794254 ], [ -39.16780392, -16.89785825 ], [ -39.1679995, -16.89776654 ], [ -39.1682138, -16.89767615 ], [ -39.16844612, -16.89759582 ], [ -39.16869716, -16.8975168 ], [ -39.16896622, -16.89744784 ], [ -39.169254, -16.8973802 ], [ -39.16955114, -16.89731321 ], [ -39.16985763, -16.89724689 ], [ -39.17015547, -16.89717116 ], [ -39.17045331, -16.89709543 ], [ -39.17074318, -16.89700157 ], [ -39.17103305, -16.8969077 ], [ -39.17131496, -16.89679569 ], [ -39.17159827, -16.8966662 ], [ -39.17187361, -16.89651856 ], [ -39.17214965, -16.89636219 ], [ -39.17241772, -16.89618767 ], [ -39.17267644, -16.8960125 ], [ -39.17292649, -16.89582792 ], [ -39.17315782, -16.89564203 ], [ -39.17336038, -16.8954629 ], [ -39.17355218, -16.89530059 ], [ -39.17370514, -16.89515313 ], [ -39.17382723, -16.89503866 ], [ -39.17390909, -16.89495652 ], [ -39.17397013, -16.89489928 ], [ -39.17402112, -16.89485013 ], [ -39.17408217, -16.89479289 ], [ -39.17417339, -16.89471141 ], [ -39.17428612, -16.89459628 ], [ -39.17443908, -16.89444882 ], [ -39.17461285, -16.89427645 ], [ -39.17480744, -16.89407918 ], [ -39.17500412, -16.89385568 ], [ -39.1752015, -16.89362344 ], [ -39.17539957, -16.89338246 ], [ -39.17559765, -16.89314148 ], [ -39.17580508, -16.89290115 ], [ -39.17601182, -16.89266957 ], [ -39.17621715, -16.89245547 ], [ -39.17643982, -16.89226017 ], [ -39.17666178, -16.89207361 ], [ -39.1768924, -16.89189644 ], [ -39.17714105, -16.89172934 ], [ -39.17738899, -16.89157097 ], [ -39.1776449, -16.89143075 ], [ -39.17791017, -16.89129118 ], [ -39.1781841, -16.89116101 ], [ -39.17847605, -16.8910409 ], [ -39.1787673, -16.89092953 ], [ -39.17906791, -16.89081881 ], [ -39.17937719, -16.8907175 ], [ -39.17969512, -16.89062558 ], [ -39.18002242, -16.89053432 ], [ -39.18035907, -16.89044372 ], [ -39.18070508, -16.89035378 ], [ -39.18105039, -16.89027257 ], [ -39.18139571, -16.89019137 ], [ -39.18173166, -16.89010951 ], [ -39.18206762, -16.89002764 ], [ -39.18239351, -16.88995386 ], [ -39.18271941, -16.88988008 ], [ -39.1830453, -16.8898063 ], [ -39.18338126, -16.88972443 ], [ -39.18371721, -16.88964256 ], [ -39.18406252, -16.88956135 ], [ -39.18440853, -16.8894714 ], [ -39.18475454, -16.88938144 ], [ -39.18510194, -16.88927401 ], [ -39.18543062, -16.88916525 ], [ -39.18576, -16.88904776 ], [ -39.18606996, -16.88893769 ], [ -39.18637993, -16.88882761 ], [ -39.18666041, -16.88873305 ], [ -39.18693015, -16.88865531 ], [ -39.18718913, -16.8885944 ], [ -39.18742869, -16.88854091 ], [ -39.18766756, -16.88849616 ], [ -39.18788771, -16.8884501 ], [ -39.18811722, -16.8884047 ], [ -39.18833806, -16.88834989 ], [ -39.18856827, -16.88829574 ], [ -39.18879847, -16.8882416 ], [ -39.1890467, -16.88819751 ], [ -39.18930358, -16.88816281 ], [ -39.18956983, -16.88812878 ], [ -39.18981666, -16.88810217 ], [ -39.19003542, -16.88807359 ], [ -39.1902247, -16.88806052 ], [ -39.19035712, -16.88805224 ], [ -39.19046147, -16.88804199 ], [ -39.1905471, -16.88803042 ], [ -39.19065145, -16.88802018 ], [ -39.19079323, -16.88801256 ], [ -39.19097385, -16.88799008 ], [ -39.19120057, -16.88797964 ], [ -39.19145676, -16.88795369 ], [ -39.19174969, -16.88793911 ], [ -39.19204192, -16.88793326 ], [ -39.19235288, -16.88792874 ], [ -39.19266313, -16.88793295 ], [ -39.19298135, -16.88795531 ], [ -39.1933176, -16.88798772 ], [ -39.19367186, -16.88803019 ], [ -39.19404276, -16.8881002 ], [ -39.19441295, -16.88817895 ], [ -39.19479251, -16.88825836 ], [ -39.19515335, -16.88833645 ], [ -39.19549616, -16.88840448 ], [ -39.19580294, -16.8884524 ], [ -39.19608302, -16.88848087 ], [ -39.19634509, -16.88849928 ], [ -39.19658983, -16.88849888 ], [ -39.19681725, -16.88847969 ], [ -39.19704536, -16.88845176 ], [ -39.19726481, -16.88841443 ], [ -39.19746623, -16.88836704 ], [ -39.19764964, -16.88830959 ], [ -39.19781363, -16.88825957 ], [ -39.19795023, -16.88819884 ], [ -39.19805946, -16.88812739 ], [ -39.19817008, -16.88803846 ], [ -39.19827412, -16.88791391 ], [ -39.19838095, -16.88775438 ], [ -39.19849266, -16.88753366 ], [ -39.19861582, -16.88728737 ], [ -39.19874106, -16.88701486 ], [ -39.1988469, -16.88674977 ], [ -39.19892325, -16.8865002 ], [ -39.19896944, -16.88627488 ], [ -39.19899343, -16.88609195 ], [ -39.19900667, -16.88592586 ], [ -39.19900985, -16.88576784 ], [ -39.19902099, -16.88562797 ], [ -39.1990415, -16.88548875 ], [ -39.19908002, -16.8853596 ], [ -39.19914663, -16.88523241 ], [ -39.19923195, -16.88510654 ], [ -39.19935401, -16.88499203 ], [ -39.19951282, -16.8848889 ], [ -39.1996997, -16.88478774 ], [ -39.19991327, -16.88470603 ], [ -39.20014485, -16.88463438 ], [ -39.20039377, -16.88458153 ], [ -39.2006607, -16.88453874 ], [ -39.20093561, -16.88451408 ], [ -39.20122784, -16.88450822 ], [ -39.20307209, -16.88427725 ], [ -39.20311959, -16.8842718 ], [ -39.20317714, -16.88425825 ], [ -39.20320661, -16.88424274 ], [ -39.20324544, -16.88422788 ], [ -39.20330368, -16.8842056 ], [ -39.20337268, -16.88416649 ], [ -39.20346179, -16.8841112 ], [ -39.20358972, -16.88404106 ], [ -39.20365872, -16.88400195 ], [ -39.20370691, -16.88398775 ], [ -39.20374574, -16.8839729 ], [ -39.20540536, -16.88334213 ], [ -39.20596699, -16.88314419 ], [ -39.20672068, -16.88289818 ], [ -39.20715438, -16.88277037 ], [ -39.20765429, -16.88263841 ], [ -39.20802904, -16.88254163 ], [ -39.20841176, -16.88246299 ], [ -39.20916645, -16.88232253 ], [ -39.20966288, -16.88223428 ], [ -39.21033991, -16.88212354 ], [ -39.21071118, -16.88207046 ], [ -39.21108176, -16.88202613 ], [ -39.21182083, -16.88196368 ], [ -39.21232313, -16.8819198 ], [ -39.21259942, -16.88187764 ], [ -39.2129232, -16.88183002 ], [ -39.21327714, -16.88175814 ], [ -39.2134692, -16.88171007 ], [ -39.2164627, -16.88087382 ], [ -39.30730718, -16.85779185 ], [ -39.35978069, -16.85462286 ], [ -39.38880464, -16.85287857 ], [ -39.38879596, -16.85286917 ], [ -39.38867032, -16.84391411 ], [ -39.38866357, -16.84328027 ], [ -39.38864554, -16.84327023 ], [ -39.38851066, -16.84319052 ], [ -39.38837715, -16.84309331 ], [ -39.38822561, -16.84298606 ], [ -39.38803869, -16.84284997 ], [ -39.38779769, -16.84268374 ], [ -39.38749324, -16.84248673 ], [ -39.38714405, -16.84226024 ], [ -39.38675881, -16.84201366 ], [ -39.38634549, -16.84176513 ], [ -39.38594154, -16.84151725 ], [ -39.38554488, -16.84129627 ], [ -39.38518428, -16.84109538 ], [ -39.38489512, -16.84094341 ], [ -39.38470546, -16.84084232 ], [ -39.38463335, -16.84080214 ], [ -39.38459523, -16.8408083 ], [ -39.38435055, -16.84080895 ], [ -39.38402096, -16.84081253 ], [ -39.38364459, -16.84081286 ], [ -39.38328693, -16.84081449 ], [ -39.38298542, -16.84082001 ], [ -39.38273138, -16.84082002 ], [ -39.38250542, -16.84082197 ], [ -39.38227946, -16.84082392 ], [ -39.38204414, -16.84082522 ], [ -39.38178074, -16.84082458 ], [ -39.38147992, -16.84082134 ], [ -39.38115308, -16.84078992 ], [ -39.38080889, -16.8407397 ], [ -39.38042934, -16.84066064 ], [ -39.38003518, -16.84052779 ], [ -39.3796424, -16.84037744 ], [ -39.37925168, -16.84020085 ], [ -39.37888972, -16.84001745 ], [ -39.37855583, -16.83983599 ], [ -39.37827741, -16.83966717 ], [ -39.37803504, -16.83951844 ], [ -39.37782942, -16.83938106 ], [ -39.37765118, -16.83925436 ], [ -39.37748162, -16.83913706 ], [ -39.3773294, -16.83903856 ], [ -39.37717718, -16.83894005 ], [ -39.37703363, -16.83885094 ], [ -39.37688073, -16.83876119 ], [ -39.37673581, -16.83868958 ], [ -39.37658222, -16.83860857 ], [ -39.37641858, -16.83853566 ], [ -39.37623623, -16.83846146 ], [ -39.37604452, -16.83838661 ], [ -39.3758341, -16.83831046 ], [ -39.37559491, -16.83824112 ], [ -39.37532766, -16.83816984 ], [ -39.3750604, -16.83809855 ], [ -39.37477374, -16.83803472 ], [ -39.37447772, -16.83797023 ], [ -39.37419038, -16.83791515 ], [ -39.37390235, -16.83786881 ], [ -39.3736417, -16.83783317 ], [ -39.37340913, -16.83779947 ], [ -39.37321399, -16.83776836 ], [ -39.37305629, -16.83773984 ], [ -39.37292665, -16.83771327 ], [ -39.37280569, -16.8376961 ], [ -39.37266601, -16.83767763 ], [ -39.3724889, -16.83765656 ], [ -39.37225564, -16.83763161 ], [ -39.37198426, -16.83761281 ], [ -39.37168482, -16.83759207 ], [ -39.37138537, -16.83757133 ], [ -39.37108524, -16.83755934 ], [ -39.37081386, -16.83754054 ], [ -39.37055185, -16.83752239 ], [ -39.37028983, -16.83750424 ], [ -39.37002713, -16.83749484 ], [ -39.36975575, -16.83747604 ], [ -39.36945631, -16.83745529 ], [ -39.36913814, -16.83743325 ], [ -39.36880127, -16.83740991 ], [ -39.3684564, -16.83736843 ], [ -39.36810219, -16.8373263 ], [ -39.3677587, -16.83726731 ], [ -39.36739718, -16.83719829 ], [ -39.36704434, -16.83713866 ], [ -39.36668145, -16.83708712 ], [ -39.36624232, -16.8370479 ], [ -39.36596022, -16.83704595 ], [ -39.36559252, -16.83705565 ], [ -39.36523349, -16.83707476 ], [ -39.36488245, -16.837112 ], [ -39.36454008, -16.83715864 ], [ -39.36420707, -16.83720594 ], [ -39.36389208, -16.83726327 ], [ -39.36360586, -16.8373138 ], [ -39.36334839, -16.83735753 ], [ -39.36312904, -16.83739511 ], [ -39.36295717, -16.83742717 ], [ -39.36280401, -16.83746054 ], [ -39.36267025, -16.83748645 ], [ -39.36251778, -16.83751107 ], [ -39.36234591, -16.83754314 ], [ -39.36212656, -16.83758071 ], [ -39.36187845, -16.83762508 ], [ -39.36159223, -16.83767561 ], [ -39.36129802, -16.837708 ], [ -39.3609844, -16.83774783 ], [ -39.36068221, -16.83776207 ], [ -39.36038001, -16.8377763 ], [ -39.36009722, -16.83778309 ], [ -39.35985255, -16.83778372 ], [ -39.35963663, -16.83777755 ], [ -39.35946751, -16.83777462 ], [ -39.35932645, -16.83777364 ], [ -39.3591854, -16.83777265 ], [ -39.35904435, -16.83777167 ], [ -39.35887522, -16.83776874 ], [ -39.35865931, -16.83776257 ], [ -39.35840528, -16.83776255 ], [ -39.3581145, -16.83775119 ], [ -39.35779565, -16.83773788 ], [ -39.35745809, -16.83772327 ], [ -39.3571025, -16.83769862 ], [ -39.35673823, -16.83766457 ], [ -39.35636461, -16.83762986 ], [ -39.35600035, -16.83759581 ], [ -39.3556354, -16.83757051 ], [ -39.35528848, -16.83755525 ], [ -39.35495092, -16.83754064 ], [ -39.35464143, -16.83752797 ], [ -39.35435932, -16.837526 ], [ -39.35410598, -16.83751723 ], [ -39.35389007, -16.83751105 ], [ -39.35370154, -16.83751557 ], [ -39.3535137, -16.83751134 ], [ -39.35332586, -16.83750711 ], [ -39.35310994, -16.83750093 ], [ -39.35285591, -16.8375009 ], [ -39.35257381, -16.83749893 ], [ -39.35226294, -16.83750376 ], [ -39.35192263, -16.83752413 ], [ -39.35157158, -16.83756136 ], [ -39.35120045, -16.83761478 ], [ -39.35081858, -16.83768504 ], [ -39.35042666, -16.8377634 ], [ -39.35003475, -16.83784177 ], [ -39.34962412, -16.83791883 ], [ -39.34922422, -16.83797904 ], [ -39.34879625, -16.83803731 ], [ -39.3483402, -16.83809363 ], [ -39.34784673, -16.83814735 ], [ -39.34729573, -16.83821467 ], [ -39.34668859, -16.83827809 ], [ -39.3466224, -16.83828229 ], [ -39.34603397, -16.83834701 ], [ -39.34536999, -16.83841528 ], [ -39.34472473, -16.83848485 ], [ -39.34410753, -16.83855636 ], [ -39.34355722, -16.83861492 ], [ -39.3430731, -16.83866927 ], [ -39.34263577, -16.83872688 ], [ -39.34223656, -16.83877833 ], [ -39.34187408, -16.83884112 ], [ -39.34153969, -16.83890587 ], [ -39.34124203, -16.83898196 ], [ -39.34097313, -16.83905125 ], [ -39.34075103, -16.83912378 ], [ -39.34056841, -16.83917267 ], [ -39.34044264, -16.83921671 ], [ -39.34033695, -16.83924456 ], [ -39.34024998, -16.8392737 ], [ -39.3401436, -16.83931029 ], [ -39.34000915, -16.83934494 ], [ -39.33983521, -16.83940323 ], [ -39.33961379, -16.83946701 ], [ -39.33935356, -16.8395457 ], [ -39.33907462, -16.83962308 ], [ -39.33877765, -16.83969041 ], [ -39.33847999, -16.8397665 ], [ -39.33817366, -16.83983318 ], [ -39.33787738, -16.83989177 ], [ -39.3376005, -16.83994291 ], [ -39.33750486, -16.83996265 ], [ -39.33735238, -16.83998725 ], [ -39.33714238, -16.84002544 ], [ -39.3369511, -16.84006493 ], [ -39.33676986, -16.84009632 ], [ -39.33657926, -16.84012706 ], [ -39.33636926, -16.84016525 ], [ -39.33612046, -16.84021834 ], [ -39.33584358, -16.84026947 ], [ -39.33555734, -16.84031996 ], [ -39.33525101, -16.84038664 ], [ -39.33495472, -16.84044522 ], [ -39.33467647, -16.84051384 ], [ -39.33440756, -16.84058312 ], [ -39.33415807, -16.84064495 ], [ -39.33394669, -16.84070063 ], [ -39.33376476, -16.84074077 ], [ -39.33362164, -16.84076601 ], [ -39.33351664, -16.8407851 ], [ -39.33343173, -16.840788 ], [ -39.33335618, -16.84079155 ], [ -39.33330004, -16.84078765 ], [ -39.33324458, -16.840775 ], [ -39.33318981, -16.84075361 ], [ -39.33313573, -16.84072347 ], [ -39.33306362, -16.84068328 ], [ -39.33298284, -16.84063369 ], [ -39.33288473, -16.84056531 ], [ -39.33277794, -16.84048754 ], [ -39.33266249, -16.84040036 ], [ -39.33254703, -16.84031319 ], [ -39.3324302, -16.84024351 ], [ -39.33232204, -16.84018323 ], [ -39.3322125, -16.84014044 ], [ -39.33209292, -16.84010575 ], [ -39.33197264, -16.84007981 ], [ -39.3318243, -16.84005192 ], [ -39.3316465, -16.84003957 ], [ -39.33146003, -16.84001782 ], [ -39.3312455, -16.83999413 ], [ -39.33101224, -16.83996913 ], [ -39.33077101, -16.83992599 ], [ -39.33052179, -16.8398647 ], [ -39.33028262, -16.83979532 ], [ -39.33005281, -16.83972659 ], [ -39.32985107, -16.83965981 ], [ -39.32969544, -16.83960502 ], [ -39.32958521, -16.83957098 ], [ -39.32950306, -16.83953889 ], [ -39.32942957, -16.8395162 ], [ -39.32934673, -16.83949285 ], [ -39.32923719, -16.83945006 ], [ -39.3290722, -16.83939463 ], [ -39.32887982, -16.83932849 ], [ -39.32864065, -16.83925911 ], [ -39.32840148, -16.83918973 ], [ -39.32814291, -16.83912779 ], [ -39.32789301, -16.83907525 ], [ -39.32764242, -16.83903146 ], [ -39.32740917, -16.83900646 ], [ -39.32717523, -16.83899021 ], [ -39.3269406, -16.8389827 ], [ -39.32671463, -16.8389846 ], [ -39.32649803, -16.83898714 ], [ -39.32628005, -16.83900717 ], [ -39.32607005, -16.83904535 ], [ -39.32585936, -16.83909228 ], [ -39.32565665, -16.83915735 ], [ -39.32545257, -16.83923991 ], [ -39.32524848, -16.83932247 ], [ -39.32503503, -16.83940438 ], [ -39.32481223, -16.83948564 ], [ -39.32459012, -16.83955816 ], [ -39.32435934, -16.83962127 ], [ -39.32412855, -16.83968439 ], [ -39.32391717, -16.83974006 ], [ -39.32372451, -16.83979703 ], [ -39.32355125, -16.83984655 ], [ -39.32340606, -16.83989803 ], [ -39.32327023, -16.83995015 ], [ -39.32313509, -16.83999353 ], [ -39.32301, -16.84002881 ], [ -39.32287692, -16.84004594 ], [ -39.32273518, -16.84005368 ], [ -39.32257541, -16.84005137 ], [ -39.32240697, -16.84003967 ], [ -39.32221115, -16.84001726 ], [ -39.3219973, -16.83998481 ], [ -39.3217741, -16.83995171 ], [ -39.32153149, -16.83992606 ], [ -39.32128021, -16.839891 ], [ -39.32102755, -16.83987344 ], [ -39.32077351, -16.83987338 ], [ -39.32050943, -16.8398814 ], [ -39.32024328, -16.83991567 ], [ -39.31995773, -16.83995739 ], [ -39.31966075, -16.84002469 ], [ -39.31934368, -16.84010819 ], [ -39.31901587, -16.84020852 ], [ -39.31867802, -16.84031696 ], [ -39.31834952, -16.84042604 ], [ -39.31804112, -16.84051893 ], [ -39.31774276, -16.84060372 ], [ -39.31747385, -16.84067297 ], [ -39.31721499, -16.84073413 ], [ -39.31697692, -16.84077034 ], [ -39.3167482, -16.84080721 ], [ -39.31653957, -16.84082788 ], [ -39.31634099, -16.84084046 ], [ -39.31615246, -16.84084494 ], [ -39.31598402, -16.84083323 ], [ -39.3158343, -16.84082282 ], [ -39.31570398, -16.84080496 ], [ -39.31558371, -16.84077901 ], [ -39.31546481, -16.84073557 ], [ -39.31534592, -16.84069212 ], [ -39.31521836, -16.84063928 ], [ -39.31508282, -16.8405683 ], [ -39.31491921, -16.84049536 ], [ -39.31473619, -16.84042987 ], [ -39.3145251, -16.84036242 ], [ -39.31429391, -16.84031117 ], [ -39.31402323, -16.84028355 ], [ -39.31373314, -16.84026338 ], [ -39.31344237, -16.84025196 ], [ -39.31315957, -16.84025868 ], [ -39.31290553, -16.8402586 ], [ -39.31266952, -16.84026857 ], [ -39.31246228, -16.84027175 ], [ -39.31226439, -16.84027557 ], [ -39.31205714, -16.84027875 ], [ -39.31183118, -16.84028062 ], [ -39.3115671, -16.84028864 ], [ -39.31127494, -16.84029471 ], [ -39.31096476, -16.84029072 ], [ -39.31064453, -16.84029483 ], [ -39.31063517, -16.84029418 ], [ -39.31029692, -16.84028825 ], [ -39.30996802, -16.84028296 ], [ -39.30962977, -16.84027702 ], [ -39.30932028, -16.84026429 ], [ -39.30902014, -16.84025221 ], [ -39.30874877, -16.84023333 ], [ -39.30859836, -16.84023166 ], [ -39.30850478, -16.84022515 ], [ -39.3082802, -16.84020953 ], [ -39.30807364, -16.84020396 ], [ -39.30784906, -16.84018834 ], [ -39.30760507, -16.84018016 ], [ -39.3073337, -16.84016128 ], [ -39.30703357, -16.8401492 ], [ -39.30670605, -16.84012641 ], [ -39.30635982, -16.84010232 ], [ -39.30599556, -16.84006819 ], [ -39.30561328, -16.84002401 ], [ -39.30523099, -16.83997982 ], [ -39.30485078, -16.8399094 ], [ -39.30448061, -16.83983088 ], [ -39.3041399, -16.83973682 ], [ -39.30381997, -16.83961783 ], [ -39.30351945, -16.83949139 ], [ -39.30323764, -16.83936625 ], [ -39.30296588, -16.83923302 ], [ -39.30269274, -16.83911728 ], [ -39.30242689, -16.83902843 ], [ -39.30216971, -16.83894898 ], [ -39.30192917, -16.83889706 ], [ -39.3017167, -16.8388471 ], [ -39.30155901, -16.83881854 ], [ -39.30143874, -16.83879258 ], [ -39.30136457, -16.83877863 ], [ -39.3012904, -16.83876467 ], [ -39.30120687, -16.83875007 ], [ -39.30109527, -16.83873351 ], [ -39.3009289, -16.83869555 ], [ -39.3007251, -16.83865499 ], [ -39.30048457, -16.83860307 ], [ -39.30021596, -16.8385492 ], [ -39.29994873, -16.83847784 ], [ -39.29967283, -16.83839709 ], [ -39.29940629, -16.83831698 ], [ -39.29916852, -16.83823008 ], [ -39.29895743, -16.83816263 ], [ -39.29878378, -16.83809778 ], [ -39.29865554, -16.83805368 ], [ -39.29856403, -16.83802093 ], [ -39.29848188, -16.83798883 ], [ -39.29838102, -16.83795543 ], [ -39.29825277, -16.83791133 ], [ -39.29808848, -16.83784713 ], [ -39.29787809, -16.83777093 ], [ -39.29763026, -16.83769212 ], [ -39.29737308, -16.83761267 ], [ -39.29710655, -16.83753256 ], [ -39.29683932, -16.8374612 ], [ -39.2965714, -16.83739858 ], [ -39.29632151, -16.83734601 ], [ -39.29607093, -16.83730219 ], [ -39.29584773, -16.83726907 ], [ -39.29564325, -16.83723725 ], [ -39.29543807, -16.83721417 ], [ -39.29523221, -16.83719984 ], [ -39.29500832, -16.83717546 ], [ -39.29475636, -16.83714913 ], [ -39.29446766, -16.83711145 ], [ -39.29417965, -16.83706502 ], [ -39.29392838, -16.83702994 ], [ -39.29374192, -16.83700816 ], [ -39.29367711, -16.83699486 ], [ -39.29367504, -16.8370211 ], [ -39.29366223, -16.83706417 ], [ -39.29363071, -16.83710595 ], [ -39.29358845, -16.83716456 ], [ -39.2935188, -16.83721248 ], [ -39.29342109, -16.83725843 ], [ -39.2932953, -16.83730244 ], [ -39.29313277, -16.83733509 ], [ -39.29294148, -16.83737454 ], [ -39.29273148, -16.83741268 ], [ -39.29252009, -16.83746831 ], [ -39.29229797, -16.83754079 ], [ -39.29210185, -16.83764145 ], [ -39.29190366, -16.83776835 ], [ -39.29170477, -16.837904 ], [ -39.29149515, -16.83805648 ], [ -39.29127617, -16.83820831 ], [ -39.29103848, -16.83835884 ], [ -39.29078345, -16.83849058 ], [ -39.29053777, -16.83862296 ], [ -39.29030284, -16.83873851 ], [ -39.29010671, -16.83883917 ], [ -39.2900679, -16.83885405 ], [ -39.28993138, -16.83891489 ], [ -39.28979416, -16.83898448 ], [ -39.28965694, -16.83905407 ], [ -39.28951036, -16.839123 ], [ -39.28934438, -16.83919938 ], [ -39.2891389, -16.83929938 ], [ -39.2888946, -16.83941427 ], [ -39.28864026, -16.83953726 ], [ -39.2883672, -16.83965894 ], [ -39.28807474, -16.83978806 ], [ -39.28779232, -16.83990909 ], [ -39.28751128, -16.84001262 ], [ -39.28724896, -16.84011746 ], [ -39.28700812, -16.84018862 ], [ -39.2868054, -16.84025364 ], [ -39.28662415, -16.84028498 ], [ -39.2864824, -16.8402927 ], [ -39.28636006, -16.84029297 ], [ -39.28625851, -16.84026831 ], [ -39.28615696, -16.84024365 ], [ -39.28606546, -16.84021089 ], [ -39.2859646, -16.84017748 ], [ -39.28583635, -16.84013338 ], [ -39.2856887, -16.84009671 ], [ -39.28550362, -16.84005744 ], [ -39.28527107, -16.84002365 ], [ -39.28501044, -16.83998791 ], [ -39.28472035, -16.8399677 ], [ -39.28442022, -16.83995558 ], [ -39.28412876, -16.83995287 ], [ -39.28385462, -16.83996894 ], [ -39.28358916, -16.83999441 ], [ -39.28333236, -16.84002928 ], [ -39.28307556, -16.84006415 ], [ -39.28281877, -16.84009902 ], [ -39.28257202, -16.8401258 ], [ -39.28230655, -16.84015127 ], [ -39.28205044, -16.84017739 ], [ -39.28177493, -16.84021095 ], [ -39.28150808, -16.84025391 ], [ -39.28123119, -16.84030496 ], [ -39.28094355, -16.84037285 ], [ -39.28065523, -16.84044949 ], [ -39.28037557, -16.84053552 ], [ -39.28009591, -16.84062155 ], [ -39.27982491, -16.84071698 ], [ -39.27956328, -16.84081306 ], [ -39.27933041, -16.84090235 ], [ -39.27913635, -16.84097676 ], [ -39.27898041, -16.84104503 ], [ -39.27886397, -16.84108967 ], [ -39.27878634, -16.84111944 ], [ -39.27871808, -16.84114985 ], [ -39.27864045, -16.84117962 ], [ -39.27853337, -16.84122491 ], [ -39.27837812, -16.84128444 ], [ -39.27817401, -16.84136694 ], [ -39.27795119, -16.84144813 ], [ -39.27769891, -16.84154486 ], [ -39.27743727, -16.84164094 ], [ -39.27716627, -16.84173636 ], [ -39.27689666, -16.84181429 ], [ -39.27661907, -16.84187408 ], [ -39.27631548, -16.84190568 ], [ -39.27599594, -16.84190099 ], [ -39.27565109, -16.84185936 ], [ -39.27529029, -16.84178145 ], [ -39.27493954, -16.84169544 ], [ -39.2746075, -16.84161074 ], [ -39.27431221, -16.8415374 ], [ -39.27406094, -16.84150229 ], [ -39.27383566, -16.84149538 ], [ -39.27363639, -16.84151666 ], [ -39.27341633, -16.84156287 ], [ -39.27317478, -16.84164275 ], [ -39.27289443, -16.84173752 ], [ -39.27258392, -16.84185656 ], [ -39.27224466, -16.84198238 ], [ -39.2719047, -16.84211695 ], [ -39.27157409, -16.84225217 ], [ -39.27126221, -16.8423887 ], [ -39.27096972, -16.84251779 ], [ -39.27070601, -16.84264008 ], [ -39.2704811, -16.8427475 ], [ -39.27029501, -16.84284004 ], [ -39.27013906, -16.8429083 ], [ -39.27002193, -16.84296168 ], [ -39.26990411, -16.84302381 ], [ -39.26978698, -16.84307719 ], [ -39.26964039, -16.84314611 ], [ -39.2694543, -16.84323864 ], [ -39.26923008, -16.84333731 ], [ -39.26898646, -16.84344342 ], [ -39.26873348, -16.84354888 ], [ -39.26847183, -16.84364494 ], [ -39.26822093, -16.84372416 ], [ -39.26798007, -16.84379529 ], [ -39.26774059, -16.84384893 ], [ -39.26751048, -16.84390322 ], [ -39.26729041, -16.84394942 ], [ -39.26707901, -16.84400501 ], [ -39.26686761, -16.84406061 ], [ -39.26666556, -16.84411686 ], [ -39.26646352, -16.84417311 ], [ -39.26627014, -16.84423875 ], [ -39.26607607, -16.84431314 ], [ -39.26589205, -16.84437944 ], [ -39.26569798, -16.84445383 ], [ -39.265524, -16.84451204 ], [ -39.26533998, -16.84457833 ], [ -39.26515734, -16.84462714 ], [ -39.26496535, -16.84467529 ], [ -39.26475602, -16.84470465 ], [ -39.26453733, -16.84473336 ], [ -39.26429196, -16.84474262 ], [ -39.26400984, -16.84474052 ], [ -39.26369966, -16.84473646 ], [ -39.26336868, -16.84475733 ], [ -39.26301691, -16.84480313 ], [ -39.26289249, -16.84482962 ], [ -39.26265232, -16.84489199 ], [ -39.26228289, -16.84504207 ], [ -39.2619301, -16.84521968 ], [ -39.2616442, -16.84538438 ], [ -39.26144597, -16.84551123 ], [ -39.26136696, -16.84555847 ], [ -39.26120165, -16.84562607 ], [ -39.26089251, -16.84572759 ], [ -39.26049708, -16.84584947 ], [ -39.26005486, -16.84596808 ], [ -39.25958526, -16.84607598 ], [ -39.25908828, -16.84617319 ], [ -39.25859199, -16.84626164 ], [ -39.25808495, -16.84636693 ], [ -39.2576053, -16.84648292 ], [ -39.25713362, -16.84661705 ], [ -39.25668862, -16.84677063 ], [ -39.25626096, -16.846943 ], [ -39.25585998, -16.84713482 ], [ -39.25546767, -16.84733603 ], [ -39.25509269, -16.84755604 ], [ -39.25473643, -16.84777736 ], [ -39.25438952, -16.84799932 ], [ -39.25405265, -16.8482132 ], [ -39.25372584, -16.84841898 ], [ -39.25340042, -16.84860727 ], [ -39.25307707, -16.84876933 ], [ -39.2527551, -16.84891391 ], [ -39.25244388, -16.84904164 ], [ -39.25213542, -16.8491344 ], [ -39.25182835, -16.84920967 ], [ -39.25152405, -16.84924996 ], [ -39.2512305, -16.84927342 ], [ -39.25094768, -16.84928004 ], [ -39.25067561, -16.84926983 ], [ -39.25041428, -16.84924278 ], [ -39.2501637, -16.8491989 ], [ -39.24992247, -16.84915568 ], [ -39.24969996, -16.84911376 ], [ -39.24949617, -16.84907314 ], [ -39.2493104, -16.84904258 ], [ -39.24912393, -16.84902076 ], [ -39.24894752, -16.84899085 ], [ -39.24877111, -16.84896095 ], [ -39.24857598, -16.84892973 ], [ -39.24837288, -16.84888037 ], [ -39.24815106, -16.84882971 ], [ -39.24790186, -16.84876833 ], [ -39.24761454, -16.84871309 ], [ -39.24743882, -16.84867444 ], [ -39.24729048, -16.84864649 ], [ -39.2469276, -16.84859476 ], [ -39.24653665, -16.84854107 ], [ -39.24611694, -16.84849416 ], [ -39.24607084, -16.84848215 ], [ -39.24568786, -16.8484466 ], [ -39.2452574, -16.84841652 ], [ -39.2448363, -16.8483871 ], [ -39.24442317, -16.84837582 ], [ -39.24402668, -16.84839207 ], [ -39.24364683, -16.84843587 ], [ -39.24327425, -16.84850654 ], [ -39.24293564, -16.84862356 ], [ -39.24263377, -16.84875193 ], [ -39.2423981, -16.84887613 ], [ -39.24224075, -16.84896185 ], [ -39.24218114, -16.84900164 ], [ -39.24221579, -16.84903923 ], [ -39.24220956, -16.84911793 ], [ -39.2421444, -16.84922767 ], [ -39.24202899, -16.84937786 ], [ -39.24188412, -16.84954358 ], [ -39.24171118, -16.84970733 ], [ -39.24152888, -16.84987044 ], [ -39.24132855, -16.85002348 ], [ -39.2411303, -16.8501503 ], [ -39.24094211, -16.85026903 ], [ -39.24075391, -16.85038775 ], [ -39.24057646, -16.85048965 ], [ -39.24040767, -16.85060094 ], [ -39.24025899, -16.85069605 ], [ -39.24012901, -16.85079247 ], [ -39.2400091, -16.8508808 ], [ -39.23989923, -16.85096104 ], [ -39.2398001, -16.85102445 ], [ -39.23969231, -16.85107846 ], [ -39.23957517, -16.85113181 ], [ -39.23943064, -16.85117446 ], [ -39.23922927, -16.85122193 ], [ -39.23897972, -16.85128361 ], [ -39.23869344, -16.85133393 ], [ -39.23840716, -16.85138425 ], [ -39.23814028, -16.85142714 ], [ -39.23791153, -16.8514639 ], [ -39.23775973, -16.85147966 ], [ -39.2376561, -16.85148121 ], [ -39.23759059, -16.85147663 ], [ -39.23754449, -16.85146461 ], [ -39.2374984, -16.8514526 ], [ -39.23744225, -16.85144867 ], [ -39.23736739, -16.85144344 ], [ -39.23726445, -16.85143624 ], [ -39.23715285, -16.85141964 ], [ -39.23702184, -16.85141048 ], [ -39.23688286, -16.85138318 ], [ -39.23673452, -16.85135523 ], [ -39.23658618, -16.85132727 ], [ -39.23645655, -16.85130062 ], [ -39.236355, -16.85127594 ], [ -39.23628153, -16.85125322 ], [ -39.23623612, -16.85123246 ], [ -39.23620008, -16.85121235 ], [ -39.23618206, -16.8512023 ], [ -39.23617339, -16.8511929 ], [ -39.23615468, -16.8511916 ], [ -39.2361273, -16.85118089 ], [ -39.23609056, -16.85116953 ], [ -39.23604446, -16.85115751 ], [ -39.23598104, -16.8511267 ], [ -39.23589959, -16.85108584 ], [ -39.23579942, -16.85104367 ], [ -39.2356906, -16.8509921 ], [ -39.23559113, -16.85094118 ], [ -39.23549963, -16.85090841 ], [ -39.23541749, -16.85087629 ], [ -39.23536273, -16.85085488 ], [ -39.23530727, -16.85084221 ], [ -39.23527053, -16.85083085 ], [ -39.23524315, -16.85082014 ], [ -39.23522513, -16.85081009 ], [ -39.23519845, -16.85079064 ], [ -39.23517176, -16.85077119 ], [ -39.23512636, -16.85075043 ], [ -39.23506224, -16.85072836 ], [ -39.23496138, -16.85069493 ], [ -39.23485047, -16.85066959 ], [ -39.23471149, -16.85064229 ], [ -39.23457251, -16.85061499 ], [ -39.23442348, -16.85059578 ], [ -39.23427445, -16.85057656 ], [ -39.23412541, -16.85055735 ], [ -39.23396633, -16.85054622 ], [ -39.23378784, -16.85054253 ], [ -39.23358058, -16.85054562 ], [ -39.23334524, -16.85054675 ], [ -39.23310055, -16.85054722 ], [ -39.23285517, -16.85055644 ], [ -39.23263786, -16.85056761 ], [ -39.23245798, -16.85058141 ], [ -39.23233494, -16.85059039 ], [ -39.23225869, -16.85060264 ], [ -39.23221987, -16.85061751 ], [ -39.23219977, -16.85063369 ], [ -39.23218036, -16.85064112 ], [ -39.23216026, -16.8506573 ], [ -39.23213149, -16.85066408 ], [ -39.23211208, -16.85067151 ], [ -39.23208331, -16.85067829 ], [ -39.23205524, -16.85067633 ], [ -39.23203652, -16.85067502 ], [ -39.23200845, -16.85067306 ], [ -39.23195161, -16.85067787 ], [ -39.23187536, -16.85069012 ], [ -39.23176029, -16.85071724 ], [ -39.23158769, -16.85075792 ], [ -39.23139567, -16.85080603 ], [ -39.23118425, -16.85086158 ], [ -39.23098288, -16.85090904 ], [ -39.23081964, -16.85095037 ], [ -39.23069521, -16.85097683 ], [ -39.23059955, -16.85099652 ], [ -39.23051394, -16.85100811 ], [ -39.23041898, -16.85101905 ], [ -39.23029524, -16.85103678 ], [ -39.23012264, -16.85107745 ], [ -39.22990255, -16.8511236 ], [ -39.2296537, -16.85117653 ], [ -39.22937677, -16.85122749 ], [ -39.22909984, -16.85127845 ], [ -39.22883297, -16.85132132 ], [ -39.22855743, -16.8513548 ], [ -39.22828189, -16.85138827 ], [ -39.22800704, -16.851413 ], [ -39.22772283, -16.85143708 ], [ -39.22742996, -16.85145175 ], [ -39.2271371, -16.85146643 ], [ -39.22686294, -16.85148241 ], [ -39.2267406, -16.85148265 ], [ -39.22662691, -16.85149228 ], [ -39.22642832, -16.85150476 ], [ -39.22628587, -16.85152116 ], [ -39.22619021, -16.85154084 ], [ -39.22612331, -16.85155375 ], [ -39.22607583, -16.85155922 ], [ -39.2260183, -16.85157277 ], [ -39.22596215, -16.85156885 ], [ -39.22588659, -16.85157235 ], [ -39.22580306, -16.85155771 ], [ -39.22571018, -16.85154242 ], [ -39.22562735, -16.85151904 ], [ -39.22553585, -16.85148627 ], [ -39.2254544, -16.8514454 ], [ -39.22536291, -16.85141263 ], [ -39.22528077, -16.8513805 ], [ -39.22518858, -16.85135647 ], [ -39.225095, -16.85134992 ], [ -39.2249827, -16.85134206 ], [ -39.22487041, -16.85133421 ], [ -39.2247394, -16.85132504 ], [ -39.22458031, -16.85131391 ], [ -39.22440321, -16.85129272 ], [ -39.22419006, -16.85125143 ], [ -39.22396825, -16.85120074 ], [ -39.22371905, -16.85113935 ], [ -39.22345253, -16.85105916 ], [ -39.22317735, -16.85096957 ], [ -39.22288415, -16.85086992 ], [ -39.22259094, -16.85077028 ], [ -39.22229704, -16.85067938 ], [ -39.22202116, -16.85059853 ], [ -39.22175326, -16.85053583 ], [ -39.22149332, -16.85049126 ], [ -39.22124205, -16.85045609 ], [ -39.22099875, -16.85043906 ], [ -39.22073603, -16.85042947 ], [ -39.22047263, -16.85042862 ], [ -39.22020852, -16.85043651 ], [ -39.21996314, -16.85044571 ], [ -39.21974652, -16.85044813 ], [ -39.21956664, -16.85046191 ], [ -39.21943494, -16.85046148 ], [ -39.21933997, -16.85047242 ], [ -39.21925506, -16.85047527 ], [ -39.21915143, -16.8504768 ], [ -39.21902839, -16.85048577 ], [ -39.2188492, -16.85049081 ], [ -39.21864125, -16.85050263 ], [ -39.21842393, -16.8505138 ], [ -39.21821529, -16.85053436 ], [ -39.21805412, -16.85054945 ], [ -39.21793975, -16.85056782 ], [ -39.21786349, -16.85058006 ], [ -39.21783403, -16.85059558 ], [ -39.21781393, -16.85061176 ], [ -39.21780318, -16.85062859 ], [ -39.21779244, -16.85064542 ], [ -39.21777303, -16.85065285 ], [ -39.21775362, -16.85066028 ], [ -39.21773421, -16.85066771 ], [ -39.21770544, -16.85067449 ], [ -39.21767737, -16.85067253 ], [ -39.21764999, -16.85066182 ], [ -39.21762191, -16.85065985 ], [ -39.2176025, -16.85066729 ], [ -39.21757374, -16.85067406 ], [ -39.21756368, -16.85068215 ], [ -39.21753422, -16.85069767 ], [ -39.21750407, -16.85072193 ], [ -39.21746386, -16.85075429 ], [ -39.21738622, -16.85078402 ], [ -39.21729056, -16.85080369 ], [ -39.21716543, -16.85083889 ], [ -39.21700358, -16.85086272 ], [ -39.21680498, -16.85087519 ], [ -39.21657761, -16.85089444 ], [ -39.21631351, -16.85090233 ], [ -39.21603139, -16.85090016 ], [ -39.21573055, -16.85089668 ], [ -39.21543907, -16.85089385 ], [ -39.2151663, -16.85089234 ], [ -39.21492231, -16.85088404 ], [ -39.21469703, -16.85087706 ], [ -39.21447105, -16.85087882 ], [ -39.21424577, -16.85087184 ], [ -39.21400177, -16.85086355 ], [ -39.213729, -16.85086203 ], [ -39.21342886, -16.8508498 ], [ -39.2131107, -16.85082752 ], [ -39.21278387, -16.85079585 ], [ -39.21245843, -16.85074668 ], [ -39.21213438, -16.85068004 ], [ -39.21182038, -16.8506053 ], [ -39.21154451, -16.85052444 ], [ -39.2112974, -16.85043681 ], [ -39.21111441, -16.85037125 ], [ -39.21097752, -16.8503177 ], [ -39.21088672, -16.85027618 ], [ -39.21081463, -16.85023597 ], [ -39.21072453, -16.8501857 ], [ -39.2106171, -16.85011664 ], [ -39.21045491, -16.85002616 ], [ -39.21024801, -16.84990618 ], [ -39.21003246, -16.8497768 ], [ -39.20978952, -16.84963671 ], [ -39.2095653, -16.84949793 ], [ -39.20935113, -16.84935106 ], [ -39.20914632, -16.84920485 ], [ -39.20893424, -16.84903176 ], [ -39.20870483, -16.84883987 ], [ -39.20845012, -16.84861105 ], [ -39.20816077, -16.84834463 ], [ -39.20784473, -16.84805877 ], [ -39.20753874, -16.84776481 ], [ -39.20724142, -16.84748026 ], [ -39.20699816, -16.84722587 ], [ -39.20679821, -16.84701846 ], [ -39.20665163, -16.84684996 ], [ -39.20653174, -16.8467009 ], [ -39.20641115, -16.84656059 ], [ -39.20628259, -16.84640214 ], [ -39.20613671, -16.8462249 ], [ -39.20596414, -16.8460282 ], [ -39.20579158, -16.8458315 ], [ -39.20561901, -16.84563481 ], [ -39.20547244, -16.8454663 ], [ -39.20534249, -16.84532534 ], [ -39.20523057, -16.84519443 ], [ -39.20512661, -16.84508165 ], [ -39.20501399, -16.84495948 ], [ -39.20488474, -16.84480978 ], [ -39.20473816, -16.84464128 ], [ -39.20455624, -16.84444392 ], [ -39.2043563, -16.84423652 ], [ -39.20412967, -16.84400967 ], [ -39.20389369, -16.84378216 ], [ -39.2036383, -16.84356208 ], [ -39.20337286, -16.84335009 ], [ -39.20310602, -16.84315558 ], [ -39.20285652, -16.84297987 ], [ -39.20261498, -16.8428223 ], [ -39.20239874, -16.84270166 ], [ -39.20219982, -16.84259982 ], [ -39.20202759, -16.84251743 ], [ -39.20187268, -16.84245384 ], [ -39.20174445, -16.84240969 ], [ -39.20163425, -16.8423756 ], [ -39.20154206, -16.84235156 ], [ -39.20147795, -16.84232949 ], [ -39.20141314, -16.84231616 ], [ -39.2013771, -16.84229605 ], [ -39.20135042, -16.8422766 ], [ -39.20131438, -16.8422565 ], [ -39.20126898, -16.84223574 ], [ -39.20118616, -16.84221235 ], [ -39.20105654, -16.84218569 ], [ -39.20087945, -16.8421645 ], [ -39.20065557, -16.84214002 ], [ -39.20041297, -16.84211424 ], [ -39.20017903, -16.84209785 ], [ -39.19997317, -16.84208343 ], [ -39.1998134, -16.84208103 ], [ -39.1996824, -16.84207185 ], [ -39.19956145, -16.84205459 ], [ -39.19942317, -16.84201853 ], [ -39.19925891, -16.84195428 ], [ -39.19904058, -16.84185987 ], [ -39.19878691, -16.84173661 ], [ -39.19849651, -16.84160199 ], [ -39.19817804, -16.8414654 ], [ -39.19785817, -16.84134629 ], [ -39.19752825, -16.84123527 ], [ -39.19720631, -16.84114239 ], [ -39.19688297, -16.84106699 ], [ -39.1965683, -16.84100099 ], [ -39.19624287, -16.84095182 ], [ -39.19593478, -16.84092144 ], [ -39.19562668, -16.84089106 ], [ -39.19534596, -16.8408714 ], [ -39.19510198, -16.84086309 ], [ -39.19488676, -16.84084801 ], [ -39.19471764, -16.84084495 ], [ -39.19457728, -16.84083512 ], [ -39.19444558, -16.84083468 ], [ -39.19430522, -16.84082484 ], [ -39.1941361, -16.84082178 ], [ -39.19392954, -16.8408161 ], [ -39.19366684, -16.84080648 ], [ -39.19337607, -16.8407949 ], [ -39.19304718, -16.84078943 ], [ -39.19268952, -16.84079074 ], [ -39.19231245, -16.84079947 ], [ -39.19193538, -16.84080821 ], [ -39.19156766, -16.8408176 ], [ -39.19122802, -16.84082896 ], [ -39.19094522, -16.84083551 ], [ -39.19072861, -16.84083791 ], [ -39.19056088, -16.84081736 ], [ -39.19043126, -16.8407907 ], [ -39.19031309, -16.84073846 ], [ -39.19018696, -16.84066809 ], [ -39.19005424, -16.84056209 ], [ -39.18990421, -16.8404373 ], [ -39.18974551, -16.84030311 ], [ -39.18960622, -16.84016149 ], [ -39.18947559, -16.84002927 ], [ -39.18938169, -16.83990842 ], [ -39.18929646, -16.83979696 ], [ -39.1892393, -16.83968747 ], [ -39.18917278, -16.83957732 ], [ -39.18910627, -16.83946717 ], [ -39.18902103, -16.83935572 ], [ -39.1889365, -16.83923552 ], [ -39.18885057, -16.8391328 ], [ -39.188774, -16.83903074 ], [ -39.1887047, -16.83895556 ], [ -39.18864268, -16.83890726 ], [ -39.18860734, -16.83887841 ], [ -39.18856194, -16.83885765 ], [ -39.1885259, -16.83883754 ], [ -39.18847184, -16.83880738 ], [ -39.18839977, -16.83876717 ], [ -39.18830101, -16.8387075 ], [ -39.18819359, -16.83863844 ], [ -39.18804874, -16.83856676 ], [ -39.18788587, -16.83848502 ], [ -39.18770359, -16.83841071 ], [ -39.18750329, -16.83832635 ], [ -39.1873023, -16.83825073 ], [ -39.18710928, -16.83819325 ], [ -39.18694432, -16.83813773 ], [ -39.18681541, -16.83810232 ], [ -39.18670382, -16.83808571 ], [ -39.18661094, -16.83807041 ], [ -39.18653678, -16.83805642 ], [ -39.18645257, -16.83805052 ], [ -39.18636039, -16.83802648 ], [ -39.1862488, -16.83800987 ], [ -39.18612924, -16.83797511 ], [ -39.18600032, -16.83793971 ], [ -39.18586275, -16.8378949 ], [ -39.18571651, -16.8378407 ], [ -39.18555225, -16.83777644 ], [ -39.18536998, -16.83770213 ], [ -39.18518839, -16.83761908 ], [ -39.18498949, -16.83751724 ], [ -39.18477257, -16.83740534 ], [ -39.18456569, -16.83728535 ], [ -39.18434877, -16.83717345 ], [ -39.18415056, -16.83706287 ], [ -39.18397903, -16.83697173 ], [ -39.18382483, -16.83689939 ], [ -39.18369731, -16.8368465 ], [ -39.18358711, -16.8368124 ], [ -39.18349562, -16.83677962 ], [ -39.18342285, -16.83674815 ], [ -39.1833681, -16.83672673 ], [ -39.18331404, -16.83669657 ], [ -39.18324993, -16.83667449 ], [ -39.18318652, -16.83664368 ], [ -39.18309503, -16.83661089 ], [ -39.18298484, -16.83657679 ], [ -39.18284587, -16.83654947 ], [ -39.18266948, -16.83651953 ], [ -39.18245496, -16.8364957 ], [ -39.18220162, -16.83648672 ], [ -39.18191086, -16.83647513 ], [ -39.18157192, -16.83647774 ], [ -39.18119486, -16.83648646 ], [ -39.180797, -16.83652009 ], [ -39.18036967, -16.83656924 ], [ -39.17993091, -16.83664396 ], [ -39.17949144, -16.83672741 ], [ -39.17905995, -16.83682901 ], [ -39.17867454, -16.83694262 ], [ -39.17832726, -16.83705011 ], [ -39.17804617, -16.83715346 ], [ -39.17781186, -16.83726009 ], [ -39.17762364, -16.83737874 ], [ -39.1774427, -16.83752427 ], [ -39.17725967, -16.83769602 ], [ -39.17707385, -16.83790274 ], [ -39.17687729, -16.83812628 ], [ -39.17668003, -16.83835857 ], [ -39.17648347, -16.83858211 ], [ -39.17628968, -16.83877068 ], [ -39.17610873, -16.83891621 ], [ -39.17593992, -16.83902743 ], [ -39.17578256, -16.83911308 ], [ -39.17563733, -16.83916442 ], [ -39.1754935, -16.83919828 ], [ -39.17536041, -16.83921532 ], [ -39.17523738, -16.83922426 ], [ -39.17511573, -16.83921573 ], [ -39.17499479, -16.83919846 ], [ -39.17488459, -16.83916436 ], [ -39.17476642, -16.83911212 ], [ -39.17465831, -16.83905179 ], [ -39.17454223, -16.83897333 ], [ -39.17442685, -16.83888613 ], [ -39.17432083, -16.83879958 ], [ -39.17420614, -16.83870364 ], [ -39.17410151, -16.83859961 ], [ -39.17400623, -16.83849623 ], [ -39.17391165, -16.83838412 ], [ -39.17382643, -16.83827266 ], [ -39.1737419, -16.83815246 ], [ -39.17367679, -16.83802484 ], [ -39.17361236, -16.83788847 ], [ -39.17356596, -16.83776216 ], [ -39.17352025, -16.8376271 ], [ -39.17349395, -16.83748462 ], [ -39.17347632, -16.83735153 ], [ -39.17345868, -16.83721845 ], [ -39.17344104, -16.83708536 ], [ -39.17342341, -16.83695228 ], [ -39.17340508, -16.83682793 ], [ -39.17337739, -16.83670293 ], [ -39.1733497, -16.83657793 ], [ -39.1733026, -16.83646036 ], [ -39.17326416, -16.83635219 ], [ -39.1732077, -16.83623396 ], [ -39.17315055, -16.83612447 ], [ -39.17308404, -16.83601433 ], [ -39.17301614, -16.83592166 ], [ -39.17294894, -16.83582026 ], [ -39.17287099, -16.83573569 ], [ -39.17279303, -16.83565111 ], [ -39.17270642, -16.83555713 ], [ -39.17259174, -16.83546119 ], [ -39.17245037, -16.8353458 ], [ -39.17228233, -16.83521095 ], [ -39.17208691, -16.8350654 ], [ -39.17187486, -16.8348923 ], [ -39.17166351, -16.83471047 ], [ -39.1714435, -16.83451924 ], [ -39.17122349, -16.83432801 ], [ -39.17102289, -16.83412935 ], [ -39.17085036, -16.83393267 ], [ -39.17069446, -16.83376351 ], [ -39.17056524, -16.83361381 ], [ -39.17048071, -16.83349362 ], [ -39.17042217, -16.83340161 ], [ -39.17038961, -16.8333378 ], [ -39.17036502, -16.83329213 ], [ -39.17033973, -16.83325519 ], [ -39.17032241, -16.8332364 ], [ -39.17029573, -16.83321695 ], [ -39.17027771, -16.83320689 ], [ -39.17025969, -16.83319684 ], [ -39.17025103, -16.83318744 ], [ -39.17024237, -16.83317805 ], [ -39.1702344, -16.83315991 ], [ -39.1702351, -16.83315117 ], [ -39.17023649, -16.83313368 ], [ -39.17023788, -16.8331162 ], [ -39.17022056, -16.83309741 ], [ -39.17020393, -16.83306987 ], [ -39.170188, -16.8330336 ], [ -39.17015405, -16.83298726 ], [ -39.17013085, -16.83292411 ], [ -39.17009102, -16.83283342 ], [ -39.17006125, -16.83273464 ], [ -39.17003356, -16.83260964 ], [ -39.17000656, -16.8324759 ], [ -39.16999032, -16.83232534 ], [ -39.16999418, -16.8321586 ], [ -39.16999873, -16.83198313 ], [ -39.17002269, -16.83180023 ], [ -39.17005532, -16.83162672 ], [ -39.1700973, -16.83145387 ], [ -39.17013859, -16.83128976 ], [ -39.17019858, -16.83112696 ], [ -39.17026863, -16.83095608 ], [ -39.17035879, -16.83076903 ], [ -39.17046974, -16.83055707 ], [ -39.17061155, -16.83031212 ], [ -39.1707641, -16.83005033 ], [ -39.17093537, -16.82978986 ], [ -39.17109658, -16.82953748 ], [ -39.17124635, -16.82931066 ], [ -39.17138259, -16.82913563 ], [ -39.17149803, -16.82898551 ], [ -39.17160203, -16.82886095 ], [ -39.17170463, -16.82875388 ], [ -39.17179858, -16.82863741 ], [ -39.17189252, -16.82852094 ], [ -39.17199582, -16.82840513 ], [ -39.17209046, -16.82827992 ], [ -39.1721851, -16.82815471 ], [ -39.17226969, -16.82803759 ], [ -39.17236224, -16.8279386 ], [ -39.17244544, -16.82783896 ], [ -39.17252863, -16.82773931 ], [ -39.17259311, -16.82763836 ], [ -39.17266626, -16.8275468 ], [ -39.17272208, -16.82743644 ], [ -39.17276854, -16.82732543 ], [ -39.17280496, -16.82722251 ], [ -39.17282196, -16.82712701 ], [ -39.17283827, -16.82704026 ], [ -39.17283378, -16.82697842 ], [ -39.17281924, -16.82692466 ], [ -39.1728033, -16.82688838 ], [ -39.17277732, -16.82686019 ], [ -39.17274128, -16.82684008 ], [ -39.17271391, -16.82682937 ], [ -39.17266782, -16.82681735 ], [ -39.17261099, -16.82682216 ], [ -39.17253474, -16.82683439 ], [ -39.1724384, -16.8268628 ], [ -39.17230393, -16.82689732 ], [ -39.17215872, -16.82694866 ], [ -39.17200345, -16.82700809 ], [ -39.17184888, -16.82705878 ], [ -39.17172168, -16.82712018 ], [ -39.17163399, -16.82715798 ], [ -39.17156502, -16.82719709 ], [ -39.17152481, -16.82722943 ], [ -39.17149466, -16.82725369 ], [ -39.1714652, -16.8272692 ], [ -39.17144509, -16.82728537 ], [ -39.17141633, -16.82729214 ], [ -39.17138756, -16.82729892 ], [ -39.1713581, -16.82731443 ], [ -39.17132725, -16.82734743 ], [ -39.1712964, -16.82738042 ], [ -39.1712548, -16.82743024 ], [ -39.17121251, -16.82748881 ], [ -39.17115947, -16.82756419 ], [ -39.17108772, -16.82763827 ], [ -39.17099586, -16.82772852 ], [ -39.17089325, -16.82783559 ], [ -39.17078129, -16.827942 ], [ -39.17065061, -16.8280471 ], [ -39.17050919, -16.82816903 ], [ -39.17036846, -16.82828222 ], [ -39.17021838, -16.82839475 ], [ -39.17005894, -16.82850662 ], [ -39.16991024, -16.82860167 ], [ -39.16976224, -16.82868798 ], [ -39.16961564, -16.8287568 ], [ -39.16946972, -16.82881689 ], [ -39.1693252, -16.82885949 ], [ -39.16917202, -16.82889269 ], [ -39.16901953, -16.82891715 ], [ -39.16885908, -16.82892348 ], [ -39.16868857, -16.82893789 ], [ -39.16852672, -16.8289617 ], [ -39.16837354, -16.8289949 ], [ -39.16823768, -16.8290469 ], [ -39.16811775, -16.82913517 ], [ -39.16801514, -16.82924224 ], [ -39.16793991, -16.82936002 ], [ -39.16788199, -16.82949659 ], [ -39.16783344, -16.82963382 ], [ -39.16781295, -16.82977301 ], [ -39.16779316, -16.82990347 ], [ -39.16777337, -16.83003393 ], [ -39.16775358, -16.83016438 ], [ -39.16773449, -16.8302861 ], [ -39.16768732, -16.83040584 ], [ -39.1676308, -16.83052493 ], [ -39.16757567, -16.83062654 ], [ -39.16750182, -16.83072684 ], [ -39.16743873, -16.83081031 ], [ -39.16736697, -16.83088438 ], [ -39.16729591, -16.83094971 ], [ -39.16722554, -16.8310063 ], [ -39.16713716, -16.83105284 ], [ -39.16704011, -16.83108998 ], [ -39.16693371, -16.83112646 ], [ -39.16679993, -16.83115224 ], [ -39.16666685, -16.83116927 ], [ -39.16651575, -16.83117625 ], [ -39.16635669, -16.83116509 ], [ -39.16618966, -16.83113579 ], [ -39.16602332, -16.83109775 ], [ -39.16585838, -16.83104223 ], [ -39.16570349, -16.83097862 ], [ -39.16556801, -16.83090759 ], [ -39.16544119, -16.83084595 ], [ -39.16533448, -16.83076815 ], [ -39.16522915, -16.83067287 ], [ -39.16511726, -16.83054196 ], [ -39.16499809, -16.83038418 ], [ -39.16486438, -16.83017264 ], [ -39.16472271, -16.82994296 ], [ -39.16458174, -16.82970454 ], [ -39.16445878, -16.82947617 ], [ -39.16437047, -16.82928539 ], [ -39.16430674, -16.82914029 ], [ -39.16427767, -16.82903278 ], [ -39.16425516, -16.82896088 ], [ -39.16424132, -16.82889838 ], [ -39.16421742, -16.82884397 ], [ -39.16416546, -16.82878759 ], [ -39.16410414, -16.82873055 ], [ -39.16403346, -16.82867285 ], [ -39.16394267, -16.82863132 ], [ -39.16385189, -16.8285898 ], [ -39.16375902, -16.82857449 ], [ -39.1636554, -16.82857601 ], [ -39.16353895, -16.82862058 ], [ -39.16341035, -16.82869945 ], [ -39.16327759, -16.82883076 ], [ -39.16311327, -16.82900381 ], [ -39.16294478, -16.82922931 ], [ -39.16277559, -16.82946354 ], [ -39.16259705, -16.82969712 ], [ -39.16242925, -16.82991387 ], [ -39.16228295, -16.83009697 ], [ -39.16213873, -16.83025385 ], [ -39.16199661, -16.83038451 ], [ -39.16187389, -16.83050774 ], [ -39.16175047, -16.83063971 ], [ -39.16162706, -16.83077168 ], [ -39.16150295, -16.83091239 ], [ -39.16137884, -16.8310531 ], [ -39.16126478, -16.83118573 ], [ -39.16115211, -16.83130087 ], [ -39.16105089, -16.83139045 ], [ -39.16095106, -16.83146255 ], [ -39.16084326, -16.83151651 ], [ -39.16073686, -16.83155299 ], [ -39.16062249, -16.83157133 ], [ -39.16049946, -16.83158027 ], [ -39.16036777, -16.83157982 ], [ -39.16030297, -16.83156648 ], [ -39.16023747, -16.83156188 ], [ -39.16010717, -16.83154395 ], [ -39.15999698, -16.83150985 ], [ -39.15988609, -16.83148448 ], [ -39.15978595, -16.8314423 ], [ -39.15969586, -16.83139203 ], [ -39.15960647, -16.83133302 ], [ -39.15950912, -16.83125587 ], [ -39.1594031, -16.83116932 ], [ -39.15929778, -16.83107404 ], [ -39.15920182, -16.83097941 ], [ -39.15910585, -16.83088478 ], [ -39.15903796, -16.83079212 ], [ -39.15898739, -16.83071825 ], [ -39.15895483, -16.83065444 ], [ -39.15895035, -16.8305926 ], [ -39.15894586, -16.83053076 ], [ -39.15896079, -16.83046149 ], [ -39.15897641, -16.83038349 ], [ -39.15899203, -16.83030548 ], [ -39.1590184, -16.83021065 ], [ -39.15903541, -16.83011516 ], [ -39.15904446, -16.83000153 ], [ -39.15905281, -16.82989664 ], [ -39.1590525, -16.82978236 ], [ -39.15904284, -16.82966742 ], [ -39.15901376, -16.82955991 ], [ -39.15897533, -16.82945174 ], [ -39.1589362, -16.82935231 ], [ -39.15887836, -16.82925157 ], [ -39.15880977, -16.82916765 ], [ -39.15875123, -16.82907564 ], [ -39.1586927, -16.82898364 ], [ -39.15863346, -16.82890038 ], [ -39.15858428, -16.82880904 ], [ -39.15854446, -16.82871835 ], [ -39.1585133, -16.82863706 ], [ -39.1584908, -16.82856516 ], [ -39.15847695, -16.82850267 ], [ -39.15847247, -16.82844083 ], [ -39.158486, -16.82838904 ], [ -39.15850023, -16.82832851 ], [ -39.15852312, -16.82827738 ], [ -39.15855536, -16.82822691 ], [ -39.1585883, -16.8281677 ], [ -39.1586306, -16.82810914 ], [ -39.15868226, -16.82805124 ], [ -39.15873391, -16.82799334 ], [ -39.15879492, -16.8279361 ], [ -39.15885593, -16.82787885 ], [ -39.15891694, -16.82782161 ], [ -39.1589887, -16.82774754 ], [ -39.1590511, -16.82767282 ], [ -39.1591149, -16.82758061 ], [ -39.15917869, -16.8274884 ], [ -39.15924318, -16.82738746 ], [ -39.15929692, -16.82730333 ], [ -39.15934997, -16.82722795 ], [ -39.15939157, -16.82717814 ], [ -39.15943247, -16.82713706 ], [ -39.15947199, -16.82711346 ], [ -39.15949209, -16.8270973 ], [ -39.15952086, -16.82709053 ], [ -39.15954096, -16.82707436 ], [ -39.15956037, -16.82706693 ], [ -39.15959919, -16.82705208 ], [ -39.15965672, -16.82703853 ], [ -39.15975098, -16.82703636 ], [ -39.15988336, -16.82702807 ], [ -39.16004312, -16.82703049 ], [ -39.16021362, -16.82701609 ], [ -39.16037477, -16.82700103 ], [ -39.16050855, -16.82697526 ], [ -39.16060629, -16.82692938 ], [ -39.16066799, -16.8268634 ], [ -39.16069227, -16.82679478 ], [ -39.16069853, -16.82671612 ], [ -39.16068678, -16.8266274 ], [ -39.16065561, -16.82654611 ], [ -39.16061579, -16.82645542 ], [ -39.1605673, -16.82635533 ], [ -39.16050877, -16.82626333 ], [ -39.16044157, -16.82616193 ], [ -39.16035496, -16.82606796 ], [ -39.16026905, -16.82596525 ], [ -39.16017308, -16.82587062 ], [ -39.16006776, -16.82577534 ], [ -39.15995239, -16.82568814 ], [ -39.15981831, -16.82559963 ], [ -39.15968283, -16.8255286 ], [ -39.15955671, -16.82545822 ], [ -39.15943059, -16.82538784 ], [ -39.15932388, -16.82531004 ], [ -39.15923518, -16.82524229 ], [ -39.1591652, -16.82517586 ], [ -39.15911463, -16.82510199 ], [ -39.15907341, -16.82502879 ], [ -39.15904225, -16.8249475 ], [ -39.15902044, -16.82486686 ], [ -39.15899864, -16.82478623 ], [ -39.15898688, -16.82469751 ], [ -39.15898379, -16.82461819 ], [ -39.15898139, -16.82453013 ], [ -39.15898834, -16.82444272 ], [ -39.15900466, -16.82435597 ], [ -39.15902097, -16.82426922 ], [ -39.1590553, -16.82419253 ], [ -39.15909968, -16.82410775 ], [ -39.15916278, -16.82402428 ], [ -39.15923523, -16.82394147 ], [ -39.15931704, -16.82385932 ], [ -39.15941686, -16.82378722 ], [ -39.15952605, -16.82371578 ], [ -39.15964458, -16.82364499 ], [ -39.15977109, -16.82359234 ], [ -39.15990694, -16.82354035 ], [ -39.16005077, -16.82350649 ], [ -39.1601939, -16.82348137 ], [ -39.16034499, -16.8234744 ], [ -39.16049469, -16.8234849 ], [ -39.16063364, -16.82351223 ], [ -39.16078056, -16.82355769 ], [ -39.16091743, -16.82361124 ], [ -39.16104286, -16.82369035 ], [ -39.16116828, -16.82376947 ], [ -39.16127499, -16.82384727 ], [ -39.1613817, -16.82392507 ], [ -39.16147109, -16.82398408 ], [ -39.16155252, -16.82402495 ], [ -39.16161732, -16.82403829 ], [ -39.16167485, -16.82402474 ], [ -39.16172511, -16.82398432 ], [ -39.16174939, -16.82391571 ], [ -39.16177644, -16.82381214 ], [ -39.16177683, -16.82368911 ], [ -39.16176058, -16.82353855 ], [ -39.16172632, -16.82337794 ], [ -39.16167404, -16.82320727 ], [ -39.16158434, -16.82303398 ], [ -39.16148528, -16.82286003 ], [ -39.16136681, -16.82269351 ], [ -39.16122963, -16.82252568 ], [ -39.16109105, -16.82237533 ], [ -39.16095109, -16.82224246 ], [ -39.16081043, -16.82211833 ], [ -39.16065972, -16.82200228 ], [ -39.16052633, -16.82190503 ], [ -39.16038289, -16.82181586 ], [ -39.16024881, -16.82172735 ], [ -39.16012269, -16.82165698 ], [ -39.16000593, -16.82158726 ], [ -39.15990788, -16.82151886 ], [ -39.15981849, -16.82145985 ], [ -39.15974781, -16.82140216 ], [ -39.1597052, -16.82134643 ], [ -39.1596619, -16.82129945 ], [ -39.15962726, -16.82126186 ], [ -39.15959261, -16.82122427 ], [ -39.15954792, -16.82119477 ], [ -39.15951189, -16.82117466 ], [ -39.15947516, -16.8211633 ], [ -39.15943843, -16.82115193 ], [ -39.15941105, -16.82114122 ], [ -39.15938368, -16.82113051 ], [ -39.15937572, -16.82111237 ], [ -39.15936705, -16.82110298 ], [ -39.15935839, -16.82109358 ], [ -39.15934038, -16.82108353 ], [ -39.15932236, -16.82107347 ], [ -39.15929499, -16.82106276 ], [ -39.15925895, -16.82104266 ], [ -39.1592049, -16.8210125 ], [ -39.15913283, -16.82097228 ], [ -39.15903409, -16.82091262 ], [ -39.15892738, -16.82083482 ], [ -39.15881062, -16.8207651 ], [ -39.15867584, -16.82068533 ], [ -39.15854972, -16.82061496 ], [ -39.15842291, -16.82055333 ], [ -39.1582954, -16.82050043 ], [ -39.1581665, -16.82046502 ], [ -39.1580369, -16.82043835 ], [ -39.15790731, -16.82041168 ], [ -39.15776766, -16.82039309 ], [ -39.15762801, -16.82037451 ], [ -39.15748767, -16.82036466 ], [ -39.15735738, -16.82034673 ], [ -39.15722639, -16.82033754 ], [ -39.1570961, -16.82031961 ], [ -39.15698522, -16.82029425 ], [ -39.15687364, -16.82027763 ], [ -39.15678147, -16.82025359 ], [ -39.15670801, -16.82023086 ], [ -39.15665326, -16.82020944 ], [ -39.15660857, -16.82017993 ], [ -39.15657253, -16.82015983 ], [ -39.15652784, -16.82013032 ], [ -39.1564925, -16.82010147 ], [ -39.15643845, -16.82007131 ], [ -39.15638371, -16.82004989 ], [ -39.1563203, -16.82001908 ], [ -39.15626555, -16.81999766 ], [ -39.15621011, -16.81998498 ], [ -39.15617338, -16.81997361 ], [ -39.15613596, -16.81997099 ], [ -39.15610789, -16.81996902 ], [ -39.15608918, -16.8199677 ], [ -39.15607116, -16.81995765 ], [ -39.15604379, -16.81994694 ], [ -39.15601781, -16.81991875 ], [ -39.15598247, -16.8198899 ], [ -39.15594783, -16.81985232 ], [ -39.15589447, -16.81981342 ], [ -39.15582241, -16.8197732 ], [ -39.15575104, -16.81972425 ], [ -39.15567966, -16.81967529 ], [ -39.1556076, -16.81963508 ], [ -39.15553623, -16.81958613 ], [ -39.15548287, -16.81954723 ], [ -39.15543887, -16.81950898 ], [ -39.15540423, -16.8194714 ], [ -39.15537825, -16.8194432 ], [ -39.15536232, -16.81940693 ], [ -39.15535505, -16.81938005 ], [ -39.15533843, -16.81935252 ], [ -39.15533185, -16.8193169 ], [ -39.15531523, -16.81928937 ], [ -39.1552993, -16.81925309 ], [ -39.15527471, -16.81920742 ], [ -39.15524007, -16.81916983 ], [ -39.15521478, -16.8191329 ], [ -39.15518083, -16.81908657 ], [ -39.15515555, -16.81904964 ], [ -39.15513892, -16.81902211 ], [ -39.15512299, -16.81898583 ], [ -39.15511503, -16.8189677 ], [ -39.15510776, -16.81894082 ], [ -39.1550991, -16.81893142 ], [ -39.15509113, -16.81891329 ], [ -39.15507312, -16.81890323 ], [ -39.1550558, -16.81888444 ], [ -39.15503051, -16.81884751 ], [ -39.15500662, -16.8187931 ], [ -39.15498411, -16.8187212 ], [ -39.15494429, -16.81863052 ], [ -39.15490586, -16.81852235 ], [ -39.15485946, -16.81839605 ], [ -39.15481445, -16.81825226 ], [ -39.15475143, -16.81809842 ], [ -39.15467975, -16.81793519 ], [ -39.15461673, -16.81778135 ], [ -39.1545537, -16.81762751 ], [ -39.15450731, -16.81750121 ], [ -39.15446887, -16.81739304 ], [ -39.1544384, -16.81730302 ], [ -39.15442526, -16.81723178 ], [ -39.15442147, -16.8171612 ], [ -39.15442634, -16.81710002 ], [ -39.15444056, -16.81703949 ], [ -39.15446414, -16.81697962 ], [ -39.15449708, -16.81692041 ], [ -39.15453937, -16.81686185 ], [ -39.15459033, -16.81681269 ], [ -39.15465064, -16.81676419 ], [ -39.15472827, -16.81673448 ], [ -39.15482322, -16.81672356 ], [ -39.1549348, -16.81674018 ], [ -39.15508171, -16.81678564 ], [ -39.15525461, -16.8168593 ], [ -39.15545348, -16.81696114 ], [ -39.15565236, -16.81706299 ], [ -39.15583322, -16.81715478 ], [ -39.15599746, -16.81721903 ], [ -39.1561177, -16.81724505 ], [ -39.15620329, -16.81723347 ], [ -39.15625285, -16.81720179 ], [ -39.15628579, -16.81714258 ], [ -39.15629066, -16.8170814 ], [ -39.15628617, -16.81701956 ], [ -39.15625431, -16.81694701 ], [ -39.1562124, -16.81688255 ], [ -39.15614312, -16.81680737 ], [ -39.15604576, -16.81673023 ], [ -39.15592104, -16.81664238 ], [ -39.15578626, -16.81656261 ], [ -39.15564213, -16.81648218 ], [ -39.15549661, -16.81641924 ], [ -39.1553691, -16.81636635 ], [ -39.15526827, -16.8163329 ], [ -39.1551761, -16.81630886 ], [ -39.15509259, -16.81629421 ], [ -39.15500978, -16.81627082 ], [ -39.15490895, -16.81623738 ], [ -39.15478145, -16.81618449 ], [ -39.15464597, -16.81611346 ], [ -39.15450115, -16.81604178 ], [ -39.15437573, -16.81596267 ], [ -39.15426833, -16.81589361 ], [ -39.15418899, -16.81582652 ], [ -39.15414569, -16.81577953 ], [ -39.15411244, -16.81572447 ], [ -39.1540972, -16.81567945 ], [ -39.154074, -16.8156163 ], [ -39.15404145, -16.81555249 ], [ -39.15400023, -16.81547929 ], [ -39.15395902, -16.81540608 ], [ -39.1539178, -16.81533288 ], [ -39.1538752, -16.81527715 ], [ -39.15384991, -16.81524022 ], [ -39.15382393, -16.81521203 ], [ -39.15380731, -16.8151845 ], [ -39.15379068, -16.81515697 ], [ -39.15377545, -16.81511195 ], [ -39.15375225, -16.8150488 ], [ -39.15374915, -16.81496948 ], [ -39.15374745, -16.81487268 ], [ -39.15377451, -16.81476911 ], [ -39.15383033, -16.81465877 ], [ -39.15390486, -16.81454974 ], [ -39.15400746, -16.81444268 ], [ -39.15412011, -16.81432753 ], [ -39.15423138, -16.81422987 ], [ -39.15433328, -16.81413155 ], [ -39.15440573, -16.81404874 ], [ -39.15446812, -16.81397401 ], [ -39.15450175, -16.81390606 ], [ -39.15453399, -16.81385559 ], [ -39.15454683, -16.81381254 ], [ -39.15454961, -16.81377758 ], [ -39.15454234, -16.8137507 ], [ -39.15454443, -16.81372448 ], [ -39.15452989, -16.81367072 ], [ -39.1545254, -16.81360889 ], [ -39.15451364, -16.81352017 ], [ -39.15448595, -16.81339518 ], [ -39.15443229, -16.813242 ], [ -39.15433393, -16.81305932 ], [ -39.15417216, -16.81284582 ], [ -39.15394768, -16.81259277 ], [ -39.15367713, -16.81232769 ], [ -39.15338855, -16.81205257 ], [ -39.15309928, -16.81178618 ], [ -39.15285471, -16.8115493 ], [ -39.15266348, -16.81135131 ], [ -39.15251695, -16.81118283 ], [ -39.15241512, -16.81104385 ], [ -39.15235001, -16.81091624 ], [ -39.15229356, -16.81079802 ], [ -39.15224577, -16.8106892 ], [ -39.15221739, -16.81057295 ], [ -39.1521904, -16.81043922 ], [ -39.15216479, -16.81028801 ], [ -39.15215999, -16.81011189 ], [ -39.15214931, -16.80989142 ], [ -39.14483959, -16.80988831 ], [ -39.14483263, -16.80997571 ], [ -39.14483395, -16.81019553 ], [ -39.14483805, -16.81038038 ], [ -39.1448529, -16.81054841 ], [ -39.14487123, -16.81067274 ], [ -39.14489164, -16.81077085 ], [ -39.1449228, -16.81085214 ], [ -39.144946, -16.81091529 ], [ -39.14496123, -16.8109603 ], [ -39.14496641, -16.81101339 ], [ -39.14496224, -16.81106583 ], [ -39.14494801, -16.81112636 ], [ -39.14494244, -16.81119628 ], [ -39.14492543, -16.81129176 ], [ -39.14491569, -16.81141412 ], [ -39.14491461, -16.81154588 ], [ -39.14491283, -16.81168637 ], [ -39.14492041, -16.81182753 ], [ -39.14492799, -16.81196868 ], [ -39.14493696, -16.81209235 ], [ -39.14495598, -16.81220794 ], [ -39.14496495, -16.81233162 ], [ -39.14498188, -16.81247343 ], [ -39.14498668, -16.81264954 ], [ -39.14499805, -16.81286127 ], [ -39.14499867, -16.81308982 ], [ -39.14499859, -16.81332711 ], [ -39.14499921, -16.81355567 ], [ -39.14500261, -16.81374926 ], [ -39.14500013, -16.8138985 ], [ -39.14499975, -16.81402151 ], [ -39.14500006, -16.81413579 ], [ -39.14499967, -16.81425881 ], [ -39.14499719, -16.81440804 ], [ -39.14499124, -16.81460098 ], [ -39.14499116, -16.81483827 ], [ -39.14497824, -16.81511861 ], [ -39.14495458, -16.81541577 ], [ -39.14492813, -16.81574789 ], [ -39.14489163, -16.81608809 ], [ -39.14484438, -16.81644512 ] ] ] ] } },
{ "type": "Feature", "properties": { "gid": 5, "terrai_cod": 5802, "terrai_nom": "Barra Velha do Monte Pascoal", "etnia_nome": "Pataxó", "municipio_": "Porto Seguro", "uf_sigla": "BA", "fase_ti": "Delimitada", "modalidade": "Tradicionalmente ocupada", "cr": "COORDENACAO REGIONAL SUL DA BAHIA" }, "geometry": { "type": "MultiPolygon", "coordinates": [ [ [ [ -39.42626253, -16.74467884 ], [ -39.42608209, -16.74470163 ], [ -39.42570591, -16.74470219 ], [ -39.42551271, -16.7447681 ], [ -39.42533023, -16.74481714 ], [ -39.42511765, -16.74489052 ], [ -39.42436461, -16.74538423 ], [ -39.42417873, -16.74547704 ], [ -39.42403689, -16.74560805 ], [ -39.42387567, -16.74574653 ], [ -39.42354795, -16.74597035 ], [ -39.42338078, -16.74606443 ], [ -39.4232216, -16.74617666 ], [ -39.42258963, -16.74656432 ], [ -39.42225595, -16.74674373 ], [ -39.42207347, -16.74679277 ], [ -39.42125408, -16.74693002 ], [ -39.42088044, -16.74701871 ], [ -39.4206847, -16.74699646 ], [ -39.42050171, -16.7469311 ], [ -39.42031531, -16.74690949 ], [ -39.4201216, -16.74686099 ], [ -39.41984303, -16.74681546 ], [ -39.419658, -16.74677635 ], [ -39.41928335, -16.74663624 ], [ -39.41902348, -16.74659199 ], [ -39.41808267, -16.74659771 ], [ -39.41780665, -16.74664032 ], [ -39.4173694, -16.7468214 ], [ -39.41736005, -16.74682076 ], [ -39.4153682, -16.74728206 ], [ -39.415175, -16.74734796 ], [ -39.41501581, -16.74746017 ], [ -39.41484863, -16.74755425 ], [ -39.41468808, -16.74768396 ], [ -39.41435966, -16.74791651 ], [ -39.41409894, -16.74800415 ], [ -39.41390915, -16.74802629 ], [ -39.41372071, -16.74803093 ], [ -39.41351561, -16.74800803 ], [ -39.41342003, -16.74802785 ], [ -39.41301714, -16.74800895 ], [ -39.41262274, -16.74812258 ], [ -39.41248089, -16.74825358 ], [ -39.41187914, -16.74897755 ], [ -39.41175396, -16.74913609 ], [ -39.41166619, -16.7492972 ], [ -39.4115223, -16.74945445 ], [ -39.41140647, -16.74961363 ], [ -39.41123929, -16.7497077 ], [ -39.41110679, -16.74983934 ], [ -39.41077837, -16.75007187 ], [ -39.41058721, -16.75011151 ], [ -39.41040335, -16.75017803 ], [ -39.41023617, -16.7502721 ], [ -39.41009364, -16.75041185 ], [ -39.40983886, -16.75054388 ], [ -39.40930242, -16.75091164 ], [ -39.40916057, -16.75104264 ], [ -39.40901668, -16.75119988 ], [ -39.40890084, -16.75135906 ], [ -39.40875831, -16.75149881 ], [ -39.40847696, -16.75197208 ], [ -39.40819852, -16.75228722 ], [ -39.40812809, -16.75246711 ], [ -39.40801226, -16.75262628 ], [ -39.40793979, -16.75283243 ], [ -39.40785065, -16.75301103 ], [ -39.40773481, -16.7531702 ], [ -39.40770992, -16.7537315 ], [ -39.40773166, -16.75393532 ], [ -39.40761886, -16.75429704 ], [ -39.4075952, -16.75448015 ], [ -39.40755079, -16.75468822 ], [ -39.4074256, -16.75484675 ], [ -39.40729105, -16.75500463 ], [ -39.40714919, -16.75513562 ], [ -39.40687074, -16.75545075 ], [ -39.40653889, -16.75572701 ], [ -39.40610346, -16.75600494 ], [ -39.4058867, -16.75661461 ], [ -39.40572545, -16.75675306 ], [ -39.40504296, -16.75778811 ], [ -39.40459983, -16.75828543 ], [ -39.40404123, -16.75869562 ], [ -39.3967994, -16.77341531 ], [ -39.38804025, -16.7797167 ], [ -39.3872914, -16.78147711 ], [ -39.3871283, -16.78187929 ], [ -39.38679934, -16.78235799 ], [ -39.3863232, -16.7829145 ], [ -39.38589358, -16.78323671 ], [ -39.38559789, -16.78340983 ], [ -39.38506054, -16.78342553 ], [ -39.38487595, -16.78350075 ], [ -39.38468474, -16.78354034 ], [ -39.38450221, -16.78358931 ], [ -39.3843409, -16.78372772 ], [ -39.38417229, -16.78383923 ], [ -39.38405639, -16.78399837 ], [ -39.38394049, -16.7841575 ], [ -39.38377393, -16.78424276 ], [ -39.38361468, -16.78435492 ], [ -39.38344401, -16.78449268 ], [ -39.38331077, -16.78463302 ], [ -39.38311546, -16.7847251 ], [ -39.38295483, -16.78485475 ], [ -39.38279558, -16.78496691 ], [ -39.38262833, -16.78506092 ], [ -39.38245972, -16.78517243 ], [ -39.38230046, -16.78528458 ], [ -39.38215786, -16.78542428 ], [ -39.3819986, -16.78553643 ], [ -39.381856, -16.78567613 ], [ -39.38178551, -16.78585598 ], [ -39.38161689, -16.78596749 ], [ -39.3815464, -16.78614735 ], [ -39.3814378, -16.78633337 ], [ -39.38141477, -16.78650771 ], [ -39.38110611, -16.78756834 ], [ -39.38110841, -16.78777961 ], [ -39.38105731, -16.78795201 ], [ -39.38101488, -16.7881338 ], [ -39.38099116, -16.78831689 ], [ -39.38097088, -16.78881687 ], [ -39.38099418, -16.78924071 ], [ -39.38094469, -16.78963312 ], [ -39.380994, -16.79008514 ], [ -39.3809493, -16.79041631 ], [ -39.38083683, -16.79089234 ], [ -39.38074009, -16.79116714 ], [ -39.38043184, -16.79162085 ], [ -39.38027212, -16.79197927 ], [ -39.38013408, -16.79218085 ], [ -39.37999147, -16.79232053 ], [ -39.37984749, -16.79247772 ], [ -39.37971423, -16.79261805 ], [ -39.3795723, -16.79274899 ], [ -39.37940368, -16.79286049 ], [ -39.37884486, -16.7932705 ], [ -39.37846813, -16.79351716 ], [ -39.37807451, -16.79385942 ], [ -39.37774114, -16.79415305 ], [ -39.37746595, -16.79442432 ], [ -39.37738996, -16.79467416 ], [ -39.3769466, -16.7951713 ], [ -39.37649729, -16.7952634 ], [ -39.37589556, -16.79538016 ], [ -39.37532394, -16.79547261 ], [ -39.37497869, -16.79567745 ], [ -39.37453235, -16.79597206 ], [ -39.37409057, -16.79632856 ], [ -39.37362003, -16.79669187 ], [ -39.37319445, -16.79696153 ], [ -39.37263652, -16.79723963 ], [ -39.37195353, -16.79755306 ], [ -39.37134539, -16.79787166 ], [ -39.37073519, -16.79821651 ], [ -39.37017496, -16.79864397 ], [ -39.36973156, -16.79914107 ], [ -39.36960878, -16.79938767 ], [ -39.3694958, -16.79974929 ], [ -39.36942368, -16.80006975 ], [ -39.36942571, -16.80040414 ], [ -39.36931274, -16.80076576 ], [ -39.36919518, -16.80142613 ], [ -39.36909954, -16.80180654 ], [ -39.36879372, -16.80234833 ], [ -39.36834869, -16.80298605 ], [ -39.36802257, -16.80330654 ], [ -39.36777017, -16.80352657 ], [ -39.36732081, -16.80397927 ], [ -39.36684817, -16.80436879 ], [ -39.36645563, -16.80481661 ], [ -39.36612608, -16.80518084 ], [ -39.36579995, -16.80550132 ], [ -39.3654745, -16.80581305 ], [ -39.36523874, -16.80606062 ], [ -39.3649831, -16.80656189 ], [ -39.36472065, -16.80679001 ], [ -39.36446754, -16.80701879 ], [ -39.36375735, -16.80719834 ], [ -39.36315556, -16.80731503 ], [ -39.36228813, -16.80758045 ], [ -39.36170206, -16.80785654 ], [ -39.36127437, -16.80815238 ], [ -39.36118512, -16.80833092 ], [ -39.36109175, -16.80856194 ], [ -39.36085118, -16.80887074 ], [ -39.36066562, -16.80907779 ], [ -39.36043328, -16.8092816 ], [ -39.36033991, -16.80951262 ], [ -39.3602511, -16.80980553 ], [ -39.36012579, -16.80996397 ], [ -39.35985053, -16.81023518 ], [ -39.3593612, -16.81059712 ], [ -39.35909779, -16.8109571 ], [ -39.35874993, -16.81143437 ], [ -39.35832858, -16.81188896 ], [ -39.35794833, -16.81217928 ], [ -39.35762809, -16.81254412 ], [ -39.35741308, -16.81276671 ], [ -39.35708305, -16.81301653 ], [ -39.35679979, -16.81326958 ], [ -39.35635791, -16.81362599 ], [ -39.35596375, -16.81385376 ], [ -39.35563508, -16.81408608 ], [ -39.35521147, -16.8143294 ], [ -39.35481138, -16.81451279 ], [ -39.35452974, -16.81462522 ], [ -39.35422733, -16.81476259 ], [ -39.35376174, -16.81494144 ], [ -39.35333495, -16.81510538 ], [ -39.35289082, -16.81525052 ], [ -39.35279794, -16.81523529 ], [ -39.35228238, -16.81533151 ], [ -39.35160321, -16.81535483 ], [ -39.35108036, -16.81542415 ], [ -39.35063691, -16.81556055 ], [ -39.35014624, -16.81557933 ], [ -39.34934656, -16.81569983 ], [ -39.34878284, -16.81581029 ], [ -39.34805319, -16.81599721 ], [ -39.34765858, -16.81611059 ], [ -39.34702388, -16.81628649 ], [ -39.34643526, -16.81647438 ], [ -39.34577978, -16.81667522 ], [ -39.34521992, -16.8168563 ], [ -39.34453525, -16.81694957 ], [ -39.3438353, -16.8169978 ], [ -39.34303723, -16.81697766 ], [ -39.34261618, -16.81694847 ], [ -39.34188705, -16.81688913 ], [ -39.34144316, -16.81691113 ], [ -39.34090614, -16.81704101 ], [ -39.34040928, -16.81713849 ], [ -39.33985106, -16.81717894 ], [ -39.33954366, -16.81714004 ], [ -39.33888483, -16.817024 ], [ -39.33827623, -16.81686746 ], [ -39.33766075, -16.8167984 ], [ -39.33719704, -16.81671347 ], [ -39.33686707, -16.81660264 ], [ -39.33642319, -16.81662463 ], [ -39.33585904, -16.81662068 ], [ -39.3352276, -16.81651533 ], [ -39.3346329, -16.81642131 ], [ -39.33414318, -16.8163082 ], [ -39.33356059, -16.81617984 ], [ -39.33310693, -16.81608681 ], [ -39.33249695, -16.81594776 ], [ -39.33203325, -16.81586282 ], [ -39.33130825, -16.81575097 ], [ -39.33085844, -16.81572856 ], [ -39.33031645, -16.81568217 ], [ -39.32990022, -16.81559173 ], [ -39.32940638, -16.81553109 ], [ -39.32895864, -16.81548243 ], [ -39.32851227, -16.81541629 ], [ -39.32789776, -16.81521535 ], [ -39.32724239, -16.81505555 ], [ -39.32665457, -16.81487405 ], [ -39.3262338, -16.81472172 ], [ -39.32567268, -16.81455966 ], [ -39.32496983, -16.81440536 ], [ -39.3243124, -16.81427179 ], [ -39.32388338, -16.81422443 ], [ -39.323445, -16.81417642 ], [ -39.32306276, -16.81413231 ], [ -39.32267116, -16.81408754 ], [ -39.3223357, -16.81404667 ], [ -39.32200823, -16.81402394 ], [ -39.32166204, -16.81399992 ], [ -39.32114358, -16.81389358 ], [ -39.32059774, -16.81377654 ], [ -39.320038, -16.81359698 ], [ -39.31964049, -16.81350783 ], [ -39.31921738, -16.81350484 ], [ -39.31889128, -16.81346462 ], [ -39.31864664, -16.81346522 ], [ -39.31851194, -16.81362297 ], [ -39.31818391, -16.81384644 ], [ -39.31802389, -16.81396725 ], [ -39.31785726, -16.81405242 ], [ -39.31767123, -16.81414504 ], [ -39.31684538, -16.81459778 ], [ -39.31668398, -16.81473607 ], [ -39.3162672, -16.81489182 ], [ -39.31576938, -16.81512108 ], [ -39.31561004, -16.81523314 ], [ -39.31544272, -16.81532705 ], [ -39.31522931, -16.81540897 ], [ -39.31483302, -16.81566287 ], [ -39.3146657, -16.81575679 ], [ -39.3145237, -16.81588763 ], [ -39.3143623, -16.81602593 ], [ -39.31422759, -16.81618367 ], [ -39.31387367, -16.81661639 ], [ -39.3135913, -16.8173355 ], [ -39.31345011, -16.81769505 ], [ -39.31340758, -16.81787678 ], [ -39.31333699, -16.81805656 ], [ -39.3132397, -16.81821689 ], [ -39.31314832, -16.8184216 ], [ -39.31300425, -16.81857869 ], [ -39.31287091, -16.81871893 ], [ -39.31270427, -16.81880409 ], [ -39.31254286, -16.81894238 ], [ -39.31237554, -16.81903629 ], [ -39.31214134, -16.81914314 ], [ -39.31197195, -16.81926329 ], [ -39.31181467, -16.8193491 ], [ -39.31164597, -16.8194605 ], [ -39.3114613, -16.81953561 ], [ -39.31096512, -16.81962426 ], [ -39.31080784, -16.81971007 ], [ -39.31061932, -16.81971456 ], [ -39.31043191, -16.81982466 ], [ -39.31002584, -16.81996354 ], [ -39.30986649, -16.82007558 ], [ -39.30969917, -16.82016949 ], [ -39.30951519, -16.82023585 ], [ -39.30935378, -16.82037414 ], [ -39.30901981, -16.8205532 ], [ -39.30874101, -16.820868 ], [ -39.308625, -16.82102703 ], [ -39.3085277, -16.82118736 ], [ -39.30838569, -16.8213182 ], [ -39.30829568, -16.82150541 ], [ -39.30815366, -16.82163625 ], [ -39.30806572, -16.82179723 ], [ -39.30799512, -16.821977 ], [ -39.30787911, -16.82213602 ], [ -39.30778043, -16.82231384 ], [ -39.30766442, -16.82247287 ], [ -39.30738492, -16.82279641 ], [ -39.30686599, -16.82317367 ], [ -39.30660686, -16.82335792 ], [ -39.30632351, -16.82361084 ], [ -39.30606892, -16.82385697 ], [ -39.3058819, -16.82408141 ], [ -39.30567547, -16.82431329 ], [ -39.30541152, -16.82455876 ], [ -39.3051583, -16.8247874 ], [ -39.3049955, -16.82494316 ], [ -39.30442781, -16.82558084 ], [ -39.30428579, -16.82571167 ], [ -39.30412436, -16.82584994 ], [ -39.30398234, -16.82598077 ], [ -39.30386632, -16.82613979 ], [ -39.30370696, -16.82625183 ], [ -39.30325872, -16.82668674 ], [ -39.30309729, -16.82682502 ], [ -39.30295527, -16.82695585 ], [ -39.30278793, -16.82704974 ], [ -39.3026265, -16.82718801 ], [ -39.30245985, -16.82727315 ], [ -39.30231713, -16.82741273 ], [ -39.30213314, -16.82747908 ], [ -39.30197378, -16.82759111 ], [ -39.30178044, -16.82765681 ], [ -39.30162038, -16.82777759 ], [ -39.30096175, -16.82813631 ], [ -39.30080239, -16.82824834 ], [ -39.30063504, -16.82834223 ], [ -39.30046632, -16.82845361 ], [ -39.3003503, -16.82861262 ], [ -39.30026234, -16.82877359 ], [ -39.30013764, -16.8289232 ], [ -39.30000428, -16.82906342 ], [ -39.29983635, -16.8294035 ], [ -39.29973903, -16.82956381 ], [ -39.2995312, -16.82981317 ], [ -39.29938917, -16.829944 ], [ -39.29889718, -16.83021756 ], [ -39.29871457, -16.83026641 ], [ -39.29852467, -16.83028837 ], [ -39.29833683, -16.8302841 ], [ -39.29796639, -16.83032868 ], [ -39.29777235, -16.83040312 ], [ -39.29416211, -16.82893839 ], [ -39.29158266, -16.82418622 ], [ -39.2798845, -16.81910731 ], [ -39.27946099, -16.8189899 ], [ -39.27783281, -16.81947449 ], [ -39.27430492, -16.82102263 ], [ -39.27321042, -16.82165864 ], [ -39.27094415, -16.82307472 ], [ -39.26825747, -16.82445267 ], [ -39.26445437, -16.82662322 ], [ -39.26392146, -16.82693778 ], [ -39.25969764, -16.82633557 ], [ -39.25900108, -16.82633975 ], [ -39.2551811, -16.8280077 ], [ -39.25341545, -16.83010901 ], [ -39.25320895, -16.83034079 ], [ -39.25284479, -16.83078138 ], [ -39.25244426, -16.83132494 ], [ -39.25185739, -16.83255888 ], [ -39.25185538, -16.8330599 ], [ -39.25161154, -16.83400125 ], [ -39.25136489, -16.83474018 ], [ -39.25068831, -16.83675037 ], [ -39.25043491, -16.83626669 ], [ -39.25006472, -16.83571331 ], [ -39.24959542, -16.83522335 ], [ -39.24910737, -16.83449469 ], [ -39.24874377, -16.83397694 ], [ -39.24825753, -16.83381991 ], [ -39.24747225, -16.83399369 ], [ -39.24639451, -16.8345339 ], [ -39.24573507, -16.83513848 ], [ -39.24566929, -16.83573176 ], [ -39.24529323, -16.8353714 ], [ -39.24498719, -16.83507747 ], [ -39.24479933, -16.83483576 ], [ -39.24449329, -16.83454183 ], [ -39.2442115, -16.83417927 ], [ -39.24403959, -16.83397384 ], [ -39.24376508, -16.83363815 ], [ -39.2434542, -16.83340543 ], [ -39.24322199, -16.83324855 ], [ -39.24244843, -16.83279889 ], [ -39.24190154, -16.83257607 ], [ -39.24155498, -16.83243757 ], [ -39.24136991, -16.83239827 ], [ -39.24117826, -16.83232334 ], [ -39.24098592, -16.83225716 ], [ -39.24080293, -16.83219163 ], [ -39.24064212, -16.83208369 ], [ -39.24005435, -16.83190197 ], [ -39.2396752, -16.83169965 ], [ -39.23934735, -16.83156246 ], [ -39.2389027, -16.83135557 ], [ -39.23856931, -16.83128833 ], [ -39.23812641, -16.83117827 ], [ -39.2374676, -16.83106192 ], [ -39.23709817, -16.83097457 ], [ -39.23662512, -16.83088878 ], [ -39.23643521, -16.83091069 ], [ -39.23624876, -16.83088887 ], [ -39.23587587, -16.83084524 ], [ -39.23568422, -16.83077031 ], [ -39.23549916, -16.83073101 ], [ -39.23530543, -16.83068231 ], [ -39.23512245, -16.83061678 ], [ -39.23507567, -16.83061351 ], [ -39.23453712, -16.83052314 ], [ -39.23421101, -16.83048278 ], [ -39.23366346, -16.83050607 ], [ -39.23322334, -16.83059841 ], [ -39.23291492, -16.83069115 ], [ -39.23256768, -16.83079877 ], [ -39.23233272, -16.83091423 ], [ -39.23216534, -16.83100804 ], [ -39.23200593, -16.83111998 ], [ -39.23181048, -16.83121183 ], [ -39.23165107, -16.83132378 ], [ -39.23148439, -16.83140884 ], [ -39.23134161, -16.83154832 ], [ -39.23118012, -16.8316865 ], [ -39.23101933, -16.83181593 ], [ -39.23084848, -16.83195345 ], [ -39.23071368, -16.83211107 ], [ -39.23035709, -16.8324554 ], [ -39.23012455, -16.83265895 ], [ -39.22970454, -16.83297247 ], [ -39.22933269, -16.83327177 ], [ -39.22900451, -16.833495 ], [ -39.2286032, -16.83380983 ], [ -39.22822788, -16.83415285 ], [ -39.22780197, -16.83442199 ], [ -39.22764394, -16.83451644 ], [ -39.22750185, -16.83464718 ], [ -39.22734035, -16.83478534 ], [ -39.22717297, -16.83487914 ], [ -39.22700627, -16.8349642 ], [ -39.22637588, -16.83543883 ], [ -39.22604907, -16.83564457 ], [ -39.22564914, -16.83594189 ], [ -39.22543947, -16.83609427 ], [ -39.22508493, -16.83641236 ], [ -39.22471307, -16.83671164 ], [ -39.22431036, -16.83704393 ], [ -39.22393849, -16.83734322 ], [ -39.22379639, -16.83747394 ], [ -39.2236536, -16.83761341 ], [ -39.22351082, -16.83775288 ], [ -39.22337808, -16.83788427 ], [ -39.22323529, -16.83802374 ], [ -39.22309319, -16.83815446 ], [ -39.22292441, -16.83826574 ], [ -39.22223022, -16.83883259 ], [ -39.22171278, -16.8393063 ], [ -39.22140362, -16.83964513 ], [ -39.22095861, -16.84003599 ], [ -39.22058568, -16.84046705 ], [ -39.22027999, -16.84076216 ], [ -39.22013789, -16.84089288 ], [ -39.2196239, -16.84132287 ], [ -39.21938579, -16.84159632 ], [ -39.21908598, -16.84193579 ], [ -39.21883123, -16.84218171 ], [ -39.21856851, -16.84240949 ], [ -39.2182441, -16.84270328 ], [ -39.21781363, -16.84291052 ], [ -39.21749443, -16.84302005 ], [ -39.21720469, -16.84311407 ], [ -39.21676314, -16.84322383 ], [ -39.2162717, -16.84325097 ], [ -39.21589532, -16.84325101 ], [ -39.21570747, -16.84324665 ], [ -39.21544408, -16.8432458 ], [ -39.21526143, -16.84329456 ], [ -39.21507289, -16.84329894 ], [ -39.21488296, -16.84332082 ], [ -39.21469512, -16.84331646 ], [ -39.21451247, -16.84336522 ], [ -39.21420609, -16.84343168 ], [ -39.2137095, -16.84293099 ], [ -39.21333939, -16.84261498 ], [ -39.2131027, -16.84239622 ], [ -39.21277452, -16.84214467 ], [ -39.21244773, -16.84187565 ], [ -39.21220794, -16.84157755 ], [ -39.21197542, -16.84130633 ], [ -39.21141264, -16.8408098 ], [ -39.21096284, -16.84031239 ], [ -39.21077155, -16.84011439 ], [ -39.21054459, -16.83977323 ], [ -39.21027811, -16.83945568 ], [ -39.21016029, -16.8392804 ], [ -39.20995204, -16.83894056 ], [ -39.20976111, -16.83861951 ], [ -39.20957644, -16.83821978 ], [ -39.20934325, -16.83771995 ], [ -39.20907991, -16.83724438 ], [ -39.20896037, -16.83697229 ], [ -39.2087743, -16.83659004 ], [ -39.20858476, -16.83625151 ], [ -39.20837998, -16.83586795 ], [ -39.20823965, -16.83562077 ], [ -39.20807472, -16.83532792 ], [ -39.20786266, -16.83491748 ], [ -39.20773757, -16.83471533 ], [ -39.20748012, -16.83428413 ], [ -39.20731518, -16.83399128 ], [ -39.20713154, -16.83369712 ], [ -39.2069666, -16.83340426 ], [ -39.2067528, -16.83313436 ], [ -39.20657124, -16.83281398 ], [ -39.20630823, -16.83245272 ], [ -39.20588063, -16.83191292 ], [ -39.20574064, -16.83178005 ], [ -39.20527423, -16.83125512 ], [ -39.20524754, -16.83123567 ], [ -39.20482478, -16.83087203 ], [ -39.20457389, -16.83071382 ], [ -39.20412618, -16.83042755 ], [ -39.2036736, -16.83020248 ], [ -39.20327786, -16.82997259 ], [ -39.20283706, -16.82983625 ], [ -39.20236022, -16.8296798 ], [ -39.20205492, -16.82961448 ], [ -39.20187056, -16.82956641 ], [ -39.20168204, -16.8295708 ], [ -39.20149768, -16.82952273 ], [ -39.20130535, -16.82945652 ], [ -39.20106693, -16.8293783 ], [ -39.20091134, -16.82932345 ], [ -39.20034854, -16.82930164 ], [ -39.19975596, -16.82918104 ], [ -39.1990497, -16.82907006 ], [ -39.19851117, -16.82897962 ], [ -39.19818508, -16.82893921 ], [ -39.19799864, -16.82891736 ], [ -39.19764447, -16.82887499 ], [ -39.19739045, -16.82887478 ], [ -39.19720401, -16.82885294 ], [ -39.19698811, -16.82884661 ], [ -39.19642532, -16.82882479 ], [ -39.19633036, -16.82883572 ], [ -39.19581954, -16.82887028 ], [ -39.19541892, -16.82893892 ], [ -39.19490186, -16.82905215 ], [ -39.19443505, -16.82912495 ], [ -39.19384312, -16.82923294 ], [ -39.19327858, -16.82935163 ], [ -39.19286304, -16.82948955 ], [ -39.19255668, -16.829556 ], [ -39.19206454, -16.82982919 ], [ -39.19187116, -16.82989476 ], [ -39.19171173, -16.83000666 ], [ -39.19151834, -16.83007223 ], [ -39.19135891, -16.83018413 ], [ -39.19119151, -16.83027788 ], [ -39.19103208, -16.83038978 ], [ -39.19037253, -16.83075673 ], [ -39.18976495, -16.83118006 ], [ -39.18940902, -16.83127819 ], [ -39.18892071, -16.83138462 ], [ -39.18842374, -16.83148166 ], [ -39.18792954, -16.83154372 ], [ -39.18736845, -16.83161868 ], [ -39.1869058, -16.83163901 ], [ -39.18659564, -16.83163486 ], [ -39.18631146, -16.83165889 ], [ -39.18603423, -16.83159552 ], [ -39.18575561, -16.83154962 ], [ -39.18555981, -16.83152711 ], [ -39.185215, -16.83148537 ], [ -39.18483484, -16.83141477 ], [ -39.18429631, -16.83132429 ], [ -39.18387317, -16.83132101 ], [ -39.18335475, -16.83121435 ], [ -39.18290841, -16.83114791 ], [ -39.18239309, -16.83112058 ], [ -39.18185804, -16.83098639 ], [ -39.18133582, -16.83080915 ], [ -39.18089504, -16.83067277 ], [ -39.18013928, -16.83035609 ], [ -39.17983954, -16.83022081 ], [ -39.17934508, -16.82993124 ], [ -39.17896428, -16.82963206 ], [ -39.17854644, -16.82920722 ], [ -39.17840235, -16.82888947 ], [ -39.17819698, -16.82827735 ], [ -39.17804941, -16.82800331 ], [ -39.17798396, -16.82776139 ], [ -39.17785265, -16.82763792 ], [ -39.1778426, -16.827646 ], [ -39.17770294, -16.82762742 ], [ -39.17753351, -16.82751007 ], [ -39.17732595, -16.82739883 ], [ -39.17706258, -16.82739795 ], [ -39.17673649, -16.82735751 ], [ -39.17648076, -16.82726047 ], [ -39.17622193, -16.82708411 ], [ -39.17608297, -16.82705679 ], [ -39.17586638, -16.82705918 ], [ -39.17570833, -16.82715358 ], [ -39.17547436, -16.82737451 ], [ -39.17528268, -16.82753687 ], [ -39.17514164, -16.82753577 ], [ -39.17490602, -16.82742256 ], [ -39.17479272, -16.82730914 ], [ -39.17464516, -16.8270351 ], [ -39.17453502, -16.82676368 ], [ -39.17441028, -16.82667583 ], [ -39.1739941, -16.82658512 ], [ -39.17368325, -16.8265897 ], [ -39.173546, -16.82665918 ], [ -39.17333182, -16.82674964 ], [ -39.17322061, -16.82661 ], [ -39.17298499, -16.82649679 ], [ -39.17281935, -16.82645002 ], [ -39.17260624, -16.8264087 ], [ -39.17222989, -16.82640869 ], [ -39.17192353, -16.8264751 ], [ -39.17166983, -16.82658916 ], [ -39.17143484, -16.82670453 ], [ -39.17115548, -16.82690468 ], [ -39.1709846, -16.82704213 ], [ -39.17074854, -16.82728926 ], [ -39.17045216, -16.82758491 ], [ -39.17012393, -16.827808 ], [ -39.16993085, -16.82798784 ], [ -39.16972046, -16.82814887 ], [ -39.16957973, -16.82826206 ], [ -39.16935062, -16.82842178 ], [ -39.16913643, -16.82851224 ], [ -39.16876248, -16.82860028 ], [ -39.16845023, -16.82862232 ], [ -39.16822219, -16.82865028 ], [ -39.1679647, -16.82869374 ], [ -39.16775398, -16.82874049 ], [ -39.16741954, -16.82880493 ], [ -39.16728368, -16.82885692 ], [ -39.16714156, -16.82898759 ], [ -39.16697276, -16.8290988 ], [ -39.16678726, -16.82941979 ], [ -39.16674459, -16.82960138 ], [ -39.16671575, -16.82984547 ], [ -39.16671986, -16.83003034 ], [ -39.16674716, -16.83027836 ], [ -39.1667232, -16.83046126 ], [ -39.1665977, -16.83061946 ], [ -39.16644034, -16.83070511 ], [ -39.16620743, -16.83079424 ], [ -39.16603731, -16.83068562 ], [ -39.16590051, -16.83039475 ], [ -39.16597094, -16.83010085 ], [ -39.16590064, -16.82992013 ], [ -39.16578148, -16.82976234 ], [ -39.16561414, -16.82961876 ], [ -39.16545337, -16.82951079 ], [ -39.16526314, -16.82941834 ], [ -39.1650767, -16.82939647 ], [ -39.16469795, -16.82930837 ], [ -39.16453579, -16.82921789 ], [ -39.16439582, -16.82908501 ], [ -39.16430542, -16.82892046 ], [ -39.16425523, -16.82872357 ], [ -39.163976, -16.82844908 ], [ -39.16378368, -16.82838285 ], [ -39.16359345, -16.8282904 ], [ -39.1634091, -16.82824231 ], [ -39.16322267, -16.82822044 ], [ -39.16300816, -16.8281966 ], [ -39.16282521, -16.82813102 ], [ -39.16265369, -16.82803988 ], [ -39.1625626, -16.82788407 ], [ -39.16256715, -16.8277086 ], [ -39.16254434, -16.82752242 ], [ -39.16244389, -16.82736595 ], [ -39.16228382, -16.82724925 ], [ -39.16212166, -16.82715876 ], [ -39.16195154, -16.82705014 ], [ -39.16176719, -16.82700205 ], [ -39.16143352, -16.82682043 ], [ -39.16127276, -16.82671246 ], [ -39.16110473, -16.82657762 ], [ -39.16092323, -16.82625726 ], [ -39.16084497, -16.8260584 ], [ -39.16082216, -16.82587222 ], [ -39.16077993, -16.82569347 ], [ -39.16068884, -16.82553766 ], [ -39.16054161, -16.82537791 ], [ -39.16040164, -16.82524504 ], [ -39.16003055, -16.82506079 ], [ -39.15984033, -16.82496834 ], [ -39.15955376, -16.82490428 ], [ -39.1593916, -16.8248138 ], [ -39.1593667, -16.82465385 ], [ -39.15939794, -16.82449783 ], [ -39.15955738, -16.82438597 ], [ -39.15979446, -16.82424439 ], [ -39.16007414, -16.82415854 ], [ -39.16026405, -16.82413671 ], [ -39.1604238, -16.82413913 ], [ -39.16059152, -16.82415969 ], [ -39.1607069, -16.82424688 ], [ -39.16086696, -16.82436359 ], [ -39.16098613, -16.82452137 ], [ -39.16108519, -16.82469532 ], [ -39.16122894, -16.82489877 ], [ -39.16138692, -16.8250417 ], [ -39.16155704, -16.82515031 ], [ -39.16173791, -16.82524211 ], [ -39.16194862, -16.82519537 ], [ -39.16211742, -16.82508416 ], [ -39.16225227, -16.82492662 ], [ -39.1623043, -16.82474569 ], [ -39.16230621, -16.82413056 ], [ -39.1622803, -16.82386506 ], [ -39.16220969, -16.82357006 ], [ -39.1621356, -16.82331875 ], [ -39.16202339, -16.82307357 ], [ -39.16194582, -16.82286597 ], [ -39.16185681, -16.82268394 ], [ -39.16176572, -16.82252813 ], [ -39.16152739, -16.82221257 ], [ -39.16135936, -16.82207773 ], [ -39.16121939, -16.82194486 ], [ -39.16105933, -16.82182816 ], [ -39.16089717, -16.82173768 ], [ -39.16072914, -16.82160284 ], [ -39.16056699, -16.82151236 ], [ -39.16039687, -16.82140374 ], [ -39.16023472, -16.82131326 ], [ -39.16009545, -16.82117165 ], [ -39.15993469, -16.82106369 ], [ -39.15976318, -16.82097256 ], [ -39.15962322, -16.82083969 ], [ -39.15929304, -16.82061437 ], [ -39.15913088, -16.82052389 ], [ -39.15897082, -16.82040719 ], [ -39.15879931, -16.82031605 ], [ -39.15861845, -16.82022426 ], [ -39.15844694, -16.82013313 ], [ -39.15826399, -16.82006755 ], [ -39.15812403, -16.81993469 ], [ -39.15793969, -16.8198866 ], [ -39.15774947, -16.81979415 ], [ -39.15744558, -16.8197113 ], [ -39.15725397, -16.81963633 ], [ -39.15688111, -16.8195926 ], [ -39.15650478, -16.81959256 ], [ -39.15629168, -16.81955124 ], [ -39.15612953, -16.81946076 ], [ -39.15593931, -16.81936831 ], [ -39.15579935, -16.81923544 ], [ -39.1556085, -16.81891443 ], [ -39.15556628, -16.81873568 ], [ -39.15546792, -16.818553 ], [ -39.15534876, -16.81839522 ], [ -39.15525906, -16.81822193 ], [ -39.15516866, -16.81805739 ], [ -39.15503218, -16.81788082 ], [ -39.15507625, -16.81768176 ], [ -39.15530807, -16.81772439 ], [ -39.15549101, -16.81778996 ], [ -39.15568123, -16.81788241 ], [ -39.15589225, -16.81794995 ], [ -39.15608076, -16.81794559 ], [ -39.15627067, -16.81792376 ], [ -39.15642871, -16.81782938 ], [ -39.15649945, -16.81764977 ], [ -39.15654668, -16.81729272 ], [ -39.15652386, -16.81710655 ], [ -39.15643416, -16.81693326 ], [ -39.15628693, -16.81677351 ], [ -39.15616777, -16.81661574 ], [ -39.15598628, -16.81629538 ], [ -39.15581826, -16.81616055 ], [ -39.15572717, -16.81600474 ], [ -39.15555914, -16.81586991 ], [ -39.15537689, -16.8157956 ], [ -39.15520677, -16.81568698 ], [ -39.15502591, -16.81559519 ], [ -39.15483013, -16.81557267 ], [ -39.1546458, -16.81552458 ], [ -39.15448504, -16.81541662 ], [ -39.15434508, -16.81528375 ], [ -39.15431986, -16.81500952 ], [ -39.15446267, -16.81487012 ], [ -39.15457811, -16.81472002 ], [ -39.15473823, -16.81459941 ], [ -39.15483148, -16.81449169 ], [ -39.15488003, -16.81435447 ], [ -39.1549227, -16.81417289 ], [ -39.15499344, -16.81399328 ], [ -39.15508814, -16.81363078 ], [ -39.15509339, -16.81344658 ], [ -39.15504181, -16.81326718 ], [ -39.15497151, -16.81308646 ], [ -39.15483364, -16.81292738 ], [ -39.15468781, -16.81275015 ], [ -39.1545586, -16.81260046 ], [ -39.15440479, -16.8124051 ], [ -39.15417823, -16.81217827 ], [ -39.15399358, -16.8120159 ], [ -39.1538803, -16.81190249 ], [ -39.15367764, -16.81173007 ], [ -39.15353977, -16.81157098 ], [ -39.15337901, -16.81146303 ], [ -39.15327856, -16.81130657 ], [ -39.1531393, -16.81116496 ], [ -39.15304821, -16.81100916 ], [ -39.15297792, -16.81082845 ], [ -39.15288411, -16.8104703 ], [ -39.15278575, -16.81028762 ], [ -39.15274352, -16.81010888 ], [ -39.15262645, -16.80992489 ], [ -39.14483959, -16.80988831 ], [ -39.14466555, -16.81018371 ], [ -39.14468906, -16.81036114 ], [ -39.14465117, -16.81071882 ], [ -39.14464546, -16.81126332 ], [ -39.14460069, -16.81147111 ], [ -39.14460548, -16.81164723 ], [ -39.14462134, -16.81192079 ], [ -39.14460533, -16.81212181 ], [ -39.14465165, -16.8124854 ], [ -39.14464771, -16.81288941 ], [ -39.14467052, -16.81307558 ], [ -39.14466959, -16.8137962 ], [ -39.14469309, -16.81397362 ], [ -39.14469308, -16.81503707 ], [ -39.14472038, -16.81528507 ], [ -39.14475324, -16.81546316 ], [ -39.14465595, -16.81621217 ], [ -39.14463198, -16.81639505 ], [ -39.14456123, -16.81657465 ], [ -39.14450919, -16.81675556 ], [ -39.14443843, -16.81693516 ], [ -39.14444253, -16.81712001 ], [ -39.14434371, -16.81729764 ], [ -39.14427295, -16.81747724 ], [ -39.14424898, -16.81766012 ], [ -39.14425307, -16.81784497 ], [ -39.14427657, -16.8180224 ], [ -39.14434686, -16.81820311 ], [ -39.14437036, -16.81838054 ], [ -39.14442123, -16.81856867 ], [ -39.14444473, -16.8187461 ], [ -39.14443947, -16.8189303 ], [ -39.14450975, -16.81911101 ], [ -39.14456132, -16.81929041 ], [ -39.14455628, -16.81982617 ], [ -39.14451768, -16.82019259 ], [ -39.14442295, -16.82055507 ], [ -39.14442247, -16.82091538 ], [ -39.14439849, -16.82109827 ], [ -39.14439392, -16.82127372 ], [ -39.14435123, -16.82145529 ], [ -39.14434597, -16.82163949 ], [ -39.14430328, -16.82182105 ], [ -39.14430806, -16.82199717 ], [ -39.14425601, -16.82217808 ], [ -39.14423234, -16.82247524 ], [ -39.1441611, -16.82301514 ], [ -39.14417315, -16.82321813 ], [ -39.14423389, -16.82387277 ], [ -39.14423132, -16.8242593 ], [ -39.1442808, -16.82446492 ], [ -39.1443043, -16.82464235 ], [ -39.1443271, -16.82482852 ], [ -39.14433188, -16.82500463 ], [ -39.144372, -16.82520959 ], [ -39.14435738, -16.82539313 ], [ -39.14438087, -16.82557056 ], [ -39.1443756, -16.82575476 ], [ -39.14439701, -16.8259584 ], [ -39.14442051, -16.82613583 ], [ -39.14437781, -16.8263174 ], [ -39.14437324, -16.82649285 ], [ -39.14431064, -16.82704216 ], [ -39.14430607, -16.82721761 ], [ -39.14428209, -16.82740049 ], [ -39.14423939, -16.82758206 ], [ -39.14419142, -16.82794783 ], [ -39.14412065, -16.82812742 ], [ -39.14391274, -16.82896533 ], [ -39.14386138, -16.8291375 ], [ -39.14381341, -16.82950327 ], [ -39.14381699, -16.83004843 ], [ -39.14386398, -16.83040329 ], [ -39.14391345, -16.83060891 ], [ -39.14398373, -16.83078962 ], [ -39.14402593, -16.83096836 ], [ -39.14407222, -16.83133196 ], [ -39.14407551, -16.83176285 ], [ -39.14403281, -16.83194441 ], [ -39.14396204, -16.83212401 ], [ -39.14393805, -16.83230689 ], [ -39.14388599, -16.8324878 ], [ -39.14389077, -16.83266391 ], [ -39.14381909, -16.83332683 ], [ -39.14386608, -16.83368169 ], [ -39.14391764, -16.83386109 ], [ -39.14395775, -16.83406605 ], [ -39.14400931, -16.83424545 ], [ -39.14407958, -16.83442617 ], [ -39.14412109, -16.83461365 ], [ -39.14414488, -16.83490536 ], [ -39.14414966, -16.83508147 ], [ -39.14417105, -16.83528512 ], [ -39.14419385, -16.83547129 ], [ -39.14415114, -16.83565286 ], [ -39.14410704, -16.8358519 ], [ -39.14408305, -16.83603478 ], [ -39.14388814, -16.83635506 ], [ -39.14375136, -16.83689036 ], [ -39.14370865, -16.83707193 ], [ -39.14363667, -16.83762057 ], [ -39.14363158, -16.83815634 ], [ -39.1437107, -16.83869802 ], [ -39.14375221, -16.8388855 ], [ -39.14375489, -16.83908784 ], [ -39.14377837, -16.83926527 ], [ -39.14384864, -16.83944599 ], [ -39.14384814, -16.8398063 ], [ -39.14389412, -16.84005562 ], [ -39.14394039, -16.84041922 ], [ -39.14394553, -16.84129847 ], [ -39.14401558, -16.84195378 ], [ -39.14403489, -16.84218365 ], [ -39.14405837, -16.84236108 ], [ -39.14410644, -16.84258418 ], [ -39.14420618, -16.84274939 ], [ -39.14425315, -16.84310425 ], [ -39.14424786, -16.84328845 ], [ -39.14422665, -16.84343637 ], [ -39.14419986, -16.84365421 ], [ -39.14417656, -16.84382835 ], [ -39.14411513, -16.8440086 ], [ -39.14403359, -16.84420501 ], [ -39.14391811, -16.84435509 ], [ -39.14380402, -16.8444877 ], [ -39.14368924, -16.84462904 ], [ -39.14357376, -16.84477912 ], [ -39.14344822, -16.84493728 ], [ -39.14326265, -16.84525821 ], [ -39.14314647, -16.84541703 ], [ -39.14310236, -16.84561608 ], [ -39.1430028, -16.84580243 ], [ -39.14296078, -16.84597525 ], [ -39.14288929, -16.84616358 ], [ -39.14286389, -16.84636394 ], [ -39.1427931, -16.84654353 ], [ -39.14275038, -16.8467251 ], [ -39.14270557, -16.84693288 ], [ -39.14263338, -16.84712995 ], [ -39.14259066, -16.84731151 ], [ -39.14258537, -16.84749571 ], [ -39.14253806, -16.84785272 ], [ -39.14246518, -16.84805853 ], [ -39.14242246, -16.84824009 ], [ -39.14235166, -16.84841968 ], [ -39.14235573, -16.84860454 ], [ -39.14233242, -16.84877867 ], [ -39.14225953, -16.84898448 ], [ -39.14218874, -16.84916407 ], [ -39.14219281, -16.84934892 ], [ -39.1421688, -16.8495318 ], [ -39.14211672, -16.84971271 ], [ -39.1420694, -16.85006972 ], [ -39.14204917, -16.85032318 ], [ -39.14202586, -16.85049732 ], [ -39.14202992, -16.85068217 ], [ -39.14200591, -16.85086505 ], [ -39.14200132, -16.8510405 ], [ -39.14197731, -16.85122338 ], [ -39.14193459, -16.85140494 ], [ -39.14190011, -16.85171892 ], [ -39.14186465, -16.85192736 ], [ -39.14186514, -16.85298206 ], [ -39.14191139, -16.85334566 ], [ -39.14188738, -16.85352854 ], [ -39.14191085, -16.85370597 ], [ -39.14193601, -16.8539802 ], [ -39.14193071, -16.85416439 ], [ -39.14195419, -16.85434182 ], [ -39.14198464, -16.85443186 ], [ -39.14193316, -16.85543017 ], [ -39.14195663, -16.8556076 ], [ -39.14196069, -16.85579246 ], [ -39.14198417, -16.85596989 ], [ -39.14198071, -16.85660245 ], [ -39.14198546, -16.85677856 ], [ -39.14193506, -16.85705626 ], [ -39.14193213, -16.85732851 ], [ -39.1418894, -16.85751007 ], [ -39.14186609, -16.85768421 ], [ -39.14186583, -16.85815879 ], [ -39.14173152, -16.85972256 ], [ -39.14172482, -16.85992424 ], [ -39.14174997, -16.86019847 ], [ -39.14172456, -16.86039882 ], [ -39.14174803, -16.86057625 ], [ -39.14172401, -16.86075913 ], [ -39.14177555, -16.86093854 ], [ -39.14182179, -16.86130214 ], [ -39.14182124, -16.86166245 ], [ -39.14185016, -16.86200725 ], [ -39.14184446, -16.86290333 ], [ -39.1418277, -16.86311308 ], [ -39.14182715, -16.86347339 ], [ -39.14175633, -16.86365298 ], [ -39.14173231, -16.86383585 ], [ -39.14168022, -16.86401675 ], [ -39.14168497, -16.86419287 ], [ -39.1416129, -16.8647415 ], [ -39.14154097, -16.86505284 ], [ -39.14152491, -16.86525386 ], [ -39.1415196, -16.86543805 ], [ -39.14149558, -16.86562093 ], [ -39.14150033, -16.86579704 ], [ -39.14154181, -16.86598453 ], [ -39.14154894, -16.8662487 ], [ -39.14152491, -16.86643158 ], [ -39.14152435, -16.86679189 ], [ -39.14149712, -16.86713274 ], [ -39.14150117, -16.86731759 ], [ -39.14144907, -16.86749849 ], [ -39.14142574, -16.86767263 ], [ -39.14142979, -16.86785748 ], [ -39.14137769, -16.86803838 ], [ -39.14124541, -16.86839821 ], [ -39.14114791, -16.86855833 ], [ -39.14109581, -16.86873923 ], [ -39.14096088, -16.86889672 ], [ -39.14086338, -16.86905685 ], [ -39.14063095, -16.86937446 ], [ -39.14053415, -16.86952585 ], [ -39.14040062, -16.86966586 ], [ -39.1403298, -16.86984544 ], [ -39.14021358, -16.87000424 ], [ -39.14011469, -16.87018185 ], [ -39.13988225, -16.87049946 ], [ -39.13973796, -16.87065628 ], [ -39.13946153, -16.87093564 ], [ -39.13936472, -16.87108702 ], [ -39.13922183, -16.87122637 ], [ -39.13903688, -16.87153853 ], [ -39.13889398, -16.87167788 ], [ -39.13880584, -16.87183866 ], [ -39.13851725, -16.87215231 ], [ -39.13838371, -16.87229232 ], [ -39.13823941, -16.87244914 ], [ -39.13814261, -16.87260052 ], [ -39.13791016, -16.87291813 ], [ -39.13779394, -16.87307693 ], [ -39.13764964, -16.87323375 ], [ -39.1375615, -16.87339453 ], [ -39.13744527, -16.87355333 ], [ -39.13725026, -16.87387357 ], [ -39.13701781, -16.87419117 ], [ -39.13690159, -16.87434997 ], [ -39.13675938, -16.87448058 ], [ -39.13667123, -16.87464136 ], [ -39.13642942, -16.8749583 ], [ -39.13634127, -16.87511907 ], [ -39.13586771, -16.87574487 ], [ -39.13568204, -16.87606576 ], [ -39.1355471, -16.87622324 ], [ -39.13530528, -16.87654018 ], [ -39.13521713, -16.87670095 ], [ -39.13498467, -16.87701855 ], [ -39.13488576, -16.87719614 ], [ -39.13408543, -16.87814166 ], [ -39.13395048, -16.87829913 ], [ -39.13383424, -16.87845793 ], [ -39.13368923, -16.87862348 ], [ -39.13359102, -16.87879234 ], [ -39.13342729, -16.87895657 ], [ -39.13334263, -16.87907365 ], [ -39.13320042, -16.87920424 ], [ -39.13305611, -16.87936106 ], [ -39.13293987, -16.87951985 ], [ -39.13279696, -16.87965919 ], [ -39.13256449, -16.87997677 ], [ -39.13246907, -16.88011067 ], [ -39.13233202, -16.88029436 ], [ -39.1321877, -16.88045117 ], [ -39.13204479, -16.8805905 ], [ -39.13188972, -16.88076413 ], [ -39.13176412, -16.88092227 ], [ -39.13148415, -16.88124529 ], [ -39.13070834, -16.88223645 ], [ -39.13062018, -16.88239721 ], [ -39.13050394, -16.882556 ], [ -39.1303863, -16.88273227 ], [ -39.13015381, -16.88304985 ], [ -39.13000949, -16.88320666 ], [ -39.12977701, -16.88352423 ], [ -39.12966077, -16.88368302 ], [ -39.12956324, -16.88384313 ], [ -39.12941892, -16.88399993 ], [ -39.12930268, -16.88415872 ], [ -39.12921451, -16.88431949 ], [ -39.12897266, -16.8846364 ], [ -39.12888519, -16.88478843 ], [ -39.12876895, -16.88494721 ], [ -39.12834463, -16.88542703 ], [ -39.1282492, -16.88556091 ], [ -39.12810488, -16.88571772 ], [ -39.12794324, -16.88585572 ], [ -39.12752452, -16.88626562 ], [ -39.12738019, -16.88642242 ], [ -39.12722065, -16.88653421 ], [ -39.12704964, -16.88667155 ], [ -39.1268922, -16.88675712 ], [ -39.12656305, -16.88698877 ], [ -39.12641872, -16.88714557 ], [ -39.12623249, -16.8872379 ], [ -39.12607155, -16.88736716 ], [ -39.12590404, -16.8874608 ], [ -39.12574239, -16.88759881 ], [ -39.12557558, -16.88768371 ], [ -39.12541394, -16.88782171 ], [ -39.1251056, -16.88802846 ], [ -39.12494605, -16.88814024 ], [ -39.12477854, -16.88823389 ], [ -39.12463631, -16.88836447 ], [ -39.1244688, -16.88845811 ], [ -39.12430785, -16.88858737 ], [ -39.12397869, -16.88881901 ], [ -39.12381914, -16.88893079 ], [ -39.12367621, -16.88907011 ], [ -39.12349068, -16.88915369 ], [ -39.12283306, -16.88960823 ], [ -39.12266204, -16.88974556 ], [ -39.12233358, -16.88996846 ], [ -39.12217543, -16.89006276 ], [ -39.12200651, -16.89017387 ], [ -39.12184836, -16.89026817 ], [ -39.12167805, -16.89039677 ], [ -39.12135238, -16.8905847 ], [ -39.12118347, -16.89069582 ], [ -39.120811, -16.89088045 ], [ -39.12064419, -16.89096535 ], [ -39.12046006, -16.89103145 ], [ -39.12029254, -16.89112508 ], [ -39.12013089, -16.89126308 ], [ -39.11994675, -16.89132917 ], [ -39.11945427, -16.891602 ], [ -39.11928535, -16.89171311 ], [ -39.11804137, -16.89231957 ], [ -39.11749272, -16.89258842 ], [ -39.11542639, -16.89405956 ], [ -39.11445054, -16.8948431 ], [ -39.1167991, -16.8970127 ], [ -39.12171815, -16.90140277 ], [ -39.1245272, -16.9044047 ], [ -39.12901259, -16.91021439 ], [ -39.13144058, -16.91339164 ], [ -39.13276158, -16.91534818 ], [ -39.135279, -16.91658942 ], [ -39.13732902, -16.9187293 ], [ -39.14249846, -16.9221178 ], [ -39.14258166, -16.92295865 ], [ -39.14608643, -16.92820726 ], [ -39.1471145, -16.9298268 ], [ -39.14847202, -16.93097739 ], [ -39.1486224, -16.9319197 ], [ -39.14906953, -16.93291812 ], [ -39.15063548, -16.93487451 ], [ -39.15140066, -16.93578113 ], [ -39.151726, -16.9360678 ], [ -39.15235178, -16.93577798 ], [ -39.1537936, -16.93529087 ], [ -39.15425927, -16.93488427 ], [ -39.15465731, -16.93449925 ], [ -39.1552676, -16.93405011 ], [ -39.15648702, -16.93328358 ], [ -39.15720104, -16.93318455 ], [ -39.15797638, -16.93314258 ], [ -39.15845146, -16.93308821 ], [ -39.15867963, -16.93306036 ], [ -39.16050976, -16.93301372 ], [ -39.1618054, -16.93317546 ], [ -39.16310837, -16.93371568 ], [ -39.16443758, -16.93439839 ], [ -39.16521326, -16.9348223 ], [ -39.16645709, -16.93563084 ], [ -39.16716603, -16.93583028 ], [ -39.16816238, -16.93608516 ], [ -39.16859213, -16.9363616 ], [ -39.1692211, -16.93685427 ], [ -39.16997641, -16.93718004 ], [ -39.17243388, -16.93752918 ], [ -39.17312997, -16.93777166 ], [ -39.17355221, -16.93790692 ], [ -39.17397935, -16.937981 ], [ -39.17440841, -16.93732561 ], [ -39.17688237, -16.9335883 ], [ -39.17707406, -16.93366335 ], [ -39.17751948, -16.93386177 ], [ -39.17770978, -16.9339543 ], [ -39.17799089, -16.93408839 ], [ -39.17840726, -16.93417927 ], [ -39.17887604, -16.93420352 ], [ -39.17941664, -16.93415372 ], [ -39.18002654, -16.93417913 ], [ -39.18038228, -16.9342042 ], [ -39.18051054, -16.9342484 ], [ -39.18066689, -16.93429458 ], [ -39.18104022, -16.93445275 ], [ -39.18137148, -16.93478377 ], [ -39.18174648, -16.93503876 ], [ -39.18221789, -16.93526537 ], [ -39.18273445, -16.93539847 ], [ -39.18287697, -16.93538214 ], [ -39.18334268, -16.93532706 ], [ -39.18378284, -16.93512073 ], [ -39.18415537, -16.934936 ], [ -39.18435239, -16.93482682 ], [ -39.18463437, -16.93471482 ], [ -39.18489203, -16.93467144 ], [ -39.18505075, -16.9348057 ], [ -39.18524341, -16.9349863 ], [ -39.18538018, -16.93527724 ], [ -39.18559561, -16.93564404 ], [ -39.18590159, -16.93593812 ], [ -39.18639383, -16.93613982 ], [ -39.18685519, -16.93637452 ], [ -39.18690856, -16.93641344 ], [ -39.18742539, -16.93666084 ], [ -39.18817417, -16.93695094 ], [ -39.18898122, -16.93721878 ], [ -39.18930915, -16.93735617 ], [ -39.18970444, -16.93735764 ], [ -39.19034368, -16.93760487 ], [ -39.19082769, -16.93767413 ], [ -39.19144557, -16.93771765 ], [ -39.19181514, -16.93780522 ], [ -39.19236092, -16.9378085 ], [ -39.19292402, -16.93783059 ], [ -39.19364908, -16.93782891 ], [ -39.19414078, -16.937802 ], [ -39.19482769, -16.93780643 ], [ -39.1952927, -16.93776006 ], [ -39.19599903, -16.93775705 ], [ -39.1968687, -16.9377128 ], [ -39.1981577, -16.93748709 ], [ -39.19874135, -16.93736994 ], [ -39.19938089, -16.93714245 ], [ -39.20008134, -16.93709506 ], [ -39.20060253, -16.93705263 ], [ -39.20104561, -16.93716294 ], [ -39.20212053, -16.93714191 ], [ -39.20322913, -16.93705291 ], [ -39.2040995, -16.93699988 ], [ -39.20463591, -16.93700247 ], [ -39.20534014, -16.93702566 ], [ -39.2061841, -16.93706747 ], [ -39.20675964, -16.93716951 ], [ -39.20682447, -16.93718287 ], [ -39.20740868, -16.93729431 ], [ -39.20802097, -16.93740773 ], [ -39.20872758, -16.93751899 ], [ -39.20954513, -16.93765564 ], [ -39.21022714, -16.93772121 ], [ -39.21088596, -16.9377236 ], [ -39.21137446, -16.93785468 ], [ -39.21210329, -16.93792353 ], [ -39.21285642, -16.93792377 ], [ -39.21369661, -16.93789495 ], [ -39.21466227, -16.9379453 ], [ -39.21534052, -16.93794025 ], [ -39.21619384, -16.93798269 ], [ -39.21661344, -16.93791549 ], [ -39.21697268, -16.9378968 ], [ -39.21778618, -16.93784851 ], [ -39.21799353, -16.93784551 ], [ -39.21827788, -16.93782154 ], [ -39.21846581, -16.93782597 ], [ -39.21865584, -16.93780416 ], [ -39.21888989, -16.93782062 ], [ -39.21959552, -16.93782628 ], [ -39.22049048, -16.93781888 ], [ -39.22090449, -16.93782161 ], [ -39.22110039, -16.93784418 ], [ -39.22140137, -16.93784775 ], [ -39.22158651, -16.93788715 ], [ -39.22179904, -16.93793726 ], [ -39.22198768, -16.93793293 ], [ -39.22294846, -16.93804444 ], [ -39.22299527, -16.93804773 ], [ -39.22319117, -16.9380703 ], [ -39.22351296, -16.93804896 ], [ -39.22380179, -16.93808685 ], [ -39.22398833, -16.93810875 ], [ -39.22417626, -16.93811317 ], [ -39.22454696, -16.9380689 ], [ -39.22588402, -16.93806617 ], [ -39.22609725, -16.93810753 ], [ -39.22699181, -16.93822316 ], [ -39.22717835, -16.93824506 ], [ -39.2274117, -16.93827026 ], [ -39.22759684, -16.93830965 ], [ -39.22779274, -16.93833221 ], [ -39.22809233, -16.93835326 ], [ -39.2287629, -16.93844435 ], [ -39.22880034, -16.93844698 ], [ -39.22889257, -16.93847105 ], [ -39.2290812, -16.93846672 ], [ -39.22928995, -16.93844622 ], [ -39.23053479, -16.9384194 ], [ -39.23072482, -16.93839758 ], [ -39.23090927, -16.93844571 ], [ -39.23128584, -16.9384458 ], [ -39.23147587, -16.93842398 ], [ -39.23204217, -16.93828793 ], [ -39.23222702, -16.93821299 ], [ -39.23253357, -16.93814661 ], [ -39.23272151, -16.93815102 ], [ -39.23290636, -16.93807609 ], [ -39.23309639, -16.93805427 ], [ -39.23328054, -16.93798808 ], [ -39.23366059, -16.93794444 ], [ -39.23386556, -16.93785333 ], [ -39.23537442, -16.93746696 ], [ -39.2357486, -16.93737894 ], [ -39.23609678, -16.93726272 ], [ -39.2362889, -16.93721467 ], [ -39.23649556, -16.93722039 ], [ -39.236705, -16.93719114 ], [ -39.23712838, -16.9371945 ], [ -39.23732398, -16.93710273 ], [ -39.23757575, -16.9370149 ], [ -39.23776439, -16.93701057 ], [ -39.23877517, -16.93696725 ], [ -39.2399954, -16.93689468 ], [ -39.24018542, -16.93687285 ], [ -39.24039626, -16.93682611 ], [ -39.2405842, -16.93683051 ], [ -39.24077422, -16.93680869 ], [ -39.24096285, -16.93680435 ], [ -39.24114352, -16.93678186 ], [ -39.24233435, -16.9364874 ], [ -39.24289267, -16.93633316 ], [ -39.24342011, -16.93621192 ], [ -39.24358275, -16.93617938 ], [ -39.24384636, -16.9359429 ], [ -39.24438186, -16.93560241 ], [ -39.24488679, -16.93540924 ], [ -39.24545934, -16.93519444 ], [ -39.24628992, -16.93481311 ], [ -39.24197698, -16.92537494 ], [ -39.24256087, -16.92537195 ], [ -39.24287397, -16.92534117 ], [ -39.24328796, -16.92534384 ], [ -39.2437602, -16.92532422 ], [ -39.2443909, -16.9253245 ], [ -39.24467522, -16.92530049 ], [ -39.24488813, -16.9252275 ], [ -39.24516657, -16.92515911 ], [ -39.24540896, -16.9250706 ], [ -39.24566419, -16.92493903 ], [ -39.24591802, -16.92482495 ], [ -39.24608552, -16.92473119 ], [ -39.24634284, -16.92457339 ], [ -39.24660224, -16.92438935 ], [ -39.24678745, -16.92419132 ], [ -39.24705033, -16.92396357 ], [ -39.24730594, -16.92370892 ], [ -39.24775435, -16.92339746 ], [ -39.24817118, -16.92312774 ], [ -39.24850376, -16.92285212 ], [ -39.24873647, -16.92264862 ], [ -39.24899587, -16.92246458 ], [ -39.24925109, -16.922333 ], [ -39.24943939, -16.92221432 ], [ -39.2496738, -16.92210766 ], [ -39.24995572, -16.92199553 ], [ -39.25030246, -16.92189675 ], [ -39.25063706, -16.92183229 ], [ -39.25086869, -16.9217606 ], [ -39.2510809, -16.92169634 ], [ -39.25133713, -16.92167035 ], [ -39.25180696, -16.9215626 ], [ -39.2522754, -16.92147235 ], [ -39.25267483, -16.92142121 ], [ -39.25291512, -16.92135893 ], [ -39.25314466, -16.92131347 ], [ -39.25333536, -16.92128287 ], [ -39.25365851, -16.92124398 ], [ -39.25401044, -16.9211983 ], [ -39.25432493, -16.92115001 ], [ -39.25459988, -16.92112532 ], [ -39.2549778, -16.92110784 ], [ -39.25546737, -16.92110699 ], [ -39.25596111, -16.92105367 ], [ -39.25635775, -16.9210375 ], [ -39.25671765, -16.92100997 ], [ -39.25807332, -16.92100826 ], [ -39.25849874, -16.92098532 ], [ -39.25892556, -16.92094488 ], [ -39.25929691, -16.92089177 ], [ -39.25958261, -16.92085024 ], [ -39.25981214, -16.92080477 ], [ -39.26007324, -16.92071755 ], [ -39.26030486, -16.92064585 ], [ -39.26063427, -16.92052824 ], [ -39.26099106, -16.92042135 ], [ -39.26119599, -16.92033019 ], [ -39.26150667, -16.92021127 ], [ -39.26192588, -16.9200296 ], [ -39.2622057, -16.91994369 ], [ -39.26258399, -16.91980312 ], [ -39.26286381, -16.91971721 ], [ -39.26316443, -16.91960637 ], [ -39.26361242, -16.91941793 ], [ -39.26403752, -16.91928064 ], [ -39.26450492, -16.91908475 ], [ -39.26469321, -16.91896604 ], [ -39.26490749, -16.91887554 ], [ -39.26509717, -16.91873934 ], [ -39.26537318, -16.9185828 ], [ -39.26565716, -16.91844442 ], [ -39.26584475, -16.91833445 ], [ -39.26605904, -16.91824394 ], [ -39.26631076, -16.91815605 ], [ -39.26656666, -16.91801569 ], [ -39.26680903, -16.91792715 ], [ -39.26708503, -16.91777061 ], [ -39.26745743, -16.91758565 ], [ -39.26795221, -16.91740047 ], [ -39.26828647, -16.91722163 ], [ -39.26849695, -16.9170605 ], [ -39.26868073, -16.91687992 ], [ -39.2688926, -16.9167013 ], [ -39.26936383, -16.91633859 ], [ -39.26957569, -16.91615997 ], [ -39.26985136, -16.91588909 ], [ -39.2701142, -16.91566128 ], [ -39.27027925, -16.91547938 ], [ -39.27046512, -16.91527256 ], [ -39.27064889, -16.91509197 ], [ -39.27085867, -16.91493958 ], [ -39.27102961, -16.91480206 ], [ -39.2711437, -16.91466935 ], [ -39.27128864, -16.91450363 ], [ -39.27144364, -16.91432982 ], [ -39.2715865, -16.91419033 ], [ -39.27184586, -16.91400624 ], [ -39.27205771, -16.91382761 ], [ -39.27226818, -16.91366648 ], [ -39.27245923, -16.91351277 ], [ -39.27278272, -16.91335075 ], [ -39.27297238, -16.91321454 ], [ -39.27318424, -16.91303591 ], [ -39.27350462, -16.91279453 ], [ -39.27369567, -16.91264082 ], [ -39.2738888, -16.91246088 ], [ -39.27418837, -16.91224442 ], [ -39.27435792, -16.91212438 ], [ -39.2744505, -16.91202534 ], [ -39.2745826, -16.91190268 ], [ -39.27472545, -16.91176319 ], [ -39.27487836, -16.91161561 ], [ -39.27503196, -16.91145928 ], [ -39.27528056, -16.91129201 ], [ -39.27545011, -16.91117197 ], [ -39.2756304, -16.9110351 ], [ -39.27585681, -16.91091024 ], [ -39.27606588, -16.91076658 ], [ -39.27752728, -16.90978722 ], [ -39.28951982, -16.90419747 ], [ -39.29174632, -16.90769476 ], [ -39.29215749, -16.90749485 ], [ -39.29282244, -16.90718076 ], [ -39.29348288, -16.90704224 ], [ -39.29387984, -16.90690289 ], [ -39.2943236, -16.9067668 ], [ -39.29481867, -16.90669586 ], [ -39.29533767, -16.90667936 ], [ -39.29612985, -16.90654123 ], [ -39.2966003, -16.90642459 ], [ -39.29709121, -16.90640612 ], [ -39.29765943, -16.90624354 ], [ -39.29793747, -16.9060607 ], [ -39.29826958, -16.90590801 ], [ -39.29878267, -16.90560967 ], [ -39.29936717, -16.90536028 ], [ -39.3000009, -16.90520227 ], [ -39.30071057, -16.90515509 ], [ -39.30138626, -16.90506157 ], [ -39.30190732, -16.90501881 ], [ -39.30251333, -16.90497318 ], [ -39.30312177, -16.90501566 ], [ -39.30366261, -16.9050798 ], [ -39.30394863, -16.90515254 ], [ -39.30435532, -16.90536562 ], [ -39.30458102, -16.90548691 ], [ -39.30505669, -16.90566083 ], [ -39.30968033, -16.92013409 ], [ -39.31088101, -16.92030589 ], [ -39.3113907, -16.92052618 ], [ -39.31202798, -16.92079935 ], [ -39.31240522, -16.92102797 ], [ -39.31277554, -16.92134406 ], [ -39.31287366, -16.92141248 ], [ -39.31310459, -16.92158691 ], [ -39.31354979, -16.92190823 ], [ -39.31397662, -16.92210514 ], [ -39.3144492, -16.9221997 ], [ -39.31495992, -16.92228814 ], [ -39.31555073, -16.92219747 ], [ -39.3170468, -16.92196773 ], [ -39.31782378, -16.92178451 ], [ -39.31859868, -16.92162754 ], [ -39.3195161, -16.92169158 ], [ -39.32029415, -16.92185143 ], [ -39.32099939, -16.92197982 ], [ -39.32160622, -16.92263783 ], [ -39.32224046, -16.92354401 ], [ -39.32280985, -16.92419941 ], [ -39.32344164, -16.92478001 ], [ -39.32419059, -16.92506976 ], [ -39.32560245, -16.92507155 ], [ -39.32651405, -16.92556614 ], [ -39.32684492, -16.9263808 ], [ -39.32687032, -16.92713017 ], [ -39.32694529, -16.92784781 ], [ -39.32711144, -16.92848387 ], [ -39.3276229, -16.92880102 ], [ -39.32837462, -16.9288183 ], [ -39.3291766, -16.92879512 ], [ -39.3299741, -16.92894752 ], [ -39.33067801, -16.92933087 ], [ -39.33124012, -16.92972191 ], [ -39.33192561, -16.92974336 ], [ -39.33211113, -16.92989703 ], [ -39.33267745, -16.93071055 ], [ -39.3331727, -16.93158947 ], [ -39.33413292, -16.93242168 ], [ -39.33517183, -16.93309227 ], [ -39.33533342, -16.9331915 ], [ -39.33540799, -16.93331984 ], [ -39.33589521, -16.93370566 ], [ -39.33605337, -16.93408611 ], [ -39.33651702, -16.93453185 ], [ -39.33690923, -16.93492863 ], [ -39.33709512, -16.93519668 ], [ -39.33725395, -16.9353309 ], [ -39.33806959, -16.93894124 ], [ -39.33813064, -16.93912141 ], [ -39.33816535, -16.9393965 ], [ -39.33821704, -16.93957602 ], [ -39.33837281, -16.94034332 ], [ -39.33910516, -16.94036804 ], [ -39.34016136, -16.940345 ], [ -39.34072308, -16.94014671 ], [ -39.34143215, -16.93987075 ], [ -39.34173484, -16.93973354 ], [ -39.34222548, -16.93960066 ], [ -39.34264609, -16.9396388 ], [ -39.34314507, -16.93963843 ], [ -39.34391832, -16.93962201 ], [ -39.34455496, -16.93966643 ], [ -39.34506781, -16.93972859 ], [ -39.34570063, -16.93970237 ], [ -39.34624051, -16.93966086 ], [ -39.34694094, -16.93961297 ], [ -39.34786119, -16.93940448 ], [ -39.34832755, -16.93934025 ], [ -39.34912677, -16.93911452 ], [ -39.34968709, -16.93893369 ], [ -39.3503937, -16.93856956 ], [ -39.35102923, -16.93827083 ], [ -39.3517095, -16.9380016 ], [ -39.35229162, -16.93766396 ], [ -39.35295141, -16.93729654 ], [ -39.35334734, -16.93705146 ], [ -39.3542623, -16.93655229 ], [ -39.35473382, -16.93630368 ], [ -39.35526949, -16.93607714 ], [ -39.35576181, -16.93580359 ], [ -39.35618688, -16.93566608 ], [ -39.3566792, -16.93539253 ], [ -39.35748046, -16.9351405 ], [ -39.35782787, -16.93503277 ], [ -39.35839715, -16.93473818 ], [ -39.35895323, -16.9343723 ], [ -39.3593533, -16.93407471 ], [ -39.35989166, -16.93357565 ], [ -39.36036171, -16.93310701 ], [ -39.36102247, -16.93260767 ], [ -39.36160562, -16.9323756 ], [ -39.36278272, -16.93213213 ], [ -39.36348657, -16.93204041 ], [ -39.36404239, -16.93203514 ], [ -39.36470917, -16.93205519 ], [ -39.36564676, -16.93210289 ], [ -39.36599216, -16.93225889 ], [ -39.3662734, -16.93239283 ], [ -39.36651474, -16.93243603 ], [ -39.36686321, -16.9324339 ], [ -39.36733754, -16.93238776 ], [ -39.36792075, -16.93239319 ], [ -39.36853136, -16.93240931 ], [ -39.3689977, -16.93234502 ], [ -39.36986654, -16.93207124 ], [ -39.37042888, -16.93186409 ], [ -39.37101586, -16.93170263 ], [ -39.37153415, -16.93145721 ], [ -39.37186489, -16.93132189 ], [ -39.37247097, -16.93127612 ], [ -39.37320397, -16.93129195 ], [ -39.3738874, -16.93133952 ], [ -39.37465517, -16.93163046 ], [ -39.37526962, -16.93171721 ], [ -39.37620376, -16.93180861 ], [ -39.37688581, -16.93187367 ], [ -39.37759733, -16.93192318 ], [ -39.37825475, -16.93194253 ], [ -39.3788154, -16.93187598 ], [ -39.37951726, -16.93204797 ], [ -39.38025036, -16.93230131 ], [ -39.38095153, -16.93248204 ], [ -39.38158164, -16.93272821 ], [ -39.38186536, -16.93295028 ], [ -39.38222052, -16.93322131 ], [ -39.38243417, -16.93337692 ], [ -39.38285979, -16.93382879 ], [ -39.38325279, -16.93421681 ], [ -39.38358785, -16.93450403 ], [ -39.38401348, -16.9349559 ], [ -39.38462458, -16.9353239 ], [ -39.38506431, -16.93547765 ], [ -39.38565491, -16.93574746 ], [ -39.38629056, -16.93592363 ], [ -39.38683328, -16.93608454 ], [ -39.38724975, -16.93617509 ], [ -39.38802959, -16.93619415 ], [ -39.3885931, -16.93633011 ], [ -39.38915622, -16.93635168 ], [ -39.38986008, -16.93625988 ], [ -39.39065618, -16.93619208 ], [ -39.39105107, -16.93607878 ], [ -39.39173482, -16.93600317 ], [ -39.39251012, -16.93596031 ], [ -39.39319013, -16.93605157 ], [ -39.3940559, -16.93593582 ], [ -39.39495015, -16.93593641 ], [ -39.39551327, -16.93595796 ], [ -39.39609965, -16.93604272 ], [ -39.39670959, -16.93606752 ], [ -39.39711326, -16.93620115 ], [ -39.39765155, -16.93653768 ], [ -39.39814402, -16.93673907 ], [ -39.39854464, -16.93703084 ], [ -39.3989424, -16.93712007 ], [ -39.39913241, -16.93709809 ], [ -39.39967227, -16.93705643 ], [ -39.39981547, -16.9370312 ], [ -39.40009141, -16.93687442 ], [ -39.40034862, -16.93671635 ], [ -39.40058573, -16.93657447 ], [ -39.40086896, -16.93644459 ], [ -39.40133944, -16.93632773 ], [ -39.40178568, -16.93627956 ], [ -39.40244449, -16.93628136 ], [ -39.40326218, -16.93641735 ], [ -39.40385448, -16.93654649 ], [ -39.4044388, -16.93665747 ], [ -39.40476304, -16.93672399 ], [ -39.40530675, -16.93675297 ], [ -39.40584426, -16.93686069 ], [ -39.40624753, -16.93687991 ], [ -39.40694834, -16.93694619 ], [ -39.40753363, -16.93692527 ], [ -39.40831692, -16.9369005 ], [ -39.40913806, -16.93699273 ], [ -39.40981572, -16.93723336 ], [ -39.40986639, -16.93730726 ], [ -39.4099579, -16.93793827 ], [ -39.4099814, -16.93847657 ], [ -39.4098906, -16.93927087 ], [ -39.40984442, -16.93985713 ], [ -39.4096805, -16.94074312 ], [ -39.40966487, -16.94141948 ], [ -39.40984862, -16.94207449 ], [ -39.41008775, -16.94250461 ], [ -39.41039654, -16.94288678 ], [ -39.41066031, -16.9433626 ], [ -39.41106411, -16.94373377 ], [ -39.41144437, -16.9441649 ], [ -39.41222642, -16.94439519 ], [ -39.41290646, -16.94448643 ], [ -39.41363153, -16.94448401 ], [ -39.41438676, -16.94445729 ], [ -39.41478758, -16.94438835 ], [ -39.41520632, -16.94409191 ], [ -39.41565533, -16.94400872 ], [ -39.41605437, -16.94384288 ], [ -39.41675921, -16.94361909 ], [ -39.41746061, -16.94343905 ], [ -39.41800365, -16.94347676 ], [ -39.41839592, -16.94363598 ], [ -39.41889227, -16.943908 ], [ -39.41945526, -16.94429022 ], [ -39.41986184, -16.9446264 ], [ -39.42035475, -16.94494217 ], [ -39.42086432, -16.94528549 ], [ -39.4213593, -16.94557501 ], [ -39.42192286, -16.94571093 ], [ -39.42253778, -16.94591199 ], [ -39.42300812, -16.94615581 ], [ -39.42369065, -16.94633517 ], [ -39.42422612, -16.94646913 ], [ -39.4247196, -16.94653859 ], [ -39.42505749, -16.94679081 ], [ -39.42520908, -16.94689811 ], [ -39.42520951, -16.94641423 ], [ -39.42537791, -16.94618836 ], [ -39.42580092, -16.94547866 ], [ -39.42579751, -16.94432583 ], [ -39.42825569, -16.94191848 ], [ -39.42874297, -16.94206667 ], [ -39.42890544, -16.9417964 ], [ -39.43147769, -16.94069027 ], [ -39.43200737, -16.94041907 ], [ -39.43236134, -16.93974853 ], [ -39.43261384, -16.93929092 ], [ -39.43278318, -16.93893312 ], [ -39.43308551, -16.93832059 ], [ -39.43317555, -16.93813327 ], [ -39.43332119, -16.93759785 ], [ -39.43331746, -16.93716646 ], [ -39.43336355, -16.93658015 ], [ -39.43328984, -16.93572157 ], [ -39.43324521, -16.93533133 ], [ -39.43319149, -16.93481729 ], [ -39.43319118, -16.93434214 ], [ -39.43330598, -16.93383978 ], [ -39.43335677, -16.93355295 ], [ -39.43349758, -16.93307879 ], [ -39.43358719, -16.93277705 ], [ -39.43434635, -16.93090278 ], [ -39.43453894, -16.93060818 ], [ -39.43536128, -16.92888785 ], [ -39.43558729, -16.92828761 ], [ -39.43624235, -16.92689883 ], [ -39.43662245, -16.92553497 ], [ -39.43782185, -16.92416629 ], [ -39.43793153, -16.92384834 ], [ -39.43815038, -16.92345876 ], [ -39.4383128, -16.92318845 ], [ -39.43875453, -16.92271753 ], [ -39.43908297, -16.92237073 ], [ -39.43927098, -16.92201421 ], [ -39.43941329, -16.9217601 ], [ -39.43954994, -16.92133843 ], [ -39.43964321, -16.92086976 ], [ -39.43990396, -16.92090542 ], [ -39.44056092, -16.92081014 ], [ -39.44107564, -16.92060822 ], [ -39.44161459, -16.92033759 ], [ -39.44236592, -16.91987929 ], [ -39.44283177, -16.91970037 ], [ -39.44349009, -16.91958758 ], [ -39.44426643, -16.91965013 ], [ -39.4448996, -16.91973797 ], [ -39.4456951, -16.91991623 ], [ -39.44658878, -16.92016288 ], [ -39.4472989, -16.92022964 ], [ -39.4477444, -16.92019009 ], [ -39.44818466, -16.92009738 ], [ -39.44886882, -16.91977518 ], [ -39.44923992, -16.9194841 ], [ -39.44959435, -16.91916547 ], [ -39.45001295, -16.91886887 ], [ -39.45029473, -16.91875639 ], [ -39.45060323, -16.91866335 ], [ -39.45102314, -16.91871001 ], [ -39.4516095, -16.91879459 ], [ -39.45215017, -16.91898159 ], [ -39.45254655, -16.91908821 ], [ -39.45335137, -16.91962786 ], [ -39.453705, -16.9200395 ], [ -39.45400703, -16.92050916 ], [ -39.45417661, -16.92098725 ], [ -39.45426787, -16.92150392 ], [ -39.454321, -16.92202675 ], [ -39.45448328, -16.92247795 ], [ -39.45464899, -16.92288538 ], [ -39.45507042, -16.92351289 ], [ -39.45570648, -16.92416406 ], [ -39.45612772, -16.92455399 ], [ -39.4566065, -16.92493029 ], [ -39.45707273, -16.92522654 ], [ -39.45761274, -16.9254223 ], [ -39.45814614, -16.9255824 ], [ -39.4584094, -16.92570621 ], [ -39.45841009, -16.92569746 ], [ -39.4583149, -16.92547089 ], [ -39.45826652, -16.92524755 ], [ -39.45826564, -16.92501871 ], [ -39.45831888, -16.92482001 ], [ -39.45857058, -16.92437106 ], [ -39.45873821, -16.92415387 ], [ -39.45888712, -16.92393539 ], [ -39.45908765, -16.92365889 ], [ -39.45925391, -16.9234592 ], [ -39.45944095, -16.92323456 ], [ -39.45997899, -16.92273502 ], [ -39.46016604, -16.92251037 ], [ -39.46037249, -16.92227827 ], [ -39.46070706, -16.92185264 ], [ -39.46096375, -16.92158002 ], [ -39.46126381, -16.92135439 ], [ -39.46152094, -16.92119619 ], [ -39.46171048, -16.92105971 ], [ -39.46191737, -16.92094202 ], [ -39.46217837, -16.92085448 ], [ -39.46255789, -16.92069594 ], [ -39.46281159, -16.9205815 ], [ -39.46319111, -16.92042295 ], [ -39.46360807, -16.920267 ], [ -39.46389534, -16.92008448 ], [ -39.46409972, -16.91987862 ], [ -39.46428675, -16.91965397 ], [ -39.46440482, -16.91946854 ], [ -39.46454504, -16.91924065 ], [ -39.4646412, -16.91897451 ], [ -39.46482596, -16.91853851 ], [ -39.46487712, -16.91836606 ], [ -39.46489313, -16.91804158 ], [ -39.46492261, -16.91766524 ], [ -39.46491742, -16.91689052 ], [ -39.46488986, -16.91592066 ], [ -39.46484492, -16.91529279 ], [ -39.46474497, -16.91440593 ], [ -39.46476923, -16.91361564 ], [ -39.46476333, -16.91284968 ], [ -39.46497663, -16.91216926 ], [ -39.46527418, -16.91149466 ], [ -39.46553587, -16.91103757 ], [ -39.46604872, -16.91037785 ], [ -39.46658599, -16.90988701 ], [ -39.46694037, -16.90956831 ], [ -39.46717099, -16.90926746 ], [ -39.46738699, -16.90891281 ], [ -39.46752582, -16.90870241 ], [ -39.46775712, -16.90839281 ], [ -39.46806856, -16.90814154 ], [ -39.46844256, -16.90805298 ], [ -39.46874167, -16.90795925 ], [ -39.46937573, -16.90791506 ], [ -39.46994083, -16.9079101 ], [ -39.47052854, -16.9079771 ], [ -39.47099387, -16.90804444 ], [ -39.47151262, -16.90815067 ], [ -39.47188707, -16.90817654 ], [ -39.47200626, -16.90809677 ], [ -39.47214622, -16.90799204 ], [ -39.47249601, -16.90761142 ], [ -39.47283119, -16.90717698 ], [ -39.47317458, -16.90663751 ], [ -39.47355153, -16.90602996 ], [ -39.47402095, -16.9053232 ], [ -39.47446799, -16.90478208 ], [ -39.47479173, -16.90437324 ], [ -39.47497735, -16.90416606 ], [ -39.47516571, -16.90392387 ], [ -39.47547576, -16.90369009 ], [ -39.4756607, -16.90385245 ], [ -39.47620207, -16.90439142 ], [ -39.47669299, -16.9050941 ], [ -39.47750085, -16.90655786 ], [ -39.47806233, -16.90744142 ], [ -39.4784094, -16.90781738 ], [ -39.47892932, -16.90839007 ], [ -39.47933256, -16.90876991 ], [ -39.48056076, -16.90967311 ], [ -39.48114803, -16.90998646 ], [ -39.48190107, -16.91034645 ], [ -39.48262215, -16.91063383 ], [ -39.48344368, -16.91084014 ], [ -39.48443463, -16.91092615 ], [ -39.48535206, -16.91098947 ], [ -39.48619687, -16.91089818 ], [ -39.4872248, -16.91087233 ], [ -39.48791162, -16.91087572 ], [ -39.48863519, -16.91089046 ], [ -39.48945421, -16.91100858 ], [ -39.48995221, -16.91113974 ], [ -39.49056164, -16.91141061 ], [ -39.49103249, -16.91176871 ], [ -39.49164196, -16.91240039 ], [ -39.49211122, -16.91289919 ], [ -39.49246562, -16.91330206 ], [ -39.4928915, -16.91375386 ], [ -39.49324292, -16.91395412 ], [ -39.49374024, -16.91409404 ], [ -39.49427912, -16.91418402 ], [ -39.49521824, -16.91409041 ], [ -39.49577832, -16.91390903 ], [ -39.49694845, -16.91326811 ], [ -39.4976994, -16.91293268 ], [ -39.49957385, -16.91182988 ], [ -39.50028486, -16.9117645 ], [ -39.50116869, -16.91153503 ], [ -39.5021078, -16.91144137 ], [ -39.5043783, -16.9114131 ], [ -39.50542885, -16.91145912 ], [ -39.50672212, -16.91153066 ], [ -39.50864514, -16.91173362 ], [ -39.51047866, -16.91187758 ], [ -39.50820447, -16.91882318 ], [ -39.5078355, -16.92065473 ], [ -39.50840237, -16.92159152 ], [ -39.50830249, -16.92443614 ], [ -39.50827214, -16.92458366 ], [ -39.51022505, -16.92729704 ], [ -39.51095731, -16.92503287 ], [ -39.51457586, -16.92329332 ], [ -39.51645447, -16.92213784 ], [ -39.5202192, -16.92009135 ], [ -39.52103709, -16.91479649 ], [ -39.52137574, -16.91298914 ], [ -39.52164648, -16.91181081 ], [ -39.52194431, -16.91125043 ], [ -39.522353, -16.91119936 ], [ -39.52221141, -16.911084 ], [ -39.52099305, -16.91017278 ], [ -39.52063653, -16.90979618 ], [ -39.5202344, -16.90867713 ], [ -39.52094257, -16.9074409 ], [ -39.52151118, -16.90690797 ], [ -39.52207043, -16.90637439 ], [ -39.52313733, -16.90536527 ], [ -39.52411128, -16.90434094 ], [ -39.52477804, -16.90303141 ], [ -39.52453587, -16.90179136 ], [ -39.52336707, -16.89867447 ], [ -39.52179869, -16.89621661 ], [ -39.52006654, -16.89416996 ], [ -39.51988879, -16.89234468 ], [ -39.5199756, -16.89110969 ], [ -39.51941917, -16.89027931 ], [ -39.51898641, -16.88991509 ], [ -39.51760193, -16.88835886 ], [ -39.51596561, -16.88532434 ], [ -39.51423427, -16.88278496 ], [ -39.51255191, -16.88058341 ], [ -39.51180818, -16.87937934 ], [ -39.50881874, -16.87535414 ], [ -39.50769283, -16.87398299 ], [ -39.50557304, -16.87280748 ], [ -39.50416133, -16.87208552 ], [ -39.50320727, -16.87116622 ], [ -39.50194132, -16.86869419 ], [ -39.5010009, -16.86759983 ], [ -39.49883124, -16.86585769 ], [ -39.49710703, -16.86359178 ], [ -39.49467594, -16.86013322 ], [ -39.49303004, -16.85782873 ], [ -39.49090779, -16.85487549 ], [ -39.49022559, -16.85372855 ], [ -39.49027907, -16.85195461 ], [ -39.49045024, -16.85060238 ], [ -39.48998973, -16.8496291 ], [ -39.4893141, -16.84900183 ], [ -39.48824913, -16.84854138 ], [ -39.48734989, -16.84812752 ], [ -39.48658273, -16.84746756 ], [ -39.48515618, -16.84428067 ], [ -39.48434358, -16.84227121 ], [ -39.48420144, -16.84119666 ], [ -39.4848017, -16.83989157 ], [ -39.48673678, -16.83823826 ], [ -39.48689444, -16.83693791 ], [ -39.48664711, -16.83600572 ], [ -39.48436913, -16.83444994 ], [ -39.4801098, -16.83151718 ], [ -39.47876558, -16.83053599 ], [ -39.47801637, -16.82952532 ], [ -39.4777189, -16.82814973 ], [ -39.47990688, -16.82251882 ], [ -39.48049306, -16.82066719 ], [ -39.48047937, -16.81660963 ], [ -39.48029803, -16.81482846 ], [ -39.47909355, -16.81192986 ], [ -39.47838531, -16.8102709 ], [ -39.47837612, -16.80917914 ], [ -39.47930293, -16.80790527 ], [ -39.48090118, -16.80634311 ], [ -39.48155915, -16.80513875 ], [ -39.48207878, -16.80341451 ], [ -39.48281653, -16.79997171 ], [ -39.4838203, -16.79903744 ], [ -39.48498699, -16.79770076 ], [ -39.48510937, -16.7966092 ], [ -39.48464282, -16.79559163 ], [ -39.48359671, -16.7946487 ], [ -39.47792639, -16.79002709 ], [ -39.47635584, -16.78844983 ], [ -39.4752049, -16.786435 ], [ -39.47333016, -16.78235551 ], [ -39.47134942, -16.77806641 ], [ -39.46973194, -16.7745502 ], [ -39.46980095, -16.77281273 ], [ -39.4699231, -16.76808722 ], [ -39.46999138, -16.76526741 ], [ -39.46973418, -16.76300603 ], [ -39.46937269, -16.76217836 ], [ -39.46914066, -16.76205657 ], [ -39.46850906, -16.76183158 ], [ -39.46735242, -16.76150909 ], [ -39.46592148, -16.76107957 ], [ -39.46303886, -16.76028593 ], [ -39.46127168, -16.75980293 ], [ -39.46049934, -16.75945171 ], [ -39.45983369, -16.75893279 ], [ -39.45921215, -16.75790049 ], [ -39.4589811, -16.75736182 ], [ -39.4587405, -16.75666114 ], [ -39.45853634, -16.75589473 ], [ -39.45812107, -16.75426802 ], [ -39.45764212, -16.75279869 ], [ -39.4570111, -16.75222899 ], [ -39.45606829, -16.75178371 ], [ -39.45493864, -16.75157921 ], [ -39.45391731, -16.7513016 ], [ -39.45324467, -16.7510049 ], [ -39.45271223, -16.75077004 ], [ -39.45246322, -16.75058579 ], [ -39.45212497, -16.75070336 ], [ -39.45177344, -16.75074964 ], [ -39.45121136, -16.75084306 ], [ -39.45062953, -16.75070636 ], [ -39.45015467, -16.75052422 ], [ -39.44982812, -16.75036984 ], [ -39.44952314, -16.75005858 ], [ -39.44893378, -16.74953424 ], [ -39.44850804, -16.74908272 ], [ -39.44839799, -16.7489256 ], [ -39.44825052, -16.74876591 ], [ -39.44811037, -16.74863312 ], [ -39.44794947, -16.7485253 ], [ -39.44780999, -16.74838376 ], [ -39.44763838, -16.7482928 ], [ -39.44752629, -16.74816194 ], [ -39.44697933, -16.74793965 ], [ -39.44679293, -16.74791807 ], [ -39.44660857, -16.74787023 ], [ -39.44642217, -16.74784864 ], [ -39.44623781, -16.7478008 ], [ -39.44597794, -16.74775658 ], [ -39.44559919, -16.74766901 ], [ -39.44522639, -16.74762583 ], [ -39.44506414, -16.74753552 ], [ -39.44489457, -16.7474183 ], [ -39.44471157, -16.74735296 ], [ -39.4444738, -16.74726626 ], [ -39.44413994, -16.74708499 ], [ -39.44399979, -16.7469522 ], [ -39.44386168, -16.74679316 ], [ -39.44369347, -16.74665844 ], [ -39.44355535, -16.7464994 ], [ -39.4433931, -16.74640908 ], [ -39.44296601, -16.74597507 ], [ -39.44285596, -16.74581795 ], [ -39.44244999, -16.74559653 ], [ -39.44228774, -16.74550622 ], [ -39.44209743, -16.74541398 ], [ -39.44195728, -16.74528119 ], [ -39.44179502, -16.74519087 ], [ -39.44160471, -16.74509863 ], [ -39.44142171, -16.74503329 ], [ -39.44120334, -16.74493912 ], [ -39.44104109, -16.74484881 ], [ -39.44085809, -16.74478346 ], [ -39.4406637, -16.74474373 ], [ -39.44059227, -16.74469484 ], [ -39.43987339, -16.74462791 ], [ -39.43967764, -16.74460568 ], [ -39.43949721, -16.74462849 ], [ -39.43914365, -16.744701 ], [ -39.43895386, -16.74472317 ], [ -39.43877002, -16.74478974 ], [ -39.43785304, -16.74497315 ], [ -39.43766325, -16.74499531 ], [ -39.43644387, -16.74495561 ], [ -39.43511226, -16.74490819 ], [ -39.43492382, -16.74491285 ], [ -39.43471277, -16.74484558 ], [ -39.43377264, -16.74484263 ], [ -39.43299664, -16.74502689 ], [ -39.43226945, -16.74518811 ], [ -39.43189922, -16.74523307 ], [ -39.43171282, -16.74521148 ], [ -39.43147762, -16.74521292 ], [ -39.43128188, -16.74519068 ], [ -39.43119701, -16.74519366 ], [ -39.43062796, -16.74501382 ], [ -39.43044361, -16.74496597 ], [ -39.43028136, -16.74487565 ], [ -39.4299948, -16.74481198 ], [ -39.4297863, -16.74483286 ], [ -39.42959991, -16.74481126 ], [ -39.42941215, -16.74480717 ], [ -39.42921777, -16.74476742 ], [ -39.42895994, -16.74469693 ], [ -39.42877151, -16.74470159 ], [ -39.42821301, -16.74462804 ], [ -39.42757833, -16.74456686 ], [ -39.4266382, -16.74456388 ], [ -39.42645368, -16.74463918 ], [ -39.42626253, -16.74467884 ] ] ] ] } },
{ "type": "Feature", "properties": { "gid": 6, "terrai_cod": 6901, "terrai_nom": "Brejo do Burgo", "etnia_nome": "Pankararé", "municipio_": "Glória,Paulo Afonso,Rodelas", "uf_sigla": "BA", "fase_ti": "Regularizada", "modalidade": "Tradicionalmente ocupada", "cr": "COORDENACAO REGIONAL BAIXO SÃO FRANCISCO" }, "geometry": { "type": "MultiPolygon", "coordinates": [ [ [ [ -38.46305085, -9.34830627 ], [ -38.45730948, -9.36794448 ], [ -38.45475094, -9.37669334 ], [ -38.45116457, -9.38897967 ], [ -38.44845436, -9.39822825 ], [ -38.44832448, -9.39867694 ], [ -38.45132074, -9.39613143 ], [ -38.46227076, -9.36765668 ], [ -38.48754132, -9.36562453 ], [ -38.50676732, -9.3630468 ], [ -38.50737471, -9.36311612 ], [ -38.51182126, -9.37416398 ], [ -38.64322755, -9.41110501 ], [ -38.64478466, -9.3913519 ], [ -38.63922667, -9.38405504 ], [ -38.63170734, -9.37417608 ], [ -38.62585735, -9.36648302 ], [ -38.61999864, -9.35878117 ], [ -38.61389473, -9.34984564 ], [ -38.60924425, -9.34303415 ], [ -38.60343139, -9.33451355 ], [ -38.60326009, -9.33427039 ], [ -38.59865542, -9.32177144 ], [ -38.59636423, -9.31557505 ], [ -38.59231992, -9.304586 ], [ -38.58764815, -9.29193685 ], [ -38.58351924, -9.28078779 ], [ -38.58077433, -9.27331484 ], [ -38.55464546, -9.27802864 ], [ -38.54051991, -9.28057607 ], [ -38.53353986, -9.28183107 ], [ -38.5215289, -9.28394145 ], [ -38.51133627, -9.28572544 ], [ -38.50110637, -9.28752491 ], [ -38.48570654, -9.29022535 ], [ -38.47582542, -9.29195973 ], [ -38.46349264, -9.29411481 ], [ -38.46416316, -9.30165514 ], [ -38.46529097, -9.31438599 ], [ -38.46628242, -9.32548651 ], [ -38.46709385, -9.33451805 ], [ -38.46694517, -9.33498348 ], [ -38.46305085, -9.34830627 ] ] ] ] } },
{ "type": "Feature", "properties": { "gid": 7, "terrai_cod": 9301, "terrai_nom": "Caramuru/Paraguassu", "etnia_nome": "Pataxo Há-Há-Há", "municipio_": "Pau Brasil,Itaju do Colônia,Camacan", "uf_sigla": "BA", "fase_ti": "Regularizada", "modalidade": "Tradicionalmente ocupada", "cr": "COORDENACAO REGIONAL SUL DA BAHIA" }, "geometry": { "type": "MultiPolygon", "coordinates": [ [ [ [ -39.70949173, -15.13796236 ], [ -39.70855038, -15.13840963 ], [ -39.70713889, -15.13772222 ], [ -39.70718633, -15.13906258 ], [ -39.70745492, -15.14543797 ], [ -39.70746756, -15.14573958 ], [ -39.70771128, -15.15095356 ], [ -39.70477314, -15.15350831 ], [ -39.70061147, -15.15357311 ], [ -39.69512319, -15.16087994 ], [ -39.68943411, -15.16804344 ], [ -39.68380139, -15.17516819 ], [ -39.67810478, -15.18233844 ], [ -39.67238289, -15.18943842 ], [ -39.66668344, -15.19662003 ], [ -39.66102431, -15.20386689 ], [ -39.65536378, -15.21090208 ], [ -39.64948847, -15.21801189 ], [ -39.64245375, -15.22730158 ], [ -39.63616119, -15.23463583 ], [ -39.62476397, -15.23531078 ], [ -39.61952936, -15.24422483 ], [ -39.61278694, -15.24117686 ], [ -39.60703081, -15.24861539 ], [ -39.61193764, -15.24856272 ], [ -39.61573553, -15.24812878 ], [ -39.61640606, -15.25684033 ], [ -39.61359625, -15.25900403 ], [ -39.60819686, -15.25900339 ], [ -39.60678703, -15.26486803 ], [ -39.60261069, -15.27142558 ], [ -39.60237119, -15.27822383 ], [ -39.60572725, -15.28373792 ], [ -39.60471081, -15.29268586 ], [ -39.60377886, -15.30134417 ], [ -39.60272892, -15.31028061 ], [ -39.60168589, -15.319265 ], [ -39.60584147, -15.32844367 ], [ -39.60920358, -15.33559144 ], [ -39.61451322, -15.34066822 ], [ -39.61934242, -15.34562497 ], [ -39.62566367, -15.35226594 ], [ -39.62850064, -15.36358306 ], [ -39.63077567, -15.37243256 ], [ -39.63298033, -15.38112511 ], [ -39.63512797, -15.39005403 ], [ -39.63831583, -15.39233486 ], [ -39.638813, -15.39268692 ], [ -39.645821, -15.39766872 ], [ -39.65460478, -15.40272883 ], [ -39.66085733, -15.40845025 ], [ -39.67131172, -15.41297778 ], [ -39.67350197, -15.41391217 ], [ -39.67368458, -15.41399008 ], [ -39.68164717, -15.41744244 ], [ -39.68367931, -15.42187114 ], [ -39.68395664, -15.43074842 ], [ -39.68418817, -15.43866178 ], [ -39.68439925, -15.44754786 ], [ -39.68465064, -15.45660853 ], [ -39.68492939, -15.46558975 ], [ -39.68529039, -15.47583664 ], [ -39.68545817, -15.48506381 ], [ -39.68574022, -15.49406894 ], [ -39.68591808, -15.50047686 ], [ -39.68617133, -15.5094385 ], [ -39.68645367, -15.51855272 ], [ -39.68666039, -15.527636 ], [ -39.68697153, -15.53661053 ], [ -39.68721192, -15.54572742 ], [ -39.68747908, -15.55469203 ], [ -39.68788514, -15.56376108 ], [ -39.68223806, -15.56378625 ], [ -39.69600919, -15.57605011 ], [ -39.70280308, -15.58218733 ], [ -39.71200211, -15.59061347 ], [ -39.71347222, -15.59194444 ], [ -39.71466154, -15.59125001 ], [ -39.71475101, -15.58997457 ], [ -39.71456818, -15.58888829 ], [ -39.71400209, -15.58689928 ], [ -39.71312384, -15.58574499 ], [ -39.71230897, -15.58480531 ], [ -39.71158655, -15.58490136 ], [ -39.7100192, -15.58218804 ], [ -39.70960775, -15.58111565 ], [ -39.70970471, -15.57922102 ], [ -39.7105231, -15.57775693 ], [ -39.71095429, -15.57698829 ], [ -39.71166009, -15.57446085 ], [ -39.71361441, -15.57396174 ], [ -39.71497741, -15.57349809 ], [ -39.71617981, -15.57242827 ], [ -39.71573553, -15.5713749 ], [ -39.71537013, -15.56998722 ], [ -39.7154259, -15.56935344 ], [ -39.71562699, -15.56821681 ], [ -39.71468975, -15.56747584 ], [ -39.71351402, -15.56643972 ], [ -39.71386508, -15.56451071 ], [ -39.71549722, -15.56093912 ], [ -39.71635216, -15.5594913 ], [ -39.71752099, -15.55829612 ], [ -39.71831799, -15.55657763 ], [ -39.71892328, -15.55689856 ], [ -39.71966839, -15.55766448 ], [ -39.71987233, -15.5589195 ], [ -39.72043295, -15.56062061 ], [ -39.72162801, -15.56065018 ], [ -39.7235473, -15.56043985 ], [ -39.72480489, -15.55966661 ], [ -39.72585444, -15.55967145 ], [ -39.72675431, -15.56012139 ], [ -39.72857373, -15.55858802 ], [ -39.73174373, -15.55749002 ], [ -39.73584783, -15.55567487 ], [ -39.73937607, -15.55652207 ], [ -39.74233414, -15.55677222 ], [ -39.74566023, -15.55690707 ], [ -39.74990423, -15.55582204 ], [ -39.7517547, -15.55658899 ], [ -39.75391956, -15.55673364 ], [ -39.75587522, -15.55840295 ], [ -39.75590692, -15.55837788 ], [ -39.75772867, -15.55953848 ], [ -39.76007809, -15.55950632 ], [ -39.76180214, -15.56002522 ], [ -39.76310761, -15.56123529 ], [ -39.76541667, -15.56441667 ], [ -39.76593136, -15.56400725 ], [ -39.76808183, -15.56288078 ], [ -39.76015931, -15.55712314 ], [ -39.76039817, -15.54790631 ], [ -39.76061211, -15.53884406 ], [ -39.76083456, -15.530012 ], [ -39.76135428, -15.51862028 ], [ -39.76134306, -15.50999053 ], [ -39.76160819, -15.50126108 ], [ -39.76183661, -15.49209642 ], [ -39.76214753, -15.48260717 ], [ -39.76232994, -15.47371492 ], [ -39.76241756, -15.46472689 ], [ -39.76275517, -15.45570056 ], [ -39.76294583, -15.45158944 ], [ -39.76319833, -15.44304778 ], [ -39.76333222, -15.43823556 ], [ -39.76336139, -15.43591306 ], [ -39.76340028, -15.43550833 ], [ -39.76356444, -15.42932639 ], [ -39.76367972, -15.42530194 ], [ -39.76367056, -15.42463972 ], [ -39.76373583, -15.42249583 ], [ -39.76378506, -15.41955744 ], [ -39.76400367, -15.41042364 ], [ -39.76429917, -15.40131678 ], [ -39.76463744, -15.39167081 ], [ -39.76480117, -15.38264078 ], [ -39.76499944, -15.37352219 ], [ -39.76512072, -15.36452431 ], [ -39.76516711, -15.35555469 ], [ -39.76515214, -15.34880711 ], [ -39.7651655, -15.34645194 ], [ -39.76520192, -15.34261197 ], [ -39.76519811, -15.33786517 ], [ -39.76519839, -15.33779122 ], [ -39.76519911, -15.337719 ], [ -39.76519831, -15.33678875 ], [ -39.76520467, -15.33659694 ], [ -39.76516031, -15.333683 ], [ -39.76516972, -15.32400211 ], [ -39.76513792, -15.31143486 ], [ -39.76497303, -15.30240247 ], [ -39.76509884, -15.28556142 ], [ -39.76512382, -15.27784371 ], [ -39.76513169, -15.27373894 ], [ -39.76536792, -15.26457947 ], [ -39.765588, -15.255644 ], [ -39.76570906, -15.24656303 ], [ -39.76584689, -15.23759058 ], [ -39.76592717, -15.22840333 ], [ -39.76587744, -15.21941647 ], [ -39.76588753, -15.21154339 ], [ -39.76588189, -15.21083183 ], [ -39.76587369, -15.20931244 ], [ -39.76590339, -15.20466694 ], [ -39.76592492, -15.20219931 ], [ -39.76589019, -15.20029364 ], [ -39.76589586, -15.19729258 ], [ -39.76588472, -15.19358561 ], [ -39.76588372, -15.19068103 ], [ -39.76584717, -15.18815717 ], [ -39.76584006, -15.18536083 ], [ -39.76585725, -15.18297844 ], [ -39.76585594, -15.179642 ], [ -39.76585008, -15.17778342 ], [ -39.76586503, -15.17332717 ], [ -39.76587075, -15.16928358 ], [ -39.76584667, -15.16371061 ], [ -39.76583164, -15.16046469 ], [ -39.76580956, -15.15797722 ], [ -39.76581167, -15.15701061 ], [ -39.76581517, -15.15586364 ], [ -39.76577778, -15.15541667 ], [ -39.76469081, -15.15583969 ], [ -39.76349024, -15.15681017 ], [ -39.76294795, -15.15716861 ], [ -39.76191502, -15.15623651 ], [ -39.76109502, -15.1557625 ], [ -39.76004487, -15.1556044 ], [ -39.75925157, -15.155317 ], [ -39.75833243, -15.15515551 ], [ -39.75645244, -15.15554969 ], [ -39.75597422, -15.15599828 ], [ -39.75645863, -15.15688225 ], [ -39.75721903, -15.15784114 ], [ -39.75726162, -15.15912876 ], [ -39.75680695, -15.16005137 ], [ -39.75601051, -15.16147226 ], [ -39.75544889, -15.1624587 ], [ -39.75491961, -15.16351754 ], [ -39.75459399, -15.16449317 ], [ -39.75415327, -15.16524532 ], [ -39.75349298, -15.16542547 ], [ -39.75234462, -15.16531411 ], [ -39.75060226, -15.16465569 ], [ -39.74904064, -15.1645311 ], [ -39.74795721, -15.16444722 ], [ -39.74636984, -15.16462301 ], [ -39.74510113, -15.16588866 ], [ -39.74422303, -15.16696688 ], [ -39.74321888, -15.16764012 ], [ -39.74240061, -15.16793729 ], [ -39.74149023, -15.16796636 ], [ -39.74061441, -15.16815881 ], [ -39.74009701, -15.1682277 ], [ -39.73955976, -15.16778679 ], [ -39.73888475, -15.16802397 ], [ -39.73787946, -15.16752877 ], [ -39.73728356, -15.16728276 ], [ -39.73713665, -15.16698879 ], [ -39.73733628, -15.1663287 ], [ -39.73753941, -15.16569662 ], [ -39.73779026, -15.16511149 ], [ -39.73789017, -15.16468 ], [ -39.73813377, -15.1642305 ], [ -39.73823817, -15.16387166 ], [ -39.7383269, -15.16351807 ], [ -39.73829384, -15.16290516 ], [ -39.7380818, -15.16229162 ], [ -39.73753085, -15.16090039 ], [ -39.73725396, -15.16015032 ], [ -39.73714342, -15.15970993 ], [ -39.7371678, -15.1585999 ], [ -39.73723279, -15.15736802 ], [ -39.737562, -15.15680851 ], [ -39.73774538, -15.15604375 ], [ -39.73754486, -15.15554776 ], [ -39.73615705, -15.15433319 ], [ -39.73512285, -15.15373194 ], [ -39.73417541, -15.15333946 ], [ -39.73339545, -15.15288172 ], [ -39.73314215, -15.15206554 ], [ -39.73276674, -15.15099859 ], [ -39.73207913, -15.14973352 ], [ -39.73153353, -15.14905266 ], [ -39.73037135, -15.1482079 ], [ -39.72797868, -15.14685323 ], [ -39.7263102, -15.14622308 ], [ -39.72500808, -15.14592954 ], [ -39.72400434, -15.14563173 ], [ -39.72343635, -15.14508516 ], [ -39.7228593, -15.14423184 ], [ -39.72222298, -15.14328029 ], [ -39.72172296, -15.1422846 ], [ -39.72139141, -15.1413715 ], [ -39.72143703, -15.14072304 ], [ -39.72132461, -15.14032976 ], [ -39.72109479, -15.13991126 ], [ -39.72066273, -15.13964662 ], [ -39.72024584, -15.13919857 ], [ -39.71975288, -15.13877223 ], [ -39.71889638, -15.13801478 ], [ -39.71769554, -15.137281 ], [ -39.71580965, -15.13707738 ], [ -39.7146032, -15.13697416 ], [ -39.71240847, -15.13723291 ], [ -39.71184344, -15.13734718 ], [ -39.7118458, -15.13824261 ], [ -39.71150298, -15.13901506 ], [ -39.71080758, -15.1387634 ], [ -39.71060874, -15.13821341 ], [ -39.71039296, -15.13785598 ], [ -39.71009276, -15.13793427 ], [ -39.70949173, -15.13796236 ] ] ] ] } },
{ "type": "Feature", "properties": { "gid": 8, "terrai_cod": 65101, "terrai_nom": "Comexatibá", "etnia_nome": "Pataxó", "municipio_": "Prado", "uf_sigla": "BA", "fase_ti": "Delimitada", "modalidade": "Tradicionalmente ocupada", "cr": "COORDENACAO REGIONAL SUL DA BAHIA" }, "geometry": { "type": "MultiPolygon", "coordinates": [ [ [ [ -39.21454348, -17.21620869 ], [ -39.21564017, -17.21573099 ], [ -39.21605205, -17.21564848 ], [ -39.21667715, -17.21560887 ], [ -39.21811694, -17.21560212 ], [ -39.21878975, -17.2155933 ], [ -39.22080037, -17.21560764 ], [ -39.22261391, -17.21564017 ], [ -39.22278575, -17.21568234 ], [ -39.22290017, -17.21575897 ], [ -39.22298681, -17.2157982 ], [ -39.22302638, -17.21580718 ], [ -39.22306056, -17.21579856 ], [ -39.22322019, -17.21574072 ], [ -39.22338026, -17.21567822 ], [ -39.22353369, -17.21564838 ], [ -39.22389199, -17.21566391 ], [ -39.22525847, -17.21570293 ], [ -39.22606138, -17.21571403 ], [ -39.22704528, -17.21572844 ], [ -39.22852218, -17.21575136 ], [ -39.22960637, -17.21578031 ], [ -39.23109563, -17.21580784 ], [ -39.23137134, -17.21581769 ], [ -39.23155016, -17.21582512 ], [ -39.23175174, -17.21582047 ], [ -39.23207194, -17.21580652 ], [ -39.23217217, -17.2158373 ], [ -39.23224234, -17.21577717 ], [ -39.23234183, -17.21566998 ], [ -39.23246669, -17.21558385 ], [ -39.23249882, -17.21552903 ], [ -39.23262134, -17.21533844 ], [ -39.23265446, -17.21532143 ], [ -39.23263791, -17.21454465 ], [ -39.2326657, -17.2137354 ], [ -39.23268255, -17.21306937 ], [ -39.23271863, -17.21228932 ], [ -39.23272907, -17.21184087 ], [ -39.23273063, -17.21143419 ], [ -39.23272479, -17.21075074 ], [ -39.2327309, -17.2099211 ], [ -39.23276117, -17.20870574 ], [ -39.23276548, -17.20710767 ], [ -39.2328013, -17.20627764 ], [ -39.23282104, -17.20460842 ], [ -39.23284019, -17.20293134 ], [ -39.23283515, -17.20227825 ], [ -39.23284167, -17.20170072 ], [ -39.23284633, -17.20129766 ], [ -39.23286603, -17.20095767 ], [ -39.23284827, -17.20043991 ], [ -39.23285775, -17.1996712 ], [ -39.23288713, -17.19909744 ], [ -39.23287506, -17.19816984 ], [ -39.23288095, -17.19746721 ], [ -39.23287113, -17.19668414 ], [ -39.23289203, -17.19587293 ], [ -39.23289253, -17.19499305 ], [ -39.2328789, -17.19424406 ], [ -39.23287777, -17.19349398 ], [ -39.2328808, -17.19260632 ], [ -39.23287258, -17.19152089 ], [ -39.23287888, -17.19091751 ], [ -39.23290175, -17.19047616 ], [ -39.23303376, -17.19022715 ], [ -39.23305716, -17.16599982 ], [ -39.23339411, -17.16588478 ], [ -39.23376785, -17.16578566 ], [ -39.23425322, -17.1655609 ], [ -39.23466823, -17.16548194 ], [ -39.23513828, -17.16545913 ], [ -39.2353407, -17.16548084 ], [ -39.23995964, -17.16461297 ], [ -39.24036462, -17.16502296 ], [ -39.24545805, -17.16388687 ], [ -39.24344172, -17.15424375 ], [ -39.25073944, -17.12060436 ], [ -39.25223548, -17.10940938 ], [ -39.24550847, -17.07539462 ], [ -39.24387841, -17.06790567 ], [ -39.24331761, -17.0624732 ], [ -39.24563703, -17.06122197 ], [ -39.24508388, -17.05552843 ], [ -39.2305229, -17.04249162 ], [ -39.24052893, -17.03346019 ], [ -39.23907443, -17.02513602 ], [ -39.23603904, -17.02291948 ], [ -39.23935785, -17.01452435 ], [ -39.24916546, -17.01339847 ], [ -39.25585278, -17.01965461 ], [ -39.26016403, -17.01679846 ], [ -39.26648891, -17.01617107 ], [ -39.26516654, -17.01545639 ], [ -39.26384422, -17.01474173 ], [ -39.26250765, -17.01319961 ], [ -39.2616852, -17.01124616 ], [ -39.26024575, -17.0096012 ], [ -39.26246695, -17.00475319 ], [ -39.27899327, -17.02209957 ], [ -39.28637459, -17.0270648 ], [ -39.30482026, -17.03999856 ], [ -39.31815482, -17.0468083 ], [ -39.32422886, -17.03819111 ], [ -39.33313973, -17.03837963 ], [ -39.33385871, -17.03840533 ], [ -39.33473808, -17.03780078 ], [ -39.33539764, -17.0368115 ], [ -39.33583732, -17.03587719 ], [ -39.33589229, -17.03472295 ], [ -39.33528772, -17.033184 ], [ -39.33462815, -17.0311505 ], [ -39.33550757, -17.03038097 ], [ -39.33578232, -17.02928178 ], [ -39.33556248, -17.02823755 ], [ -39.33616705, -17.02757794 ], [ -39.3368816, -17.0273581 ], [ -39.3371014, -17.02658866 ], [ -39.33748614, -17.02526963 ], [ -39.33831059, -17.0248849 ], [ -39.33897008, -17.0237856 ], [ -39.33897011, -17.02312609 ], [ -39.33946474, -17.02252152 ], [ -39.34094874, -17.0220818 ], [ -39.34188305, -17.02131234 ], [ -39.34265247, -17.02054288 ], [ -39.34364186, -17.0200482 ], [ -39.344796, -17.01999328 ], [ -39.34627996, -17.02021312 ], [ -39.34732427, -17.02021315 ], [ -39.34831356, -17.01977341 ], [ -39.34902805, -17.01883905 ], [ -39.3494677, -17.01719023 ], [ -39.35012731, -17.01625587 ], [ -39.35111656, -17.01576125 ], [ -39.35405097, -17.01564516 ], [ -39.35532114, -17.01515663 ], [ -39.36987846, -17.01620484 ], [ -39.38163058, -17.01276689 ], [ -39.38166903, -17.01278192 ], [ -39.38602521, -17.01444526 ], [ -39.38921799, -17.01249029 ], [ -39.38954605, -17.01057332 ], [ -39.38586477, -17.00720874 ], [ -39.38647899, -17.00083445 ], [ -39.39255316, -16.99547975 ], [ -39.39046431, -16.99106034 ], [ -39.38655107, -16.98759677 ], [ -39.38410722, -16.98674853 ], [ -39.38287639, -16.98848776 ], [ -39.37120334, -16.99499956 ], [ -39.364847, -16.98402662 ], [ -39.36480005, -16.98398874 ], [ -39.36480487, -16.98395393 ], [ -39.36101524, -16.97741189 ], [ -39.35761485, -16.9792076 ], [ -39.35249589, -16.97977633 ], [ -39.35043191, -16.98007389 ], [ -39.34031627, -16.98129738 ], [ -39.3272108, -16.98151416 ], [ -39.32175507, -16.97984109 ], [ -39.31704805, -16.98101518 ], [ -39.30940245, -16.98280465 ], [ -39.30498126, -16.98451929 ], [ -39.30406091, -16.98657201 ], [ -39.3040442, -16.98652875 ], [ -39.30389566, -16.98644883 ], [ -39.30384285, -16.98642429 ], [ -39.30371707, -16.9865133 ], [ -39.30340305, -16.98656291 ], [ -39.30288694, -16.98654791 ], [ -39.3025333, -16.98654441 ], [ -39.30207285, -16.98655226 ], [ -39.30152512, -16.98646981 ], [ -39.30114946, -16.98634596 ], [ -39.30019787, -16.98577218 ], [ -39.29878484, -16.98478958 ], [ -39.29782377, -16.98412641 ], [ -39.29715353, -16.98374552 ], [ -39.29647089, -16.98338664 ], [ -39.29578366, -16.98305101 ], [ -39.29473892, -16.98248626 ], [ -39.29387047, -16.98222384 ], [ -39.29282692, -16.98109223 ], [ -39.2918209, -16.98122244 ], [ -39.28794057, -16.98000025 ], [ -39.28602398, -16.9797385 ], [ -39.28305852, -16.97973991 ], [ -39.28146838, -16.98018287 ], [ -39.27815, -16.95044882 ], [ -39.27442592, -16.93921574 ], [ -39.27544608, -16.93909131 ], [ -39.27680431, -16.93900667 ], [ -39.27731519, -16.93972762 ], [ -39.27976627, -16.93858389 ], [ -39.27917444, -16.93664875 ], [ -39.27871414, -16.93295779 ], [ -39.27894306, -16.9311926 ], [ -39.27822313, -16.93110385 ], [ -39.27749535, -16.93112744 ], [ -39.27711984, -16.93121834 ], [ -39.27674479, -16.93162562 ], [ -39.27655733, -16.93187446 ], [ -39.27618205, -16.93212355 ], [ -39.27590061, -16.93232732 ], [ -39.27552513, -16.93244082 ], [ -39.27521989, -16.93241863 ], [ -39.27482034, -16.93212539 ], [ -39.27449112, -16.93176425 ], [ -39.27420877, -16.93133526 ], [ -39.27383264, -16.93099678 ], [ -39.27331574, -16.93072629 ], [ -39.27268161, -16.93056894 ], [ -39.27248631, -16.93058909 ], [ -39.27200086, -16.93063765 ], [ -39.27127334, -16.930842 ], [ -39.27071014, -16.93102354 ], [ -39.27017028, -16.93111464 ], [ -39.26956015, -16.93131884 ], [ -39.26894999, -16.93150043 ], [ -39.26845721, -16.93168187 ], [ -39.26735411, -16.9319319 ], [ -39.26669679, -16.93197795 ], [ -39.26606308, -16.93211437 ], [ -39.2652886, -16.93231876 ], [ -39.26484271, -16.93245493 ], [ -39.26439679, -16.9325685 ], [ -39.26381, -16.93268225 ], [ -39.26331712, -16.93279588 ], [ -39.26284772, -16.93284168 ], [ -39.2623313, -16.93291014 ], [ -39.26188543, -16.9330689 ], [ -39.2612988, -16.93329564 ], [ -39.260947, -16.93356727 ], [ -39.26061856, -16.93374848 ], [ -39.25979748, -16.9342241 ], [ -39.25925788, -16.93451866 ], [ -39.25883555, -16.93472258 ], [ -39.25820201, -16.93499456 ], [ -39.25763872, -16.93513086 ], [ -39.2569581, -16.93531251 ], [ -39.25639477, -16.93542621 ], [ -39.25573751, -16.93551743 ], [ -39.25533847, -16.93558572 ], [ -39.25498632, -16.93560876 ], [ -39.2543994, -16.93563209 ], [ -39.25383592, -16.93563279 ], [ -39.2526856, -16.93572461 ], [ -39.25165262, -16.93577108 ], [ -39.25113606, -16.93574912 ], [ -39.25076041, -16.93574958 ], [ -39.25012653, -16.93577295 ], [ -39.24968032, -16.9356831 ], [ -39.24909304, -16.93543523 ], [ -39.24819967, -16.93510285 ], [ -39.24750026, -16.93476809 ], [ -39.24704335, -16.9344757 ], [ -39.24658635, -16.93405346 ], [ -39.24518307, -16.93519904 ], [ -39.2440159, -16.9361581 ], [ -39.24370494, -16.93651037 ], [ -39.24352209, -16.9370265 ], [ -39.24272306, -16.93706666 ], [ -39.24204116, -16.93712379 ], [ -39.24056895, -16.93707368 ], [ -39.2393419, -16.93714753 ], [ -39.23851808, -16.93714378 ], [ -39.23744821, -16.93746519 ], [ -39.23698431, -16.93779715 ], [ -39.23666039, -16.93813462 ], [ -39.23645263, -16.93808661 ], [ -39.23645436, -16.93776428 ], [ -39.23618684, -16.93780812 ], [ -39.23579553, -16.93807579 ], [ -39.23559745, -16.93812222 ], [ -39.23541439, -16.93791377 ], [ -39.23523679, -16.93786684 ], [ -39.23494677, -16.93784261 ], [ -39.23457918, -16.93794962 ], [ -39.23404971, -16.93783571 ], [ -39.23349805, -16.93798933 ], [ -39.23292737, -16.93834431 ], [ -39.23242194, -16.93844597 ], [ -39.23190154, -16.93840021 ], [ -39.23149388, -16.93839888 ], [ -39.23122237, -16.93856289 ], [ -39.23078752, -16.93854684 ], [ -39.23062586, -16.9387556 ], [ -39.23050709, -16.93891276 ], [ -39.22996974, -16.93897398 ], [ -39.22949349, -16.93891626 ], [ -39.22873385, -16.9389022 ], [ -39.22818947, -16.93878804 ], [ -39.22771567, -16.93866287 ], [ -39.22667265, -16.93870604 ], [ -39.22662905, -16.93874491 ], [ -39.22610963, -16.93868523 ], [ -39.22569386, -16.93845366 ], [ -39.22534922, -16.93825233 ], [ -39.22454812, -16.93822357 ], [ -39.22391602, -16.93820087 ], [ -39.2231695, -16.93813263 ], [ -39.22237904, -16.93807615 ], [ -39.22178965, -16.93793272 ], [ -39.22156025, -16.93800515 ], [ -39.22127332, -16.93806086 ], [ -39.22088164, -16.93795182 ], [ -39.22041706, -16.93789437 ], [ -39.21992207, -16.93788997 ], [ -39.21940436, -16.93810131 ], [ -39.21890089, -16.9383132 ], [ -39.21807452, -16.93847289 ], [ -39.21763503, -16.93851142 ], [ -39.21720333, -16.93837521 ], [ -39.21669733, -16.93835837 ], [ -39.21597997, -16.93845478 ], [ -39.21528691, -16.93856393 ], [ -39.21450208, -16.93856212 ], [ -39.21379897, -16.93857682 ], [ -39.21286959, -16.93859676 ], [ -39.21195625, -16.93857691 ], [ -39.21106065, -16.93843656 ], [ -39.21019765, -16.93817608 ], [ -39.20966581, -16.93807572 ], [ -39.20903838, -16.93787735 ], [ -39.20831777, -16.93795919 ], [ -39.20771364, -16.93788307 ], [ -39.20744595, -16.93783258 ], [ -39.20717273, -16.93794387 ], [ -39.20693808, -16.9377868 ], [ -39.20683637, -16.93748613 ], [ -39.20684261, -16.93732439 ], [ -39.20672202, -16.93714437 ], [ -39.20645827, -16.9369994 ], [ -39.20614594, -16.93701471 ], [ -39.20594628, -16.93706141 ], [ -39.20570801, -16.93705306 ], [ -39.20546344, -16.93693732 ], [ -39.20516727, -16.93702166 ], [ -39.20505584, -16.93725969 ], [ -39.20492524, -16.93756446 ], [ -39.20469858, -16.93759674 ], [ -39.20455191, -16.93742967 ], [ -39.20437943, -16.93730278 ], [ -39.20405217, -16.93737171 ], [ -39.20370633, -16.93752074 ], [ -39.20342218, -16.9376184 ], [ -39.20313071, -16.93743391 ], [ -39.20282494, -16.93736907 ], [ -39.20253403, -16.93727784 ], [ -39.20244054, -16.93715338 ], [ -39.20244626, -16.93699219 ], [ -39.20232474, -16.93685329 ], [ -39.20215687, -16.93686059 ], [ -39.20203695, -16.93708493 ], [ -39.20187408, -16.93730783 ], [ -39.20168673, -16.93742215 ], [ -39.20144629, -16.93746735 ], [ -39.20122394, -16.93732413 ], [ -39.20114316, -16.93715947 ], [ -39.20097744, -16.93703236 ], [ -39.20069543, -16.9370758 ], [ -39.20066701, -16.9370882 ], [ -39.20045359, -16.93718801 ], [ -39.20016926, -16.93729883 ], [ -39.19999864, -16.93736 ], [ -39.19971934, -16.93729576 ], [ -39.19962452, -16.93718448 ], [ -39.19936919, -16.93725589 ], [ -39.19911748, -16.93721962 ], [ -39.19884789, -16.93729038 ], [ -39.19849735, -16.93727742 ], [ -39.19813423, -16.93723702 ], [ -39.19790044, -16.93744419 ], [ -39.19764242, -16.93756921 ], [ -39.19759929, -16.93759448 ], [ -39.19734375, -16.93766557 ], [ -39.19730118, -16.93767741 ], [ -39.19700854, -16.93762621 ], [ -39.19685607, -16.93758025 ], [ -39.19661328, -16.93769202 ], [ -39.1962039, -16.93775743 ], [ -39.19618986, -16.93775693 ], [ -39.19568767, -16.93764504 ], [ -39.19521022, -16.93761448 ], [ -39.19476983, -16.93771948 ], [ -39.19441995, -16.93765325 ], [ -39.19424219, -16.93749915 ], [ -39.19399418, -16.93740917 ], [ -39.193554, -16.93744733 ], [ -39.19312848, -16.93749928 ], [ -39.19267408, -16.93763045 ], [ -39.19249467, -16.93747636 ], [ -39.19232456, -16.93749712 ], [ -39.19208555, -16.93744826 ], [ -39.19188884, -16.93741428 ], [ -39.19164147, -16.93728399 ], [ -39.19132854, -16.93728634 ], [ -39.19109355, -16.93718346 ], [ -39.19077842, -16.93721272 ], [ -39.19064552, -16.93734276 ], [ -39.19063746, -16.93753454 ], [ -39.19047792, -16.93759798 ], [ -39.19027408, -16.93770105 ], [ -39.19015801, -16.93775209 ], [ -39.18994805, -16.93766318 ], [ -39.18968722, -16.93777798 ], [ -39.18951355, -16.93785322 ], [ -39.18920483, -16.93774354 ], [ -39.1890986, -16.93754691 ], [ -39.18894052, -16.93758191 ], [ -39.18876641, -16.93767319 ], [ -39.18864303, -16.93754422 ], [ -39.1885661, -16.93730544 ], [ -39.18839731, -16.93724418 ], [ -39.18823616, -16.93737792 ], [ -39.18797763, -16.9374525 ], [ -39.18770961, -16.93738811 ], [ -39.18751396, -16.93728478 ], [ -39.18727739, -16.93712473 ], [ -39.18728259, -16.93695865 ], [ -39.187542, -16.93684112 ], [ -39.18751851, -16.9366576 ], [ -39.18732139, -16.93656686 ], [ -39.18727869, -16.93656555 ], [ -39.18701937, -16.93669865 ], [ -39.18675094, -16.93661993 ], [ -39.1866552, -16.9364335 ], [ -39.18638585, -16.9363829 ], [ -39.18610209, -16.93634601 ], [ -39.18604866, -16.93619014 ], [ -39.18604152, -16.93596859 ], [ -39.18597459, -16.93582781 ], [ -39.18580284, -16.93583558 ], [ -39.18555715, -16.93592379 ], [ -39.18541194, -16.93598734 ], [ -39.18535843, -16.93586056 ], [ -39.18538005, -16.93562601 ], [ -39.18543849, -16.93550516 ], [ -39.1853021, -16.93540558 ], [ -39.18508546, -16.93551932 ], [ -39.18490179, -16.93552615 ], [ -39.18474889, -16.93546648 ], [ -39.18456277, -16.93550018 ], [ -39.18439956, -16.93564266 ], [ -39.18413342, -16.93586185 ], [ -39.18392803, -16.93600201 ], [ -39.18368555, -16.93604661 ], [ -39.18342044, -16.93598302 ], [ -39.18316819, -16.93594678 ], [ -39.18305118, -16.93603633 ], [ -39.18287136, -16.93596258 ], [ -39.18273973, -16.93575629 ], [ -39.18257676, -16.93561581 ], [ -39.18240715, -16.93562301 ], [ -39.18233157, -16.93574125 ], [ -39.18216157, -16.93576183 ], [ -39.18210921, -16.93566581 ], [ -39.18207535, -16.93546267 ], [ -39.18196873, -16.93531048 ], [ -39.18180667, -16.93512907 ], [ -39.18169976, -16.93497649 ], [ -39.18153574, -16.9348352 ], [ -39.1813967, -16.93477598 ], [ -39.18124088, -16.9347838 ], [ -39.18119247, -16.93494444 ], [ -39.18107858, -16.9349673 ], [ -39.18101246, -16.93484309 ], [ -39.18083032, -16.93479576 ], [ -39.18079877, -16.93488939 ], [ -39.18079325, -16.93505149 ], [ -39.18070558, -16.93514281 ], [ -39.18056527, -16.93512418 ], [ -39.18030027, -16.93500636 ], [ -39.18007629, -16.93493049 ], [ -39.17994739, -16.93500697 ], [ -39.18008318, -16.93518747 ], [ -39.17994048, -16.93526311 ], [ -39.17970399, -16.93521398 ], [ -39.17958167, -16.93504774 ], [ -39.17951463, -16.9348831 ], [ -39.17937251, -16.93495908 ], [ -39.17927322, -16.93500949 ], [ -39.17913355, -16.93497741 ], [ -39.179094, -16.93484084 ], [ -39.17899844, -16.93468843 ], [ -39.17888613, -16.9346844 ], [ -39.17884156, -16.93483172 ], [ -39.17875554, -16.93495018 ], [ -39.17862976, -16.93493211 ], [ -39.17853332, -16.93473931 ], [ -39.17839383, -16.93454423 ], [ -39.17835116, -16.93454261 ], [ -39.17819385, -16.93460457 ], [ -39.17799607, -16.93459731 ], [ -39.17791745, -16.93440488 ], [ -39.17780872, -16.93422447 ], [ -39.17765362, -16.93425979 ], [ -39.17742862, -16.93429261 ], [ -39.17717646, -16.9342701 ], [ -39.1769935, -16.93427709 ], [ -39.17688952, -16.93421831 ], [ -39.17422749, -16.93831483 ], [ -39.17395829, -16.93822513 ], [ -39.1737966, -16.93815883 ], [ -39.17357646, -16.93805904 ], [ -39.17337586, -16.93795751 ], [ -39.17326546, -16.93790689 ], [ -39.17304424, -16.93784841 ], [ -39.17284285, -16.93781116 ], [ -39.17267585, -16.93779449 ], [ -39.17247334, -16.93776564 ], [ -39.172273, -16.93773707 ], [ -39.172146, -16.93771367 ], [ -39.17192332, -16.93771096 ], [ -39.17168695, -16.93771849 ], [ -39.17137475, -16.93769796 ], [ -39.17081843, -16.93762828 ], [ -39.17061299, -16.93757999 ], [ -39.17039775, -16.93749394 ], [ -39.17019302, -16.93738834 ], [ -39.16996908, -16.93723242 ], [ -39.16975143, -16.93707956 ], [ -39.16955482, -16.93691701 ], [ -39.16935954, -16.93677787 ], [ -39.16920925, -16.93664448 ], [ -39.1690169, -16.93652785 ], [ -39.1688538, -16.93645748 ], [ -39.16868725, -16.93641513 ], [ -39.16851374, -16.93635787 ], [ -39.1683564, -16.93631551 ], [ -39.16816054, -16.93626804 ], [ -39.16799926, -16.93624033 ], [ -39.16779319, -16.93620642 ], [ -39.16756503, -16.93616339 ], [ -39.16730539, -16.93609409 ], [ -39.16712311, -16.93600294 ], [ -39.16698516, -16.93590922 ], [ -39.1667665, -16.93576703 ], [ -39.1665951, -16.93565897 ], [ -39.16641816, -16.93554223 ], [ -39.16618389, -16.9353873 ], [ -39.16599981, -16.93526144 ], [ -39.16584184, -16.93515119 ], [ -39.16572053, -16.93507256 ], [ -39.16551449, -16.93497157 ], [ -39.16538595, -16.93489963 ], [ -39.16518838, -16.93482187 ], [ -39.16494792, -16.93467309 ], [ -39.16461561, -16.93451715 ], [ -39.16436852, -16.9344011 ], [ -39.16403328, -16.93422583 ], [ -39.16371188, -16.93407684 ], [ -39.16337647, -16.93392045 ], [ -39.16305584, -16.9338013 ], [ -39.16278126, -16.9337198 ], [ -39.16246751, -16.93363408 ], [ -39.16209943, -16.93358935 ], [ -39.16163809, -16.93354904 ], [ -39.16132635, -16.93350255 ], [ -39.16096016, -16.9334778 ], [ -39.16065119, -16.93347326 ], [ -39.16022183, -16.93349258 ], [ -39.15988721, -16.93348307 ], [ -39.15950295, -16.93352026 ], [ -39.15917878, -16.93355052 ], [ -39.15880288, -16.93359176 ], [ -39.15830167, -16.93370813 ], [ -39.15807049, -16.93375477 ], [ -39.15757105, -16.93385794 ], [ -39.15699009, -16.93395854 ], [ -39.15682005, -16.93399664 ], [ -39.15666451, -16.93409366 ], [ -39.15638155, -16.93432177 ], [ -39.15604272, -16.93456438 ], [ -39.15565011, -16.93484897 ], [ -39.15542019, -16.93504784 ], [ -39.15519027, -16.93526568 ], [ -39.15478224, -16.9356387 ], [ -39.1544764, -16.93580372 ], [ -39.15410011, -16.93594638 ], [ -39.15377843, -16.93603738 ], [ -39.15343292, -16.93615262 ], [ -39.15315886, -16.93625633 ], [ -39.15280672, -16.93641985 ], [ -39.15249219, -16.93652729 ], [ -39.15189425, -16.93677714 ], [ -39.15143976, -16.93697571 ], [ -39.15093638, -16.937216 ], [ -39.15013731, -16.93756747 ], [ -39.1493895, -16.93792084 ], [ -39.14973274, -16.93841489 ], [ -39.15010378, -16.93903697 ], [ -39.15032892, -16.93944837 ], [ -39.15059967, -16.93998662 ], [ -39.15088963, -16.940301 ], [ -39.15123034, -16.94081525 ], [ -39.15170717, -16.94175581 ], [ -39.15201645, -16.94249196 ], [ -39.15224826, -16.94314476 ], [ -39.15232324, -16.94353816 ], [ -39.15245255, -16.94384125 ], [ -39.15258251, -16.94437552 ], [ -39.15266426, -16.94493076 ], [ -39.15268761, -16.94536198 ], [ -39.15266802, -16.94575757 ], [ -39.1526037, -16.94599362 ], [ -39.15251818, -16.9461635 ], [ -39.15228908, -16.94633135 ], [ -39.1520725, -16.94640383 ], [ -39.15188858, -16.94653454 ], [ -39.15167578, -16.9465984 ], [ -39.15155813, -16.94672582 ], [ -39.1515103, -16.94688984 ], [ -39.15149995, -16.94704049 ], [ -39.15147736, -16.94717052 ], [ -39.15149094, -16.94727073 ], [ -39.15156471, -16.94739469 ], [ -39.15165546, -16.94757933 ], [ -39.15173236, -16.94780862 ], [ -39.15182369, -16.94807364 ], [ -39.15192363, -16.94833116 ], [ -39.15220406, -16.9489418 ], [ -39.15238561, -16.94949356 ], [ -39.15254554, -16.94998224 ], [ -39.1526467, -16.95041854 ], [ -39.15274991, -16.95082856 ], [ -39.15277431, -16.95103231 ], [ -39.1527512, -16.95114164 ], [ -39.15270914, -16.95126184 ], [ -39.152742, -16.95138873 ], [ -39.15275613, -16.95150715 ], [ -39.15275167, -16.95162349 ], [ -39.15275244, -16.95176244 ], [ -39.15283814, -16.95188949 ], [ -39.15290975, -16.95203683 ], [ -39.15294447, -16.95230505 ], [ -39.15297661, -16.95260819 ], [ -39.15304675, -16.95291333 ], [ -39.15307884, -16.95317812 ], [ -39.15307616, -16.95338841 ], [ -39.15314563, -16.95363975 ], [ -39.15330005, -16.95411137 ], [ -39.15337704, -16.95445363 ], [ -39.1534474, -16.95474048 ], [ -39.15346774, -16.95498595 ], [ -39.15345079, -16.9552234 ], [ -39.15350417, -16.95541483 ], [ -39.15363442, -16.95567541 ], [ -39.15371859, -16.95593807 ], [ -39.15387577, -16.95642834 ], [ -39.15397688, -16.95677238 ], [ -39.15417839, -16.95755047 ], [ -39.15426783, -16.95813992 ], [ -39.15431411, -16.95859221 ], [ -39.15434707, -16.95892323 ], [ -39.15441998, -16.95927805 ], [ -39.15447829, -16.95961303 ], [ -39.15452601, -16.9600154 ], [ -39.1545479, -16.96041431 ], [ -39.15454359, -16.96061887 ], [ -39.1546057, -16.96094955 ], [ -39.15470322, -16.96142031 ], [ -39.15474649, -16.96180588 ], [ -39.15476729, -16.96229388 ], [ -39.15480025, -16.96280983 ], [ -39.15484309, -16.96320367 ], [ -39.15484842, -16.96352403 ], [ -39.15479813, -16.96372038 ], [ -39.15466754, -16.96391769 ], [ -39.15466646, -16.96393629 ], [ -39.15444118, -16.96424205 ], [ -39.1542589, -16.9645504 ], [ -39.15426928, -16.96475559 ], [ -39.15432706, -16.96507716 ], [ -39.15431967, -16.96539608 ], [ -39.15431924, -16.9654065 ], [ -39.15419881, -16.96565207 ], [ -39.15400397, -16.96598792 ], [ -39.15390134, -16.96644069 ], [ -39.15389506, -16.96670089 ], [ -39.15392644, -16.96693515 ], [ -39.15392922, -16.96729161 ], [ -39.15397479, -16.96772919 ], [ -39.15397065, -16.96852381 ], [ -39.15413371, -16.96937695 ], [ -39.1542524, -16.97014647 ], [ -39.15445147, -16.97142717 ], [ -39.15464189, -16.97243869 ], [ -39.15465958, -16.97298215 ], [ -39.1545452, -16.97329721 ], [ -39.1546407, -16.97361188 ], [ -39.15476036, -16.97397252 ], [ -39.15494038, -16.9748649 ], [ -39.15511724, -16.97557122 ], [ -39.15525279, -16.97619408 ], [ -39.15532905, -16.97678571 ], [ -39.15536052, -16.9773172 ], [ -39.15537005, -16.97813781 ], [ -39.15532863, -16.97872793 ], [ -39.15540232, -16.97973822 ], [ -39.15550277, -16.98018596 ], [ -39.15591933, -16.98100147 ], [ -39.15624135, -16.98152653 ], [ -39.15678184, -16.98222854 ], [ -39.15749662, -16.98336083 ], [ -39.15829087, -16.98469516 ], [ -39.158845, -16.98576986 ], [ -39.1590927, -16.98640381 ], [ -39.15929179, -16.98703695 ], [ -39.15939409, -16.98743009 ], [ -39.15947428, -16.98772467 ], [ -39.15954428, -16.98790461 ], [ -39.15988735, -16.98845445 ], [ -39.16043472, -16.98900882 ], [ -39.16110147, -16.98995464 ], [ -39.16194675, -16.99128825 ], [ -39.16304312, -16.9929314 ], [ -39.16385109, -16.99430434 ], [ -39.16568087, -16.99685863 ], [ -39.16669759, -16.99844588 ], [ -39.16763694, -17.00028139 ], [ -39.16814628, -17.00148468 ], [ -39.16860384, -17.00232889 ], [ -39.16891531, -17.00312302 ], [ -39.16931317, -17.0039654 ], [ -39.16953831, -17.00473845 ], [ -39.16953302, -17.00477191 ], [ -39.16978663, -17.00547935 ], [ -39.17007798, -17.00592556 ], [ -39.17032341, -17.00633915 ], [ -39.17086862, -17.00672102 ], [ -39.17133092, -17.00721909 ], [ -39.17169408, -17.00805473 ], [ -39.17193512, -17.0087393 ], [ -39.17241122, -17.00943787 ], [ -39.17254254, -17.00976457 ], [ -39.17280966, -17.01017982 ], [ -39.1728849, -17.01064372 ], [ -39.17303748, -17.01094911 ], [ -39.17314913, -17.01105582 ], [ -39.17339512, -17.01100562 ], [ -39.17375079, -17.01088448 ], [ -39.17402928, -17.01076911 ], [ -39.17430227, -17.01069357 ], [ -39.1745224, -17.01064038 ], [ -39.17464055, -17.01054305 ], [ -39.17471573, -17.01036806 ], [ -39.17471789, -17.01000705 ], [ -39.1746589, -17.009543 ], [ -39.17464479, -17.00919218 ], [ -39.17483001, -17.0087382 ], [ -39.17508972, -17.00834059 ], [ -39.1755144, -17.00788942 ], [ -39.17572724, -17.00750573 ], [ -39.17572692, -17.00723081 ], [ -39.17555899, -17.00701503 ], [ -39.17512009, -17.00705543 ], [ -39.17460936, -17.00722897 ], [ -39.17400541, -17.00733429 ], [ -39.17351172, -17.007289 ], [ -39.17316567, -17.00704021 ], [ -39.17304053, -17.00671088 ], [ -39.17314527, -17.00626194 ], [ -39.1734316, -17.00576739 ], [ -39.17386932, -17.00528409 ], [ -39.17435318, -17.00505789 ], [ -39.17492255, -17.00470641 ], [ -39.17543578, -17.00471067 ], [ -39.17594772, -17.00497436 ], [ -39.17626638, -17.00544001 ], [ -39.17638064, -17.00600058 ], [ -39.17662414, -17.00647127 ], [ -39.17680699, -17.0068945 ], [ -39.17715996, -17.0071521 ], [ -39.1774703, -17.00715841 ], [ -39.17778492, -17.00696378 ], [ -39.17792958, -17.00673184 ], [ -39.17792972, -17.00635784 ], [ -39.17783596, -17.00600259 ], [ -39.17782404, -17.00567139 ], [ -39.1779752, -17.00537945 ], [ -39.17876272, -17.00496216 ], [ -39.17940443, -17.004616 ], [ -39.18004024, -17.00431291 ], [ -39.18057868, -17.00416421 ], [ -39.18088936, -17.00417122 ], [ -39.18113662, -17.00425732 ], [ -39.18142844, -17.00437395 ], [ -39.18159464, -17.00425132 ], [ -39.18168001, -17.00406425 ], [ -39.18170625, -17.00387636 ], [ -39.18182495, -17.00377108 ], [ -39.18185972, -17.00392996 ], [ -39.18176054, -17.00425236 ], [ -39.18163813, -17.00441631 ], [ -39.18148326, -17.0045272 ], [ -39.18122583, -17.0044941 ], [ -39.18101747, -17.00429711 ], [ -39.18081649, -17.00425329 ], [ -39.18051612, -17.00426418 ], [ -39.18011559, -17.00438508 ], [ -39.17955474, -17.00465159 ], [ -39.17911984, -17.00494868 ], [ -39.17866597, -17.00519854 ], [ -39.17826279, -17.00535876 ], [ -39.17800426, -17.00553909 ], [ -39.17796925, -17.00573046 ], [ -39.17800449, -17.00603564 ], [ -39.17807063, -17.00642852 ], [ -39.17806247, -17.00676599 ], [ -39.17791918, -17.00700963 ], [ -39.17772627, -17.00724709 ], [ -39.1774911, -17.00731406 ], [ -39.17727914, -17.00734124 ], [ -39.17701678, -17.0072903 ], [ -39.17668092, -17.00703269 ], [ -39.17646111, -17.00677224 ], [ -39.17631921, -17.00644675 ], [ -39.17618567, -17.00608271 ], [ -39.17612689, -17.00570949 ], [ -39.17601044, -17.00541087 ], [ -39.1757986, -17.00512205 ], [ -39.17555679, -17.00494583 ], [ -39.17518754, -17.00485944 ], [ -39.17471921, -17.00502218 ], [ -39.17409614, -17.00542621 ], [ -39.17373436, -17.00572609 ], [ -39.17340514, -17.00619226 ], [ -39.17325166, -17.00649604 ], [ -39.17324097, -17.00674766 ], [ -39.17334194, -17.0069607 ], [ -39.17352306, -17.00710681 ], [ -39.17374676, -17.00717704 ], [ -39.1739683, -17.00714322 ], [ -39.17448058, -17.00694305 ], [ -39.17488654, -17.0068166 ], [ -39.17523465, -17.00681351 ], [ -39.17562181, -17.00679178 ], [ -39.17584106, -17.00689217 ], [ -39.17595553, -17.00712209 ], [ -39.17595855, -17.00745592 ], [ -39.17594674, -17.00773603 ], [ -39.17579069, -17.0080245 ], [ -39.17566981, -17.00809185 ], [ -39.17551415, -17.00831196 ], [ -39.17522494, -17.00862581 ], [ -39.17504157, -17.00884422 ], [ -39.17500294, -17.0089489 ], [ -39.17502396, -17.00906981 ], [ -39.17507464, -17.00929197 ], [ -39.17505022, -17.00967616 ], [ -39.17505955, -17.00984895 ], [ -39.17503104, -17.01020701 ], [ -39.17486571, -17.01060558 ], [ -39.17463695, -17.0109376 ], [ -39.17436645, -17.01112639 ], [ -39.17397226, -17.01127417 ], [ -39.17376732, -17.01142249 ], [ -39.17361395, -17.01165043 ], [ -39.17352834, -17.01175759 ], [ -39.17355981, -17.01188927 ], [ -39.17345609, -17.01200369 ], [ -39.17341144, -17.01214916 ], [ -39.17337897, -17.0123446 ], [ -39.17344107, -17.0125578 ], [ -39.17346648, -17.0128316 ], [ -39.17349301, -17.01316339 ], [ -39.17351078, -17.01352971 ], [ -39.17340545, -17.01394921 ], [ -39.17331809, -17.01421649 ], [ -39.17316394, -17.0144836 ], [ -39.1729741, -17.01492757 ], [ -39.17276789, -17.01529586 ], [ -39.17246489, -17.01585925 ], [ -39.17250586, -17.01669972 ], [ -39.17255262, -17.01757242 ], [ -39.17264356, -17.01826837 ], [ -39.1726794, -17.01868788 ], [ -39.17264318, -17.01915061 ], [ -39.17254297, -17.01969179 ], [ -39.17232121, -17.02020758 ], [ -39.17221562, -17.02061988 ], [ -39.17214892, -17.02111805 ], [ -39.17215649, -17.02172623 ], [ -39.17222588, -17.02262812 ], [ -39.17227779, -17.02317001 ], [ -39.17228169, -17.0238313 ], [ -39.17224684, -17.02432353 ], [ -39.17218847, -17.0249432 ], [ -39.1722134, -17.02568334 ], [ -39.17231172, -17.02638522 ], [ -39.17238046, -17.0281977 ], [ -39.17234275, -17.02931957 ], [ -39.17223684, -17.0304393 ], [ -39.17212008, -17.03134978 ], [ -39.17191588, -17.0326618 ], [ -39.17170803, -17.03389147 ], [ -39.1716589, -17.03479684 ], [ -39.17168282, -17.03631031 ], [ -39.17176289, -17.0371804 ], [ -39.17199293, -17.0385308 ], [ -39.17227234, -17.03932352 ], [ -39.17266465, -17.04070495 ], [ -39.17300264, -17.04174655 ], [ -39.17318236, -17.04228434 ], [ -39.17354254, -17.04371651 ], [ -39.17376123, -17.04447323 ], [ -39.17380604, -17.04541212 ], [ -39.17402596, -17.04615335 ], [ -39.17419209, -17.04680892 ], [ -39.17431693, -17.04750368 ], [ -39.17447309, -17.04839365 ], [ -39.17446611, -17.0490165 ], [ -39.17450316, -17.0498296 ], [ -39.17451263, -17.05059769 ], [ -39.17448651, -17.05187414 ], [ -39.17429656, -17.05303164 ], [ -39.17415089, -17.05353148 ], [ -39.1738388, -17.05437884 ], [ -39.17355223, -17.05526823 ], [ -39.17326971, -17.05594649 ], [ -39.17297983, -17.05639881 ], [ -39.17257733, -17.05680062 ], [ -39.17212023, -17.057218 ], [ -39.17155715, -17.05726035 ], [ -39.17114703, -17.05728431 ], [ -39.17073399, -17.05754069 ], [ -39.17023831, -17.0580092 ], [ -39.17000469, -17.05845888 ], [ -39.1699322, -17.05884153 ], [ -39.16998972, -17.0591793 ], [ -39.1702589, -17.05962821 ], [ -39.17068678, -17.06010386 ], [ -39.17110079, -17.0606765 ], [ -39.17137325, -17.0611468 ], [ -39.17146186, -17.0616879 ], [ -39.17147085, -17.06219487 ], [ -39.17135912, -17.06270344 ], [ -39.1713094, -17.06303464 ], [ -39.17143348, -17.06324357 ], [ -39.17202482, -17.06373636 ], [ -39.17252778, -17.06419196 ], [ -39.1731177, -17.06456707 ], [ -39.1733423, -17.06479091 ], [ -39.17363451, -17.06494094 ], [ -39.17394591, -17.06504486 ], [ -39.17421676, -17.06522863 ], [ -39.17443878, -17.06553438 ], [ -39.17464376, -17.06585843 ], [ -39.17486851, -17.0661042 ], [ -39.17504855, -17.06609124 ], [ -39.17517869, -17.06617074 ], [ -39.17522003, -17.06629868 ], [ -39.17522863, -17.06640025 ], [ -39.17530649, -17.06646049 ], [ -39.1753787, -17.06645346 ], [ -39.17545591, -17.06626185 ], [ -39.1755336, -17.06593301 ], [ -39.17562843, -17.06571914 ], [ -39.1758043, -17.0656761 ], [ -39.17615911, -17.06576588 ], [ -39.17654284, -17.06601763 ], [ -39.17679685, -17.06627033 ], [ -39.1769748, -17.06681144 ], [ -39.17709344, -17.06727335 ], [ -39.17715562, -17.06776905 ], [ -39.17712572, -17.06835833 ], [ -39.17710947, -17.06902373 ], [ -39.17712593, -17.06958315 ], [ -39.17720924, -17.07025587 ], [ -39.17737769, -17.07091546 ], [ -39.1776838, -17.07254541 ], [ -39.17801083, -17.07353773 ], [ -39.17849822, -17.074544 ], [ -39.17950363, -17.07664107 ], [ -39.18001262, -17.07810098 ], [ -39.1801975, -17.07884917 ], [ -39.18037063, -17.07970379 ], [ -39.18044989, -17.08019318 ], [ -39.18044813, -17.08064257 ], [ -39.18036439, -17.08116837 ], [ -39.18026235, -17.08174797 ], [ -39.18020244, -17.08221014 ], [ -39.18021515, -17.0826192 ], [ -39.18018272, -17.08300792 ], [ -39.18053373, -17.08300932 ], [ -39.18078056, -17.08304746 ], [ -39.1809612, -17.08307433 ], [ -39.1814221, -17.08313274 ], [ -39.18166885, -17.0832305 ], [ -39.18211924, -17.08321978 ], [ -39.18286478, -17.08295471 ], [ -39.18321807, -17.08283718 ], [ -39.18369474, -17.08228495 ], [ -39.18394103, -17.08191343 ], [ -39.18405344, -17.0816248 ], [ -39.18424412, -17.08151356 ], [ -39.18452242, -17.08144461 ], [ -39.18485729, -17.08125064 ], [ -39.18502518, -17.08110216 ], [ -39.1852561, -17.08096588 ], [ -39.18540872, -17.08087688 ], [ -39.18552475, -17.0808693 ], [ -39.18532943, -17.09201836 ], [ -39.18532583, -17.0987311 ], [ -39.18552153, -17.09898752 ], [ -39.185795, -17.0992707 ], [ -39.18617379, -17.09964724 ], [ -39.1863918, -17.09980291 ], [ -39.18682174, -17.10011011 ], [ -39.1871948, -17.10034846 ], [ -39.18748638, -17.10049182 ], [ -39.18803411, -17.10066034 ], [ -39.18913769, -17.10095452 ], [ -39.18987065, -17.10118391 ], [ -39.19052865, -17.10146475 ], [ -39.19121345, -17.10180391 ], [ -39.19162859, -17.10213275 ], [ -39.19179941, -17.10241403 ], [ -39.1919032, -17.10273917 ], [ -39.19201371, -17.10292634 ], [ -39.19224907, -17.10315551 ], [ -39.19259306, -17.10346456 ], [ -39.19277616, -17.10356136 ], [ -39.1930343, -17.10370936 ], [ -39.19323377, -17.10393643 ], [ -39.19333858, -17.10420943 ], [ -39.1933894, -17.10444021 ], [ -39.19333111, -17.10467183 ], [ -39.19317876, -17.10493256 ], [ -39.19302259, -17.10515246 ], [ -39.19299271, -17.10523895 ], [ -39.19294254, -17.1054423 ], [ -39.19293739, -17.10572593 ], [ -39.19303223, -17.10606791 ], [ -39.19322823, -17.10641545 ], [ -39.19339646, -17.10673366 ], [ -39.19345285, -17.10701834 ], [ -39.19346746, -17.10739313 ], [ -39.19340838, -17.10780951 ], [ -39.19327336, -17.10820222 ], [ -39.19292048, -17.10863263 ], [ -39.19271477, -17.10904782 ], [ -39.19236894, -17.10944824 ], [ -39.19222302, -17.10965138 ], [ -39.19219436, -17.10980141 ], [ -39.19215642, -17.11011672 ], [ -39.19207808, -17.11057839 ], [ -39.19191647, -17.11111303 ], [ -39.19181535, -17.1115901 ], [ -39.19175708, -17.11188721 ], [ -39.19280076, -17.1127908 ], [ -39.19112684, -17.11934041 ], [ -39.20264656, -17.12200561 ], [ -39.20430799, -17.12187691 ], [ -39.20551319, -17.12186081 ], [ -39.20695469, -17.12171955 ], [ -39.20643637, -17.12239605 ], [ -39.20647272, -17.12320148 ], [ -39.2067742, -17.12352224 ], [ -39.20678598, -17.12400285 ], [ -39.20646899, -17.12429715 ], [ -39.20592224, -17.12456199 ], [ -39.20490083, -17.12460024 ], [ -39.20400641, -17.12468257 ], [ -39.20345864, -17.12488068 ], [ -39.20313601, -17.12531337 ], [ -39.20381563, -17.12706371 ], [ -39.20364609, -17.12712578 ], [ -39.20362242, -17.12721865 ], [ -39.20360343, -17.1272363 ], [ -39.20344776, -17.12736752 ], [ -39.20324769, -17.12745899 ], [ -39.20310025, -17.12754792 ], [ -39.20301479, -17.12760042 ], [ -39.20300196, -17.12759734 ], [ -39.20293584, -17.12755686 ], [ -39.20289549, -17.12763106 ], [ -39.20280645, -17.12771475 ], [ -39.20270378, -17.12779956 ], [ -39.20264729, -17.12789718 ], [ -39.20254466, -17.12792859 ], [ -39.20243695, -17.1279129 ], [ -39.20223577, -17.12794776 ], [ -39.2019415, -17.12805567 ], [ -39.20168108, -17.12817296 ], [ -39.20151891, -17.12825745 ], [ -39.2013554, -17.12829008 ], [ -39.20120353, -17.12831436 ], [ -39.20112127, -17.12839761 ], [ -39.20108762, -17.12850267 ], [ -39.20108885, -17.12851278 ], [ -39.20109436, -17.12853362 ], [ -39.20111701, -17.12865508 ], [ -39.20101022, -17.12874192 ], [ -39.20095191, -17.12885798 ], [ -39.20083167, -17.12891116 ], [ -39.20079176, -17.12902257 ], [ -39.20072341, -17.12905789 ], [ -39.20065596, -17.12903111 ], [ -39.20059327, -17.12910961 ], [ -39.20055494, -17.12916638 ], [ -39.20044794, -17.12921374 ], [ -39.20038043, -17.12931612 ], [ -39.20034257, -17.12941461 ], [ -39.2002556, -17.12938604 ], [ -39.2001979, -17.12936351 ], [ -39.20018329, -17.12936673 ], [ -39.20013709, -17.12942236 ], [ -39.20007354, -17.12954948 ], [ -39.2000045, -17.1296539 ], [ -39.19978107, -17.12985671 ], [ -39.19966249, -17.12997596 ], [ -39.20031525, -17.13102444 ], [ -39.20087121, -17.13203333 ], [ -39.20137443, -17.13287111 ], [ -39.2016378, -17.13353373 ], [ -39.20175598, -17.13414623 ], [ -39.20191649, -17.13528168 ], [ -39.20208191, -17.13582734 ], [ -39.20217618, -17.13612201 ], [ -39.20220205, -17.13650351 ], [ -39.20228906, -17.13684196 ], [ -39.20249468, -17.13729564 ], [ -39.20377941, -17.13867348 ], [ -39.20513119, -17.14062308 ], [ -39.20564057, -17.1412532 ], [ -39.20621231, -17.14209702 ], [ -39.20660895, -17.14295579 ], [ -39.20697853, -17.14411091 ], [ -39.20756415, -17.14595639 ], [ -39.20791755, -17.14693987 ], [ -39.20875739, -17.14859763 ], [ -39.20926341, -17.15005554 ], [ -39.20954736, -17.15095313 ], [ -39.21023172, -17.15384213 ], [ -39.21074091, -17.15567904 ], [ -39.2112548, -17.15789799 ], [ -39.21165221, -17.15925497 ], [ -39.21216307, -17.16136649 ], [ -39.21237683, -17.16245568 ], [ -39.21252937, -17.16341991 ], [ -39.21275002, -17.1653716 ], [ -39.21305529, -17.16721393 ], [ -39.21320127, -17.16833565 ], [ -39.21332009, -17.16943641 ], [ -39.21336878, -17.17075251 ], [ -39.21346274, -17.1739116 ], [ -39.2134785, -17.1749754 ], [ -39.21342444, -17.17673029 ], [ -39.21344507, -17.1784585 ], [ -39.21343882, -17.17967634 ], [ -39.21337338, -17.18082517 ], [ -39.21325038, -17.18193773 ], [ -39.21310133, -17.18314383 ], [ -39.21299099, -17.18398943 ], [ -39.21286562, -17.1846994 ], [ -39.21270048, -17.18528429 ], [ -39.21261616, -17.18557818 ], [ -39.2125569, -17.18592219 ], [ -39.21253566, -17.18640302 ], [ -39.21271067, -17.18701696 ], [ -39.21287177, -17.18783947 ], [ -39.21297945, -17.18869858 ], [ -39.2129867, -17.18962847 ], [ -39.21301779, -17.19040362 ], [ -39.21300148, -17.19103795 ], [ -39.21300026, -17.19105582 ], [ -39.21298825, -17.19148672 ], [ -39.21296881, -17.19202672 ], [ -39.2129642, -17.19246537 ], [ -39.21294955, -17.19267855 ], [ -39.21303654, -17.19285281 ], [ -39.21313164, -17.19312255 ], [ -39.21334296, -17.19380147 ], [ -39.21345516, -17.19454705 ], [ -39.21352244, -17.19536663 ], [ -39.21363091, -17.19712402 ], [ -39.21365342, -17.19790901 ], [ -39.21364966, -17.198754 ], [ -39.21359192, -17.19935242 ], [ -39.2135597, -17.19982388 ], [ -39.21362403, -17.20046886 ], [ -39.21384322, -17.20158529 ], [ -39.21403618, -17.2024325 ], [ -39.21414169, -17.20319262 ], [ -39.21423045, -17.20387061 ], [ -39.21445455, -17.20574746 ], [ -39.21452897, -17.20702208 ], [ -39.21455698, -17.2083877 ], [ -39.21458529, -17.20918416 ], [ -39.21452142, -17.21026197 ], [ -39.21451737, -17.21171012 ], [ -39.21458894, -17.21314398 ], [ -39.21458502, -17.21430658 ], [ -39.21458827, -17.21543086 ], [ -39.21454348, -17.21620869 ] ] ] ] } },
{ "type": "Feature", "properties": { "gid": 9, "terrai_cod": 10301, "terrai_nom": "Coroa Vermelha", "etnia_nome": "Pataxó", "municipio_": "Santa Cruz Cabrália,Porto Seguro", "uf_sigla": "BA", "fase_ti": "Regularizada", "modalidade": "Tradicionalmente ocupada", "cr": "COORDENACAO REGIONAL SUL DA BAHIA" }, "geometry": { "type": "MultiPolygon", "coordinates": [ [ [ [ -39.01196115, -16.33096004 ], [ -39.01129331, -16.33122135 ], [ -39.01059542, -16.33150694 ], [ -39.00991416, -16.33182002 ], [ -39.00924495, -16.33209879 ], [ -39.00855775, -16.33236754 ], [ -39.00785801, -16.33255639 ], [ -39.00618922, -16.33289792 ], [ -39.00617079, -16.3329318 ], [ -39.00615087, -16.33296571 ], [ -39.00613032, -16.33299964 ], [ -39.00610997, -16.33303356 ], [ -39.00609068, -16.33306747 ], [ -39.00607329, -16.33310133 ], [ -39.00605865, -16.33313513 ], [ -39.00604762, -16.33316887 ], [ -39.00604541, -16.3331778 ], [ -39.00604381, -16.33320186 ], [ -39.00605343, -16.33323268 ], [ -39.00607416, -16.33326167 ], [ -39.00610329, -16.33328928 ], [ -39.00613809, -16.33331597 ], [ -39.00617585, -16.33334216 ], [ -39.00621385, -16.33336832 ], [ -39.00624938, -16.33339488 ], [ -39.00627971, -16.3334223 ], [ -39.00683211, -16.33404003 ], [ -39.00743555, -16.3348457 ], [ -39.00774439, -16.33557836 ], [ -39.00799943, -16.33700109 ], [ -39.00795563, -16.33768307 ], [ -39.00739207, -16.33937424 ], [ -39.0071128, -16.33970625 ], [ -39.00674251, -16.34024275 ], [ -39.0063761, -16.34084976 ], [ -39.00634007, -16.34090636 ], [ -39.00630099, -16.34096187 ], [ -39.00626111, -16.34101709 ], [ -39.0062227, -16.34107284 ], [ -39.00618802, -16.34112992 ], [ -39.00615932, -16.34118915 ], [ -39.00613888, -16.34125135 ], [ -39.00613804, -16.34125487 ], [ -39.0061243, -16.34131555 ], [ -39.00611056, -16.34137987 ], [ -39.0060975, -16.34144428 ], [ -39.00608497, -16.34150876 ], [ -39.00607284, -16.3415733 ], [ -39.00606095, -16.34163788 ], [ -39.00604917, -16.34170246 ], [ -39.00603733, -16.34176704 ], [ -39.00602531, -16.3418316 ], [ -39.00601295, -16.3418961 ], [ -39.00611909, -16.34221958 ], [ -39.00635203, -16.34248156 ], [ -39.00670065, -16.34294473 ], [ -39.00713055, -16.34344864 ], [ -39.00856512, -16.34526897 ], [ -39.00876611, -16.34509842 ], [ -39.00850734, -16.34472873 ], [ -39.00824857, -16.34435904 ], [ -39.00798979, -16.34398935 ], [ -39.00773102, -16.34361967 ], [ -39.00758404, -16.34340969 ], [ -39.00748654, -16.34324588 ], [ -39.00735962, -16.342839 ], [ -39.00734498, -16.34240223 ], [ -39.0074109, -16.34194642 ], [ -39.00752566, -16.34148244 ], [ -39.00765758, -16.34102116 ], [ -39.00777494, -16.34057344 ], [ -39.00779296, -16.34049089 ], [ -39.0078672, -16.34014065 ], [ -39.00796235, -16.33970882 ], [ -39.00806177, -16.3392775 ], [ -39.00816585, -16.3388467 ], [ -39.008275, -16.3384164 ], [ -39.00838963, -16.33798663 ], [ -39.00844488, -16.33778709 ], [ -39.00850475, -16.33755544 ], [ -39.00862534, -16.33712513 ], [ -39.00882796, -16.33672482 ], [ -39.00893157, -16.33659996 ], [ -39.00916208, -16.33639305 ], [ -39.00954539, -16.33614057 ], [ -39.0098541, -16.33596104 ], [ -39.00994346, -16.33590784 ], [ -39.01034161, -16.33567079 ], [ -39.01073976, -16.33543374 ], [ -39.01048683, -16.33434486 ], [ -39.01081895, -16.33429752 ], [ -39.01073177, -16.33336938 ], [ -39.01041034, -16.3333999 ], [ -39.01034756, -16.3326403 ], [ -39.01180042, -16.33181839 ], [ -39.013483, -16.33117915 ], [ -39.0140765, -16.33488228 ], [ -39.01463832, -16.33482212 ], [ -39.01520013, -16.33476196 ], [ -39.01576195, -16.3347018 ], [ -39.01632376, -16.33464163 ], [ -39.01688557, -16.33458146 ], [ -39.01744738, -16.33452129 ], [ -39.0180092, -16.33446112 ], [ -39.01811714, -16.33444956 ], [ -39.01853036, -16.33427944 ], [ -39.01882728, -16.33400671 ], [ -39.01893981, -16.33387997 ], [ -39.01928609, -16.33345035 ], [ -39.0195932, -16.33301125 ], [ -39.01987191, -16.33256013 ], [ -39.02013301, -16.33209445 ], [ -39.02036117, -16.33166215 ], [ -39.02038765, -16.33161183 ], [ -39.02066673, -16.33112442 ], [ -39.02092598, -16.33063469 ], [ -39.02108181, -16.33013324 ], [ -39.02108816, -16.32979769 ], [ -39.02106616, -16.3296124 ], [ -39.02100369, -16.32908629 ], [ -39.02094122, -16.32856017 ], [ -39.02087874, -16.32803405 ], [ -39.02081627, -16.32750793 ], [ -39.02075379, -16.32698182 ], [ -39.01963824, -16.32660634 ], [ -39.01932197, -16.32632985 ], [ -39.01916262, -16.32632765 ], [ -39.01911342, -16.32623644 ], [ -39.01854518, -16.3267857 ], [ -39.01801154, -16.32737246 ], [ -39.01749064, -16.3279162 ], [ -39.0169531, -16.32843243 ], [ -39.01640759, -16.32893055 ], [ -39.0158088, -16.32938986 ], [ -39.0151888, -16.32975988 ], [ -39.0140018, -16.33030158 ], [ -39.01261897, -16.33070681 ], [ -39.01196115, -16.33096004 ] ] ], [ [ [ -39.04746936, -16.35266831 ], [ -39.04736933, -16.35310937 ], [ -39.04656149, -16.35287805 ], [ -39.04530312, -16.35204476 ], [ -39.04414687, -16.35158741 ], [ -39.04253373, -16.35121275 ], [ -39.04097048, -16.35092058 ], [ -39.04004217, -16.35054919 ], [ -39.03912728, -16.35012602 ], [ -39.03838703, -16.34975003 ], [ -39.03715983, -16.349481 ], [ -39.03646432, -16.34949454 ], [ -39.03547584, -16.34965476 ], [ -39.03478481, -16.35021316 ], [ -39.03410068, -16.35104429 ], [ -39.03329081, -16.35168231 ], [ -39.03230426, -16.35229935 ], [ -39.03137225, -16.35257762 ], [ -39.02996302, -16.35271757 ], [ -39.02925081, -16.35438988 ], [ -39.03125017, -16.36690298 ], [ -39.03320367, -16.37157864 ], [ -39.03386169, -16.37288883 ], [ -39.03552553, -16.37213414 ], [ -39.03696285, -16.37163608 ], [ -39.03897174, -16.37151121 ], [ -39.04126137, -16.3713969 ], [ -39.04348156, -16.37133048 ], [ -39.04557455, -16.37157147 ], [ -39.0465678, -16.37183321 ], [ -39.04763602, -16.37233727 ], [ -39.04895923, -16.37270082 ], [ -39.05008202, -16.37286608 ], [ -39.05089304, -16.37281661 ], [ -39.05264715, -16.37270918 ], [ -39.05415018, -16.3728128 ], [ -39.05542011, -16.37313751 ], [ -39.0572035, -16.37349761 ], [ -39.05903076, -16.37437897 ], [ -39.06019257, -16.37476648 ], [ -39.06094634, -16.37509074 ], [ -39.06233066, -16.37563413 ], [ -39.063463, -16.3700113 ], [ -39.06563635, -16.36825485 ], [ -39.06675689, -16.36724279 ], [ -39.06562504, -16.35597391 ], [ -39.07060407, -16.32956876 ], [ -39.05305052, -16.3237332 ], [ -39.05156746, -16.33448759 ], [ -39.04746936, -16.35266831 ] ] ] ] } },
{ "type": "Feature", "properties": { "gid": 10, "terrai_cod": 12401, "terrai_nom": "Fazenda Bahiana", "etnia_nome": "Pataxó", "municipio_": "Camamu", "uf_sigla": "BA", "fase_ti": "Regularizada", "modalidade": "Reserva Indígena", "cr": "COORDENACAO REGIONAL SUL DA BAHIA" }, "geometry": { "type": "MultiPolygon", "coordinates": [ [ [ [ -39.2083973, -13.9557132 ], [ -39.19456491, -13.95937324 ], [ -39.19373871, -13.95924542 ], [ -39.19261185, -13.96003029 ], [ -39.18955357, -13.96113988 ], [ -39.1895311, -13.96119999 ], [ -39.20126754, -13.97261174 ], [ -39.20019181, -13.97559419 ], [ -39.20386315, -13.97489829 ], [ -39.21215655, -13.97343078 ], [ -39.2083973, -13.9557132 ] ] ] ] } },
{ "type": "Feature", "properties": { "gid": 11, "terrai_cod": 73717, "terrai_nom": "Fazenda Jenipapeiro", "etnia_nome": "Atikum", "municipio_": "Santa Rita de Cássia", "uf_sigla": "BA", "fase_ti": "Encaminhada RI", "modalidade": "Reserva Indígena", "cr": "COORDENACAO REGIONAL BAIXO SÃO FRANCISCO" }, "geometry": { "type": "MultiPolygon", "coordinates": [ [ [ [ -44.73518382, -11.06486138 ], [ -44.73581751, -11.06135906 ], [ -44.73602012, -11.06055189 ], [ -44.73740804, -11.05857348 ], [ -44.73874008, -11.05733237 ], [ -44.73968023, -11.05549393 ], [ -44.74175316, -11.05315026 ], [ -44.74272913, -11.0521938 ], [ -44.74341046, -11.05189023 ], [ -44.74452271, -11.05129907 ], [ -44.74508214, -11.05093127 ], [ -44.74608175, -11.05015542 ], [ -44.74664105, -11.04961696 ], [ -44.74709227, -11.04891798 ], [ -44.74710956, -11.04882348 ], [ -44.74712325, -11.04855417 ], [ -44.74738959, -11.04800714 ], [ -44.74810734, -11.04706483 ], [ -44.74831395, -11.0468815 ], [ -44.74847296, -11.04678992 ], [ -44.74918861, -11.04658992 ], [ -44.75130102, -11.04654654 ], [ -44.75176962, -11.04660833 ], [ -44.75205018, -11.04666753 ], [ -44.75362149, -11.04381365 ], [ -44.75439858, -11.04226578 ], [ -44.75555348, -11.04006869 ], [ -44.75875304, -11.03593348 ], [ -44.75994319, -11.03444318 ], [ -44.76407732, -11.02883061 ], [ -44.76852267, -11.0242314 ], [ -44.76906309, -11.02371414 ], [ -44.7701321, -11.02225752 ], [ -44.77115575, -11.02095651 ], [ -44.77106311, -11.02070719 ], [ -44.77099539, -11.02056443 ], [ -44.77087362, -11.0204672 ], [ -44.77083469, -11.02037954 ], [ -44.77077529, -11.0202442 ], [ -44.77071356, -11.02016574 ], [ -44.77071628, -11.02007964 ], [ -44.7706529, -11.01989067 ], [ -44.77060001, -11.01974222 ], [ -44.7705912, -11.01965286 ], [ -44.77057179, -11.0195293 ], [ -44.77056312, -11.01938514 ], [ -44.77058025, -11.01924506 ], [ -44.77059929, -11.01913067 ], [ -44.7706046, -11.01900858 ], [ -44.77062613, -11.01887854 ], [ -44.77064737, -11.018758 ], [ -44.77066723, -11.01864009 ], [ -44.77068243, -11.01851158 ], [ -44.77070332, -11.01837513 ], [ -44.7707175, -11.01826661 ], [ -44.77069553, -11.01814613 ], [ -44.77069353, -11.01801662 ], [ -44.77067293, -11.01790093 ], [ -44.7706569, -11.01779366 ], [ -44.77061003, -11.01767307 ], [ -44.77060035, -11.01752266 ], [ -44.77059634, -11.01738428 ], [ -44.77061541, -11.01722992 ], [ -44.77066394, -11.01709041 ], [ -44.7707066, -11.01697323 ], [ -44.77073295, -11.01687196 ], [ -44.77073963, -11.01675982 ], [ -44.77075237, -11.01661946 ], [ -44.77077829, -11.01649206 ], [ -44.77079403, -11.016382 ], [ -44.77080436, -11.01627222 ], [ -44.77081114, -11.01615248 ], [ -44.7708267, -11.01603763 ], [ -44.77083858, -11.01593689 ], [ -44.77084555, -11.01581137 ], [ -44.77087814, -11.01568369 ], [ -44.77090825, -11.01557428 ], [ -44.77094267, -11.01546226 ], [ -44.77098862, -11.0153468 ], [ -44.77103264, -11.01525214 ], [ -44.77106493, -11.01515504 ], [ -44.77110008, -11.01504699 ], [ -44.77113981, -11.01493062 ], [ -44.77118548, -11.01482276 ], [ -44.77122253, -11.01472557 ], [ -44.77125447, -11.0146252 ], [ -44.77128714, -11.01451544 ], [ -44.77132421, -11.01440377 ], [ -44.77135899, -11.01429211 ], [ -44.77139936, -11.0141733 ], [ -44.77144238, -11.014062 ], [ -44.77147295, -11.01395793 ], [ -44.77149628, -11.01384698 ], [ -44.77151735, -11.01371414 ], [ -44.77155414, -11.01360229 ], [ -44.77156173, -11.01349739 ], [ -44.77157309, -11.01336771 ], [ -44.77158609, -11.0132487 ], [ -44.77158628, -11.01312281 ], [ -44.77159755, -11.01298137 ], [ -44.77161357, -11.01286733 ], [ -44.77160652, -11.01275374 ], [ -44.77160323, -11.01262341 ], [ -44.77159812, -11.01249101 ], [ -44.77159931, -11.01236213 ], [ -44.77159438, -11.01223642 ], [ -44.77158715, -11.01210654 ], [ -44.77158048, -11.01197377 ], [ -44.77158122, -11.01184028 ], [ -44.77158737, -11.01171033 ], [ -44.77159651, -11.01160497 ], [ -44.77158524, -11.01150087 ], [ -44.77157445, -11.01137026 ], [ -44.77157574, -11.0112365 ], [ -44.77158563, -11.01110818 ], [ -44.7716023, -11.0109832 ], [ -44.7716196, -11.01086329 ], [ -44.77163388, -11.01074121 ], [ -44.77165201, -11.01061995 ], [ -44.77166528, -11.01050772 ], [ -44.77167114, -11.01038563 ], [ -44.77168571, -11.01025261 ], [ -44.77170393, -11.01012537 ], [ -44.77172372, -11.00998494 ], [ -44.77176567, -11.00983683 ], [ -44.77182472, -11.00969931 ], [ -44.77188779, -11.00958794 ], [ -44.77193456, -11.00948062 ], [ -44.77198866, -11.00935604 ], [ -44.77205943, -11.00923526 ], [ -44.77213174, -11.00911919 ], [ -44.77220267, -11.00902248 ], [ -44.77225446, -11.00892141 ], [ -44.77232111, -11.00880144 ], [ -44.77240441, -11.00868384 ], [ -44.7724799, -11.0085959 ], [ -44.7725273, -11.0085093 ], [ -44.77257654, -11.00840081 ], [ -44.77263274, -11.00828237 ], [ -44.77269334, -11.00817045 ], [ -44.77275099, -11.00807038 ], [ -44.77280243, -11.00795918 ], [ -44.77287227, -11.00784455 ], [ -44.77293697, -11.00775823 ], [ -44.77297639, -11.00767913 ], [ -44.77301593, -11.00756303 ], [ -44.77308651, -11.00744651 ], [ -44.77311803, -11.00739987 ], [ -44.77371162, -11.00625824 ], [ -44.77378593, -11.00616451 ], [ -44.77384807, -11.00606517 ], [ -44.77393127, -11.0059567 ], [ -44.77402234, -11.00586434 ], [ -44.77411513, -11.0057774 ], [ -44.77419179, -11.00571922 ], [ -44.77423862, -11.00565513 ], [ -44.77429773, -11.00556546 ], [ -44.77436939, -11.0054644 ], [ -44.77443639, -11.00535321 ], [ -44.77449671, -11.00523623 ], [ -44.77452221, -11.00517348 ], [ -44.77578209, -11.00090567 ], [ -44.77591574, -11.00077898 ], [ -44.77601931, -11.0007181 ], [ -44.77607591, -11.00067608 ], [ -44.77611605, -11.0006214 ], [ -44.77616501, -11.00050811 ], [ -44.77625059, -11.00039784 ], [ -44.77630365, -11.00032146 ], [ -44.77633272, -11.00024976 ], [ -44.77634624, -11.00017208 ], [ -44.77635153, -11.00006863 ], [ -44.77636205, -10.99996653 ], [ -44.77637312, -10.99984697 ], [ -44.77641559, -10.99972564 ], [ -44.77643679, -10.9996609 ], [ -44.77641443, -10.99957505 ], [ -44.7764028, -10.99945476 ], [ -44.77636653, -10.99935787 ], [ -44.77632479, -10.99924244 ], [ -44.77628742, -10.9991489 ], [ -44.7762289, -10.99905941 ], [ -44.77615713, -10.99894541 ], [ -44.77609387, -10.9988371 ], [ -44.77601861, -10.99873566 ], [ -44.77594592, -10.99862889 ], [ -44.7758691, -10.99852736 ], [ -44.77580656, -10.99843435 ], [ -44.77574318, -10.99836972 ], [ -44.77566148, -10.99830401 ], [ -44.77557522, -10.99823032 ], [ -44.77547826, -10.9981428 ], [ -44.77540319, -10.99803711 ], [ -44.77532271, -10.99793096 ], [ -44.77526294, -10.99780566 ], [ -44.77521002, -10.99770677 ], [ -44.77514931, -10.99761638 ], [ -44.77507331, -10.99752597 ], [ -44.774993, -10.99744054 ], [ -44.77489183, -10.99734623 ], [ -44.77480359, -10.99722814 ], [ -44.77473784, -10.99713711 ], [ -44.77466275, -10.99706063 ], [ -44.77457421, -10.99696886 ], [ -44.77449401, -10.99687628 ], [ -44.77440153, -10.9967883 ], [ -44.77430146, -10.99668902 ], [ -44.77420542, -10.996591 ], [ -44.77410279, -10.99650148 ], [ -44.77398871, -10.9964105 ], [ -44.77387106, -10.9963216 ], [ -44.77374893, -10.99623333 ], [ -44.7736171, -10.99614044 ], [ -44.7734968, -10.9960444 ], [ -44.77336871, -10.99596354 ], [ -44.77323385, -10.99587571 ], [ -44.77309927, -10.99578698 ], [ -44.77296615, -10.99569509 ], [ -44.77283194, -10.99559894 ], [ -44.77271431, -10.99549629 ], [ -44.77260554, -10.99541174 ], [ -44.77248861, -10.99533496 ], [ -44.77235833, -10.99525229 ], [ -44.77224013, -10.99515978 ], [ -44.77212532, -10.99507694 ], [ -44.77201041, -10.99499573 ], [ -44.77189083, -10.99492256 ], [ -44.77176649, -10.99485021 ], [ -44.77164232, -10.99478437 ], [ -44.77151339, -10.99473073 ], [ -44.77136917, -10.99468215 ], [ -44.77122084, -10.99462044 ], [ -44.77108294, -10.9945583 ], [ -44.7709573, -10.99450304 ], [ -44.77083074, -10.99446631 ], [ -44.77069538, -10.99443483 ], [ -44.77054812, -10.99441175 ], [ -44.77040626, -10.99438098 ], [ -44.77026302, -10.99436188 ], [ -44.77011667, -10.99433762 ], [ -44.76998267, -10.99432495 ], [ -44.76982825, -10.99432764 ], [ -44.76968135, -10.99431179 ], [ -44.76954633, -10.99432037 ], [ -44.7693983, -10.99433075 ], [ -44.76924662, -10.99434429 ], [ -44.76911489, -10.99435188 ], [ -44.7690183, -10.99438101 ], [ -44.76891271, -10.99445048 ], [ -44.76878477, -10.99452925 ], [ -44.76865151, -10.99461787 ], [ -44.76851232, -10.99469662 ], [ -44.76837751, -10.99478488 ], [ -44.7682417, -10.99486219 ], [ -44.76811283, -10.99495724 ], [ -44.76797602, -10.99503672 ], [ -44.76785503, -10.99512788 ], [ -44.76772534, -10.99521858 ], [ -44.76760618, -10.99531255 ], [ -44.76747639, -10.9954198 ], [ -44.76733764, -10.99551131 ], [ -44.76721391, -10.99559551 ], [ -44.76709621, -10.9956835 ], [ -44.76698053, -10.99578136 ], [ -44.76685275, -10.99588536 ], [ -44.76672573, -10.99596874 ], [ -44.7666126, -10.99606316 ], [ -44.76648429, -10.99615902 ], [ -44.7663644, -10.99624113 ], [ -44.76624899, -10.99633845 ], [ -44.76612874, -10.99641957 ], [ -44.76602797, -10.99651644 ], [ -44.76590156, -10.99662614 ], [ -44.7657619, -10.99671873 ], [ -44.76563048, -10.9967937 ], [ -44.76552406, -10.99686063 ], [ -44.76543017, -10.99694865 ], [ -44.76533123, -10.99704606 ], [ -44.76523247, -10.99715578 ], [ -44.76512419, -10.99725635 ], [ -44.76502388, -10.99735359 ], [ -44.76493265, -10.99743519 ], [ -44.76485531, -10.99753606 ], [ -44.76476085, -10.99764288 ], [ -44.76468123, -10.99773299 ], [ -44.76460911, -10.99784164 ], [ -44.76452729, -10.99793799 ], [ -44.76448824, -10.9980094 ], [ -44.76447195, -10.99811439 ], [ -44.76443651, -10.99825201 ], [ -44.7643956, -10.99836413 ], [ -44.76437566, -10.99846097 ], [ -44.76436348, -10.99857455 ], [ -44.76429375, -10.99901159 ], [ -44.76429008, -10.99901864 ], [ -44.76428206, -10.99909361 ], [ -44.76428719, -10.99919943 ], [ -44.76428691, -10.99932686 ], [ -44.76428058, -10.99945691 ], [ -44.76427691, -10.99958162 ], [ -44.76427527, -10.99969322 ], [ -44.76428305, -10.99980248 ], [ -44.76429003, -10.99988822 ], [ -44.76432219, -10.99996792 ], [ -44.76436092, -11.00007792 ], [ -44.76437814, -11.00017055 ], [ -44.76440335, -11.00024183 ], [ -44.76442856, -11.00030579 ], [ -44.7644634, -11.00036162 ], [ -44.7644953, -11.00041148 ], [ -44.76453719, -11.00045537 ], [ -44.76461401, -11.00054678 ], [ -44.76465444, -11.00069468 ], [ -44.76462241, -11.00080743 ], [ -44.76466628, -11.00089275 ], [ -44.7646378, -11.00102251 ], [ -44.76466261, -11.00113286 ], [ -44.76469772, -11.00130201 ], [ -44.7647146, -11.00148109 ], [ -44.76472115, -11.00164715 ], [ -44.764717, -11.0018102 ], [ -44.7647014, -11.00196285 ], [ -44.76468352, -11.00211812 ], [ -44.76463661, -11.00228902 ], [ -44.76455091, -11.00242741 ], [ -44.76447768, -11.00254882 ], [ -44.76439676, -11.00266171 ], [ -44.76432702, -11.00276648 ], [ -44.7642612, -11.00288355 ], [ -44.76418641, -11.00300576 ], [ -44.76411271, -11.00313033 ], [ -44.76403334, -11.00325028 ], [ -44.76396029, -11.00337404 ], [ -44.76386864, -11.00351415 ], [ -44.76375577, -11.00362837 ], [ -44.76365912, -11.00372977 ], [ -44.76356832, -11.00383687 ], [ -44.76347394, -11.00395193 ], [ -44.76337975, -11.00405839 ], [ -44.7632959, -11.00417617 ], [ -44.7631952, -11.00429918 ], [ -44.7631023, -11.00439958 ], [ -44.76303887, -11.00450056 ], [ -44.76297818, -11.00461763 ], [ -44.76292481, -11.00473877 ], [ -44.76287674, -11.00487232 ], [ -44.76281841, -11.00500277 ], [ -44.76277292, -11.00511651 ], [ -44.76274655, -11.00523234 ], [ -44.7627263, -11.00537215 ], [ -44.76269177, -11.00551954 ], [ -44.76265725, -11.00563898 ], [ -44.76265055, -11.00577716 ], [ -44.76261162, -11.00592898 ], [ -44.76257973, -11.00607773 ], [ -44.76252514, -11.00623053 ], [ -44.76246526, -11.00637084 ], [ -44.76240721, -11.00649787 ], [ -44.76236116, -11.00662209 ], [ -44.76232215, -11.00674795 ], [ -44.76229293, -11.00688314 ], [ -44.76226133, -11.00702836 ], [ -44.76222258, -11.00717584 ], [ -44.76217027, -11.00733714 ], [ -44.76207715, -11.0074881 ], [ -44.76198689, -11.00759656 ], [ -44.76192447, -11.00770612 ], [ -44.76185003, -11.00783675 ], [ -44.76175803, -11.00796184 ], [ -44.7616719, -11.00806325 ], [ -44.76160582, -11.00816078 ], [ -44.76154632, -11.00826392 ], [ -44.76149387, -11.0083763 ], [ -44.76147728, -11.0084102 ], [ -44.76036964, -11.01237572 ], [ -44.76039208, -11.01247513 ], [ -44.76041035, -11.01263486 ], [ -44.76040547, -11.01278634 ], [ -44.76039804, -11.0129163 ], [ -44.76039912, -11.0130468 ], [ -44.76039268, -11.01319711 ], [ -44.76036125, -11.01335002 ], [ -44.76031362, -11.01349722 ], [ -44.76024798, -11.01362595 ], [ -44.76019214, -11.01373488 ], [ -44.76014427, -11.01384301 ], [ -44.76009538, -11.01396443 ], [ -44.76003348, -11.01409136 ], [ -44.75996647, -11.01420598 ], [ -44.75990184, -11.01432332 ], [ -44.75983631, -11.0144252 ], [ -44.75978549, -11.01454508 ], [ -44.7597042, -11.01466801 ], [ -44.75962455, -11.01478235 ], [ -44.75953127, -11.01489795 ], [ -44.75942527, -11.0150016 ], [ -44.75931296, -11.0150981 ], [ -44.75919765, -11.01517561 ], [ -44.7590968, -11.01525014 ], [ -44.75898431, -11.01533705 ], [ -44.75885766, -11.01540343 ], [ -44.75873531, -11.01546374 ], [ -44.75747692, -11.01585326 ], [ -44.75734976, -11.01597642 ], [ -44.75726574, -11.01606291 ], [ -44.75719436, -11.01615184 ], [ -44.75712096, -11.0162471 ], [ -44.75706212, -11.01632493 ], [ -44.75701929, -11.01642193 ], [ -44.75696043, -11.01652788 ], [ -44.75692319, -11.01661838 ], [ -44.75689821, -11.01672499 ], [ -44.75687275, -11.01684335 ], [ -44.75685573, -11.01694472 ], [ -44.75685765, -11.01706067 ], [ -44.75684502, -11.01717786 ], [ -44.75684605, -11.01725953 ], [ -44.75687188, -11.01734927 ], [ -44.75690851, -11.01744824 ], [ -44.7569553, -11.01753645 ], [ -44.7570109, -11.01761898 ], [ -44.75707372, -11.01770359 ], [ -44.75712109, -11.01775545 ], [ -44.75718359, -11.01778498 ], [ -44.75726788, -11.0178167 ], [ -44.75735995, -11.01783704 ], [ -44.75744443, -11.01786161 ], [ -44.75753083, -11.01787986 ], [ -44.75761998, -11.01789793 ], [ -44.75771225, -11.01790668 ], [ -44.75779005, -11.01791018 ], [ -44.75785964, -11.01789622 ], [ -44.75796201, -11.01786962 ], [ -44.7580531, -11.01785794 ], [ -44.75813515, -11.01782572 ], [ -44.75823431, -11.0177964 ], [ -44.75830684, -11.01777231 ], [ -44.75839521, -11.01772879 ], [ -44.75849171, -11.01771313 ], [ -44.75852595, -11.01770556 ], [ -44.75857789, -11.01767196 ], [ -44.75870619, -11.01761111 ], [ -44.75883216, -11.01760424 ], [ -44.75894871, -11.0175782 ], [ -44.75911394, -11.01758846 ], [ -44.75922521, -11.01763992 ], [ -44.75931107, -11.01765219 ], [ -44.75944443, -11.01767238 ], [ -44.75957457, -11.01771815 ], [ -44.75968768, -11.01775795 ], [ -44.75982102, -11.01780427 ], [ -44.75996257, -11.01789237 ], [ -44.76007745, -11.0180094 ], [ -44.76015115, -11.01812188 ], [ -44.76020957, -11.01820712 ], [ -44.76027908, -11.01828974 ], [ -44.76033593, -11.01840031 ], [ -44.76037641, -11.01848535 ], [ -44.76043831, -11.01857846 ], [ -44.76049004, -11.01868857 ], [ -44.76054806, -11.01881839 ], [ -44.7605603, -11.01896301 ], [ -44.76056837, -11.01906476 ], [ -44.76059728, -11.01920054 ], [ -44.76054678, -11.01938554 ], [ -44.75756281, -11.0207431 ], [ -44.75739833, -11.02072117 ], [ -44.75728089, -11.02069865 ], [ -44.75716035, -11.0206801 ], [ -44.7570409, -11.02066011 ], [ -44.75695228, -11.02066185 ], [ -44.75687866, -11.02068983 ], [ -44.75678496, -11.0207442 ], [ -44.75670912, -11.02079469 ], [ -44.75659838, -11.02087853 ], [ -44.75651895, -11.020951 ], [ -44.75643384, -11.02102789 ], [ -44.75637118, -11.0210793 ], [ -44.75633442, -11.02114023 ], [ -44.75628913, -11.02122575 ], [ -44.75625301, -11.02129156 ], [ -44.75623857, -11.02137656 ], [ -44.75620644, -11.02148642 ], [ -44.75617028, -11.02159383 ], [ -44.75613469, -11.02168361 ], [ -44.75611585, -11.0217668 ], [ -44.75609599, -11.02187278 ], [ -44.75606687, -11.02198951 ], [ -44.75604071, -11.02208327 ], [ -44.75602176, -11.02218618 ], [ -44.75599009, -11.02229206 ], [ -44.75596465, -11.02238989 ], [ -44.75593847, -11.02250346 ], [ -44.75589414, -11.02264496 ], [ -44.75580688, -11.02277169 ], [ -44.75570014, -11.02288266 ], [ -44.75556862, -11.02296061 ], [ -44.75546403, -11.02301334 ], [ -44.75538874, -11.02306971 ], [ -44.75530527, -11.02315665 ], [ -44.75520029, -11.02324076 ], [ -44.75509082, -11.02332415 ], [ -44.75497616, -11.02338067 ], [ -44.75488329, -11.02343513 ], [ -44.75477392, -11.02350848 ], [ -44.75465368, -11.02356165 ], [ -44.75454241, -11.02361483 ], [ -44.75443444, -11.02365734 ], [ -44.7543392, -11.02370565 ], [ -44.75429963, -11.02372904 ], [ -44.75413129, -11.02382214 ], [ -44.75403888, -11.0238747 ], [ -44.75393181, -11.02394263 ], [ -44.75379656, -11.02398656 ], [ -44.75368385, -11.0240108 ], [ -44.75356426, -11.02404968 ], [ -44.75344303, -11.02407282 ], [ -44.75290811, -11.02410232 ], [ -44.75277593, -11.02409055 ], [ -44.75266635, -11.02409263 ], [ -44.7525454, -11.02411062 ], [ -44.75249056, -11.02411591 ], [ -44.75241329, -11.02412326 ], [ -44.75229767, -11.02412923 ], [ -44.75218863, -11.02414189 ], [ -44.75206558, -11.02415264 ], [ -44.75192725, -11.02415796 ], [ -44.75180084, -11.02414546 ], [ -44.75169547, -11.02414881 ], [ -44.75157095, -11.02416526 ], [ -44.75144105, -11.02417122 ], [ -44.75131571, -11.02418242 ], [ -44.75119367, -11.02419552 ], [ -44.75107208, -11.02421921 ], [ -44.75094847, -11.02424452 ], [ -44.75082705, -11.02427779 ], [ -44.75069016, -11.02431684 ], [ -44.75056354, -11.024335 ], [ -44.75045466, -11.02436928 ], [ -44.75033269, -11.02440879 ], [ -44.75020797, -11.02444939 ], [ -44.75008994, -11.02448312 ], [ -44.7499534, -11.02453699 ], [ -44.74981626, -11.02454475 ], [ -44.74971591, -11.02456773 ], [ -44.74960887, -11.0245974 ], [ -44.74950045, -11.02463647 ], [ -44.74937206, -11.02468077 ], [ -44.74923957, -11.02471131 ], [ -44.74912155, -11.02474007 ], [ -44.74899885, -11.02477298 ], [ -44.74888192, -11.02479676 ], [ -44.74876353, -11.02483292 ], [ -44.74863296, -11.02485452 ], [ -44.74852969, -11.02487216 ], [ -44.74843014, -11.02490916 ], [ -44.74832246, -11.02494533 ], [ -44.74822392, -11.02498577 ], [ -44.74812821, -11.02503308 ], [ -44.74802993, -11.02509576 ], [ -44.74791755, -11.0251625 ], [ -44.74779802, -11.02523186 ], [ -44.74766185, -11.02528628 ], [ -44.74753915, -11.0253257 ], [ -44.74744033, -11.02537039 ], [ -44.74731191, -11.02545973 ], [ -44.74711642, -11.0255075 ], [ -44.74692143, -11.0255029 ], [ -44.74675953, -11.02545013 ], [ -44.74661263, -11.025417 ], [ -44.74646455, -11.02537238 ], [ -44.74631354, -11.02532115 ], [ -44.7461793, -11.02525574 ], [ -44.74605503, -11.02520355 ], [ -44.74592938, -11.02515026 ], [ -44.74579294, -11.02509028 ], [ -44.74566896, -11.02501213 ], [ -44.74557316, -11.02495543 ], [ -44.74545968, -11.0249141 ], [ -44.74533386, -11.02485249 ], [ -44.74523294, -11.02478756 ], [ -44.74513778, -11.02473286 ], [ -44.74502606, -11.0246653 ], [ -44.74492425, -11.02457586 ], [ -44.74483855, -11.02449104 ], [ -44.74474652, -11.0244064 ], [ -44.74464527, -11.02430557 ], [ -44.74454541, -11.02418764 ], [ -44.74446358, -11.02405997 ], [ -44.7443932, -11.02393917 ], [ -44.74432547, -11.02382109 ], [ -44.74425563, -11.02370491 ], [ -44.74418487, -11.02359297 ], [ -44.7441173, -11.02349144 ], [ -44.7440469, -11.02338557 ], [ -44.74399609, -11.02328351 ], [ -44.74393795, -11.02319719 ], [ -44.74387367, -11.02310416 ], [ -44.74380682, -11.02301954 ], [ -44.74371829, -11.02292659 ], [ -44.74363609, -11.02281483 ], [ -44.7435537, -11.02270632 ], [ -44.74347691, -11.02258425 ], [ -44.74341174, -11.02246753 ], [ -44.74334913, -11.02235352 ], [ -44.74330181, -11.02223555 ], [ -44.74326611, -11.02213152 ], [ -44.74323487, -11.02205199 ], [ -44.74320269, -11.0219987 ], [ -44.74312833, -11.02192791 ], [ -44.74306315, -11.02181996 ], [ -44.74300354, -11.02172785 ], [ -44.74293736, -11.02161953 ], [ -44.74288601, -11.02150183 ], [ -44.74284316, -11.02140538 ], [ -44.74278996, -11.02131852 ], [ -44.74273163, -11.02122794 ], [ -44.74265921, -11.02113653 ], [ -44.74257902, -11.02103219 ], [ -44.74250587, -11.02093147 ], [ -44.74243042, -11.02084757 ], [ -44.74233629, -11.02076754 ], [ -44.74222707, -11.02067022 ], [ -44.74213523, -11.02058577 ], [ -44.74203277, -11.02051613 ], [ -44.74192372, -11.02043618 ], [ -44.74182135, -11.02035787 ], [ -44.74173325, -11.02029096 ], [ -44.7416325, -11.02023805 ], [ -44.7415163, -11.02017184 ], [ -44.74141447, -11.02010764 ], [ -44.74131336, -11.02005898 ], [ -44.74117655, -11.01999737 ], [ -44.74104959, -11.01988502 ], [ -44.74100615, -11.01982982 ], [ -44.74079379, -11.01960517 ], [ -44.74070543, -11.01952433 ], [ -44.74059427, -11.01944049 ], [ -44.74048533, -11.01934236 ], [ -44.74038343, -11.01925265 ], [ -44.74028024, -11.01916981 ], [ -44.74016516, -11.01908325 ], [ -44.7400563, -11.01898829 ], [ -44.73995001, -11.01889866 ], [ -44.739846, -11.01880831 ], [ -44.73974446, -11.01872439 ], [ -44.73964859, -11.01865114 ], [ -44.73955682, -11.01859734 ], [ -44.73946092, -11.01855964 ], [ -44.73937022, -11.0185308 ], [ -44.73829481, -11.01828406 ], [ -44.73786837, -11.01801292 ], [ -44.7378186, -11.01787505 ], [ -44.73779678, -11.01780982 ], [ -44.73777863, -11.01773519 ], [ -44.73771275, -11.01769154 ], [ -44.73762303, -11.01760085 ], [ -44.73756939, -11.017493 ], [ -44.73754027, -11.01740362 ], [ -44.73752131, -11.01731416 ], [ -44.73751452, -11.0172276 ], [ -44.7375155, -11.01714829 ], [ -44.73752097, -11.01707214 ], [ -44.73753092, -11.01699989 ], [ -44.73754398, -11.01693207 ], [ -44.73755704, -11.01686878 ], [ -44.73757184, -11.01679246 ], [ -44.73758894, -11.01671252 ], [ -44.73760796, -11.01662943 ], [ -44.7376333, -11.01654525 ], [ -44.73766489, -11.0164372 ], [ -44.73774528, -11.01631626 ], [ -44.73776854, -11.01619862 ], [ -44.73779285, -11.016043 ], [ -44.73780633, -11.01590753 ], [ -44.73778301, -11.0157799 ], [ -44.73773407, -11.0156433 ], [ -44.73766818, -11.01551111 ], [ -44.73756486, -11.01537699 ], [ -44.73747757, -11.01522235 ], [ -44.73738916, -11.01510226 ], [ -44.73729157, -11.01500288 ], [ -44.73715121, -11.01492326 ], [ -44.73699732, -11.01483368 ], [ -44.73685677, -11.01477134 ], [ -44.73670822, -11.01474625 ], [ -44.73654281, -11.01473353 ], [ -44.73636384, -11.01473663 ], [ -44.73616226, -11.01474035 ], [ -44.73597708, -11.01473087 ], [ -44.73581448, -11.01476302 ], [ -44.73563483, -11.01480672 ], [ -44.73548467, -11.01484268 ], [ -44.73534994, -11.01492757 ], [ -44.735201, -11.01502991 ], [ -44.73505892, -11.01513904 ], [ -44.73491015, -11.01526046 ], [ -44.73475159, -11.01536876 ], [ -44.73458433, -11.01548374 ], [ -44.7344007, -11.01558333 ], [ -44.73420445, -11.01566926 ], [ -44.73397362, -11.0157263 ], [ -44.73375192, -11.01570377 ], [ -44.73354881, -11.01567682 ], [ -44.73333987, -11.01562943 ], [ -44.73313066, -11.01555916 ], [ -44.73293532, -11.0154519 ], [ -44.73275516, -11.01534828 ], [ -44.73258855, -11.01525788 ], [ -44.73241367, -11.01519125 ], [ -44.73222844, -11.0151323 ], [ -44.73204741, -11.01508918 ], [ -44.73188238, -11.01507032 ], [ -44.73172316, -11.01509785 ], [ -44.7315447, -11.01515169 ], [ -44.73136731, -11.01522515 ], [ -44.73119285, -11.01530946 ], [ -44.73103156, -11.01539994 ], [ -44.73088765, -11.01551458 ], [ -44.73074152, -11.01564423 ], [ -44.73060774, -11.01578827 ], [ -44.73047277, -11.0159258 ], [ -44.73036336, -11.01604237 ], [ -44.73031254, -11.01616116 ], [ -44.73027737, -11.01628114 ], [ -44.72984606, -11.01643767 ], [ -44.72979918, -11.01645472 ], [ -44.72974608, -11.01645793 ], [ -44.72966433, -11.01645541 ], [ -44.72910446, -11.01665026 ], [ -44.72844975, -11.02394186 ], [ -44.72854974, -11.02551008 ], [ -44.72888701, -11.0292948 ], [ -44.72905701, -11.03098661 ], [ -44.72918744, -11.03261472 ], [ -44.72919667, -11.03272967 ], [ -44.7292315, -11.0367848 ], [ -44.72921692, -11.03831031 ], [ -44.72941849, -11.03964022 ], [ -44.7350222, -11.06436835 ], [ -44.73518382, -11.06486138 ] ] ] ] } },
{ "type": "Feature", "properties": { "gid": 12, "terrai_cod": 69801, "terrai_nom": "Fazenda Remanso", "etnia_nome": "Tuxá", "municipio_": "Muquém de São Francisco", "uf_sigla": "BA", "fase_ti": "Regularizada", "modalidade": "Reserva Indígena", "cr": "COORDENACAO REGIONAL BAIXO SÃO FRANCISCO" }, "geometry": { "type": "MultiPolygon", "coordinates": [ [ [ [ -43.35538289, -12.35727875 ], [ -43.3559125, -12.35737922 ], [ -43.3570713, -12.35357045 ], [ -43.34742777, -12.35154426 ], [ -43.33784878, -12.34974281 ], [ -43.32697223, -12.34772205 ], [ -43.31670774, -12.34581358 ], [ -43.30727576, -12.34402595 ], [ -43.30392489, -12.34338942 ], [ -43.29834772, -12.34229317 ], [ -43.2917938, -12.34100784 ], [ -43.2897678, -12.34060033 ], [ -43.28932057, -12.34051187 ], [ -43.2892498, -12.34111416 ], [ -43.28918085, -12.34167203 ], [ -43.2892683, -12.34312568 ], [ -43.28906056, -12.34414975 ], [ -43.28885745, -12.34461346 ], [ -43.29788728, -12.3463327 ], [ -43.30693559, -12.34805245 ], [ -43.31600238, -12.34977272 ], [ -43.32559851, -12.35160217 ], [ -43.33567842, -12.35353012 ], [ -43.3446636, -12.35522879 ], [ -43.35423289, -12.35704763 ], [ -43.35538289, -12.35727875 ] ] ] ] } },
{ "type": "Feature", "properties": { "gid": 13, "terrai_cod": 73742, "terrai_nom": "Fazenda Sempre Verde", "etnia_nome": "Pankararú", "municipio_": "Muquém de São Francisco", "uf_sigla": "BA", "fase_ti": "Regularizada", "modalidade": "Reserva Indígena", "cr": "COORDENACAO REGIONAL BAIXO SÃO FRANCISCO" }, "geometry": { "type": "MultiPolygon", "coordinates": [ [ [ [ -43.27563666, -12.16714804 ], [ -43.23546304, -12.18229289 ], [ -43.2328938, -12.1826734 ], [ -43.22923457, -12.18130356 ], [ -43.22806674, -12.18678291 ], [ -43.22907886, -12.18670681 ], [ -43.2335945, -12.18716341 ], [ -43.23312737, -12.18921814 ], [ -43.23406164, -12.18997915 ], [ -43.23515162, -12.18898984 ], [ -43.2355409, -12.19081625 ], [ -43.237643, -12.18982694 ], [ -43.27330098, -12.17940098 ], [ -43.31363031, -12.18373884 ], [ -43.31394173, -12.18343443 ], [ -43.31067179, -12.17574799 ], [ -43.30646757, -12.17262768 ], [ -43.3055333, -12.17247547 ], [ -43.27563666, -12.16714804 ] ] ] ] } },
{ "type": "Feature", "properties": { "gid": 14, "terrai_cod": 69901, "terrai_nom": "Fazenda Sítio", "etnia_nome": "Tuxá", "municipio_": "Quijingue", "uf_sigla": "BA", "fase_ti": "Regularizada", "modalidade": "Reserva Indígena", "cr": "COORDENACAO REGIONAL BAIXO SÃO FRANCISCO" }, "geometry": { "type": "MultiPolygon", "coordinates": [ [ [ [ -38.71998305, -10.60939143 ], [ -38.71708721, -10.61200244 ], [ -38.72167546, -10.61677627 ], [ -38.72476164, -10.62014099 ], [ -38.72544679, -10.62088188 ], [ -38.72317584, -10.62307607 ], [ -38.72696669, -10.62679776 ], [ -38.72427043, -10.6290769 ], [ -38.72699026, -10.63388568 ], [ -38.72904271, -10.63760447 ], [ -38.72998887, -10.63932888 ], [ -38.73511532, -10.64826722 ], [ -38.73641257, -10.64633343 ], [ -38.73686093, -10.65261924 ], [ -38.74071886, -10.65287102 ], [ -38.74056987, -10.65238277 ], [ -38.74024426, -10.65087123 ], [ -38.7405073, -10.63995525 ], [ -38.74061258, -10.63464916 ], [ -38.74061814, -10.63310073 ], [ -38.73896521, -10.63123807 ], [ -38.73526343, -10.62702173 ], [ -38.73316115, -10.62463929 ], [ -38.72868626, -10.6194331 ], [ -38.72558817, -10.61576159 ], [ -38.7242697, -10.61415979 ], [ -38.72381166, -10.61363083 ], [ -38.72260749, -10.61248062 ], [ -38.72253865, -10.61221492 ], [ -38.72221081, -10.60930362 ], [ -38.72154058, -10.60970958 ], [ -38.72131339, -10.60913898 ], [ -38.72106332, -10.60883851 ], [ -38.72100945, -10.60881849 ], [ -38.72054978, -10.60904186 ], [ -38.71998305, -10.60939143 ] ] ] ] } },
{ "type": "Feature", "properties": { "gid": 15, "terrai_cod": 15401, "terrai_nom": "Ibotirama", "etnia_nome": "Tuxá", "municipio_": "Ibotirama", "uf_sigla": "BA", "fase_ti": "Regularizada", "modalidade": "Reserva Indígena", "cr": "COORDENACAO REGIONAL BAIXO SÃO FRANCISCO" }, "geometry": { "type": "MultiPolygon", "coordinates": [ [ [ [ -43.22441187, -12.08523961 ], [ -43.24169033, -12.08828186 ], [ -43.2417729, -12.08783132 ], [ -43.25647517, -12.09048127 ], [ -43.27675998, -12.09421457 ], [ -43.2767911, -12.09412678 ], [ -43.27724717, -12.09421527 ], [ -43.27747046, -12.09392126 ], [ -43.27755936, -12.09379548 ], [ -43.27780473, -12.09338236 ], [ -43.27782515, -12.09334611 ], [ -43.27804583, -12.09287427 ], [ -43.27817585, -12.09261354 ], [ -43.27829768, -12.09242035 ], [ -43.27862242, -12.09201084 ], [ -43.27897265, -12.09161626 ], [ -43.27929835, -12.09120392 ], [ -43.27939716, -12.09104958 ], [ -43.27956492, -12.09075305 ], [ -43.27979708, -12.0902865 ], [ -43.27999623, -12.08980633 ], [ -43.28006128, -12.08962462 ], [ -43.28015746, -12.08931233 ], [ -43.28028452, -12.08880975 ], [ -43.28041024, -12.08830694 ], [ -43.28050381, -12.08799551 ], [ -43.28056546, -12.08781136 ], [ -43.28073775, -12.08732078 ], [ -43.28093119, -12.08683829 ], [ -43.28115928, -12.08636938 ], [ -43.28127614, -12.08616538 ], [ -43.28143573, -12.08592273 ], [ -43.28175484, -12.08550652 ], [ -43.28208121, -12.08509757 ], [ -43.28226707, -12.08484175 ], [ -43.28237927, -12.08467053 ], [ -43.28264819, -12.08422309 ], [ -43.28291507, -12.08377361 ], [ -43.28315178, -12.08341622 ], [ -43.28320809, -12.08334167 ], [ -43.28357063, -12.08296114 ], [ -43.28395734, -12.08260002 ], [ -43.28413934, -12.08240384 ], [ -43.28429118, -12.08220082 ], [ -43.28455622, -12.08174818 ], [ -43.28481519, -12.08128997 ], [ -43.28513574, -12.08087854 ], [ -43.28513844, -12.08087586 ], [ -43.28553958, -12.08054091 ], [ -43.28597918, -12.08024304 ], [ -43.28641953, -12.07994615 ], [ -43.28677775, -12.07965683 ], [ -43.28682614, -12.07961202 ], [ -43.28721199, -12.07925438 ], [ -43.28759585, -12.07889419 ], [ -43.28797474, -12.07852889 ], [ -43.28834565, -12.07815591 ], [ -43.28844158, -12.07805614 ], [ -43.2887057, -12.07777304 ], [ -43.28905895, -12.07738465 ], [ -43.28928748, -12.07713621 ], [ -43.28942591, -12.07700674 ], [ -43.28985477, -12.07667214 ], [ -43.29012945, -12.07631399 ], [ -43.29015189, -12.0762564 ], [ -43.29034053, -12.07577229 ], [ -43.29052918, -12.07528818 ], [ -43.29052, -12.07528783 ], [ -43.27047458, -12.06791804 ], [ -43.2622564, -12.06519547 ], [ -43.26250052, -12.06415497 ], [ -43.24064475, -12.05703598 ], [ -43.22434231, -12.0521733 ], [ -43.22277227, -12.0560008 ], [ -43.22441101, -12.0643535 ], [ -43.22473383, -12.07592073 ], [ -43.22323215, -12.07736682 ], [ -43.22441187, -12.08523961 ] ] ] ] } },
{ "type": "Feature", "properties": { "gid": 16, "terrai_cod": 16803, "terrai_nom": "Imbiriba", "etnia_nome": "Pataxó", "municipio_": "Porto Seguro", "uf_sigla": "BA", "fase_ti": "Regularizada", "modalidade": "Tradicionalmente ocupada", "cr": "COORDENACAO REGIONAL SUL DA BAHIA" }, "geometry": { "type": "MultiPolygon", "coordinates": [ [ [ [ -39.15325296, -16.64672758 ], [ -39.15148077, -16.64917931 ], [ -39.15012623, -16.65122063 ], [ -39.15002143, -16.65147699 ], [ -39.14970908, -16.65615696 ], [ -39.14742406, -16.65736012 ], [ -39.14577934, -16.6589066 ], [ -39.14609936, -16.65913979 ], [ -39.14624343, -16.65922012 ], [ -39.14640413, -16.65932798 ], [ -39.14731625, -16.66051636 ], [ -39.14723682, -16.66104691 ], [ -39.14863713, -16.66307779 ], [ -39.14891852, -16.66294992 ], [ -39.14905636, -16.66288727 ], [ -39.14920086, -16.66282373 ], [ -39.14948887, -16.66270853 ], [ -39.14978127, -16.66260477 ], [ -39.14978372, -16.66260395 ], [ -39.15007586, -16.66266522 ], [ -39.15037164, -16.66282413 ], [ -39.15049847, -16.66283825 ], [ -39.1506616, -16.66277325 ], [ -39.15089625, -16.66268139 ], [ -39.15095636, -16.66267978 ], [ -39.1512693, -16.6626747 ], [ -39.1515824, -16.66267491 ], [ -39.15189541, -16.6626801 ], [ -39.15209912, -16.66268601 ], [ -39.15220876, -16.66268594 ], [ -39.15233284, -16.66270228 ], [ -39.15250134, -16.66278124 ], [ -39.15275868, -16.66294894 ], [ -39.15280038, -16.6629721 ], [ -39.15302983, -16.66309401 ], [ -39.15328869, -16.66321701 ], [ -39.15331034, -16.66322575 ], [ -39.15360751, -16.66331855 ], [ -39.15382198, -16.66336837 ], [ -39.15391182, -16.66338774 ], [ -39.15421908, -16.66344642 ], [ -39.15452732, -16.66349995 ], [ -39.15483398, -16.66355603 ], [ -39.15494288, -16.6635782 ], [ -39.15513569, -16.66363057 ], [ -39.15543083, -16.66374041 ], [ -39.15572495, -16.66385243 ], [ -39.15602403, -16.66392999 ], [ -39.15614556, -16.66394312 ], [ -39.15633258, -16.66394108 ], [ -39.15664582, -16.66391395 ], [ -39.15677814, -16.66390804 ], [ -39.15695893, -16.66390641 ], [ -39.1572719, -16.66390416 ], [ -39.15758487, -16.66390312 ], [ -39.15771855, -16.66390317 ], [ -39.15789776, -16.66390612 ], [ -39.15821056, -16.66391792 ], [ -39.15852341, -16.66392546 ], [ -39.15854402, -16.66392544 ], [ -39.15883232, -16.66388001 ], [ -39.15900104, -16.66385178 ], [ -39.15914162, -16.66384644 ], [ -39.15945478, -16.66385902 ], [ -39.15975241, -16.66386011 ], [ -39.15976839, -16.66385894 ], [ -39.1600778, -16.66381752 ], [ -39.16038116, -16.66374354 ], [ -39.16057502, -16.66368004 ], [ -39.16067488, -16.66363502 ], [ -39.16093032, -16.66346057 ], [ -39.16110879, -16.66334805 ], [ -39.16119519, -16.66331721 ], [ -39.16151171, -16.66326952 ], [ -39.16160596, -16.66324201 ], [ -39.16166049, -16.66303092 ], [ -39.16170003, -16.66300247 ], [ -39.16194329, -16.6630432 ], [ -39.16224812, -16.66312556 ], [ -39.16230083, -16.66313215 ], [ -39.16256097, -16.66314168 ], [ -39.1628744, -16.66314941 ], [ -39.16300338, -16.66316343 ], [ -39.16317809, -16.66320582 ], [ -39.1634632, -16.66333153 ], [ -39.16373952, -16.66348683 ], [ -39.1640184, -16.66362832 ], [ -39.16429514, -16.66371029 ], [ -39.1643112, -16.66371265 ], [ -39.16462327, -16.66372689 ], [ -39.16486819, -16.66371499 ], [ -39.16493715, -16.66370751 ], [ -39.16524718, -16.66362671 ], [ -39.16554862, -16.66357004 ], [ -39.16557517, -16.6635708 ], [ -39.16581513, -16.66366797 ], [ -39.16604701, -16.66388846 ], [ -39.16628898, -16.6641051 ], [ -39.16643934, -16.6641758 ], [ -39.1665775, -16.66421401 ], [ -39.16688124, -16.66429277 ], [ -39.16718933, -16.66436274 ], [ -39.16750023, -16.66442004 ], [ -39.16781242, -16.66446081 ], [ -39.16812435, -16.66448116 ], [ -39.16839892, -16.66447905 ], [ -39.16843454, -16.66447729 ], [ -39.16874442, -16.66445133 ], [ -39.16905455, -16.66440878 ], [ -39.16936364, -16.66435314 ], [ -39.16961626, -16.66430002 ], [ -39.16966946, -16.66428515 ], [ -39.16995352, -16.66415695 ], [ -39.1700528, -16.66412823 ], [ -39.17025379, -16.66415375 ], [ -39.17055529, -16.66428755 ], [ -39.1707717, -16.66431004 ], [ -39.17085791, -16.66428967 ], [ -39.1715682, -16.66386444 ], [ -39.17199143, -16.6633841 ], [ -39.17171643, -16.66186207 ], [ -39.17205056, -16.66119975 ], [ -39.17248344, -16.65999938 ], [ -39.17319342, -16.65969716 ], [ -39.17389678, -16.65995697 ], [ -39.17429012, -16.65997552 ], [ -39.17433687, -16.65997877 ], [ -39.17429769, -16.65987936 ], [ -39.17332523, -16.65754422 ], [ -39.17327877, -16.65741795 ], [ -39.1731512, -16.65712783 ], [ -39.17253334, -16.65745404 ], [ -39.17056249, -16.65801141 ], [ -39.16969718, -16.65789853 ], [ -39.16802006, -16.65735131 ], [ -39.16905759, -16.65312567 ], [ -39.16920307, -16.65259087 ], [ -39.1679499, -16.65358482 ], [ -39.16770848, -16.65362856 ], [ -39.16746707, -16.6536723 ], [ -39.16722566, -16.65371605 ], [ -39.16698424, -16.65375979 ], [ -39.16675793, -16.6538008 ], [ -39.16674282, -16.65380333 ], [ -39.16649942, -16.65379578 ], [ -39.16625938, -16.65372079 ], [ -39.16614781, -16.65367051 ], [ -39.16603272, -16.65361206 ], [ -39.16582328, -16.6534919 ], [ -39.16562193, -16.65336389 ], [ -39.16557289, -16.65333173 ], [ -39.16542835, -16.65322393 ], [ -39.16524663, -16.65307117 ], [ -39.16504954, -16.65293046 ], [ -39.16500485, -16.65290555 ], [ -39.16482254, -16.65282899 ], [ -39.16458476, -16.65276928 ], [ -39.16434279, -16.6527288 ], [ -39.16423992, -16.65271176 ], [ -39.16410061, -16.65268592 ], [ -39.16385452, -16.65264633 ], [ -39.16360762, -16.6526409 ], [ -39.16346331, -16.65266657 ], [ -39.1633682, -16.65270161 ], [ -39.16316334, -16.6528303 ], [ -39.16296585, -16.65296918 ], [ -39.16288147, -16.65301282 ], [ -39.16274696, -16.65307101 ], [ -39.16252107, -16.65316199 ], [ -39.16243492, -16.65319271 ], [ -39.16228862, -16.65323839 ], [ -39.16205152, -16.65329692 ], [ -39.16198384, -16.65331076 ], [ -39.16180566, -16.65333294 ], [ -39.16162516, -16.65332977 ], [ -39.16156212, -16.65332212 ], [ -39.1613249, -16.65326284 ], [ -39.16118331, -16.65321116 ], [ -39.16109417, -16.65317257 ], [ -39.16088159, -16.65305417 ], [ -39.16067986, -16.65292134 ], [ -39.1604769, -16.65279229 ], [ -39.16027489, -16.652691 ], [ -39.1602606, -16.65268525 ], [ -39.16002121, -16.65261892 ], [ -39.15977382, -16.65260612 ], [ -39.15973611, -16.6526096 ], [ -39.15952885, -16.65264361 ], [ -39.15929209, -16.6527227 ], [ -39.15914658, -16.65281469 ], [ -39.1590942, -16.65285855 ], [ -39.15891107, -16.65301191 ], [ -39.15872793, -16.65316526 ], [ -39.15854479, -16.65331862 ], [ -39.15836165, -16.65347198 ], [ -39.15826461, -16.65327188 ], [ -39.15786314, -16.65216298 ], [ -39.15774659, -16.65030051 ], [ -39.15856655, -16.64979506 ], [ -39.15942236, -16.64966999 ], [ -39.16016226, -16.64970385 ], [ -39.16074696, -16.64955993 ], [ -39.16163966, -16.64848825 ], [ -39.16207754, -16.64829897 ], [ -39.16307328, -16.64830665 ], [ -39.1643555, -16.64861548 ], [ -39.16478897, -16.64860165 ], [ -39.16521061, -16.64849912 ], [ -39.16544529, -16.6483836 ], [ -39.16154178, -16.64280403 ], [ -39.1606899, -16.64180447 ], [ -39.15987693, -16.64102732 ], [ -39.15859655, -16.6402177 ], [ -39.15362227, -16.64299186 ], [ -39.15349455, -16.64306207 ], [ -39.15307023, -16.64403444 ], [ -39.15312747, -16.64497877 ], [ -39.15291201, -16.64544714 ], [ -39.15277184, -16.64627229 ], [ -39.15325296, -16.64672758 ] ] ] ] } },
{ "type": "Feature", "properties": { "gid": 17, "terrai_cod": 20801, "terrai_nom": "Kantaruré", "etnia_nome": "Kantaruré", "municipio_": "Glória", "uf_sigla": "BA", "fase_ti": "Regularizada", "modalidade": "Tradicionalmente ocupada", "cr": "COORDENACAO REGIONAL BAIXO SÃO FRANCISCO" }, "geometry": { "type": "MultiPolygon", "coordinates": [ [ [ [ -38.38049903, -9.1419725 ], [ -38.37716702, -9.15030338 ], [ -38.37216523, -9.15808425 ], [ -38.36438415, -9.16974759 ], [ -38.36827406, -9.18169675 ], [ -38.37494453, -9.18364294 ], [ -38.38355066, -9.18670026 ], [ -38.39410555, -9.18753368 ], [ -38.39522341, -9.1869778 ], [ -38.4021671, -9.17836041 ], [ -38.40827077, -9.17058942 ], [ -38.41410619, -9.16085939 ], [ -38.41522112, -9.15975299 ], [ -38.4149423, -9.15947069 ], [ -38.41605721, -9.15836428 ], [ -38.41466631, -9.15586132 ], [ -38.40772341, -9.15308416 ], [ -38.39771744, -9.14752524 ], [ -38.39772615, -9.14753433 ], [ -38.39743825, -9.14725168 ], [ -38.3827167, -9.14003021 ], [ -38.38049903, -9.1419725 ] ] ] ] } },
{ "type": "Feature", "properties": { "gid": 18, "terrai_cod": 23101, "terrai_nom": "Kiriri", "etnia_nome": "Kiriri", "municipio_": "Ribeira do Pombal,Quijingue,Tucano,Banzaê", "uf_sigla": "BA", "fase_ti": "Regularizada", "modalidade": "Tradicionalmente ocupada", "cr": "COORDENACAO REGIONAL BAIXO SÃO FRANCISCO" }, "geometry": { "type": "MultiPolygon", "coordinates": [ [ [ [ -38.58869451, -10.69900834 ], [ -38.63134554, -10.71654883 ], [ -38.6740068, -10.69912698 ], [ -38.69171817, -10.65695396 ], [ -38.6740993, -10.61476388 ], [ -38.63138205, -10.59717184 ], [ -38.58878102, -10.61489411 ], [ -38.57113373, -10.65680381 ], [ -38.58869451, -10.69900834 ] ] ] ] } },
{ "type": "Feature", "properties": { "gid": 19, "terrai_cod": 27601, "terrai_nom": "Massacara", "etnia_nome": "Kaimbé", "municipio_": "Euclides da Cunha", "uf_sigla": "BA", "fase_ti": "Regularizada", "modalidade": "Tradicionalmente ocupada", "cr": "COORDENACAO REGIONAL BAIXO SÃO FRANCISCO" }, "geometry": { "type": "MultiPolygon", "coordinates": [ [ [ [ -38.75168572, -10.48269545 ], [ -38.75738501, -10.48667829 ], [ -38.77298505, -10.47391692 ], [ -38.7771829, -10.46676945 ], [ -38.79678916, -10.46035043 ], [ -38.81258563, -10.45512774 ], [ -38.81937208, -10.45234214 ], [ -38.82625307, -10.43475189 ], [ -38.82769822, -10.43105483 ], [ -38.83231298, -10.42058886 ], [ -38.82523355, -10.40992788 ], [ -38.82043866, -10.4029866 ], [ -38.81278294, -10.39584446 ], [ -38.80410246, -10.39093974 ], [ -38.7986862, -10.38861752 ], [ -38.78754893, -10.38736315 ], [ -38.77098481, -10.38566698 ], [ -38.75650491, -10.38416221 ], [ -38.75335482, -10.38592487 ], [ -38.74627188, -10.39489963 ], [ -38.73690159, -10.406463 ], [ -38.73690309, -10.41653293 ], [ -38.73829748, -10.42891567 ], [ -38.74056934, -10.44843462 ], [ -38.74246963, -10.46420097 ], [ -38.74331931, -10.47116095 ], [ -38.74611592, -10.47886745 ], [ -38.75168572, -10.48269545 ] ] ] ] } },
{ "type": "Feature", "properties": { "gid": 20, "terrai_cod": 28001, "terrai_nom": "Mata Medonha", "etnia_nome": "Pataxó", "municipio_": "Santa Cruz Cabrália", "uf_sigla": "BA", "fase_ti": "Regularizada", "modalidade": "Tradicionalmente ocupada", "cr": "COORDENACAO REGIONAL SUL DA BAHIA" }, "geometry": { "type": "MultiPolygon", "coordinates": [ [ [ [ -38.99784498, -16.14803871 ], [ -38.99644815, -16.15509086 ], [ -38.99774266, -16.15568865 ], [ -38.99871481, -16.15621171 ], [ -38.99899427, -16.15659962 ], [ -38.99904074, -16.15757748 ], [ -38.99846988, -16.15829361 ], [ -38.99844509, -16.1592227 ], [ -38.99851963, -16.16007955 ], [ -38.9989127, -16.16081768 ], [ -38.99916183, -16.16159866 ], [ -38.9989858, -16.16254375 ], [ -38.99891347, -16.16372423 ], [ -38.99891182, -16.1648393 ], [ -38.99873037, -16.16585427 ], [ -38.99851745, -16.1663051 ], [ -38.99829733, -16.16660616 ], [ -38.9989596, -16.16652852 ], [ -38.99949468, -16.16639828 ], [ -38.99994852, -16.16622736 ], [ -39.00056561, -16.16600613 ], [ -39.0010753, -16.16596195 ], [ -39.0014625, -16.16580403 ], [ -39.00256421, -16.16525591 ], [ -39.00337793, -16.16491639 ], [ -39.00528235, -16.16441435 ], [ -39.00576741, -16.16432457 ], [ -39.0061545, -16.16428956 ], [ -39.00702837, -16.16450736 ], [ -39.00737872, -16.164584 ], [ -39.00784648, -16.16447547 ], [ -39.00901381, -16.16429181 ], [ -39.00945214, -16.16432177 ], [ -39.00966193, -16.16439758 ], [ -39.00987094, -16.16460505 ], [ -39.01000254, -16.1649653 ], [ -39.01001395, -16.16566859 ], [ -39.01006182, -16.16577724 ], [ -39.01020498, -16.16586605 ], [ -39.01066533, -16.16585361 ], [ -39.01098782, -16.1658054 ], [ -39.01141682, -16.16583472 ], [ -39.01163459, -16.16592863 ], [ -39.01192226, -16.16608879 ], [ -39.01222733, -16.16614477 ], [ -39.01259644, -16.16609974 ], [ -39.01297296, -16.16595862 ], [ -39.01335746, -16.16583561 ], [ -39.01392906, -16.16583954 ], [ -39.014522, -16.1658098 ], [ -39.0147193, -16.16568278 ], [ -39.01489602, -16.16545776 ], [ -39.01515237, -16.16480787 ], [ -39.01536775, -16.16456792 ], [ -39.01566628, -16.16446538 ], [ -39.01609394, -16.16451216 ], [ -39.01649689, -16.16463628 ], [ -39.01691378, -16.16482283 ], [ -39.01743403, -16.16488471 ], [ -39.01777381, -16.16485524 ], [ -39.01799707, -16.16475632 ], [ -39.01809716, -16.1645524 ], [ -39.01806351, -16.16413737 ], [ -39.01789651, -16.16387129 ], [ -39.01759038, -16.16346399 ], [ -39.01752943, -16.16303831 ], [ -39.01763894, -16.16271209 ], [ -39.01783489, -16.16260254 ], [ -39.01819332, -16.16257433 ], [ -39.01854636, -16.162616 ], [ -39.01894941, -16.16261718 ], [ -39.01917468, -16.16249206 ], [ -39.01938937, -16.16226084 ], [ -39.0195807, -16.16208949 ], [ -39.01992461, -16.16188465 ], [ -39.0201991, -16.16185071 ], [ -39.02044024, -16.16188474 ], [ -39.02076184, -16.16209111 ], [ -39.02111816, -16.16221204 ], [ -39.02166177, -16.16221404 ], [ -39.02225268, -16.16221048 ], [ -39.02253708, -16.16229137 ], [ -39.02297446, -16.16269885 ], [ -39.02338281, -16.16360491 ], [ -39.02370182, -16.16372329 ], [ -39.02395969, -16.16366186 ], [ -39.02423293, -16.16352244 ], [ -39.02470365, -16.16301011 ], [ -39.02520494, -16.16258768 ], [ -39.02556144, -16.16246272 ], [ -39.02585123, -16.16247372 ], [ -39.02635475, -16.16263104 ], [ -39.02667318, -16.16263522 ], [ -39.02527141, -16.15076311 ], [ -39.01821268, -16.15197628 ], [ -39.01768659, -16.15174717 ], [ -39.01716242, -16.15161479 ], [ -39.01657702, -16.15142555 ], [ -39.01570328, -16.15108489 ], [ -39.01522189, -16.15076224 ], [ -39.01477848, -16.1504334 ], [ -39.01438506, -16.15006407 ], [ -39.01381733, -16.14940183 ], [ -39.01355708, -16.1491294 ], [ -39.01324086, -16.14885316 ], [ -39.0129086, -16.14866363 ], [ -39.00999059, -16.14553146 ], [ -39.00306505, -16.13734883 ], [ -39.00236611, -16.13851289 ], [ -39.00157867, -16.13863475 ], [ -39.00073847, -16.13895495 ], [ -38.99965485, -16.13963611 ], [ -38.99927464, -16.14031262 ], [ -38.99909286, -16.14109048 ], [ -38.99885434, -16.14199618 ], [ -38.99880896, -16.1429502 ], [ -38.99880646, -16.14359103 ], [ -38.99885721, -16.14427063 ], [ -38.99890537, -16.14486224 ], [ -38.99866165, -16.14559196 ], [ -38.9983862, -16.14600341 ], [ -38.9980101, -16.14650456 ], [ -38.99788396, -16.14680327 ], [ -38.99782376, -16.14709771 ], [ -38.99784498, -16.14803871 ] ] ] ] } },
{ "type": "Feature", "properties": { "gid": 21, "terrai_cod": 32301, "terrai_nom": "Pankararé", "etnia_nome": "Pankararé", "municipio_": "Glória,Paulo Afonso,Rodelas", "uf_sigla": "BA", "fase_ti": "Regularizada", "modalidade": "Tradicionalmente ocupada", "cr": "COORDENACAO REGIONAL BAIXO SÃO FRANCISCO" }, "geometry": { "type": "MultiPolygon", "coordinates": [ [ [ [ -38.45303487, -9.40926303 ], [ -38.45816233, -9.4196926 ], [ -38.46555942, -9.42414811 ], [ -38.47248686, -9.42831296 ], [ -38.48050271, -9.4327951 ], [ -38.48864363, -9.43733512 ], [ -38.49631291, -9.44162806 ], [ -38.50471107, -9.44632785 ], [ -38.51390143, -9.45144597 ], [ -38.51343899, -9.46094133 ], [ -38.52263895, -9.46287115 ], [ -38.53185718, -9.46480166 ], [ -38.54051584, -9.46661216 ], [ -38.54853344, -9.46829043 ], [ -38.55781639, -9.470206 ], [ -38.57444048, -9.47364845 ], [ -38.58072908, -9.48025229 ], [ -38.58663495, -9.48645553 ], [ -38.59085793, -9.49477251 ], [ -38.59549856, -9.50392044 ], [ -38.59644022, -9.51201949 ], [ -38.59729534, -9.51941567 ], [ -38.59815384, -9.52673339 ], [ -38.59911992, -9.53507847 ], [ -38.59998893, -9.54255414 ], [ -38.60107879, -9.55196235 ], [ -38.61657448, -9.55205683 ], [ -38.62235457, -9.55206784 ], [ -38.63151389, -9.55215314 ], [ -38.64103051, -9.55220101 ], [ -38.64987214, -9.55225481 ], [ -38.65970726, -9.55231578 ], [ -38.66817541, -9.55236196 ], [ -38.68262306, -9.55244397 ], [ -38.68261111, -9.54194183 ], [ -38.68259903, -9.53262891 ], [ -38.68259564, -9.52331638 ], [ -38.68258692, -9.51471193 ], [ -38.68257801, -9.50530305 ], [ -38.68256948, -9.49587672 ], [ -38.68251231, -9.48610736 ], [ -38.68245656, -9.47770214 ], [ -38.68240763, -9.46833541 ], [ -38.68234761, -9.45880212 ], [ -38.68230741, -9.45063373 ], [ -38.68225612, -9.44149433 ], [ -38.68220047, -9.43224112 ], [ -38.68214341, -9.42179875 ], [ -38.68213129, -9.39415958 ], [ -38.68217677, -9.39416149 ], [ -38.67304907, -9.39347297 ], [ -38.66362124, -9.39277169 ], [ -38.6547479, -9.39210224 ], [ -38.64478466, -9.3913519 ], [ -38.64322715, -9.41111373 ], [ -38.51183036, -9.37416436 ], [ -38.50676693, -9.36305552 ], [ -38.48754132, -9.36562453 ], [ -38.46227036, -9.36766539 ], [ -38.45132984, -9.39613181 ], [ -38.44832408, -9.39868566 ], [ -38.44892634, -9.39986425 ], [ -38.44896466, -9.40101888 ], [ -38.45303487, -9.40926303 ] ] ] ] } },
{ "type": "Feature", "properties": { "gid": 22, "terrai_cod": 37601, "terrai_nom": "Quixaba", "etnia_nome": "Xucuru - Kariri", "municipio_": "Glória", "uf_sigla": "BA", "fase_ti": "Encaminhada RI", "modalidade": "Reserva Indígena", "cr": "COORDENACAO REGIONAL BAIXO SÃO FRANCISCO" }, "geometry": { "type": "MultiPolygon", "coordinates": [ [ [ [ -38.30200943, -9.22793457 ], [ -38.3020849, -9.22793436 ], [ -38.30219107, -9.2278765 ], [ -38.30241215, -9.22775266 ], [ -38.30268096, -9.22757184 ], [ -38.30368948, -9.22683822 ], [ -38.30382208, -9.22675925 ], [ -38.30421593, -9.22650134 ], [ -38.30443344, -9.22630034 ], [ -38.30488848, -9.22589513 ], [ -38.30534618, -9.22556834 ], [ -38.30637364, -9.22454922 ], [ -38.30554588, -9.22418485 ], [ -38.30528977, -9.22406624 ], [ -38.30503419, -9.22395477 ], [ -38.30487118, -9.22385035 ], [ -38.30467303, -9.22369748 ], [ -38.30460942, -9.22373236 ], [ -38.30442632, -9.22361416 ], [ -38.30425039, -9.22350266 ], [ -38.30416032, -9.22334204 ], [ -38.30446637, -9.22268683 ], [ -38.30440786, -9.22257963 ], [ -38.30440588, -9.22210335 ], [ -38.30443703, -9.22158345 ], [ -38.30401248, -9.22157965 ], [ -38.30334808, -9.22151867 ], [ -38.30256706, -9.22146452 ], [ -38.30124321, -9.22132782 ], [ -38.30112023, -9.22155622 ], [ -38.30095552, -9.22199211 ], [ -38.30078122, -9.22253453 ], [ -38.30052938, -9.22288324 ], [ -38.30004498, -9.22317379 ], [ -38.29971568, -9.22352245 ], [ -38.29907643, -9.2240455 ], [ -38.29881295, -9.22429705 ], [ -38.29925651, -9.22477501 ], [ -38.29927889, -9.22487499 ], [ -38.29998292, -9.22561411 ], [ -38.30056233, -9.22635461 ], [ -38.30111112, -9.22697042 ], [ -38.30127519, -9.22714077 ], [ -38.30136001, -9.2272463 ], [ -38.30137786, -9.22732991 ], [ -38.30146698, -9.2274264 ], [ -38.30157821, -9.22752267 ], [ -38.3017426, -9.22766697 ], [ -38.30184474, -9.22780275 ], [ -38.30195599, -9.22789051 ], [ -38.30200943, -9.22793457 ] ] ] ] } },
{ "type": "Feature", "properties": { "gid": 23, "terrai_cod": 59201, "terrai_nom": "Tumbalalá", "etnia_nome": "Tumbalalá", "municipio_": "Abaré,Curaçá", "uf_sigla": "BA", "fase_ti": "Delimitada", "modalidade": "Tradicionalmente ocupada", "cr": "COORDENACAO REGIONAL BAIXO SÃO FRANCISCO" }, "geometry": { "type": "MultiPolygon", "coordinates": [ [ [ [ -39.37632908, -8.53241712 ], [ -39.37600391, -8.53259811 ], [ -39.37566126, -8.53276093 ], [ -39.37518009, -8.53298005 ], [ -39.37490336, -8.53308391 ], [ -39.37410348, -8.53331768 ], [ -39.37339607, -8.533511 ], [ -39.37239548, -8.53376373 ], [ -39.37195537, -8.53386161 ], [ -39.37186324, -8.53389331 ], [ -39.3717533, -8.53391559 ], [ -39.3715788, -8.53396181 ], [ -39.37144095, -8.5340006 ], [ -39.37130309, -8.5340394 ], [ -39.37117432, -8.53407852 ], [ -39.37111918, -8.53409404 ], [ -39.37099914, -8.53414225 ], [ -39.3708791, -8.53419046 ], [ -39.37078697, -8.53422216 ], [ -39.37067567, -8.53427946 ], [ -39.37061111, -8.5343034 ], [ -39.37039826, -8.53440082 ], [ -39.37020288, -8.53451641 ], [ -39.37004551, -8.53458956 ], [ -39.36988712, -8.53468896 ], [ -39.36971931, -8.5347968 ], [ -39.36952393, -8.53491239 ], [ -39.36943078, -8.53497035 ], [ -39.36934671, -8.53502864 ], [ -39.36928079, -8.5350876 ], [ -39.36921521, -8.5351378 ], [ -39.3691587, -8.53518833 ], [ -39.36910288, -8.53522136 ], [ -39.36904638, -8.53527189 ], [ -39.36891624, -8.53534603 ], [ -39.36879552, -8.53541175 ], [ -39.36863815, -8.5354849 ], [ -39.36851742, -8.53555061 ], [ -39.36844345, -8.53558298 ], [ -39.36836947, -8.53561534 ], [ -39.36819361, -8.53569657 ], [ -39.36808264, -8.53574511 ], [ -39.36796226, -8.53580208 ], [ -39.36758296, -8.5359723 ], [ -39.36748176, -8.53600367 ], [ -39.36729716, -8.53607582 ], [ -39.36719595, -8.53610718 ], [ -39.36713139, -8.53613112 ], [ -39.36706649, -8.53616381 ], [ -39.3670295, -8.53617999 ], [ -39.36699286, -8.53618742 ], [ -39.36693703, -8.53622044 ], [ -39.36689029, -8.5362538 ], [ -39.36680587, -8.53632084 ], [ -39.36669286, -8.53642191 ], [ -39.36663602, -8.5364812 ], [ -39.36655126, -8.536557 ], [ -39.36646582, -8.5366503 ], [ -39.3663999, -8.53670926 ], [ -39.3663064, -8.53677597 ], [ -39.36623209, -8.53681708 ], [ -39.36616753, -8.53684102 ], [ -39.36609457, -8.53684712 ], [ -39.3659675, -8.53684247 ], [ -39.36583169, -8.53682874 ], [ -39.36575, -8.53682575 ], [ -39.36570496, -8.53681533 ], [ -39.365632, -8.53682143 ], [ -39.36554929, -8.5368447 ], [ -39.36542891, -8.53690167 ], [ -39.36520595, -8.53702501 ], [ -39.36510304, -8.53710014 ], [ -39.36500955, -8.53716685 ], [ -39.3649628, -8.53720021 ], [ -39.36491605, -8.53723356 ], [ -39.36487804, -8.53727601 ], [ -39.36481008, -8.53738749 ], [ -39.36477138, -8.53744744 ], [ -39.3647142, -8.53751548 ], [ -39.3646392, -8.5375741 ], [ -39.36449124, -8.53763882 ], [ -39.3643813, -8.53766109 ], [ -39.36421655, -8.53769013 ], [ -39.36411569, -8.53771274 ], [ -39.36402424, -8.53772693 ], [ -39.36393279, -8.53774111 ], [ -39.36387799, -8.53774787 ], [ -39.36364199, -8.53773924 ], [ -39.36355962, -8.53775376 ], [ -39.3634954, -8.53776894 ], [ -39.36339215, -8.53785283 ], [ -39.3632038, -8.53802126 ], [ -39.36292762, -8.53834428 ], [ -39.36258517, -8.53873501 ], [ -39.36225385, -8.53907354 ], [ -39.36179873, -8.53955657 ], [ -39.36158247, -8.53974152 ], [ -39.36150482, -8.54033479 ], [ -39.36135482, -8.54045203 ], [ -39.36089334, -8.54086469 ], [ -39.36050325, -8.54107833 ], [ -39.35984447, -8.5414224 ], [ -39.35964205, -8.54148512 ], [ -39.35937473, -8.54158053 ], [ -39.35918071, -8.54166109 ], [ -39.358986, -8.54175915 ], [ -39.35894867, -8.54178408 ], [ -39.35891134, -8.54180902 ], [ -39.35886459, -8.54184237 ], [ -39.35883668, -8.54185888 ], [ -39.35878993, -8.54189223 ], [ -39.3587711, -8.54190908 ], [ -39.35873377, -8.54193401 ], [ -39.35872435, -8.54194243 ], [ -39.35871493, -8.54195085 ], [ -39.35869609, -8.54196769 ], [ -39.35863993, -8.54200947 ], [ -39.35860191, -8.54205191 ], [ -39.3585925, -8.54206033 ], [ -39.3585639, -8.54209435 ], [ -39.35849763, -8.54216205 ], [ -39.35836442, -8.54231497 ], [ -39.35828703, -8.54243486 ], [ -39.35822847, -8.54253791 ], [ -39.35818944, -8.54260661 ], [ -39.35816924, -8.54265847 ], [ -39.35810966, -8.54278778 ], [ -39.35805745, -8.5429612 ], [ -39.35802305, -8.54314403 ], [ -39.35796471, -8.54347502 ], [ -39.35791441, -8.54383259 ], [ -39.35786377, -8.54419892 ], [ -39.35783074, -8.54434674 ], [ -39.35781586, -8.54449522 ], [ -39.35776761, -8.54480028 ], [ -39.35770789, -8.54516628 ], [ -39.35762115, -8.54575921 ], [ -39.35756211, -8.5461077 ], [ -39.35754519, -8.5463087 ], [ -39.35749761, -8.54659625 ], [ -39.35748615, -8.54665719 ], [ -39.3574555, -8.54674373 ], [ -39.35743496, -8.54680434 ], [ -39.35742418, -8.54684778 ], [ -39.35740432, -8.54689088 ], [ -39.35738446, -8.54693399 ], [ -39.35731716, -8.54702795 ], [ -39.35724987, -8.54712191 ], [ -39.35690003, -8.54746851 ], [ -39.35638973, -8.54796702 ], [ -39.35609605, -8.54827184 ], [ -39.35589758, -8.54846619 ], [ -39.3557361, -8.54864436 ], [ -39.35514567, -8.54933278 ], [ -39.35501142, -8.54951195 ], [ -39.35491553, -8.54963993 ], [ -39.35488625, -8.54969145 ], [ -39.3547092, -8.55003561 ], [ -39.35463317, -8.55012049 ], [ -39.35456724, -8.55017943 ], [ -39.35452957, -8.55021312 ], [ -39.35436174, -8.55032092 ], [ -39.35395381, -8.55052512 ], [ -39.35365686, -8.55068079 ], [ -39.35324859, -8.55089374 ], [ -39.35295061, -8.55107566 ], [ -39.35252247, -8.55133171 ], [ -39.35231834, -8.55143819 ], [ -39.3521976, -8.55150389 ], [ -39.3521142, -8.55154466 ], [ -39.35205905, -8.55156017 ], [ -39.35198678, -8.55154875 ], [ -39.35194174, -8.55153833 ], [ -39.35188898, -8.55149257 ], [ -39.35178279, -8.55141854 ], [ -39.35167626, -8.55135327 ], [ -39.35159491, -8.55134152 ], [ -39.35145807, -8.55135404 ], [ -39.35128355, -8.55140023 ], [ -39.35109054, -8.55145451 ], [ -39.35093316, -8.55152764 ], [ -39.35075557, -8.55165261 ], [ -39.35062473, -8.55174424 ], [ -39.35034012, -8.55204938 ], [ -39.35020074, -8.55235984 ], [ -39.35015779, -8.55276151 ], [ -39.3501265, -8.55333015 ], [ -39.35015274, -8.55382202 ], [ -39.3501298, -8.5539439 ], [ -39.34982498, -8.55430089 ], [ -39.34937561, -8.55463504 ], [ -39.34925487, -8.55470074 ], [ -39.34916205, -8.55474993 ], [ -39.34903463, -8.55475402 ], [ -39.34870717, -8.55475953 ], [ -39.34844256, -8.55478489 ], [ -39.34826941, -8.55479606 ], [ -39.34811442, -8.55480791 ], [ -39.34802228, -8.55483959 ], [ -39.34798563, -8.55484701 ], [ -39.3479483, -8.55487194 ], [ -39.34790189, -8.55489653 ], [ -39.34783629, -8.55494672 ], [ -39.3477707, -8.55499691 ], [ -39.34772258, -8.55506527 ], [ -39.34769433, -8.55509053 ], [ -39.34766504, -8.55514205 ], [ -39.34764518, -8.55518515 ], [ -39.34762463, -8.55524576 ], [ -39.34761487, -8.55526293 ], [ -39.3476135, -8.55529795 ], [ -39.34759554, -8.5555252 ], [ -39.34756181, -8.55569052 ], [ -39.34750856, -8.55589018 ], [ -39.3474476, -8.5560545 ], [ -39.34727395, -8.5563111 ], [ -39.34701587, -8.55663474 ], [ -39.34690045, -8.55679705 ], [ -39.34670796, -8.5570705 ], [ -39.34643841, -8.55745507 ], [ -39.34636101, -8.55757495 ], [ -39.34625603, -8.55770258 ], [ -39.34613324, -8.5578208 ], [ -39.34583353, -8.55804647 ], [ -39.34520192, -8.55839145 ], [ -39.34455214, -8.55873575 ], [ -39.34422726, -8.5589079 ], [ -39.3438462, -8.55912182 ], [ -39.343075, -8.55954932 ], [ -39.34287051, -8.55966453 ], [ -39.34226457, -8.55981758 ], [ -39.34157727, -8.55995888 ], [ -39.34119226, -8.56004116 ], [ -39.34095352, -8.56010252 ], [ -39.34045445, -8.56031209 ], [ -39.34000248, -8.56047956 ], [ -39.33967296, -8.56053758 ], [ -39.33940835, -8.56056292 ], [ -39.33851005, -8.56052114 ], [ -39.33815638, -8.56049938 ], [ -39.33779466, -8.56045103 ], [ -39.33740639, -8.56038416 ], [ -39.33712842, -8.56028629 ], [ -39.33641422, -8.55995325 ], [ -39.335978, -8.55971808 ], [ -39.33543456, -8.55943514 ], [ -39.33474228, -8.55900648 ], [ -39.33432524, -8.55874572 ], [ -39.33399589, -8.55856707 ], [ -39.33372871, -8.55842577 ], [ -39.33346958, -8.55831106 ], [ -39.33327262, -8.5582337 ], [ -39.33301109, -8.55818026 ], [ -39.33276669, -8.55815375 ], [ -39.33247554, -8.55816058 ], [ -39.33188176, -8.55823518 ], [ -39.33140598, -8.55831411 ], [ -39.33087505, -8.55840854 ], [ -39.33031552, -8.55853699 ], [ -39.32985584, -8.5586691 ], [ -39.32964398, -8.5587402 ], [ -39.32939445, -8.55884498 ], [ -39.3293208, -8.55886857 ], [ -39.32883372, -8.55923633 ], [ -39.32862751, -8.55939529 ], [ -39.32842233, -8.55952799 ], [ -39.32824576, -8.55962668 ], [ -39.32768383, -8.55981639 ], [ -39.32708593, -8.559996 ], [ -39.32664543, -8.56010252 ], [ -39.32612254, -8.56022353 ], [ -39.3256555, -8.56031154 ], [ -39.32420896, -8.56057388 ], [ -39.32353142, -8.56069797 ], [ -39.32258824, -8.56087363 ], [ -39.32177111, -8.56108023 ], [ -39.32062309, -8.56137983 ], [ -39.31928513, -8.5616549 ], [ -39.31872662, -8.56175706 ], [ -39.31829931, -8.56175886 ], [ -39.317953, -8.56178118 ], [ -39.3173116, -8.56167869 ], [ -39.31649174, -8.56149075 ], [ -39.3159997, -8.56128858 ], [ -39.31564415, -8.56108267 ], [ -39.31555612, -8.56100931 ], [ -39.31544189, -8.56090869 ], [ -39.31538109, -8.56083633 ], [ -39.31530282, -8.5607458 ], [ -39.31526823, -8.56070071 ], [ -39.31518294, -8.56055733 ], [ -39.3151165, -8.56039712 ], [ -39.31505776, -8.56027225 ], [ -39.31501614, -8.56017431 ], [ -39.31499062, -8.56012954 ], [ -39.31497384, -8.56009387 ], [ -39.31497418, -8.56008511 ], [ -39.31495706, -8.56005819 ], [ -39.31493959, -8.56004002 ], [ -39.31491407, -8.55999525 ], [ -39.31490534, -8.55998617 ], [ -39.3148966, -8.55997708 ], [ -39.31487074, -8.55994107 ], [ -39.31486201, -8.55993198 ], [ -39.31481834, -8.55988655 ], [ -39.31473904, -8.55982228 ], [ -39.31466779, -8.5597846 ], [ -39.31456966, -8.55973716 ], [ -39.31453404, -8.55971832 ], [ -39.3144806, -8.55969006 ], [ -39.31437305, -8.55965105 ], [ -39.31422011, -8.55961036 ], [ -39.31407624, -8.55957001 ], [ -39.31401304, -8.55955891 ], [ -39.31391354, -8.55954649 ], [ -39.31379622, -8.55952464 ], [ -39.31368764, -8.55951188 ], [ -39.31358779, -8.55950821 ], [ -39.31352459, -8.55949711 ], [ -39.3134429, -8.55949411 ], [ -39.31314403, -8.55946558 ], [ -39.31293594, -8.55944039 ], [ -39.31262766, -8.55942028 ], [ -39.31233754, -8.55940084 ], [ -39.31204741, -8.5593814 ], [ -39.31197513, -8.55936997 ], [ -39.31180232, -8.55937238 ], [ -39.31153035, -8.5593536 ], [ -39.311176, -8.55934932 ], [ -39.31075776, -8.55935146 ], [ -39.31055738, -8.55936161 ], [ -39.31034792, -8.55937143 ], [ -39.31019292, -8.55938325 ], [ -39.31007457, -8.55938766 ], [ -39.30991016, -8.5594079 ], [ -39.30968014, -8.55947832 ], [ -39.3095325, -8.55953424 ], [ -39.30935729, -8.5595979 ], [ -39.30923723, -8.55964607 ], [ -39.30919082, -8.55967065 ], [ -39.30912625, -8.55969457 ], [ -39.30910775, -8.55970266 ], [ -39.30908925, -8.55971074 ], [ -39.3090711, -8.55971007 ], [ -39.30906168, -8.55971849 ], [ -39.30904352, -8.55971782 ], [ -39.30902503, -8.5597259 ], [ -39.30900653, -8.55973399 ], [ -39.30897896, -8.55974174 ], [ -39.30886866, -8.55977273 ], [ -39.30871332, -8.55979331 ], [ -39.30851328, -8.55979471 ], [ -39.30831358, -8.55978736 ], [ -39.30802448, -8.55974166 ], [ -39.30780731, -8.55971613 ], [ -39.30757268, -8.55967243 ], [ -39.30733667, -8.55966375 ], [ -39.30708251, -8.55965439 ], [ -39.30684547, -8.55967195 ], [ -39.30667232, -8.55968311 ], [ -39.30641644, -8.55971751 ], [ -39.30627891, -8.5597475 ], [ -39.30622308, -8.5597805 ], [ -39.30577144, -8.55993916 ], [ -39.3051944, -8.5605139 ], [ -39.3044884, -8.56089983 ], [ -39.30295535, -8.56128158 ], [ -39.30116352, -8.56153985 ], [ -39.30007254, -8.56154348 ], [ -39.29815602, -8.56173579 ], [ -39.29476301, -8.5617948 ], [ -39.29386779, -8.56167417 ], [ -39.29310001, -8.56154946 ], [ -39.2917531, -8.56205194 ], [ -39.28977333, -8.5626976 ], [ -39.28887428, -8.56313769 ], [ -39.28791464, -8.56326882 ], [ -39.28644421, -8.56390693 ], [ -39.28510361, -8.5644797 ], [ -39.28496401, -8.56456219 ], [ -39.28410085, -8.56547682 ], [ -39.28363647, -8.56595922 ], [ -39.2833874, -8.56628305 ], [ -39.28290568, -8.56697512 ], [ -39.28250428, -8.56770522 ], [ -39.28123458, -8.5701735 ], [ -39.28016347, -8.57198306 ], [ -39.27962979, -8.57283971 ], [ -39.27642076, -8.57561309 ], [ -39.27525018, -8.57763799 ], [ -39.27418276, -8.58073581 ], [ -39.2734337, -8.58382785 ], [ -39.27311317, -8.58734762 ], [ -39.27300536, -8.59192685 ], [ -39.2727974, -8.59374193 ], [ -39.27256648, -8.59498653 ], [ -39.27184031, -8.59749223 ], [ -39.27128818, -8.59881255 ], [ -39.2701159, -8.60087228 ], [ -39.26930669, -8.60202531 ], [ -39.2687788, -8.60296092 ], [ -39.26828159, -8.60381004 ], [ -39.26802016, -8.6049045 ], [ -39.26726477, -8.60722501 ], [ -39.26657075, -8.60937251 ], [ -39.26575436, -8.61116494 ], [ -39.26517418, -8.61250168 ], [ -39.26412363, -8.61377712 ], [ -39.27052778, -8.62035084 ], [ -39.27141165, -8.62027801 ], [ -39.27229552, -8.62020518 ], [ -39.27258014, -8.62018173 ], [ -39.27316983, -8.62021784 ], [ -39.27401124, -8.62050108 ], [ -39.2748312, -8.62090222 ], [ -39.27536055, -8.62114384 ], [ -39.27563945, -8.621283 ], [ -39.27641074, -8.62180522 ], [ -39.27712279, -8.62210319 ], [ -39.27717486, -8.62210574 ], [ -39.27793618, -8.62178625 ], [ -39.27867598, -8.62116866 ], [ -39.27871572, -8.62113702 ], [ -39.27925317, -8.62046347 ], [ -39.27970904, -8.61968967 ], [ -39.28036487, -8.61920891 ], [ -39.28038488, -8.61920363 ], [ -39.28127123, -8.61908161 ], [ -39.28215667, -8.61908863 ], [ -39.28257856, -8.6190983 ], [ -39.28304547, -8.61908383 ], [ -39.28394369, -8.61901733 ], [ -39.28483277, -8.61904605 ], [ -39.28553607, -8.61926067 ], [ -39.28568932, -8.61933844 ], [ -39.28644292, -8.61981035 ], [ -39.28713179, -8.62032856 ], [ -39.28752788, -8.6206229 ], [ -39.28783369, -8.62084575 ], [ -39.28853271, -8.62136892 ], [ -39.28923334, -8.62186934 ], [ -39.2892481, -8.62187925 ], [ -39.29002343, -8.62229766 ], [ -39.29085224, -8.62261212 ], [ -39.29169689, -8.62288684 ], [ -39.29185496, -8.62293947 ], [ -39.2925482, -8.62310696 ], [ -39.29342778, -8.62322396 ], [ -39.29430466, -8.62337801 ], [ -39.29469673, -8.62350068 ], [ -39.29514823, -8.62368914 ], [ -39.29593838, -8.6241183 ], [ -39.29665073, -8.62465398 ], [ -39.29725985, -8.62529743 ], [ -39.29774025, -8.6260499 ], [ -39.29776694, -8.62610369 ], [ -39.2980837, -8.62686532 ], [ -39.29831928, -8.62768714 ], [ -39.29847353, -8.62852166 ], [ -39.29850712, -8.62876924 ], [ -39.29858315, -8.6293697 ], [ -39.29869063, -8.63021862 ], [ -39.29879811, -8.63106755 ], [ -39.29860069, -8.63197705 ], [ -39.29840327, -8.63288654 ], [ -39.29828667, -8.6334237 ], [ -39.29821553, -8.63379904 ], [ -39.29814406, -8.63472759 ], [ -39.29814818, -8.63485591 ], [ -39.29831976, -8.63562868 ], [ -39.2987426, -8.63648616 ], [ -39.29878111, -8.63655343 ], [ -39.2992426, -8.63729848 ], [ -39.29979261, -8.63804793 ], [ -39.30038632, -8.63872531 ], [ -39.30042088, -8.63876139 ], [ -39.30113937, -8.63938197 ], [ -39.30146209, -8.63957162 ], [ -39.30200314, -8.63981647 ], [ -39.30290829, -8.64013235 ], [ -39.3036947, -8.64036453 ], [ -39.30382789, -8.64039933 ], [ -39.3047861, -8.64053377 ], [ -39.30546379, -8.64069321 ], [ -39.30569505, -8.64081239 ], [ -39.30636834, -8.64149011 ], [ -39.30703279, -8.6421742 ], [ -39.30708591, -8.64220843 ], [ -39.30790789, -8.64256083 ], [ -39.30879061, -8.64295013 ], [ -39.30896972, -8.64308479 ], [ -39.30949607, -8.64357988 ], [ -39.3101266, -8.64417956 ], [ -39.31018484, -8.64423034 ], [ -39.31089981, -8.64485343 ], [ -39.31161648, -8.64547536 ], [ -39.31233648, -8.64609402 ], [ -39.31306139, -8.64670728 ], [ -39.31371483, -8.64724917 ], [ -39.31379298, -8.64731284 ], [ -39.31454613, -8.64789145 ], [ -39.31531844, -8.64844676 ], [ -39.31609383, -8.64900028 ], [ -39.31669206, -8.64944591 ], [ -39.31685839, -8.64957199 ], [ -39.31763904, -8.65014846 ], [ -39.31838042, -8.65076439 ], [ -39.3189914, -8.6514784 ], [ -39.31918083, -8.65180859 ], [ -39.31941332, -8.65231876 ], [ -39.31975392, -8.65318706 ], [ -39.320058, -8.65399744 ], [ -39.32008186, -8.65405906 ], [ -39.32040816, -8.65493353 ], [ -39.32072677, -8.65581082 ], [ -39.32105587, -8.6566846 ], [ -39.32116795, -8.65696631 ], [ -39.32149665, -8.65748449 ], [ -39.32223415, -8.65807104 ], [ -39.32310701, -8.65856764 ], [ -39.32393115, -8.65911506 ], [ -39.32439083, -8.65961936 ], [ -39.32453724, -8.65984266 ], [ -39.32504154, -8.660652 ], [ -39.32548224, -8.6614879 ], [ -39.3258124, -8.66235864 ], [ -39.3259272, -8.66284083 ], [ -39.32600568, -8.66326722 ], [ -39.32617412, -8.66418237 ], [ -39.32600552, -8.66478962 ], [ -39.32583693, -8.66539686 ], [ -39.32566833, -8.66600411 ], [ -39.32556952, -8.66636 ], [ -39.32551417, -8.6666134 ], [ -39.32547314, -8.66723863 ], [ -39.32549912, -8.66787314 ], [ -39.32551383, -8.66845287 ], [ -39.325513, -8.66850557 ], [ -39.32551972, -8.66913467 ], [ -39.32552414, -8.66976325 ], [ -39.32551944, -8.66991691 ], [ -39.32530642, -8.670305 ], [ -39.3247114, -8.67068786 ], [ -39.32426365, -8.67115699 ], [ -39.32426047, -8.67116731 ], [ -39.32408672, -8.67176163 ], [ -39.32391428, -8.67236795 ], [ -39.32374549, -8.67297538 ], [ -39.32358319, -8.6735701 ], [ -39.32357959, -8.67358341 ], [ -39.32342348, -8.67419354 ], [ -39.32327319, -8.67480514 ], [ -39.32311304, -8.67541469 ], [ -39.32305667, -8.67561035 ], [ -39.32283887, -8.67595663 ], [ -39.32229462, -8.67632665 ], [ -39.321731, -8.67670338 ], [ -39.32158846, -8.67686167 ], [ -39.32134186, -8.67721721 ], [ -39.32101918, -8.67776565 ], [ -39.32076191, -8.67834232 ], [ -39.32069443, -8.67853758 ], [ -39.32056898, -8.67895376 ], [ -39.32042306, -8.67959336 ], [ -39.32036817, -8.68023648 ], [ -39.32045238, -8.68085781 ], [ -39.32053811, -8.68109998 ], [ -39.32068604, -8.6814429 ], [ -39.32093649, -8.68202347 ], [ -39.32118694, -8.68260404 ], [ -39.32143739, -8.68318461 ], [ -39.31972381, -8.69609333 ], [ -39.31937431, -8.69680282 ], [ -39.31902481, -8.6975123 ], [ -39.31886312, -8.69784053 ], [ -39.31869451, -8.69823027 ], [ -39.31845668, -8.6989837 ], [ -39.31839981, -8.69919936 ], [ -39.31833709, -8.69975187 ], [ -39.31841794, -8.7005427 ], [ -39.31852528, -8.70133794 ], [ -39.31847515, -8.70210348 ], [ -39.31847169, -8.70211736 ], [ -39.31823513, -8.70286859 ], [ -39.31790174, -8.70358662 ], [ -39.31747123, -8.7042485 ], [ -39.3174603, -8.70426286 ], [ -39.31695056, -8.70487896 ], [ -39.31653707, -8.70532674 ], [ -39.31640809, -8.70546332 ], [ -39.31586146, -8.70605137 ], [ -39.31530301, -8.70662377 ], [ -39.31470357, -8.70715351 ], [ -39.31430653, -8.70744336 ], [ -39.31403755, -8.70761376 ], [ -39.31332553, -8.70799886 ], [ -39.31259091, -8.70833931 ], [ -39.3118513, -8.70866896 ], [ -39.31112428, -8.70902162 ], [ -39.31096636, -8.70910642 ], [ -39.31040893, -8.70940123 ], [ -39.30968041, -8.7097671 ], [ -39.30895242, -8.71013537 ], [ -39.3082402, -8.71052453 ], [ -39.30755893, -8.71095303 ], [ -39.30692384, -8.71143934 ], [ -39.30679459, -8.71155341 ], [ -39.306329, -8.71197573 ], [ -39.30573563, -8.71251395 ], [ -39.30514226, -8.71305216 ], [ -39.30454888, -8.71359038 ], [ -39.29577391, -8.72858186 ], [ -39.31076763, -8.73798861 ], [ -39.3107655, -8.73826901 ], [ -39.31076382, -8.73837677 ], [ -39.31074312, -8.73876351 ], [ -39.31069872, -8.7391481 ], [ -39.31062953, -8.73953027 ], [ -39.31053451, -8.73990974 ], [ -39.3104126, -8.74028626 ], [ -39.31031049, -8.74054837 ], [ -39.31025905, -8.74065621 ], [ -39.31002719, -8.74097497 ], [ -39.30973755, -8.74125225 ], [ -39.30943463, -8.74151865 ], [ -39.30916296, -8.74180478 ], [ -39.30902391, -8.74201639 ], [ -39.30896026, -8.7421368 ], [ -39.30877748, -8.74248325 ], [ -39.30859728, -8.74283167 ], [ -39.30842313, -8.74318297 ], [ -39.30825849, -8.74353807 ], [ -39.30810681, -8.74389789 ], [ -39.30797157, -8.74426337 ], [ -39.30792825, -8.74439436 ], [ -39.30785165, -8.74463393 ], [ -39.30773303, -8.74500492 ], [ -39.30761442, -8.7453759 ], [ -39.3074958, -8.74574689 ], [ -39.30737718, -8.74611788 ], [ -39.30742294, -8.74611083 ], [ -39.30786329, -8.74603855 ], [ -39.3083515, -8.74596483 ], [ -39.30883779, -8.74592499 ], [ -39.30897658, -8.74592382 ], [ -39.30931794, -8.7459542 ], [ -39.30979131, -8.74606574 ], [ -39.31026172, -8.74622082 ], [ -39.31073314, -8.74637858 ], [ -39.311155, -8.74648779 ], [ -39.31120948, -8.74649865 ], [ -39.31168904, -8.74659393 ], [ -39.31216914, -8.74668867 ], [ -39.31264972, -8.74678285 ], [ -39.31313073, -8.74687646 ], [ -39.3136121, -8.74696947 ], [ -39.31404282, -8.74705212 ], [ -39.31409378, -8.74706207 ], [ -39.31457563, -8.74717268 ], [ -39.31505766, -8.74730209 ], [ -39.31553997, -8.74743437 ], [ -39.31602264, -8.74755361 ], [ -39.31650578, -8.74764387 ], [ -39.31698948, -8.74768923 ], [ -39.31747383, -8.74767378 ], [ -39.31759289, -8.74765886 ], [ -39.31795871, -8.74760568 ], [ -39.31844361, -8.74753518 ], [ -39.31892851, -8.74746468 ], [ -39.3194134, -8.74739418 ], [ -39.31973499, -8.74799438 ], [ -39.31995502, -8.74840503 ], [ -39.32002737, -8.74860142 ], [ -39.31998854, -8.74928606 ], [ -39.31985666, -8.7499922 ], [ -39.31995301, -8.7504999 ], [ -39.32002584, -8.75062631 ], [ -39.32041666, -8.75118562 ], [ -39.32086377, -8.75170991 ], [ -39.32133066, -8.75222157 ], [ -39.32178082, -8.752743 ], [ -39.32217772, -8.75329661 ], [ -39.32225513, -8.75342645 ], [ -39.32251532, -8.75388695 ], [ -39.3228461, -8.75448306 ], [ -39.32317588, -8.75508018 ], [ -39.3235083, -8.75567481 ], [ -39.32362994, -8.75588867 ], [ -39.32385059, -8.75626302 ], [ -39.32421075, -8.75684371 ], [ -39.32457507, -8.75742211 ], [ -39.32491922, -8.75798831 ], [ -39.32492812, -8.75800388 ], [ -39.32503152, -8.75868713 ], [ -39.32486506, -8.75946984 ], [ -39.32470031, -8.76022455 ], [ -39.32480883, -8.76082383 ], [ -39.32501653, -8.76100736 ], [ -39.32535217, -8.76119603 ], [ -39.32595762, -8.76153638 ], [ -39.32656308, -8.76187673 ], [ -39.32716854, -8.76221707 ], [ -39.32777399, -8.76255742 ], [ -39.33141198, -8.76460522 ], [ -39.33130017, -8.76509055 ], [ -39.33127984, -8.7651788 ], [ -39.33119385, -8.76557721 ], [ -39.33110081, -8.76606668 ], [ -39.33101626, -8.76655712 ], [ -39.33097916, -8.76678042 ], [ -39.33095708, -8.76704775 ], [ -39.33100629, -8.76754235 ], [ -39.33111853, -8.76803936 ], [ -39.33123107, -8.76853638 ], [ -39.33128114, -8.76903104 ], [ -39.3312487, -8.76935897 ], [ -39.33121032, -8.76952001 ], [ -39.33104243, -8.76999133 ], [ -39.33082602, -8.77044642 ], [ -39.33064516, -8.77080016 ], [ -39.33059641, -8.77089044 ], [ -39.33029819, -8.77131305 ], [ -39.32995403, -8.77172002 ], [ -39.32963947, -8.77212693 ], [ -39.32943005, -8.77254934 ], [ -39.32940719, -8.77263822 ], [ -39.32945229, -8.77299535 ], [ -39.3297039, -8.7734578 ], [ -39.32992444, -8.77393858 ], [ -39.32994203, -8.77404336 ], [ -39.32997915, -8.77443323 ], [ -39.33002629, -8.77492836 ], [ -39.33007342, -8.77542348 ], [ -39.33012056, -8.77591861 ], [ -39.33016769, -8.77641373 ], [ -39.33021482, -8.77690886 ], [ -39.33026196, -8.77740398 ], [ -39.33055147, -8.77712144 ], [ -39.33084099, -8.7768389 ], [ -39.33113051, -8.77655636 ], [ -39.33142002, -8.77627382 ], [ -39.33170954, -8.77599128 ], [ -39.33199905, -8.77570873 ], [ -39.33228856, -8.77542619 ], [ -39.33236353, -8.77535302 ], [ -39.33259399, -8.77516609 ], [ -39.33294801, -8.77497522 ], [ -39.33333796, -8.77483712 ], [ -39.33374908, -8.7747324 ], [ -39.33416662, -8.77464164 ], [ -39.33457582, -8.77454544 ], [ -39.33464332, -8.7745272 ], [ -39.33497216, -8.77443595 ], [ -39.33536814, -8.77432606 ], [ -39.33576411, -8.77421618 ], [ -39.33616009, -8.77410629 ], [ -39.33655607, -8.77399641 ], [ -39.33695205, -8.77388652 ], [ -39.33771951, -8.77398786 ], [ -39.33848697, -8.7740892 ], [ -39.33871638, -8.77411949 ], [ -39.33920869, -8.77427399 ], [ -39.33977386, -8.77473613 ], [ -39.34021764, -8.77539465 ], [ -39.34058415, -8.77615197 ], [ -39.34091751, -8.77691049 ], [ -39.34104919, -8.77718782 ], [ -39.34117066, -8.77762748 ], [ -39.34119323, -8.77840142 ], [ -39.34135585, -8.77906659 ], [ -39.34137958, -8.77910278 ], [ -39.34203675, -8.7794825 ], [ -39.3428306, -8.77973967 ], [ -39.34316372, -8.78002883 ], [ -39.34329902, -8.78028587 ], [ -39.34357054, -8.78098589 ], [ -39.34382843, -8.78169956 ], [ -39.34408581, -8.78221132 ], [ -39.34418031, -8.78236246 ], [ -39.34458464, -8.78299137 ], [ -39.34501001, -8.78360779 ], [ -39.34547063, -8.78421104 ], [ -39.34589579, -8.78470779 ], [ -39.34598026, -8.78480044 ], [ -39.34654452, -8.78534171 ], [ -39.34721484, -8.7857029 ], [ -39.34725618, -8.78571458 ], [ -39.34797709, -8.78585794 ], [ -39.34874903, -8.78593502 ], [ -39.34952364, -8.78598363 ], [ -39.35029415, -8.78605293 ], [ -39.35086808, -8.78614868 ], [ -39.35105428, -8.78618874 ], [ -39.35181035, -8.7863514 ], [ -39.35256642, -8.78651407 ], [ -39.35332249, -8.78667674 ], [ -39.35407857, -8.78683941 ], [ -39.35497583, -8.79077443 ], [ -39.35484179, -8.7911651 ], [ -39.35470774, -8.79155577 ], [ -39.3546462, -8.79173513 ], [ -39.35457317, -8.79194648 ], [ -39.35443657, -8.79233746 ], [ -39.35430049, -8.79272875 ], [ -39.35416797, -8.79312038 ], [ -39.35404204, -8.79351237 ], [ -39.35397467, -8.79373496 ], [ -39.35393331, -8.79390542 ], [ -39.3538983, -8.79430431 ], [ -39.35393413, -8.79470836 ], [ -39.35402382, -8.79511562 ], [ -39.35415039, -8.79552411 ], [ -39.35429685, -8.79593189 ], [ -39.35444622, -8.796337 ], [ -39.35458153, -8.79673747 ], [ -39.35460585, -8.79681837 ], [ -39.35469814, -8.79713373 ], [ -39.35481406, -8.79752984 ], [ -39.35492998, -8.79792596 ], [ -39.3550459, -8.79832208 ], [ -39.35516182, -8.7987182 ], [ -39.35527773, -8.79911432 ], [ -39.3556718, -8.7990415 ], [ -39.35580839, -8.79903789 ], [ -39.35621036, -8.79920054 ], [ -39.35651778, -8.79949421 ], [ -39.35674832, -8.8000086 ], [ -39.35693951, -8.8009365 ], [ -39.35701796, -8.80108235 ], [ -39.35746284, -8.80172154 ], [ -39.35807729, -8.80243822 ], [ -39.35875016, -8.80302379 ], [ -39.35884764, -8.80309562 ], [ -39.35972056, -8.80360403 ], [ -39.36048407, -8.80379054 ], [ -39.36064361, -8.80379665 ], [ -39.36161156, -8.80370477 ], [ -39.36257982, -8.80345829 ], [ -39.36275558, -8.80340277 ], [ -39.36349922, -8.80310658 ], [ -39.36437835, -8.80268598 ], [ -39.3651254, -8.80237867 ], [ -39.36527855, -8.80233036 ], [ -39.36626798, -8.80218872 ], [ -39.36682146, -8.80227601 ], [ -39.36719721, -8.80244564 ], [ -39.36790464, -8.80311199 ], [ -39.3681305, -8.80343003 ], [ -39.36827387, -8.8040325 ], [ -39.36820259, -8.80435332 ], [ -39.36776113, -8.80475771 ], [ -39.36710926, -8.80530281 ], [ -39.36706729, -8.80542341 ], [ -39.36703349, -8.80637847 ], [ -39.36703806, -8.80639604 ], [ -39.36751264, -8.8072014 ], [ -39.36804415, -8.80800611 ], [ -39.36807097, -8.80808325 ], [ -39.36810184, -8.80894817 ], [ -39.36785958, -8.80949559 ], [ -39.36753085, -8.80959507 ], [ -39.36648835, -8.80948498 ], [ -39.36647688, -8.80949604 ], [ -39.36579764, -8.81031555 ], [ -39.36577084, -8.81076697 ], [ -39.36596055, -8.81113217 ], [ -39.36648383, -8.81192933 ], [ -39.36701538, -8.81261998 ], [ -39.36709089, -8.8127154 ], [ -39.36768129, -8.81349043 ], [ -39.36830875, -8.81420536 ], [ -39.36882687, -8.81462592 ], [ -39.36908173, -8.81479016 ], [ -39.36993118, -8.81526667 ], [ -39.37080431, -8.81568854 ], [ -39.37161636, -8.81606383 ], [ -39.37168821, -8.81609741 ], [ -39.37257569, -8.81650433 ], [ -39.37346638, -8.81690067 ], [ -39.37435902, -8.81728939 ], [ -39.37525235, -8.81767345 ], [ -39.37534346, -8.81771248 ], [ -39.37618482, -8.81794891 ], [ -39.37716462, -8.81809635 ], [ -39.37810986, -8.81834097 ], [ -39.37818246, -8.81837196 ], [ -39.37829691, -8.81922366 ], [ -39.37841583, -8.81958194 ], [ -39.37896339, -8.82001979 ], [ -39.37945223, -8.82005067 ], [ -39.3797888, -8.81978913 ], [ -39.38045895, -8.81922064 ], [ -39.38052931, -8.81915864 ], [ -39.38123861, -8.81850639 ], [ -39.38139371, -8.81837035 ], [ -39.38214126, -8.81818454 ], [ -39.38291944, -8.81798073 ], [ -39.38302923, -8.81785516 ], [ -39.3834325, -8.81721096 ], [ -39.38356165, -8.81706238 ], [ -39.38420844, -8.81636314 ], [ -39.38470097, -8.81597867 ], [ -39.38502601, -8.81579926 ], [ -39.38595816, -8.81551638 ], [ -39.38619457, -8.81548259 ], [ -39.38693543, -8.81543191 ], [ -39.38791678, -8.81541568 ], [ -39.38881054, -8.81535322 ], [ -39.38889196, -8.81534235 ], [ -39.38986297, -8.81521179 ], [ -39.39083163, -8.81506385 ], [ -39.39179285, -8.81487622 ], [ -39.39269618, -8.81464036 ], [ -39.39274153, -8.81462658 ], [ -39.39366791, -8.81431292 ], [ -39.39458077, -8.81397321 ], [ -39.39544612, -8.81366545 ], [ -39.39550045, -8.81364744 ], [ -39.39643276, -8.81335212 ], [ -39.39737049, -8.81307632 ], [ -39.39831132, -8.81281437 ], [ -39.39861281, -8.81273249 ], [ -39.39927178, -8.81257447 ], [ -39.40027946, -8.81243769 ], [ -39.40127612, -8.81249252 ], [ -39.40201511, -8.81272906 ], [ -39.40219944, -8.81282045 ], [ -39.40304082, -8.8133146 ], [ -39.40382381, -8.81388529 ], [ -39.40456331, -8.81451019 ], [ -39.40508998, -8.81499314 ], [ -39.4052743, -8.81516684 ], [ -39.40597083, -8.81583509 ], [ -39.40666036, -8.81650748 ], [ -39.40734892, -8.8171791 ], [ -39.40804254, -8.81784501 ], [ -39.40874726, -8.81850032 ], [ -39.40886575, -8.81860773 ], [ -39.40946435, -8.81914412 ], [ -39.41018648, -8.81978294 ], [ -39.4109113, -8.8204192 ], [ -39.4116366, -8.82105516 ], [ -39.41236019, -8.8216931 ], [ -39.41307984, -8.82233531 ], [ -39.41336357, -8.8225916 ], [ -39.41379688, -8.82298109 ], [ -39.41451535, -8.8236271 ], [ -39.41521639, -8.82428909 ], [ -39.41587911, -8.82498448 ], [ -39.41604364, -8.82517418 ], [ -39.41650165, -8.82571443 ], [ -39.41712203, -8.82644623 ], [ -39.41774242, -8.82717803 ], [ -39.4183628, -8.82790983 ], [ -39.41889283, -8.82785425 ], [ -39.41942285, -8.82779866 ], [ -39.41995288, -8.82774308 ], [ -39.4204829, -8.8276875 ], [ -39.42101293, -8.82763191 ], [ -39.42137752, -8.82759368 ], [ -39.42154284, -8.82757475 ], [ -39.4220711, -8.82749651 ], [ -39.42259739, -8.82740141 ], [ -39.42312196, -8.82730232 ], [ -39.42364507, -8.82721214 ], [ -39.4239234, -8.82717215 ], [ -39.42416517, -8.82718518 ], [ -39.42467138, -8.8274335 ], [ -39.42516431, -8.82779715 ], [ -39.42564703, -8.82805091 ], [ -39.4260456, -8.828015 ], [ -39.42612265, -8.82797664 ], [ -39.42659624, -8.8277406 ], [ -39.42706964, -8.82750427 ], [ -39.42754287, -8.82726768 ], [ -39.42801596, -8.82703086 ], [ -39.42848894, -8.82679385 ], [ -39.42896184, -8.82655668 ], [ -39.42943467, -8.82631937 ], [ -39.4297125, -8.82617988 ], [ -39.42990746, -8.82608198 ], [ -39.43049743, -8.82530286 ], [ -39.43108739, -8.82452374 ], [ -39.43167734, -8.82374462 ], [ -39.43185733, -8.8235069 ], [ -39.43221608, -8.822937 ], [ -39.43262028, -8.82205319 ], [ -39.43301929, -8.82116237 ], [ -39.43355451, -8.82034037 ], [ -39.43359623, -8.82029242 ], [ -39.43446792, -8.82013328 ], [ -39.43553345, -8.82017462 ], [ -39.43557569, -8.82015637 ], [ -39.43640948, -8.81970588 ], [ -39.43721393, -8.8191286 ], [ -39.43789982, -8.81845468 ], [ -39.43792321, -8.81842578 ], [ -39.43808853, -8.81741926 ], [ -39.43834964, -8.81676145 ], [ -39.43853786, -8.81664126 ], [ -39.43940879, -8.81616425 ], [ -39.44030021, -8.81572171 ], [ -39.44108313, -8.81528554 ], [ -39.44116199, -8.81523636 ], [ -39.44199966, -8.81471527 ], [ -39.44283346, -8.81418555 ], [ -39.44365642, -8.81363216 ], [ -39.44403461, -8.81336172 ], [ -39.4444598, -8.81303878 ], [ -39.4452041, -8.81237812 ], [ -39.44582395, -8.81162098 ], [ -39.44595967, -8.81139932 ], [ -39.44630832, -8.81077459 ], [ -39.4467706, -8.80991879 ], [ -39.44722504, -8.80906042 ], [ -39.4476203, -8.80831313 ], [ -39.44767884, -8.80820172 ], [ -39.44810356, -8.8073326 ], [ -39.44852183, -8.80646001 ], [ -39.44899161, -8.80560288 ], [ -39.44913868, -8.80537065 ], [ -39.44964041, -8.80491011 ], [ -39.45058897, -8.80460888 ], [ -39.45165869, -8.80445776 ], [ -39.45263281, -8.80420365 ], [ -39.45265762, -8.80419269 ], [ -39.45356221, -8.80377877 ], [ -39.45445866, -8.8033407 ], [ -39.45534033, -8.80288169 ], [ -39.45599278, -8.80252286 ], [ -39.45617779, -8.80237312 ], [ -39.45673817, -8.80150692 ], [ -39.45709738, -8.80128375 ], [ -39.45764304, -8.80129555 ], [ -39.45862986, -8.80152386 ], [ -39.45870678, -8.80152823 ], [ -39.45962681, -8.80157601 ], [ -39.46045626, -8.80145343 ], [ -39.46062671, -8.80138848 ], [ -39.4615039, -8.80090446 ], [ -39.46226647, -8.8002928 ], [ -39.46280482, -8.79981355 ], [ -39.46301476, -8.79963404 ], [ -39.46374811, -8.79896916 ], [ -39.46401733, -8.79860473 ], [ -39.46427819, -8.79815795 ], [ -39.46476905, -8.79731725 ], [ -39.46248138, -8.78738208 ], [ -39.47349096, -8.76852354 ], [ -39.47385171, -8.76814229 ], [ -39.47413842, -8.76779336 ], [ -39.47445725, -8.76732284 ], [ -39.47461159, -8.76710055 ], [ -39.47486684, -8.76662765 ], [ -39.47506203, -8.76629285 ], [ -39.47545623, -8.76552692 ], [ -39.47576209, -8.76492434 ], [ -39.47126157, -8.75960802 ], [ -39.47071244, -8.75871552 ], [ -39.47016331, -8.75782303 ], [ -39.46961418, -8.75693054 ], [ -39.46906504, -8.75603806 ], [ -39.46880928, -8.75562237 ], [ -39.46849514, -8.75516041 ], [ -39.46781277, -8.75436357 ], [ -39.46704453, -8.75362976 ], [ -39.4662344, -8.75292884 ], [ -39.46542635, -8.75223068 ], [ -39.46509924, -8.75193202 ], [ -39.46463337, -8.75153258 ], [ -39.46377851, -8.75090106 ], [ -39.4629255, -8.75026405 ], [ -39.46226104, -8.7496512 ], [ -39.46216396, -8.74953087 ], [ -39.46188969, -8.74854674 ], [ -39.46173903, -8.74748107 ], [ -39.46167155, -8.74731381 ], [ -39.46126984, -8.74653817 ], [ -39.46065417, -8.7456927 ], [ -39.46019704, -8.74527677 ], [ -39.4597771, -8.74501117 ], [ -39.45867486, -8.74467471 ], [ -39.45753502, -8.74472148 ], [ -39.45673242, -8.74503376 ], [ -39.45654349, -8.74514785 ], [ -39.45563504, -8.74570242 ], [ -39.45472747, -8.74626003 ], [ -39.45394554, -8.74673668 ], [ -39.45381757, -8.74681429 ], [ -39.45290833, -8.74737094 ], [ -39.45199313, -8.74791578 ], [ -39.45165385, -8.74810717 ], [ -39.4510259, -8.74825059 ], [ -39.44994442, -8.74797142 ], [ -39.44896491, -8.74756847 ], [ -39.44888245, -8.74753933 ], [ -39.44787439, -8.74717806 ], [ -39.44687883, -8.7467943 ], [ -39.44589637, -8.74636317 ], [ -39.44568797, -8.7462624 ], [ -39.44491771, -8.74588401 ], [ -39.44397089, -8.74535484 ], [ -39.44314704, -8.74469727 ], [ -39.44290516, -8.74442225 ], [ -39.44248203, -8.74388459 ], [ -39.44183151, -8.74305799 ], [ -39.44178541, -8.74307381 ], [ -39.44133008, -8.74303849 ], [ -39.44087098, -8.74269133 ], [ -39.44059767, -8.74229289 ], [ -39.44057207, -8.74222499 ], [ -39.44069869, -8.7417665 ], [ -39.44103353, -8.74130757 ], [ -39.44112622, -8.74111988 ], [ -39.44126397, -8.74083054 ], [ -39.44147259, -8.74033431 ], [ -39.44138862, -8.74000712 ], [ -39.44126442, -8.7398683 ], [ -39.44079321, -8.7396159 ], [ -39.44026469, -8.7395578 ], [ -39.44020585, -8.73955965 ], [ -39.43974701, -8.73958936 ], [ -39.43922951, -8.7396407 ], [ -39.43871158, -8.7397006 ], [ -39.43819298, -8.7397583 ], [ -39.43767346, -8.73980305 ], [ -39.43732156, -8.73982053 ], [ -39.43715279, -8.73982631 ], [ -39.43663139, -8.73984976 ], [ -39.43610962, -8.73987844 ], [ -39.43558772, -8.73990823 ], [ -39.43506593, -8.73993499 ], [ -39.43454449, -8.7399546 ], [ -39.43402364, -8.73996293 ], [ -39.43350361, -8.73995584 ], [ -39.43298466, -8.7399292 ], [ -39.43254413, -8.73988805 ], [ -39.432467, -8.73987918 ], [ -39.43194986, -8.73981975 ], [ -39.43143273, -8.73976032 ], [ -39.43091559, -8.73970089 ], [ -39.43039845, -8.73964145 ], [ -39.43208785, -8.71697394 ], [ -39.43311483, -8.70341944 ], [ -39.43233804, -8.700523 ], [ -39.43127184, -8.70081768 ], [ -39.43102328, -8.70088637 ], [ -39.43019479, -8.70106966 ], [ -39.42909432, -8.70122175 ], [ -39.42824172, -8.70131806 ], [ -39.42799155, -8.70134696 ], [ -39.42687413, -8.70142657 ], [ -39.4257636, -8.70133983 ], [ -39.42537999, -8.7012469 ], [ -39.42471443, -8.70099167 ], [ -39.42375843, -8.7004551 ], [ -39.42298476, -8.6999566 ], [ -39.42282172, -8.69985196 ], [ -39.42191511, -8.6992269 ], [ -39.42106822, -8.69854446 ], [ -39.42086532, -8.69836087 ], [ -39.42047659, -8.69766727 ], [ -39.42025043, -8.69655815 ], [ -39.41984842, -8.69578889 ], [ -39.41970659, -8.69566196 ], [ -39.41881676, -8.69503914 ], [ -39.41784684, -8.69450293 ], [ -39.41688776, -8.6939462 ], [ -39.41631851, -8.69352703 ], [ -39.41601661, -8.6932782 ], [ -39.4151858, -8.69256609 ], [ -39.4145032, -8.6917141 ], [ -39.4144312, -8.69158046 ], [ -39.41409609, -8.69069303 ], [ -39.41389464, -8.68964672 ], [ -39.41379945, -8.6889264 ], [ -39.41376004, -8.68858582 ], [ -39.41369671, -8.68751341 ], [ -39.41366302, -8.68644029 ], [ -39.41357991, -8.68537991 ], [ -39.41356259, -8.68525229 ], [ -39.41328391, -8.68436529 ], [ -39.41274518, -8.68340314 ], [ -39.41219195, -8.68244346 ], [ -39.41185481, -8.68143571 ], [ -39.41183715, -8.68127748 ], [ -39.41188558, -8.68037708 ], [ -39.41213099, -8.67932456 ], [ -39.4123878, -8.67827221 ], [ -39.41246071, -8.67768792 ], [ -39.41245064, -8.67721252 ], [ -39.41227626, -8.67614345 ], [ -39.41214983, -8.67507627 ], [ -39.41219113, -8.67460891 ], [ -39.41241043, -8.67406873 ], [ -39.41315009, -8.67324892 ], [ -39.41390034, -8.67241694 ], [ -39.41409387, -8.67201372 ], [ -39.41427283, -8.67140227 ], [ -39.41450324, -8.67035305 ], [ -39.41465491, -8.66929914 ], [ -39.41467011, -8.66915892 ], [ -39.41472088, -8.66823741 ], [ -39.41453727, -8.66745288 ], [ -39.41437973, -8.66719575 ], [ -39.41345899, -8.66660949 ], [ -39.41239391, -8.66617768 ], [ -39.41199004, -8.66586793 ], [ -39.41157527, -8.66543535 ], [ -39.41085035, -8.6645836 ], [ -39.41046778, -8.66365452 ], [ -39.41046049, -8.66359851 ], [ -39.41046191, -8.66252823 ], [ -39.41052988, -8.66145966 ], [ -39.41052594, -8.66125409 ], [ -39.41049317, -8.66039279 ], [ -39.41042846, -8.65932689 ], [ -39.4102746, -8.65826147 ], [ -39.41026386, -8.65821049 ], [ -39.4098808, -8.65726216 ], [ -39.40930852, -8.65637762 ], [ -39.40928735, -8.65634654 ], [ -39.40856114, -8.65556788 ], [ -39.40778346, -8.6548097 ], [ -39.40746052, -8.65435392 ], [ -39.40719859, -8.65382183 ], [ -39.40690856, -8.65278454 ], [ -39.40682788, -8.65194553 ], [ -39.40686468, -8.65174744 ], [ -39.40714055, -8.65093119 ], [ -39.40706457, -8.65072816 ], [ -39.40668803, -8.64972197 ], [ -39.4235587, -8.64336506 ], [ -39.43633218, -8.6505798 ], [ -39.4507795, -8.64642062 ], [ -39.45827759, -8.64974882 ], [ -39.4816162, -8.59780638 ], [ -39.48298656, -8.59529536 ], [ -39.48259268, -8.59490381 ], [ -39.48184146, -8.59435009 ], [ -39.4816018, -8.594201 ], [ -39.48122733, -8.59401189 ], [ -39.48093218, -8.59388708 ], [ -39.48033949, -8.59369877 ], [ -39.4800154, -8.59361676 ], [ -39.47973364, -8.59361523 ], [ -39.47928847, -8.59360773 ], [ -39.47875287, -8.59358815 ], [ -39.47809459, -8.59345007 ], [ -39.47742191, -8.59321498 ], [ -39.4770084, -8.59309461 ], [ -39.47665878, -8.59296781 ], [ -39.4761259, -8.59287816 ], [ -39.47570127, -8.59281001 ], [ -39.47528266, -8.59282102 ], [ -39.47477667, -8.59274113 ], [ -39.47443545, -8.59263218 ], [ -39.47419307, -8.59255315 ], [ -39.47402467, -8.59244174 ], [ -39.47376152, -8.59219532 ], [ -39.47351993, -8.59186197 ], [ -39.4733815, -8.59168149 ], [ -39.47324374, -8.5914835 ], [ -39.47304311, -8.59126567 ], [ -39.4726657, -8.59091859 ], [ -39.4723575, -8.59066175 ], [ -39.47208629, -8.59038872 ], [ -39.47185276, -8.59008198 ], [ -39.47176845, -8.58991226 ], [ -39.47166599, -8.58974187 ], [ -39.47158133, -8.58958091 ], [ -39.47149634, -8.5894287 ], [ -39.47141941, -8.5893031 ], [ -39.47139387, -8.58925831 ], [ -39.47137708, -8.58922262 ], [ -39.4713596, -8.58920444 ], [ -39.47134213, -8.58918626 ], [ -39.4713166, -8.58914147 ], [ -39.47127291, -8.58909602 ], [ -39.47119427, -8.58901421 ], [ -39.47110656, -8.58893207 ], [ -39.47103597, -8.58887687 ], [ -39.47096505, -8.58883042 ], [ -39.47084068, -8.58875571 ], [ -39.47076068, -8.58870893 ], [ -39.47059127, -8.58862381 ], [ -39.47024369, -8.58844446 ], [ -39.4699052, -8.58826545 ], [ -39.46976268, -8.58819008 ], [ -39.46970015, -8.58816148 ], [ -39.46964705, -8.58812446 ], [ -39.46958486, -8.5880871 ], [ -39.46869579, -8.58757223 ], [ -39.46815361, -8.58725421 ], [ -39.46779798, -8.58704826 ], [ -39.46756706, -8.58690827 ], [ -39.46714925, -8.58666496 ], [ -39.46698891, -8.58658017 ], [ -39.46676775, -8.58642299 ], [ -39.46659096, -8.58629374 ], [ -39.46638795, -8.58613722 ], [ -39.46557968, -8.58541482 ], [ -39.46485878, -8.58478332 ], [ -39.464517, -8.58445509 ], [ -39.46433249, -8.58429048 ], [ -39.46412143, -8.58410736 ], [ -39.46405993, -8.58405249 ], [ -39.46402464, -8.58402489 ], [ -39.46398027, -8.58399696 ], [ -39.46374901, -8.58386573 ], [ -39.46357993, -8.58377184 ], [ -39.4634196, -8.58368705 ], [ -39.46301892, -8.58347069 ], [ -39.46242739, -8.58301933 ], [ -39.46196124, -8.5826164 ], [ -39.46123603, -8.58186197 ], [ -39.46108647, -8.58173372 ], [ -39.46093725, -8.58159672 ], [ -39.46079643, -8.58147756 ], [ -39.46066435, -8.58136749 ], [ -39.46055882, -8.58127593 ], [ -39.46046169, -8.58120222 ], [ -39.46039179, -8.5811295 ], [ -39.4603481, -8.58108406 ], [ -39.4602866, -8.58102919 ], [ -39.46023418, -8.58097465 ], [ -39.46018175, -8.58092011 ], [ -39.46012967, -8.58085682 ], [ -39.46010345, -8.58082955 ], [ -39.46004297, -8.58074841 ], [ -39.46000802, -8.58071205 ], [ -39.45994754, -8.58063091 ], [ -39.45987934, -8.58051441 ], [ -39.45979435, -8.58036221 ], [ -39.45972752, -8.58021067 ], [ -39.45968587, -8.58011268 ], [ -39.45966102, -8.58005038 ], [ -39.45963583, -8.57999684 ], [ -39.45939412, -8.5791987 ], [ -39.45924172, -8.57867569 ], [ -39.45915854, -8.57824292 ], [ -39.4590976, -8.57770572 ], [ -39.45907751, -8.57752081 ], [ -39.45897707, -8.57659628 ], [ -39.45893417, -8.57629653 ], [ -39.45889933, -8.57602339 ], [ -39.45886449, -8.57575024 ], [ -39.45883668, -8.57552998 ], [ -39.45879208, -8.57527401 ], [ -39.45876893, -8.57516793 ], [ -39.45868938, -8.57487561 ], [ -39.45859973, -8.57460923 ], [ -39.45854945, -8.57426536 ], [ -39.45848771, -8.57398247 ], [ -39.45847306, -8.57365744 ], [ -39.45848701, -8.57329838 ], [ -39.4584727, -8.57296459 ], [ -39.45842412, -8.57257694 ], [ -39.45839801, -8.57231288 ], [ -39.45838903, -8.57207576 ], [ -39.45826987, -8.57163291 ], [ -39.45819905, -8.57134968 ], [ -39.45811076, -8.57104828 ], [ -39.45803325, -8.57070342 ], [ -39.45792612, -8.57041886 ], [ -39.45785326, -8.57018818 ], [ -39.45774647, -8.56989487 ], [ -39.45766419, -8.56967262 ], [ -39.45756512, -8.56941467 ], [ -39.45746707, -8.56913045 ], [ -39.45737436, -8.5689429 ], [ -39.45732567, -8.56879203 ], [ -39.45724135, -8.56862232 ], [ -39.45719165, -8.56849773 ], [ -39.45715806, -8.56842634 ], [ -39.45707374, -8.56825664 ], [ -39.45699748, -8.56811353 ], [ -39.45698205, -8.56804281 ], [ -39.45690511, -8.56791722 ], [ -39.45678652, -8.56769364 ], [ -39.45674317, -8.56763944 ], [ -39.45661483, -8.56743305 ], [ -39.45648648, -8.56722665 ], [ -39.45600092, -8.56662134 ], [ -39.4555486, -8.56609618 ], [ -39.4554619, -8.56598778 ], [ -39.4553221, -8.56584236 ], [ -39.45513861, -8.56565149 ], [ -39.45506032, -8.56556093 ], [ -39.45499041, -8.56548822 ], [ -39.45492017, -8.56542427 ], [ -39.45478911, -8.56528794 ], [ -39.45466644, -8.56516945 ], [ -39.45437742, -8.56488704 ], [ -39.45425442, -8.56477731 ], [ -39.45419326, -8.56471369 ], [ -39.45406083, -8.56461239 ], [ -39.45391093, -8.56449291 ], [ -39.45378657, -8.56441821 ], [ -39.45371565, -8.56437178 ], [ -39.45364405, -8.56434285 ], [ -39.45359968, -8.56431493 ], [ -39.45355463, -8.56430451 ], [ -39.45350993, -8.56428534 ], [ -39.45345614, -8.56426584 ], [ -39.45341143, -8.56424667 ], [ -39.45336639, -8.56423625 ], [ -39.45332134, -8.56422584 ], [ -39.45324032, -8.56420534 ], [ -39.45314115, -8.56418418 ], [ -39.45305072, -8.56417211 ], [ -39.45299625, -8.56417013 ], [ -39.45294213, -8.56415938 ], [ -39.45289708, -8.56414897 ], [ -39.45281538, -8.56414599 ], [ -39.45277034, -8.56413557 ], [ -39.45253534, -8.56410069 ], [ -39.45247214, -8.56408961 ], [ -39.45230069, -8.56405704 ], [ -39.45221933, -8.56404531 ], [ -39.45213798, -8.56403357 ], [ -39.45202133, -8.56399423 ], [ -39.4519672, -8.56398349 ], [ -39.45190468, -8.56395489 ], [ -39.45183342, -8.56391721 ], [ -39.4517094, -8.56383376 ], [ -39.45162134, -8.56376039 ], [ -39.45151683, -8.56364257 ], [ -39.45139417, -8.56352408 ], [ -39.45124529, -8.56337833 ], [ -39.45121942, -8.56334231 ], [ -39.4511932, -8.56331504 ], [ -39.45116699, -8.56328778 ], [ -39.45114952, -8.5632696 ], [ -39.45114986, -8.56326084 ], [ -39.45114112, -8.56325176 ], [ -39.45111559, -8.56320697 ], [ -39.4510467, -8.56310799 ], [ -39.45101209, -8.56306288 ], [ -39.45097748, -8.56301777 ], [ -39.45094253, -8.56298142 ], [ -39.4509254, -8.56295448 ], [ -39.45089919, -8.56292721 ], [ -39.45086424, -8.56289086 ], [ -39.45084642, -8.56288144 ], [ -39.45082861, -8.56287202 ], [ -39.45081987, -8.56286293 ], [ -39.4507755, -8.562835 ], [ -39.45073113, -8.56280708 ], [ -39.4506955, -8.56278824 ], [ -39.45065953, -8.56277815 ], [ -39.45062356, -8.56276807 ], [ -39.45059667, -8.56275832 ], [ -39.45056104, -8.56273948 ], [ -39.45052507, -8.5627294 ], [ -39.45047061, -8.56272741 ], [ -39.45039833, -8.562716 ], [ -39.45036236, -8.56270592 ], [ -39.45033513, -8.56270493 ], [ -39.4503079, -8.56270393 ], [ -39.45023528, -8.56270128 ], [ -39.45019897, -8.56269996 ], [ -39.45012601, -8.56270606 ], [ -39.45009878, -8.56270507 ], [ -39.45004431, -8.56270308 ], [ -39.45000766, -8.56271052 ], [ -39.4499532, -8.56270853 ], [ -39.44988966, -8.56270621 ], [ -39.4498167, -8.56271232 ], [ -39.44978005, -8.56271975 ], [ -39.44974374, -8.56271842 ], [ -39.44961631, -8.56272254 ], [ -39.44951646, -8.5627189 ], [ -39.44944384, -8.56271625 ], [ -39.44938064, -8.56270517 ], [ -39.44930836, -8.56269376 ], [ -39.44915541, -8.5626531 ], [ -39.44906633, -8.562606 ], [ -39.44890566, -8.56252998 ], [ -39.4487544, -8.56244553 ], [ -39.44846971, -8.56228606 ], [ -39.44836282, -8.56222954 ], [ -39.44827374, -8.56218244 ], [ -39.44803273, -8.56206841 ], [ -39.44793424, -8.56202974 ], [ -39.44769289, -8.56192446 ], [ -39.44758566, -8.5618767 ], [ -39.44755003, -8.56185786 ], [ -39.44746969, -8.56181985 ], [ -39.44742499, -8.56180068 ], [ -39.44730902, -8.56174383 ], [ -39.44723776, -8.56170615 ], [ -39.4471665, -8.56166847 ], [ -39.44711306, -8.56164021 ], [ -39.44705054, -8.56161162 ], [ -39.44699675, -8.56159212 ], [ -39.44693423, -8.56156353 ], [ -39.44679977, -8.56151477 ], [ -39.44669254, -8.56146701 ], [ -39.44657522, -8.56144519 ], [ -39.44648546, -8.5614156 ], [ -39.44637721, -8.56139411 ], [ -39.44629586, -8.56138238 ], [ -39.44622324, -8.56137972 ], [ -39.44613314, -8.5613589 ], [ -39.44604237, -8.56135558 ], [ -39.44599732, -8.56134517 ], [ -39.44594286, -8.56134318 ], [ -39.44585243, -8.56133111 ], [ -39.44577981, -8.56132846 ], [ -39.44571627, -8.56132614 ], [ -39.44565272, -8.56132382 ], [ -39.44551656, -8.56131885 ], [ -39.44543487, -8.56131587 ], [ -39.44532594, -8.5613119 ], [ -39.44522575, -8.56131701 ], [ -39.44517095, -8.56132378 ], [ -39.44509833, -8.56132113 ], [ -39.44504386, -8.56131914 ], [ -39.4449709, -8.56132525 ], [ -39.44492552, -8.56132359 ], [ -39.44480717, -8.56132804 ], [ -39.44473421, -8.56133415 ], [ -39.44462461, -8.56134768 ], [ -39.44446961, -8.56135957 ], [ -39.44432369, -8.56137178 ], [ -39.44407725, -8.56139786 ], [ -39.44396764, -8.5614114 ], [ -39.44385803, -8.56142494 ], [ -39.44372085, -8.56144624 ], [ -39.44358333, -8.56147629 ], [ -39.44344615, -8.5614976 ], [ -39.44329921, -8.56153608 ], [ -39.44320742, -8.56155904 ], [ -39.44296835, -8.56162923 ], [ -39.44280258, -8.56168457 ], [ -39.44259074, -8.56175576 ], [ -39.44255375, -8.56177195 ], [ -39.44250768, -8.5617878 ], [ -39.44246161, -8.56180366 ], [ -39.44240579, -8.5618367 ], [ -39.44231298, -8.56188593 ], [ -39.44209944, -8.56200091 ], [ -39.44203454, -8.56203361 ], [ -39.44199755, -8.5620498 ], [ -39.44196056, -8.56206599 ], [ -39.44191449, -8.56208185 ], [ -39.44184993, -8.5621058 ], [ -39.44175847, -8.56212 ], [ -39.44166702, -8.5621342 ], [ -39.4415396, -8.56213831 ], [ -39.44143941, -8.56214343 ], [ -39.44122087, -8.56215299 ], [ -39.44110252, -8.56215743 ], [ -39.44099326, -8.56216221 ], [ -39.44087491, -8.56216666 ], [ -39.44074749, -8.56217078 ], [ -39.44060157, -8.56218299 ], [ -39.44041832, -8.56222014 ], [ -39.44029794, -8.56227713 ], [ -39.44026095, -8.56229332 ], [ -39.4401409, -8.56234155 ], [ -39.44006658, -8.56238269 ], [ -39.4399926, -8.56241506 ], [ -39.43996469, -8.56243158 ], [ -39.43993712, -8.56243935 ], [ -39.43990013, -8.56245553 ], [ -39.43985406, -8.56247139 ], [ -39.43980833, -8.56247849 ], [ -39.43974377, -8.56250244 ], [ -39.43968897, -8.56250921 ], [ -39.43965232, -8.56251664 ], [ -39.43960693, -8.56251498 ], [ -39.43951582, -8.56252042 ], [ -39.43942504, -8.56251711 ], [ -39.43939781, -8.56251611 ], [ -39.43931612, -8.56251313 ], [ -39.439225, -8.56251857 ], [ -39.43918835, -8.562526 ], [ -39.43910632, -8.56253178 ], [ -39.43889618, -8.56255918 ], [ -39.43867696, -8.56258625 ], [ -39.43853944, -8.56261631 ], [ -39.43838342, -8.56265445 ], [ -39.4382459, -8.56268451 ], [ -39.43808013, -8.56273984 ], [ -39.43788712, -8.56279418 ], [ -39.43771261, -8.56284042 ], [ -39.43752028, -8.56287724 ], [ -39.43741941, -8.56289986 ], [ -39.43726374, -8.56292925 ], [ -39.43716321, -8.56294312 ], [ -39.43705326, -8.56296541 ], [ -39.43646754, -8.56306679 ], [ -39.43635793, -8.56308032 ], [ -39.43617503, -8.56310872 ], [ -39.43610207, -8.56311482 ], [ -39.43601969, -8.56312935 ], [ -39.43585562, -8.5631409 ], [ -39.43573693, -8.5631541 ], [ -39.43554631, -8.56314713 ], [ -39.43548276, -8.56314481 ], [ -39.43535602, -8.56313141 ], [ -39.43518457, -8.56309884 ], [ -39.43508574, -8.56306893 ], [ -39.43499599, -8.56303934 ], [ -39.43486187, -8.56298182 ], [ -39.43450592, -8.56278467 ], [ -39.43417686, -8.56259726 ], [ -39.4340525, -8.56252257 ], [ -39.43373184, -8.56235301 ], [ -39.43358898, -8.56228641 ], [ -39.43350899, -8.56223964 ], [ -39.43348209, -8.56222989 ], [ -39.43342899, -8.56219287 ], [ -39.43336681, -8.56215552 ], [ -39.43334026, -8.56213701 ], [ -39.43331371, -8.56211851 ], [ -39.43328716, -8.5621 ], [ -39.43325221, -8.56206365 ], [ -39.43319037, -8.56201754 ], [ -39.43318163, -8.56200845 ], [ -39.43317323, -8.56199061 ], [ -39.43313794, -8.56196301 ], [ -39.43312955, -8.56194517 ], [ -39.43312115, -8.56192732 ], [ -39.43311241, -8.56191823 ], [ -39.4330946, -8.56190881 ], [ -39.43301767, -8.56178323 ], [ -39.43297466, -8.56172028 ], [ -39.43293234, -8.56163981 ], [ -39.43290714, -8.56158628 ], [ -39.43289001, -8.56155934 ], [ -39.43287322, -8.56152365 ], [ -39.43283895, -8.56146979 ], [ -39.43280502, -8.56140716 ], [ -39.43277143, -8.56133578 ], [ -39.4327459, -8.56129101 ], [ -39.43269518, -8.56119269 ], [ -39.43266999, -8.56113916 ], [ -39.43263606, -8.56107654 ], [ -39.4325934, -8.56100483 ], [ -39.43254131, -8.56094154 ], [ -39.43251544, -8.56090552 ], [ -39.43248889, -8.56088701 ], [ -39.43246268, -8.56085974 ], [ -39.4324452, -8.56084157 ], [ -39.43241865, -8.56082306 ], [ -39.43240958, -8.56082273 ], [ -39.43238302, -8.56080422 ], [ -39.43233866, -8.56077629 ], [ -39.43229395, -8.56075712 ], [ -39.43225832, -8.56073828 ], [ -39.43221328, -8.56072787 ], [ -39.43217765, -8.56070903 ], [ -39.4321326, -8.56069861 ], [ -39.43209663, -8.56068853 ], [ -39.43206974, -8.56067878 ], [ -39.43204285, -8.56066903 ], [ -39.43201596, -8.56065928 ], [ -39.43198907, -8.56064952 ], [ -39.43196217, -8.56063977 ], [ -39.43193528, -8.56063002 ], [ -39.43191747, -8.5606206 ], [ -39.43189058, -8.56061085 ], [ -39.4318815, -8.56061052 ], [ -39.43186368, -8.5606011 ], [ -39.43185495, -8.56059201 ], [ -39.43183679, -8.56059135 ], [ -39.43182805, -8.56058226 ], [ -39.43166772, -8.56049748 ], [ -39.43151647, -8.56041304 ], [ -39.43147177, -8.56039386 ], [ -39.43139177, -8.5603471 ], [ -39.43132925, -8.56031851 ], [ -39.43125765, -8.56028958 ], [ -39.43122202, -8.56027074 ], [ -39.43114169, -8.56023273 ], [ -39.43107883, -8.5602129 ], [ -39.43098908, -8.56018331 ], [ -39.43093529, -8.56016381 ], [ -39.43088151, -8.56014431 ], [ -39.43062031, -8.56008215 ], [ -39.43054837, -8.56006199 ], [ -39.43046735, -8.56004149 ], [ -39.43032314, -8.56000991 ], [ -39.43020581, -8.55998809 ], [ -39.43000747, -8.55994577 ], [ -39.4299083, -8.55992461 ], [ -39.42980913, -8.55990345 ], [ -39.42973686, -8.55989204 ], [ -39.42961045, -8.55986988 ], [ -39.42952002, -8.55985781 ], [ -39.42942993, -8.55983698 ], [ -39.42935731, -8.55983433 ], [ -39.42930319, -8.55982358 ], [ -39.42926722, -8.5598135 ], [ -39.42918654, -8.55978424 ], [ -39.42913276, -8.55976474 ], [ -39.42908873, -8.55972806 ], [ -39.42905311, -8.55970922 ], [ -39.42894724, -8.55962643 ], [ -39.42878895, -8.55948911 ], [ -39.42852548, -8.5592515 ], [ -39.42710055, -8.55802441 ], [ -39.42667947, -8.55763197 ], [ -39.42654172, -8.55743402 ], [ -39.42621707, -8.55643128 ], [ -39.4260271, -8.5557053 ], [ -39.42589082, -8.55523557 ], [ -39.42582443, -8.55483855 ], [ -39.4258108, -8.5544873 ], [ -39.42577664, -8.55419668 ], [ -39.42573714, -8.55380941 ], [ -39.42563546, -8.55338479 ], [ -39.4255163, -8.552942 ], [ -39.42539374, -8.55258678 ], [ -39.42521071, -8.55215042 ], [ -39.42511334, -8.55184873 ], [ -39.42492758, -8.55148243 ], [ -39.42474183, -8.55111612 ], [ -39.42468237, -8.55100873 ], [ -39.42439676, -8.55063878 ], [ -39.42413499, -8.5503574 ], [ -39.42385472, -8.5500841 ], [ -39.4236077, -8.54989094 ], [ -39.42341378, -8.54973479 ], [ -39.42317618, -8.54953321 ], [ -39.42307032, -8.54945043 ], [ -39.42281694, -8.54918688 ], [ -39.42260759, -8.54896003 ], [ -39.42233174, -8.5485729 ], [ -39.4222017, -8.54841032 ], [ -39.42214088, -8.54833795 ], [ -39.42203672, -8.54821139 ], [ -39.42195842, -8.54812084 ], [ -39.42179242, -8.54794818 ], [ -39.42164457, -8.54777618 ], [ -39.42149536, -8.5476392 ], [ -39.42140798, -8.54754833 ], [ -39.42133775, -8.54748438 ], [ -39.42116165, -8.54733766 ], [ -39.42106486, -8.54725521 ], [ -39.42094992, -8.54717209 ], [ -39.42086085, -8.547125 ], [ -39.42079901, -8.5470789 ], [ -39.42055801, -8.54696488 ], [ -39.42046894, -8.54691778 ], [ -39.42028977, -8.54684987 ], [ -39.42015464, -8.54681863 ], [ -39.42001984, -8.54677863 ], [ -39.41992102, -8.54674872 ], [ -39.41976001, -8.54668146 ], [ -39.41969783, -8.54664412 ], [ -39.41967128, -8.54662561 ], [ -39.41961784, -8.54659736 ], [ -39.41958221, -8.54657852 ], [ -39.419556, -8.54655126 ], [ -39.41953818, -8.54654184 ], [ -39.41952037, -8.54653242 ], [ -39.41949416, -8.54650516 ], [ -39.41945853, -8.54648632 ], [ -39.41944979, -8.54647723 ], [ -39.41943266, -8.5464503 ], [ -39.41940611, -8.54643179 ], [ -39.41930058, -8.54634026 ], [ -39.41920481, -8.54623154 ], [ -39.41916147, -8.54617735 ], [ -39.41911812, -8.54612315 ], [ -39.41910939, -8.54611406 ], [ -39.41910065, -8.54610498 ], [ -39.41906604, -8.54605987 ], [ -39.41905764, -8.54604203 ], [ -39.41903143, -8.54601477 ], [ -39.41902303, -8.54599692 ], [ -39.4190143, -8.54598783 ], [ -39.4190059, -8.54596999 ], [ -39.41896323, -8.54589829 ], [ -39.41895552, -8.54586293 ], [ -39.41892329, -8.54575653 ], [ -39.41889946, -8.54566797 ], [ -39.41889208, -8.54562386 ], [ -39.41888606, -8.54554473 ], [ -39.41888072, -8.54544808 ], [ -39.41887402, -8.54538645 ], [ -39.41886835, -8.54529856 ], [ -39.41886199, -8.54522818 ], [ -39.41885427, -8.54519282 ], [ -39.41884723, -8.54513996 ], [ -39.41884893, -8.54509618 ], [ -39.4188335, -8.54502546 ], [ -39.41883418, -8.54500795 ], [ -39.41881034, -8.5449194 ], [ -39.41879423, -8.5448662 ], [ -39.41877744, -8.54483051 ], [ -39.4187519, -8.54478573 ], [ -39.41872671, -8.5447322 ], [ -39.4186921, -8.5446871 ], [ -39.41865715, -8.54465075 ], [ -39.41863094, -8.54462349 ], [ -39.41849887, -8.54451344 ], [ -39.41833184, -8.54436705 ], [ -39.41825219, -8.54431153 ], [ -39.4174325, -8.54365029 ], [ -39.41717743, -8.54343054 ], [ -39.41703695, -8.54330265 ], [ -39.41692269, -8.54320203 ], [ -39.41680911, -8.54308389 ], [ -39.41669621, -8.54294825 ], [ -39.41665388, -8.54286779 ], [ -39.41657059, -8.54267184 ], [ -39.4165471, -8.54257453 ], [ -39.41654074, -8.54250415 ], [ -39.41652768, -8.54237215 ], [ -39.41653142, -8.54227583 ], [ -39.41653686, -8.54213573 ], [ -39.41655409, -8.54192592 ], [ -39.4165703, -8.54174237 ], [ -39.41658413, -8.54162012 ], [ -39.41661714, -8.54147226 ], [ -39.4166135, -8.54133183 ], [ -39.41661622, -8.54126178 ], [ -39.41657457, -8.54116381 ], [ -39.41654098, -8.54109244 ], [ -39.41644453, -8.54100123 ], [ -39.41635512, -8.5409629 ], [ -39.4162563, -8.54093299 ], [ -39.41613898, -8.54091117 ], [ -39.41592987, -8.54091231 ], [ -39.4155483, -8.54090716 ], [ -39.41510286, -8.54090844 ], [ -39.41489341, -8.54091834 ], [ -39.41474784, -8.54092179 ], [ -39.41458378, -8.54093334 ], [ -39.41439248, -8.5409439 ], [ -39.41428254, -8.54096619 ], [ -39.41393388, -8.54104992 ], [ -39.41353848, -8.54116702 ], [ -39.41337238, -8.54123111 ], [ -39.41319822, -8.54126859 ], [ -39.41301464, -8.5413145 ], [ -39.41290504, -8.54132804 ], [ -39.41283174, -8.5413429 ], [ -39.41266836, -8.54133694 ], [ -39.41255002, -8.54134139 ], [ -39.41241455, -8.54131891 ], [ -39.41226194, -8.5412695 ], [ -39.41206531, -8.54118341 ], [ -39.41169359, -8.54092433 ], [ -39.41152623, -8.5407867 ], [ -39.41118413, -8.54046732 ], [ -39.41098114, -8.54031086 ], [ -39.41081446, -8.54015571 ], [ -39.41034494, -8.53984046 ], [ -39.40999002, -8.53961707 ], [ -39.40957395, -8.53933007 ], [ -39.40933533, -8.53915477 ], [ -39.40921131, -8.53907133 ], [ -39.40891459, -8.53875361 ], [ -39.40862695, -8.53843623 ], [ -39.40844348, -8.53824541 ], [ -39.4082499, -8.53808051 ], [ -39.40810036, -8.5379523 ], [ -39.40794979, -8.53785036 ], [ -39.407735, -8.53776361 ], [ -39.40742003, -8.53768197 ], [ -39.40674267, -8.53756957 ], [ -39.40608381, -8.53744908 ], [ -39.40550561, -8.53735783 ], [ -39.40520642, -8.53733815 ], [ -39.40464434, -8.5373001 ], [ -39.40409837, -8.53731524 ], [ -39.40354265, -8.53734757 ], [ -39.40303129, -8.53740782 ], [ -39.40267492, -8.53745618 ], [ -39.40218035, -8.53755211 ], [ -39.40177825, -8.53760758 ], [ -39.40138591, -8.53764587 ], [ -39.40093979, -8.53766465 ], [ -39.40060429, -8.53764364 ], [ -39.40007852, -8.53760691 ], [ -39.39949362, -8.53745403 ], [ -39.39867682, -8.53718748 ], [ -39.39802203, -8.53696192 ], [ -39.39741196, -8.53675552 ], [ -39.39628223, -8.5363548 ], [ -39.39551149, -8.53607239 ], [ -39.39538611, -8.53602398 ], [ -39.39496495, -8.53586831 ], [ -39.39456227, -8.53570456 ], [ -39.39426682, -8.53558856 ], [ -39.39412363, -8.53553073 ], [ -39.39396229, -8.53547223 ], [ -39.39282349, -8.53507118 ], [ -39.39223157, -8.53486545 ], [ -39.39124435, -8.53454007 ], [ -39.39046386, -8.53427484 ], [ -39.3899879, -8.53412595 ], [ -39.38972705, -8.53405505 ], [ -39.38933676, -8.5340408 ], [ -39.3889569, -8.53399186 ], [ -39.38867688, -8.53394656 ], [ -39.38831188, -8.53374912 ], [ -39.38775773, -8.53327298 ], [ -39.38738807, -8.53296139 ], [ -39.38690814, -8.53268084 ], [ -39.38656697, -8.53257194 ], [ -39.38621536, -8.53249773 ], [ -39.38586273, -8.53244978 ], [ -39.38538268, -8.53240595 ], [ -39.38508179, -8.53243003 ], [ -39.38488177, -8.53243149 ], [ -39.38451836, -8.53242698 ], [ -39.3838813, -8.53244755 ], [ -39.38344596, -8.53242288 ], [ -39.38307415, -8.53240054 ], [ -39.38211407, -8.53231286 ], [ -39.38162529, -8.53225994 ], [ -39.38112778, -8.53219793 ], [ -39.38068506, -8.53212916 ], [ -39.38014387, -8.53202171 ], [ -39.37985478, -8.53197608 ], [ -39.3793129, -8.53188615 ], [ -39.37887019, -8.53181738 ], [ -39.37875287, -8.53179556 ], [ -39.37839854, -8.53179138 ], [ -39.3781343, -8.53180802 ], [ -39.37775875, -8.53188197 ], [ -39.37746456, -8.53196766 ], [ -39.37707824, -8.53208505 ], [ -39.37693936, -8.53215011 ], [ -39.37669929, -8.53224655 ], [ -39.37632908, -8.53241712 ] ] ] ] } },
{ "type": "Feature", "properties": { "gid": 24, "terrai_cod": 68901, "terrai_nom": "Tupinambá de Belmonte", "etnia_nome": "Tupinambá", "municipio_": "Belmonte", "uf_sigla": "BA", "fase_ti": "Delimitada", "modalidade": "Tradicionalmente ocupada", "cr": "COORDENACAO REGIONAL SUL DA BAHIA" }, "geometry": { "type": "MultiPolygon", "coordinates": [ [ [ [ -39.13778071, -15.87230769 ], [ -39.13751534, -15.87235149 ], [ -39.13731974, -15.87233844 ], [ -39.1370583, -15.87232979 ], [ -39.13676957, -15.87231054 ], [ -39.13657398, -15.87229749 ], [ -39.13624603, -15.87230197 ], [ -39.13597462, -15.87230144 ], [ -39.13596465, -15.87230956 ], [ -39.13592739, -15.87230707 ], [ -39.13570255, -15.87230964 ], [ -39.13540385, -15.87229851 ], [ -39.13539453, -15.87229789 ], [ -39.13511381, -15.87229673 ], [ -39.13487099, -15.87228932 ], [ -39.13486168, -15.8722887 ], [ -39.13485171, -15.87229682 ], [ -39.1346169, -15.87230751 ], [ -39.13438878, -15.87235378 ], [ -39.13425445, -15.87239752 ], [ -39.13412144, -15.87242379 ], [ -39.13403433, -15.8724619 ], [ -39.13375768, -15.87253128 ], [ -39.13369117, -15.87254442 ], [ -39.13350569, -15.87264624 ], [ -39.13329292, -15.87273745 ], [ -39.1329125, -15.87281748 ], [ -39.13267375, -15.87288061 ], [ -39.13241717, -15.87305674 ], [ -39.13237992, -15.87305426 ], [ -39.1320361, -15.87314551 ], [ -39.13184261, -15.87322923 ], [ -39.13149079, -15.87330238 ], [ -39.13145353, -15.8732999 ], [ -39.13114552, -15.87328813 ], [ -39.13111692, -15.87329501 ], [ -39.13109829, -15.87329376 ], [ -39.13076903, -15.87331571 ], [ -39.13047767, -15.87333141 ], [ -39.13000411, -15.87340522 ], [ -39.12969151, -15.87345463 ], [ -39.12944738, -15.8734647 ], [ -39.12920391, -15.87346602 ], [ -39.12890193, -15.87349857 ], [ -39.1285202, -15.87359607 ], [ -39.12823488, -15.87365609 ], [ -39.12798616, -15.87372733 ], [ -39.12786049, -15.87378043 ], [ -39.12768563, -15.87386538 ], [ -39.12727084, -15.87415392 ], [ -39.12697765, -15.87431881 ], [ -39.12694971, -15.87431695 ], [ -39.12674756, -15.8743913 ], [ -39.12671897, -15.87439817 ], [ -39.12654738, -15.87443942 ], [ -39.12647221, -15.87444319 ], [ -39.1261255, -15.87432342 ], [ -39.1258853, -15.87428104 ], [ -39.12555721, -15.87416252 ], [ -39.1251007, -15.87400908 ], [ -39.12486378, -15.87392299 ], [ -39.12481721, -15.87391988 ], [ -39.12478193, -15.87389118 ], [ -39.12429012, -15.87370903 ], [ -39.12407984, -15.87364229 ], [ -39.12380501, -15.87356245 ], [ -39.1233771, -15.87340213 ], [ -39.1232673, -15.87336845 ], [ -39.12325798, -15.87336783 ], [ -39.12298447, -15.87327052 ], [ -39.1228647, -15.87324496 ], [ -39.12274624, -15.87320191 ], [ -39.12264445, -15.87318634 ], [ -39.1224541, -15.87310336 ], [ -39.12241816, -15.87308339 ], [ -39.12223044, -15.87296546 ], [ -39.12149149, -15.87245937 ], [ -39.12168499, -15.87299931 ], [ -39.12177328, -15.87406803 ], [ -39.1217738, -15.87455996 ], [ -39.12181223, -15.87504563 ], [ -39.12181617, -15.87561683 ], [ -39.12177012, -15.87610564 ], [ -39.12168668, -15.87646899 ], [ -39.12156533, -15.87683858 ], [ -39.12126386, -15.87736304 ], [ -39.12097433, -15.87785316 ], [ -39.12068139, -15.878264 ], [ -39.12025726, -15.87855189 ], [ -39.11924725, -15.8790378 ], [ -39.11873851, -15.87920584 ], [ -39.1182337, -15.87932145 ], [ -39.11671719, -15.87957148 ], [ -39.11570626, -15.87982016 ], [ -39.1147019, -15.87998142 ], [ -39.11419643, -15.88010575 ], [ -39.11369228, -15.8802126 ], [ -39.11255554, -15.88039136 ], [ -39.11221838, -15.88051815 ], [ -39.11166634, -15.88063936 ], [ -39.11061564, -15.88104344 ], [ -39.11015083, -15.88124952 ], [ -39.10964876, -15.88145311 ], [ -39.10855159, -15.88197704 ], [ -39.10804964, -15.8823036 ], [ -39.10771259, -15.88255335 ], [ -39.10720878, -15.8830291 ], [ -39.10666585, -15.88365154 ], [ -39.1060367, -15.88454928 ], [ -39.1057757, -15.88503247 ], [ -39.1053555, -15.88601444 ], [ -39.10518764, -15.88650385 ], [ -39.10515084, -15.88699325 ], [ -39.10506407, -15.88740026 ], [ -39.10493412, -15.88788343 ], [ -39.10489731, -15.88837282 ], [ -39.10489776, -15.88886471 ], [ -39.10514326, -15.89033037 ], [ -39.10526545, -15.89082162 ], [ -39.10568813, -15.89179848 ], [ -39.10602259, -15.89233029 ], [ -39.10644482, -15.89281526 ], [ -39.10690431, -15.89330273 ], [ -39.10786977, -15.89415782 ], [ -39.10828532, -15.89460722 ], [ -39.10875665, -15.89493738 ], [ -39.10938107, -15.89534806 ], [ -39.10984715, -15.89574814 ], [ -39.11038708, -15.89616194 ], [ -39.11089645, -15.89660884 ], [ -39.11391463, -15.89917349 ], [ -39.11437677, -15.89962601 ], [ -39.11492669, -15.90003171 ], [ -39.11543607, -15.90047861 ], [ -39.11591082, -15.90088806 ], [ -39.11845661, -15.9026394 ], [ -39.11892534, -15.90300453 ], [ -39.11947187, -15.90333095 ], [ -39.11993457, -15.90365176 ], [ -39.12140914, -15.90458484 ], [ -39.12195831, -15.9048763 ], [ -39.12267406, -15.90544242 ], [ -39.12318017, -15.90593303 ], [ -39.1246551, -15.90723506 ], [ -39.12511464, -15.90772256 ], [ -39.12548957, -15.90809021 ], [ -39.12591185, -15.90857521 ], [ -39.12638071, -15.90906334 ], [ -39.12697132, -15.90955082 ], [ -39.12713386, -15.90975494 ], [ -39.12751822, -15.9102462 ], [ -39.12789655, -15.91069313 ], [ -39.12819368, -15.9110995 ], [ -39.12866025, -15.91199155 ], [ -39.12886696, -15.91247971 ], [ -39.12903904, -15.91293043 ], [ -39.12920521, -15.9134598 ], [ -39.12945895, -15.91444303 ], [ -39.12975512, -15.91598249 ], [ -39.12979951, -15.91651251 ], [ -39.12988446, -15.91700132 ], [ -39.13000667, -15.91749263 ], [ -39.13017612, -15.91797831 ], [ -39.13030161, -15.91842591 ], [ -39.13040585, -15.91890723 ], [ -39.13162461, -15.92237069 ], [ -39.13183132, -15.92285887 ], [ -39.13200339, -15.92330959 ], [ -39.13217283, -15.92379528 ], [ -39.13260159, -15.92481659 ], [ -39.13285882, -15.92525545 ], [ -39.13327092, -15.92624929 ], [ -39.13358953, -15.92686795 ], [ -39.133789, -15.92745228 ], [ -39.13402913, -15.92811838 ], [ -39.13472597, -15.92980769 ], [ -39.13498254, -15.9302553 ], [ -39.13569868, -15.93119044 ], [ -39.13616757, -15.93167861 ], [ -39.13663974, -15.93212308 ], [ -39.13739951, -15.93272734 ], [ -39.1377805, -15.93313936 ], [ -39.1382028, -15.93362441 ], [ -39.13858444, -15.93402768 ], [ -39.13900664, -15.93438975 ], [ -39.13955927, -15.93476054 ], [ -39.13998476, -15.9350789 ], [ -39.14053466, -15.93536167 ], [ -39.14103731, -15.93565006 ], [ -39.14154666, -15.93597403 ], [ -39.14264974, -15.93649586 ], [ -39.14311185, -15.93682546 ], [ -39.14404658, -15.9373448 ], [ -39.14747098, -15.93962077 ], [ -39.14797759, -15.93985671 ], [ -39.14848027, -15.9401451 ], [ -39.14898085, -15.94033672 ], [ -39.14982957, -15.94063069 ], [ -39.1502576, -15.94079109 ], [ -39.15274379, -15.9415987 ], [ -39.15325305, -15.94179968 ], [ -39.15362781, -15.94192138 ], [ -39.15514649, -15.94276969 ], [ -39.1556119, -15.94305558 ], [ -39.15611525, -15.94333523 ], [ -39.15645877, -15.94349877 ], [ -39.15692091, -15.94382837 ], [ -39.15793034, -15.9444757 ], [ -39.15847765, -15.94479343 ], [ -39.15898374, -15.94516111 ], [ -39.15974282, -15.94565113 ], [ -39.16020573, -15.946095 ], [ -39.16122199, -15.94690092 ], [ -39.16168753, -15.94730982 ], [ -39.16219363, -15.94767751 ], [ -39.16256918, -15.94791347 ], [ -39.16301083, -15.94839106 ], [ -39.16328598, -15.94871695 ], [ -39.16345929, -15.94902724 ], [ -39.1635448, -15.94938438 ], [ -39.16355346, -15.94939374 ], [ -39.16364423, -15.94968094 ], [ -39.16384665, -15.95196991 ], [ -39.16393162, -15.95245879 ], [ -39.16405451, -15.95294142 ], [ -39.16422443, -15.95391919 ], [ -39.16434995, -15.95436686 ], [ -39.16444357, -15.9548651 ], [ -39.16489138, -15.95625681 ], [ -39.16519888, -15.95777091 ], [ -39.1653211, -15.95826229 ], [ -39.16540935, -15.95870747 ], [ -39.1654954, -15.95967964 ], [ -39.16566597, -15.96064867 ], [ -39.16574533, -15.96158525 ], [ -39.16574576, -15.96207727 ], [ -39.1658318, -15.96304943 ], [ -39.1658281, -15.96645799 ], [ -39.16587577, -15.96694438 ], [ -39.16587685, -15.96742766 ], [ -39.1659152, -15.96791343 ], [ -39.16591562, -15.96840546 ], [ -39.16595397, -15.96889123 ], [ -39.16603891, -15.96938012 ], [ -39.16607726, -15.9698659 ], [ -39.16607767, -15.97035792 ], [ -39.16616368, -15.97133009 ], [ -39.16640983, -15.97278741 ], [ -39.16649871, -15.97322385 ], [ -39.16683281, -15.97401057 ], [ -39.16720879, -15.9747386 ], [ -39.16741288, -15.97526183 ], [ -39.1676695, -15.97570951 ], [ -39.16791416, -15.97619153 ], [ -39.16901263, -15.97814522 ], [ -39.16921596, -15.97855419 ], [ -39.16943191, -15.97892008 ], [ -39.1696825, -15.97932343 ], [ -39.16984856, -15.97972991 ], [ -39.17009915, -15.98013326 ], [ -39.17039633, -15.98053973 ], [ -39.17081298, -15.98134957 ], [ -39.17106357, -15.98175292 ], [ -39.17131679, -15.98212131 ], [ -39.17152013, -15.98253029 ], [ -39.17203063, -15.98333763 ], [ -39.17227793, -15.9837847 ], [ -39.17277845, -15.98460015 ], [ -39.1730763, -15.98499789 ], [ -39.17345735, -15.98540999 ], [ -39.17400184, -15.98626354 ], [ -39.174293, -15.98662569 ], [ -39.17454623, -15.98699409 ], [ -39.17479682, -15.98739745 ], [ -39.17505071, -15.9877571 ], [ -39.17530064, -15.98816921 ], [ -39.17559783, -15.98857569 ], [ -39.17576106, -15.98877113 ], [ -39.1761361, -15.9891389 ], [ -39.17651453, -15.98958597 ], [ -39.17693352, -15.98999183 ], [ -39.17731185, -15.99031589 ], [ -39.17777735, -15.99060186 ], [ -39.17817827, -15.99087472 ], [ -39.18042772, -15.99209725 ], [ -39.181775, -15.99298701 ], [ -39.18214666, -15.99327548 ], [ -39.1829904, -15.9937625 ], [ -39.1834159, -15.99395793 ], [ -39.18379348, -15.99416772 ], [ -39.18420966, -15.99436253 ], [ -39.18505594, -15.99469156 ], [ -39.18547146, -15.99489511 ], [ -39.18594422, -15.99508491 ], [ -39.18765863, -15.9955775 ], [ -39.18825188, -15.99578415 ], [ -39.18879579, -15.99589964 ], [ -39.18997025, -15.99622427 ], [ -39.1906886, -15.99638658 ], [ -39.19127583, -15.9965489 ], [ -39.19241959, -15.9967836 ], [ -39.19300682, -15.99694592 ], [ -39.19359668, -15.99707326 ], [ -39.19540563, -15.99755457 ], [ -39.19603344, -15.99767566 ], [ -39.19658339, -15.99783547 ], [ -39.19717063, -15.99799778 ], [ -39.19780183, -15.99819817 ], [ -39.19813602, -15.99823811 ], [ -39.19973535, -15.99876688 ], [ -39.2002886, -15.99888297 ], [ -39.20095709, -15.99908586 ], [ -39.20221621, -15.99953035 ], [ -39.20285345, -15.99977508 ], [ -39.20344278, -16.00003417 ], [ -39.20474073, -16.00070972 ], [ -39.20475005, -16.00071034 ], [ -39.2049958, -16.00092218 ], [ -39.20518106, -16.00108187 ], [ -39.20524182, -16.00113371 ], [ -39.20549371, -16.00133878 ], [ -39.20575196, -16.00153686 ], [ -39.20601431, -16.00173046 ], [ -39.2062785, -16.00192212 ], [ -39.20654225, -16.00211436 ], [ -39.20680329, -16.0023097 ], [ -39.20705936, -16.00251067 ], [ -39.2073082, -16.00271979 ], [ -39.20754752, -16.00293959 ], [ -39.20762974, -16.00302064 ], [ -39.2077716, -16.00317353 ], [ -39.20796976, -16.00342457 ], [ -39.20814687, -16.00368923 ], [ -39.20830899, -16.00396362 ], [ -39.2084622, -16.00424386 ], [ -39.20861257, -16.00452606 ], [ -39.20876619, -16.00480632 ], [ -39.20892912, -16.00508076 ], [ -39.20910745, -16.00534549 ], [ -39.20914626, -16.00539794 ], [ -39.20929954, -16.00560151 ], [ -39.2226263, -15.99827615 ], [ -39.22534119, -15.99604968 ], [ -39.22623398, -15.99363996 ], [ -39.2307098, -15.99190879 ], [ -39.23097009, -15.99193495 ], [ -39.23128367, -15.99199981 ], [ -39.23149407, -15.99206658 ], [ -39.23151862, -15.99198913 ], [ -39.23175488, -15.99133702 ], [ -39.23200177, -15.99066805 ], [ -39.23232387, -15.9899953 ], [ -39.2326579, -15.9892882 ], [ -39.23280188, -15.9888672 ], [ -39.23306753, -15.9883225 ], [ -39.23328396, -15.98780967 ], [ -39.23348122, -15.98742737 ], [ -39.2336966, -15.98717811 ], [ -39.23414247, -15.9871024 ], [ -39.23465227, -15.98704853 ], [ -39.23521404, -15.98705085 ], [ -39.23574247, -15.98699822 ], [ -39.23613715, -15.98698061 ], [ -39.23651844, -15.9868918 ], [ -39.23683844, -15.98674617 ], [ -39.23700604, -15.98663432 ], [ -39.23709502, -15.98644692 ], [ -39.23723453, -15.98621016 ], [ -39.23742406, -15.98605582 ], [ -39.23762159, -15.9859196 ], [ -39.23783054, -15.98588081 ], [ -39.23785981, -15.98586519 ], [ -39.23836159, -15.98579319 ], [ -39.23866308, -15.98576936 ], [ -39.2387329, -15.9857125 ], [ -39.23893357, -15.98540951 ], [ -39.23916744, -15.98503843 ], [ -39.23927833, -15.98480855 ], [ -39.23945853, -15.98465359 ], [ -39.23973665, -15.98456668 ], [ -39.23976461, -15.98456854 ], [ -39.24003013, -15.98452473 ], [ -39.24013919, -15.98444412 ], [ -39.24019693, -15.98429857 ], [ -39.24018682, -15.98418365 ], [ -39.24007681, -15.98402692 ], [ -39.23997796, -15.98372154 ], [ -39.24010996, -15.98333487 ], [ -39.24032336, -15.98311182 ], [ -39.24037455, -15.98305372 ], [ -39.2409342, -15.98295921 ], [ -39.24096215, -15.98296107 ], [ -39.24099077, -15.98295419 ], [ -39.24140408, -15.98293781 ], [ -39.24145999, -15.98294153 ], [ -39.24150724, -15.9829359 ], [ -39.24180414, -15.98297326 ], [ -39.24184207, -15.982967 ], [ -39.24194327, -15.98299133 ], [ -39.24220776, -15.98321109 ], [ -39.24221446, -15.98324669 ], [ -39.24223113, -15.98327416 ], [ -39.24224912, -15.98328415 ], [ -39.24266308, -15.98325902 ], [ -39.24289635, -15.98352063 ], [ -39.24306059, -15.98395342 ], [ -39.24333221, -15.98457791 ], [ -39.24370489, -15.98510368 ], [ -39.24376553, -15.98516924 ], [ -39.24379415, -15.98516236 ], [ -39.24406542, -15.9849168 ], [ -39.24445981, -15.98465308 ], [ -39.2445442, -15.98452688 ], [ -39.24401463, -15.98359518 ], [ -39.24375771, -15.9830244 ], [ -39.2432989, -15.98227318 ], [ -39.24278361, -15.98102607 ], [ -39.24232968, -15.98045973 ], [ -39.24206781, -15.980205 ], [ -39.24155287, -15.97982794 ], [ -39.24070966, -15.97933233 ], [ -39.2400631, -15.97908711 ], [ -39.24112683, -15.97863952 ], [ -39.24156241, -15.97832581 ], [ -39.24141396, -15.97795056 ], [ -39.24126552, -15.97757531 ], [ -39.24111707, -15.97720006 ], [ -39.24096862, -15.97682481 ], [ -39.24094825, -15.97677333 ], [ -39.24091447, -15.97644213 ], [ -39.24102366, -15.97604526 ], [ -39.24114756, -15.97564365 ], [ -39.24116767, -15.97546974 ], [ -39.24116684, -15.97524534 ], [ -39.24113721, -15.97484846 ], [ -39.2410607, -15.97445232 ], [ -39.24098179, -15.97420066 ], [ -39.24091742, -15.974066 ], [ -39.24064431, -15.97376961 ], [ -39.24029323, -15.97352956 ], [ -39.23994422, -15.97327998 ], [ -39.23967729, -15.97295499 ], [ -39.23966312, -15.9729264 ], [ -39.2395015, -15.97255813 ], [ -39.23937803, -15.97216057 ], [ -39.23934614, -15.97176986 ], [ -39.23938129, -15.97156305 ], [ -39.23943169, -15.97139118 ], [ -39.23956148, -15.97101541 ], [ -39.23971799, -15.97064211 ], [ -39.23990126, -15.97027349 ], [ -39.24000712, -15.97008443 ], [ -39.24010812, -15.96991192 ], [ -39.2403184, -15.96955901 ], [ -39.24052985, -15.96921286 ], [ -39.24074402, -15.96887115 ], [ -39.24096244, -15.96853159 ], [ -39.24115693, -15.96823644 ], [ -39.24118642, -15.96819172 ], [ -39.2414061, -15.96784581 ], [ -39.24164232, -15.96751237 ], [ -39.24181535, -15.9673224 ], [ -39.24192637, -15.96721555 ], [ -39.24193634, -15.96720743 ], [ -39.24171436, -15.96692021 ], [ -39.24185136, -15.96684146 ], [ -39.24221775, -15.96657585 ], [ -39.24271543, -15.96593231 ], [ -39.24272606, -15.96591544 ], [ -39.24301612, -15.96529323 ], [ -39.24304539, -15.9652776 ], [ -39.24321331, -15.9649109 ], [ -39.24323391, -15.9648859 ], [ -39.24322655, -15.96485905 ], [ -39.24344187, -15.96460974 ], [ -39.24350236, -15.96455226 ], [ -39.24394817, -15.96447648 ], [ -39.24423442, -15.9645307 ], [ -39.2442797, -15.96455129 ], [ -39.2446006, -15.96464296 ], [ -39.24494734, -15.96463968 ], [ -39.24495666, -15.9646403 ], [ -39.24498461, -15.96464216 ], [ -39.24535064, -15.96463138 ], [ -39.24536993, -15.96462388 ], [ -39.24544578, -15.96461135 ], [ -39.24578859, -15.96466054 ], [ -39.24579791, -15.96466116 ], [ -39.24627249, -15.96470154 ], [ -39.24662577, -15.96461082 ], [ -39.2467814, -15.9645333 ], [ -39.24713256, -15.96434576 ], [ -39.24720041, -15.96431512 ], [ -39.24722967, -15.96429949 ], [ -39.24747113, -15.96420132 ], [ -39.24787608, -15.96392069 ], [ -39.24825977, -15.96367379 ], [ -39.24854898, -15.96343818 ], [ -39.24926814, -15.96271268 ], [ -39.2493113, -15.96263646 ], [ -39.24939714, -15.96211487 ], [ -39.24943263, -15.9617657 ], [ -39.24948495, -15.96156705 ], [ -39.24957438, -15.96124784 ], [ -39.24967378, -15.9609205 ], [ -39.24987928, -15.96030142 ], [ -39.24999339, -15.96002778 ], [ -39.25011813, -15.95973728 ], [ -39.25041582, -15.95938798 ], [ -39.25005847, -15.95940814 ], [ -39.24939509, -15.9595134 ], [ -39.24866567, -15.95950002 ], [ -39.24822576, -15.95949711 ], [ -39.24777376, -15.95940551 ], [ -39.24739287, -15.95923955 ], [ -39.24694856, -15.95891997 ], [ -39.24661084, -15.95867779 ], [ -39.24623453, -15.95845062 ], [ -39.24585414, -15.95815287 ], [ -39.24538842, -15.95774398 ], [ -39.24500248, -15.9572701 ], [ -39.24455686, -15.95696801 ], [ -39.24419838, -15.95662778 ], [ -39.24387275, -15.95647429 ], [ -39.24357492, -15.95619961 ], [ -39.2431419, -15.95585442 ], [ -39.24231116, -15.95519275 ], [ -39.24175374, -15.95488322 ], [ -39.24132285, -15.95463484 ], [ -39.24086122, -15.95429654 ], [ -39.23995661, -15.95362117 ], [ -39.23955891, -15.95330469 ], [ -39.23919913, -15.95298196 ], [ -39.23854364, -15.95248136 ], [ -39.23810131, -15.95213555 ], [ -39.23809199, -15.95213493 ], [ -39.2366738, -15.95106508 ], [ -39.23603157, -15.95051263 ], [ -39.23516817, -15.94978729 ], [ -39.2348849, -15.94944328 ], [ -39.23455358, -15.94899063 ], [ -39.23416128, -15.94872724 ], [ -39.23374888, -15.94835707 ], [ -39.23330787, -15.94799378 ], [ -39.23280229, -15.9476174 ], [ -39.23242912, -15.94722348 ], [ -39.23189837, -15.9469333 ], [ -39.23120433, -15.94644772 ], [ -39.23080141, -15.94620121 ], [ -39.23042856, -15.94605336 ], [ -39.22983994, -15.94578569 ], [ -39.22945647, -15.94565471 ], [ -39.22856986, -15.94549023 ], [ -39.22809729, -15.94542362 ], [ -39.22752697, -15.94541201 ], [ -39.22691399, -15.94534483 ], [ -39.22601364, -15.94536397 ], [ -39.2256895, -15.94531602 ], [ -39.22520354, -15.94517821 ], [ -39.22469944, -15.94490738 ], [ -39.22419927, -15.94458409 ], [ -39.22388576, -15.94451927 ], [ -39.22363092, -15.94454624 ], [ -39.22287114, -15.94468896 ], [ -39.22281524, -15.94468524 ], [ -39.2223461, -15.94469793 ], [ -39.22184559, -15.94462944 ], [ -39.22125472, -15.94414193 ], [ -39.22081273, -15.9440422 ], [ -39.22039134, -15.94391747 ], [ -39.22001588, -15.94380459 ], [ -39.21952045, -15.94354312 ], [ -39.21907474, -15.94311801 ], [ -39.21884005, -15.94275088 ], [ -39.21851299, -15.94249184 ], [ -39.21826863, -15.94237891 ], [ -39.21767691, -15.94227798 ], [ -39.21710711, -15.94213458 ], [ -39.21608338, -15.94192579 ], [ -39.21540963, -15.94167001 ], [ -39.2145373, -15.94119012 ], [ -39.2138634, -15.94081131 ], [ -39.21326339, -15.94044622 ], [ -39.2128059, -15.94017849 ], [ -39.21228909, -15.93982772 ], [ -39.21192316, -15.93933763 ], [ -39.21143109, -15.93853159 ], [ -39.21129547, -15.938092 ], [ -39.2112437, -15.93765799 ], [ -39.21138452, -15.93690291 ], [ -39.21150766, -15.9363839 ], [ -39.21159433, -15.93597668 ], [ -39.21177286, -15.93559316 ], [ -39.21236581, -15.93455187 ], [ -39.21281275, -15.93383474 ], [ -39.21347332, -15.93314063 ], [ -39.21398008, -15.93237476 ], [ -39.21405723, -15.93234475 ], [ -39.21406231, -15.93215178 ], [ -39.21397227, -15.93197883 ], [ -39.21371991, -15.93184779 ], [ -39.21370062, -15.93185529 ], [ -39.21360745, -15.93184909 ], [ -39.21317269, -15.93165318 ], [ -39.21284333, -15.93167519 ], [ -39.21283336, -15.93168331 ], [ -39.2127482, -15.93169521 ], [ -39.21210419, -15.93179291 ], [ -39.21198308, -15.93178485 ], [ -39.21153426, -15.9315265 ], [ -39.21130562, -15.93120373 ], [ -39.21112306, -15.93101583 ], [ -39.2106329, -15.93068443 ], [ -39.21024815, -15.93057094 ], [ -39.21018898, -15.93061093 ], [ -39.20961865, -15.93110016 ], [ -39.20931529, -15.93115025 ], [ -39.2089196, -15.93080757 ], [ -39.20864111, -15.93052541 ], [ -39.20803211, -15.93040577 ], [ -39.20754749, -15.93025047 ], [ -39.20722191, -15.93009698 ], [ -39.20712875, -15.93009078 ], [ -39.20701186, -15.9302763 ], [ -39.20669978, -15.93081786 ], [ -39.2063392, -15.93088171 ], [ -39.20602476, -15.93057958 ], [ -39.20544129, -15.93011895 ], [ -39.20506898, -15.92983933 ], [ -39.20439512, -15.92946055 ], [ -39.20402951, -15.92921652 ], [ -39.20357421, -15.92854477 ], [ -39.20308004, -15.92764197 ], [ -39.2023159, -15.92634336 ], [ -39.20159587, -15.92520586 ], [ -39.20068086, -15.92404659 ], [ -39.20069707, -15.92370499 ], [ -39.20056896, -15.92341529 ], [ -39.20035308, -15.92317246 ], [ -39.1997443, -15.92267501 ], [ -39.1989291, -15.92205837 ], [ -39.19833226, -15.92152657 ], [ -39.19785719, -15.92099409 ], [ -39.1975977, -15.92045841 ], [ -39.19708863, -15.91987974 ], [ -39.19622934, -15.91910201 ], [ -39.19570804, -15.91831166 ], [ -39.19532321, -15.91757433 ], [ -39.19515462, -15.91682505 ], [ -39.19482699, -15.91607396 ], [ -39.19478554, -15.91537709 ], [ -39.19533496, -15.91416603 ], [ -39.19599285, -15.91350694 ], [ -39.19599697, -15.91307668 ], [ -39.19558495, -15.91295259 ], [ -39.19490475, -15.91278428 ], [ -39.19446479, -15.91265833 ], [ -39.19444616, -15.91265709 ], [ -39.19391108, -15.91255117 ], [ -39.19323364, -15.9124709 ], [ -39.19263466, -15.91234314 ], [ -39.19262731, -15.91231629 ], [ -39.19215286, -15.91227591 ], [ -39.19105934, -15.91200098 ], [ -39.19072594, -15.91195242 ], [ -39.19013497, -15.91184276 ], [ -39.18964858, -15.91183672 ], [ -39.18904714, -15.91186694 ], [ -39.18872663, -15.91202131 ], [ -39.18770728, -15.91200611 ], [ -39.18775079, -15.91167514 ], [ -39.18777698, -15.91132544 ], [ -39.18779335, -15.91110688 ], [ -39.18771953, -15.91059237 ], [ -39.18766741, -15.91041318 ], [ -39.18757118, -15.9100729 ], [ -39.18754163, -15.9098425 ], [ -39.18749329, -15.90948783 ], [ -39.18748694, -15.90919747 ], [ -39.1874819, -15.90888963 ], [ -39.18750401, -15.90846937 ], [ -39.18755028, -15.90822644 ], [ -39.18758251, -15.90792108 ], [ -39.18762813, -15.9076869 ], [ -39.18768699, -15.90740088 ], [ -39.187704, -15.90717357 ], [ -39.18774489, -15.90687757 ], [ -39.18778054, -15.90665151 ], [ -39.18775394, -15.90613136 ], [ -39.18771245, -15.90593531 ], [ -39.18769874, -15.9056181 ], [ -39.18766787, -15.90540518 ], [ -39.18766757, -15.90515915 ], [ -39.18761953, -15.90505052 ], [ -39.18740597, -15.90452671 ], [ -39.18732444, -15.90424012 ], [ -39.18720957, -15.90389861 ], [ -39.18708605, -15.90354773 ], [ -39.18703654, -15.90333357 ], [ -39.18699439, -15.90314625 ], [ -39.18692707, -15.90304512 ], [ -39.18676186, -15.90287597 ], [ -39.18660727, -15.90268996 ], [ -39.18637881, -15.90249024 ], [ -39.18621294, -15.90232983 ], [ -39.18599919, -15.90218381 ], [ -39.18576615, -15.90204529 ], [ -39.18556645, -15.9019617 ], [ -39.18521085, -15.90170958 ], [ -39.18504564, -15.90154043 ], [ -39.18493174, -15.9014362 ], [ -39.18481588, -15.9013582 ], [ -39.18459885, -15.90125589 ], [ -39.18445374, -15.90119351 ], [ -39.18423475, -15.90111742 ], [ -39.18404829, -15.900982 ], [ -39.1838785, -15.90087405 ], [ -39.18368076, -15.90076423 ], [ -39.18343368, -15.90056328 ], [ -39.18322516, -15.90034731 ], [ -39.18300275, -15.90019193 ], [ -39.18283689, -15.90003152 ], [ -39.1825671, -15.89975876 ], [ -39.18246644, -15.8996027 ], [ -39.1823612, -15.89950783 ], [ -39.18220727, -15.89931308 ], [ -39.18207132, -15.89912831 ], [ -39.18190545, -15.8989679 ], [ -39.18176688, -15.8988181 ], [ -39.181627, -15.89868578 ], [ -39.18146703, -15.8984467 ], [ -39.18129447, -15.8982507 ], [ -39.18112256, -15.89804597 ], [ -39.1809067, -15.89780316 ], [ -39.18075277, -15.89760841 ], [ -39.1805722, -15.89739431 ], [ -39.18045699, -15.89730757 ], [ -39.18014863, -15.89704981 ], [ -39.17998408, -15.89687193 ], [ -39.17980286, -15.89666657 ], [ -39.17962441, -15.89654926 ], [ -39.17939481, -15.89649004 ], [ -39.1790714, -15.89643335 ], [ -39.17883052, -15.89639974 ], [ -39.1783128, -15.89631254 ], [ -39.17799805, -15.89626522 ], [ -39.17757218, -15.89620171 ], [ -39.17756287, -15.89620109 ], [ -39.17711836, -15.89613634 ], [ -39.17700789, -15.89611141 ], [ -39.17698926, -15.89611017 ], [ -39.17672371, -15.89603098 ], [ -39.17641027, -15.89596617 ], [ -39.17617004, -15.89592381 ], [ -39.17580676, -15.89589961 ], [ -39.17577881, -15.89589775 ], [ -39.17574155, -15.89589527 ], [ -39.17497561, -15.8957476 ], [ -39.17474404, -15.8957146 ], [ -39.17472476, -15.8957221 ], [ -39.17433811, -15.89563485 ], [ -39.17431016, -15.89563298 ], [ -39.17391486, -15.89553636 ], [ -39.17390554, -15.89553574 ], [ -39.17347232, -15.89544538 ], [ -39.1729097, -15.89508283 ], [ -39.17248826, -15.89483512 ], [ -39.17223661, -15.89469536 ], [ -39.17202825, -15.89460241 ], [ -39.17180651, -15.89443828 ], [ -39.17154212, -15.8942186 ], [ -39.17151548, -15.89419925 ], [ -39.17106857, -15.8937917 ], [ -39.17087674, -15.89360321 ], [ -39.17063425, -15.89334106 ], [ -39.17055631, -15.8932568 ], [ -39.17051905, -15.89325432 ], [ -39.17039504, -15.89303521 ], [ -39.17037641, -15.89303397 ], [ -39.17034438, -15.89296155 ], [ -39.17025713, -15.89287667 ], [ -39.17014797, -15.89283425 ], [ -39.16994304, -15.8928206 ], [ -39.16969547, -15.89275139 ], [ -39.16951652, -15.89276582 ], [ -39.16950721, -15.8927652 ], [ -39.16921779, -15.8927547 ], [ -39.16893034, -15.89271798 ], [ -39.16857507, -15.89271188 ], [ -39.16834547, -15.89265265 ], [ -39.16809447, -15.89250415 ], [ -39.16783351, -15.89236376 ], [ -39.16766438, -15.89224707 ], [ -39.16731012, -15.89197747 ], [ -39.16707172, -15.89178588 ], [ -39.16662154, -15.89142204 ], [ -39.16641174, -15.89122357 ], [ -39.16618265, -15.8910326 ], [ -39.16595436, -15.89095589 ], [ -39.16573524, -15.8907568 ], [ -39.16520124, -15.89038738 ], [ -39.16498248, -15.88993354 ], [ -39.16463534, -15.88894403 ], [ -39.16447574, -15.88845021 ], [ -39.16443119, -15.88792014 ], [ -39.16432878, -15.88741256 ], [ -39.16409749, -15.88650106 ], [ -39.16401779, -15.88606528 ], [ -39.1638969, -15.88567946 ], [ -39.1637659, -15.88517877 ], [ -39.16359044, -15.88477174 ], [ -39.16351562, -15.88452078 ], [ -39.16343003, -15.88416367 ], [ -39.1634047, -15.88412684 ], [ -39.16337742, -15.88411624 ], [ -39.16317053, -15.88412881 ], [ -39.16316122, -15.88412819 ], [ -39.16313262, -15.88413507 ], [ -39.16310402, -15.88414195 ], [ -39.16282801, -15.88420262 ], [ -39.16280938, -15.88420138 ], [ -39.16258533, -15.88431823 ], [ -39.16228153, -15.88450005 ], [ -39.16187264, -15.88471 ], [ -39.16166788, -15.88481935 ], [ -39.16162865, -15.88484309 ], [ -39.16144971, -15.88485752 ], [ -39.16125935, -15.88477455 ], [ -39.16113891, -15.88475774 ], [ -39.16106243, -15.884779 ], [ -39.16093349, -15.88487583 ], [ -39.1607181, -15.88500204 ], [ -39.16036429, -15.88510145 ], [ -39.15993597, -15.8851959 ], [ -39.15948837, -15.88529784 ], [ -39.15905205, -15.88537418 ], [ -39.15869351, -15.88541178 ], [ -39.15816404, -15.88548191 ], [ -39.15791597, -15.88554444 ], [ -39.15755809, -15.8855733 ], [ -39.15751952, -15.8855883 ], [ -39.15747965, -15.88562078 ], [ -39.15706115, -15.8855841 ], [ -39.15703189, -15.88559972 ], [ -39.15650424, -15.88552062 ], [ -39.15627596, -15.88544391 ], [ -39.15591925, -15.88533228 ], [ -39.1558913, -15.88533042 ], [ -39.1556663, -15.88521 ], [ -39.1556297, -15.88519878 ], [ -39.15543526, -15.88504526 ], [ -39.15517431, -15.88490487 ], [ -39.1550351, -15.88476382 ], [ -39.15496255, -15.88473263 ], [ -39.15465976, -15.88465095 ], [ -39.15456712, -15.884513 ], [ -39.15441991, -15.88435385 ], [ -39.15418087, -15.884171 ], [ -39.15403904, -15.88406491 ], [ -39.15386927, -15.88395696 ], [ -39.15372286, -15.88391206 ], [ -39.1535838, -15.88389401 ], [ -39.15333493, -15.88384228 ], [ -39.15332561, -15.88384166 ], [ -39.15310403, -15.88380053 ], [ -39.15284716, -15.8837307 ], [ -39.15278261, -15.88371761 ], [ -39.15260629, -15.88369707 ], [ -39.15247982, -15.88363593 ], [ -39.15229746, -15.88357106 ], [ -39.15227083, -15.88355172 ], [ -39.15205922, -15.88350247 ], [ -39.15186558, -15.88346321 ], [ -39.15185627, -15.88346259 ], [ -39.15162603, -15.8834121 ], [ -39.1515788, -15.88341773 ], [ -39.15137243, -15.88329856 ], [ -39.15136312, -15.88329794 ], [ -39.15098108, -15.88314948 ], [ -39.15078075, -15.88307463 ], [ -39.15049987, -15.88295049 ], [ -39.15028484, -15.88282195 ], [ -39.15019024, -15.88271023 ], [ -39.15012555, -15.88257414 ], [ -39.15005693, -15.88249051 ], [ -39.14994371, -15.88237754 ], [ -39.14984649, -15.88230078 ], [ -39.14974258, -15.88218844 ], [ -39.1496367, -15.88210232 ], [ -39.14959668, -15.8820118 ], [ -39.14954669, -15.88192941 ], [ -39.14945275, -15.88180894 ], [ -39.14930423, -15.88166727 ], [ -39.14914036, -15.88148065 ], [ -39.14898449, -15.88131213 ], [ -39.14873876, -15.8810937 ], [ -39.14858093, -15.88095141 ], [ -39.14843976, -15.88083658 ], [ -39.14817998, -15.88055573 ], [ -39.1480514, -15.88039781 ], [ -39.14792021, -15.88027487 ], [ -39.14773836, -15.88007827 ], [ -39.14760651, -15.87996406 ], [ -39.14745603, -15.87984861 ], [ -39.14731013, -15.87967198 ], [ -39.1471729, -15.8795047 ], [ -39.14693306, -15.87920761 ], [ -39.14685644, -15.87910587 ], [ -39.14672393, -15.8790004 ], [ -39.14656414, -15.87888433 ], [ -39.14643898, -15.87880571 ], [ -39.14627787, -15.87870713 ], [ -39.14622395, -15.87867718 ], [ -39.14600303, -15.87862731 ], [ -39.14578277, -15.8785687 ], [ -39.14573554, -15.87857434 ], [ -39.14543669, -15.87844021 ], [ -39.14511987, -15.8782961 ], [ -39.14469062, -15.87815328 ], [ -39.14437314, -15.87801791 ], [ -39.14409423, -15.87786755 ], [ -39.1436024, -15.87768542 ], [ -39.14335012, -15.8775544 ], [ -39.14302726, -15.87736596 ], [ -39.14271568, -15.87715193 ], [ -39.14249397, -15.87698781 ], [ -39.14230675, -15.87673814 ], [ -39.14211953, -15.87648848 ], [ -39.14193965, -15.87626566 ], [ -39.14176713, -15.87606968 ], [ -39.14152468, -15.87580755 ], [ -39.14120088, -15.87538188 ], [ -39.14102836, -15.87518591 ], [ -39.14083183, -15.87493562 ], [ -39.14058203, -15.87464665 ], [ -39.14049479, -15.87456177 ], [ -39.14032961, -15.87439264 ], [ -39.14007982, -15.87410367 ], [ -39.13987266, -15.87387025 ], [ -39.13961617, -15.8735457 ], [ -39.13950557, -15.87339777 ], [ -39.13946265, -15.87309624 ], [ -39.1396207, -15.87286082 ], [ -39.13979949, -15.87272341 ], [ -39.13981877, -15.87271591 ], [ -39.14004005, -15.87251106 ], [ -39.14007993, -15.87247858 ], [ -39.14010984, -15.87245422 ], [ -39.1402494, -15.87234055 ], [ -39.14026199, -15.87229747 ], [ -39.14023325, -15.87218136 ], [ -39.14015125, -15.87202655 ], [ -39.1400333, -15.87185179 ], [ -39.13994409, -15.87179313 ], [ -39.13972187, -15.87176075 ], [ -39.13954883, -15.87169651 ], [ -39.1394418, -15.87175086 ], [ -39.13917118, -15.87186458 ], [ -39.13897704, -15.87195704 ], [ -39.13864858, -15.87209326 ], [ -39.13838059, -15.87217201 ], [ -39.13822698, -15.87222326 ], [ -39.13796095, -15.87227579 ], [ -39.13778071, -15.87230769 ] ] ] ] } },
{ "type": "Feature", "properties": { "gid": 25, "terrai_cod": 55501, "terrai_nom": "Tupinambá de Olivença", "etnia_nome": "Tupinambá", "municipio_": "Una,Ilhéus,Buerarema", "uf_sigla": "BA", "fase_ti": "Delimitada", "modalidade": "Tradicionalmente ocupada", "cr": "COORDENACAO REGIONAL SUL DA BAHIA" }, "geometry": { "type": "MultiPolygon", "coordinates": [ [ [ [ -39.04814791, -14.91686518 ], [ -39.04722547, -14.91686815 ], [ -39.04657754, -14.91680952 ], [ -39.04626593, -14.9167371 ], [ -39.04594197, -14.91670779 ], [ -39.04540347, -14.91668242 ], [ -39.04490825, -14.91670369 ], [ -39.0444662, -14.91676343 ], [ -39.04412555, -14.91683838 ], [ -39.04387702, -14.91692794 ], [ -39.04372123, -14.91702339 ], [ -39.04354565, -14.91713513 ], [ -39.04337564, -14.91729989 ], [ -39.04326251, -14.9174507 ], [ -39.04315123, -14.91757529 ], [ -39.04303563, -14.91776105 ], [ -39.0427117, -14.91825834 ], [ -39.04237788, -14.91889543 ], [ -39.04193897, -14.92009635 ], [ -39.04182895, -14.92059842 ], [ -39.041688, -14.92101077 ], [ -39.04155694, -14.92128331 ], [ -39.04138569, -14.92146554 ], [ -39.0412336, -14.9216402 ], [ -39.04101845, -14.92178453 ], [ -39.04077238, -14.92197079 ], [ -39.04063575, -14.92205867 ], [ -39.04031611, -14.92223148 ], [ -39.04013929, -14.92236069 ], [ -39.04001069, -14.92246663 ], [ -39.03984995, -14.92263196 ], [ -39.03977638, -14.92275017 ], [ -39.03971826, -14.92291324 ], [ -39.03960451, -14.92320443 ], [ -39.03943573, -14.92361501 ], [ -39.03938194, -14.92371691 ], [ -39.0391309, -14.92239326 ], [ -39.03912348, -14.92236645 ], [ -39.03887555, -14.92218397 ], [ -39.03875436, -14.9217901 ], [ -39.03855773, -14.92114571 ], [ -39.03836605, -14.92056306 ], [ -39.03827392, -14.92041679 ], [ -39.03800622, -14.92038226 ], [ -39.03760311, -14.92028647 ], [ -39.03733848, -14.92007659 ], [ -39.0369731, -14.92036937 ], [ -39.03667572, -14.92062258 ], [ -39.03606673, -14.92080335 ], [ -39.03573658, -14.92112469 ], [ -39.03557955, -14.92150089 ], [ -39.03512636, -14.92184953 ], [ -39.03471151, -14.92191974 ], [ -39.0341223, -14.92155762 ], [ -39.0333711, -14.92085171 ], [ -39.03307619, -14.92028007 ], [ -39.032887, -14.92005743 ], [ -39.03200783, -14.9202386 ], [ -39.03107487, -14.92039002 ], [ -39.03050174, -14.92045896 ], [ -39.0297759, -14.92057964 ], [ -39.02970974, -14.92059299 ], [ -39.02928809, -14.92062766 ], [ -39.02825867, -14.9210889 ], [ -39.02783577, -14.92127268 ], [ -39.02712106, -14.92123608 ], [ -39.02661349, -14.92024724 ], [ -39.02617144, -14.91964872 ], [ -39.02578627, -14.91943119 ], [ -39.02574361, -14.91937582 ], [ -39.02566015, -14.91937053 ], [ -39.02493926, -14.91928965 ], [ -39.01995364, -14.9337783 ], [ -39.01838171, -14.93978651 ], [ -39.01325801, -14.94477004 ], [ -39.0130018, -14.94588583 ], [ -39.01244411, -14.94560461 ], [ -39.01216136, -14.94643788 ], [ -39.01177181, -14.94641308 ], [ -39.0113276, -14.947552 ], [ -39.01355444, -14.95227479 ], [ -39.00996439, -14.95179171 ], [ -39.00993523, -14.95220232 ], [ -39.00955454, -14.95375772 ], [ -39.00891239, -14.95715695 ], [ -39.00827358, -14.9594594 ], [ -39.00633179, -14.96567178 ], [ -39.00628289, -14.9658354 ], [ -39.00600431, -14.9667391 ], [ -39.00555698, -14.96922922 ], [ -39.0053796, -14.97067469 ], [ -39.00522876, -14.97227104 ], [ -39.00504485, -14.97459366 ], [ -39.00482717, -14.97621207 ], [ -39.00708375, -14.97632091 ], [ -39.00684322, -14.97786767 ], [ -39.00632614, -14.97963373 ], [ -39.00453331, -14.98413541 ], [ -39.00285397, -14.98756485 ], [ -39.00219349, -14.98885659 ], [ -39.00213839, -14.98897594 ], [ -39.00207022, -14.98927873 ], [ -39.0019487, -14.98993793 ], [ -39.00200102, -14.99181928 ], [ -39.00195156, -14.99565113 ], [ -38.99969915, -14.99548091 ], [ -38.99968872, -14.9965421 ], [ -39.00066821, -15.00175604 ], [ -39.00068575, -15.00712792 ], [ -39.00066266, -15.01084738 ], [ -39.0004698, -15.0117214 ], [ -39.00038919, -15.01206727 ], [ -39.00025978, -15.0123135 ], [ -38.99998606, -15.01288397 ], [ -38.99947012, -15.0141059 ], [ -38.99915079, -15.01544572 ], [ -38.99914602, -15.01720934 ], [ -38.9991797, -15.01778192 ], [ -38.99628308, -15.01775455 ], [ -38.99629228, -15.01788678 ], [ -38.99629116, -15.01868529 ], [ -38.99629379, -15.01943139 ], [ -38.99627591, -15.02033414 ], [ -38.99633366, -15.02096091 ], [ -38.99634535, -15.02105819 ], [ -38.99635125, -15.02149736 ], [ -38.99638312, -15.02196451 ], [ -38.99640679, -15.02267685 ], [ -38.99639443, -15.02363261 ], [ -38.99642782, -15.02460008 ], [ -38.99640813, -15.02539741 ], [ -38.99641323, -15.02610856 ], [ -38.99642458, -15.02673237 ], [ -38.99635349, -15.02759661 ], [ -38.99632005, -15.02858613 ], [ -38.99635351, -15.02942196 ], [ -38.99633808, -15.03028977 ], [ -38.99632283, -15.03089432 ], [ -38.99631257, -15.03142898 ], [ -38.99625323, -15.03225888 ], [ -38.99622254, -15.03281856 ], [ -38.9961815, -15.03313185 ], [ -38.99611565, -15.03353132 ], [ -38.99609807, -15.03390755 ], [ -38.99604347, -15.03414977 ], [ -38.99595416, -15.03448631 ], [ -38.99592487, -15.03567793 ], [ -38.99597311, -15.03656737 ], [ -38.99596159, -15.0371195 ], [ -38.9960167, -15.03791285 ], [ -38.99605209, -15.03859085 ], [ -38.99608571, -15.03916343 ], [ -38.99613913, -15.03971973 ], [ -38.99616274, -15.04043208 ], [ -38.99615726, -15.04116011 ], [ -38.99614919, -15.04205472 ], [ -38.99615582, -15.04313457 ], [ -38.99615106, -15.04372224 ], [ -38.99601254, -15.04448563 ], [ -38.99599349, -15.04514259 ], [ -38.99597507, -15.04579082 ], [ -38.99597948, -15.04651072 ], [ -38.99603873, -15.04750618 ], [ -38.99610634, -15.04890587 ], [ -38.99612107, -15.04987215 ], [ -38.99611828, -15.05108303 ], [ -39.00177697, -15.0510772 ], [ -39.00177506, -15.05605308 ], [ -39.00168653, -15.06627149 ], [ -39.00381233, -15.06626745 ], [ -39.00348703, -15.07796274 ], [ -38.99654131, -15.07796436 ], [ -38.99650787, -15.07869061 ], [ -38.99652447, -15.07949907 ], [ -38.99658006, -15.0802837 ], [ -38.99665093, -15.08059541 ], [ -38.9967591, -15.08207672 ], [ -38.99673793, -15.08289152 ], [ -38.99681345, -15.08352825 ], [ -38.99686125, -15.08403155 ], [ -38.99689813, -15.0842972 ], [ -38.99688422, -15.08462101 ], [ -38.99684384, -15.08479394 ], [ -38.9967977, -15.08517712 ], [ -38.99680887, -15.08580093 ], [ -38.99679685, -15.08674797 ], [ -38.99675686, -15.08782484 ], [ -38.99673957, -15.08910503 ], [ -38.99678146, -15.08995021 ], [ -38.99683765, -15.09072611 ], [ -38.99696457, -15.09129594 ], [ -38.99715507, -15.09201904 ], [ -38.99731598, -15.09263493 ], [ -38.99716032, -15.09428359 ], [ -38.99704681, -15.0945659 ], [ -38.99696792, -15.09488555 ], [ -38.99685428, -15.09529949 ], [ -38.99682153, -15.09588538 ], [ -38.99680747, -15.09634083 ], [ -38.99685211, -15.09688781 ], [ -38.99690427, -15.09732997 ], [ -38.99695015, -15.09785948 ], [ -38.99695539, -15.09882518 ], [ -38.99692062, -15.09956891 ], [ -38.99689037, -15.10011986 ], [ -38.99684971, -15.10055605 ], [ -38.99674481, -15.10149711 ], [ -38.99671617, -15.10228512 ], [ -38.99663974, -15.10321924 ], [ -38.9965837, -15.10477777 ], [ -38.99654904, -15.10538987 ], [ -38.99651927, -15.10606371 ], [ -38.99648286, -15.10657038 ], [ -38.99638093, -15.1075994 ], [ -38.99629142, -15.10858533 ], [ -38.99622863, -15.1094589 ], [ -38.99625712, -15.11061918 ], [ -38.99624018, -15.11202226 ], [ -38.9963533, -15.11330207 ], [ -38.99636942, -15.113856 ], [ -38.99638247, -15.11497141 ], [ -38.99638448, -15.11598079 ], [ -38.99642467, -15.11658893 ], [ -38.996468, -15.11715339 ], [ -38.99646303, -15.11774107 ], [ -38.99639623, -15.11828089 ], [ -38.99621636, -15.1192259 ], [ -38.99615855, -15.12002958 ], [ -38.99614638, -15.12097662 ], [ -38.99605994, -15.12191888 ], [ -38.99599956, -15.1222397 ], [ -38.99596045, -15.12291295 ], [ -38.99594463, -15.12378076 ], [ -38.99598514, -15.12464343 ], [ -38.9961142, -15.1254416 ], [ -38.99624482, -15.12595903 ], [ -38.99641242, -15.12661048 ], [ -38.99660738, -15.12714083 ], [ -38.99677262, -15.1276956 ], [ -38.99689269, -15.1282299 ], [ -38.997051, -15.12888076 ], [ -38.99714197, -15.12943075 ], [ -38.99716419, -15.13002896 ], [ -38.99720701, -15.13047053 ], [ -38.99693429, -15.13192736 ], [ -38.9967702, -15.13200455 ], [ -38.99646043, -15.13229175 ], [ -38.99615491, -15.13264944 ], [ -38.99596755, -15.13304985 ], [ -38.99582094, -15.13353187 ], [ -38.99576873, -15.13425693 ], [ -38.99575304, -15.13551091 ], [ -38.99571767, -15.13664953 ], [ -38.99572634, -15.13769445 ], [ -38.995752, -15.13850352 ], [ -38.99578049, -15.13901437 ], [ -38.99575878, -15.13957465 ], [ -38.99568059, -15.1402717 ], [ -38.9956142, -15.14093441 ], [ -38.9955703, -15.14141427 ], [ -38.99547039, -15.14215381 ], [ -38.99548235, -15.14302342 ], [ -38.99545024, -15.14398673 ], [ -38.99540475, -15.14526513 ], [ -38.9954104, -15.1462221 ], [ -38.99543273, -15.14668868 ], [ -38.99544277, -15.1475845 ], [ -38.99549466, -15.14867609 ], [ -38.99554073, -15.14946015 ], [ -38.99558209, -15.15005083 ], [ -38.99560913, -15.15071079 ], [ -38.99562105, -15.1515804 ], [ -38.99561768, -15.15279131 ], [ -38.99553835, -15.1533742 ], [ -38.99557797, -15.15385945 ], [ -38.99558753, -15.15463237 ], [ -38.99562698, -15.15524926 ], [ -38.99562283, -15.15608273 ], [ -38.99563583, -15.15706651 ], [ -38.99562209, -15.15764486 ], [ -38.99562659, -15.15848767 ], [ -38.99563991, -15.15920819 ], [ -38.99563197, -15.16009408 ], [ -38.99566884, -15.1612637 ], [ -38.99568123, -15.16173842 ], [ -38.99572617, -15.16240832 ], [ -38.99573569, -15.16318125 ], [ -38.99571294, -15.16401353 ], [ -38.99564143, -15.16474612 ], [ -38.99561541, -15.16523591 ], [ -38.99555461, -15.16582 ], [ -38.99555518, -15.16632906 ], [ -38.99560452, -15.16693781 ], [ -38.99561529, -15.16769327 ], [ -38.99559757, -15.16845566 ], [ -38.99565401, -15.16883669 ], [ -38.9957046, -15.16942797 ], [ -38.99575365, -15.16978219 ], [ -38.99578081, -15.17031053 ], [ -38.99579156, -15.17106598 ], [ -38.99584197, -15.1717889 ], [ -38.99585822, -15.17259737 ], [ -38.99589322, -15.17327541 ], [ -38.99589846, -15.17397786 ], [ -38.99597654, -15.17483421 ], [ -38.99604127, -15.17548784 ], [ -38.99606021, -15.17612974 ], [ -38.99606419, -15.17684966 ], [ -38.99612026, -15.17749395 ], [ -38.99618291, -15.17830543 ], [ -38.9962462, -15.17910817 ], [ -38.99634147, -15.17959702 ], [ -38.99637933, -15.17997685 ], [ -38.99638411, -15.18055641 ], [ -38.99639582, -15.18103986 ], [ -38.99637211, -15.18162635 ], [ -38.99636769, -15.18259147 ], [ -38.9963445, -15.18368702 ], [ -38.99895887, -15.18352247 ], [ -38.99903341, -15.18378181 ], [ -38.9991917, -15.18391491 ], [ -38.99944283, -15.18405401 ], [ -38.99994384, -15.18434968 ], [ -39.00020236, -15.18451559 ], [ -39.00039256, -15.18485261 ], [ -39.00038967, -15.18515082 ], [ -39.00025977, -15.1855286 ], [ -39.0002193, -15.18570151 ], [ -39.00023832, -15.18582561 ], [ -39.00023669, -15.18610636 ], [ -39.00020261, -15.18657809 ], [ -39.00014465, -15.18686397 ], [ -39.0000436, -15.18697153 ], [ -38.99994633, -15.18702668 ], [ -38.99958594, -15.18710871 ], [ -38.99936292, -15.18722594 ], [ -38.99928026, -15.18746634 ], [ -38.99929341, -15.1878007 ], [ -38.99940662, -15.1882995 ], [ -38.99957193, -15.18872269 ], [ -38.99994674, -15.18895755 ], [ -39.00029351, -15.18932225 ], [ -39.00034191, -15.18968522 ], [ -39.00043736, -15.19004245 ], [ -39.00075628, -15.19040535 ], [ -39.00117778, -15.19089776 ], [ -39.0014564, -15.19130194 ], [ -39.00173403, -15.19197813 ], [ -39.0021071, -15.19301156 ], [ -39.00238157, -15.19373144 ], [ -39.00242544, -15.19467337 ], [ -39.00233689, -15.19512403 ], [ -39.00228946, -15.19539304 ], [ -39.00228827, -15.19579669 ], [ -39.00247323, -15.19633525 ], [ -39.00238463, -15.19768991 ], [ -39.00238243, -15.19836557 ], [ -39.00242925, -15.19939547 ], [ -39.00229326, -15.20011514 ], [ -39.00201799, -15.2008258 ], [ -39.00216099, -15.20168639 ], [ -39.00239634, -15.2020439 ], [ -39.00280875, -15.20240409 ], [ -39.0031842, -15.20263024 ], [ -39.00364385, -15.20285305 ], [ -39.00471154, -15.20343993 ], [ -39.0052698, -15.20397632 ], [ -39.00568417, -15.20469648 ], [ -39.00605211, -15.20541365 ], [ -39.00642321, -15.20608714 ], [ -39.00712568, -15.20708047 ], [ -39.0071337, -15.20709855 ], [ -39.00796825, -15.20407183 ], [ -39.00796411, -15.20219331 ], [ -39.00784545, -15.20073746 ], [ -39.0076755, -15.19921685 ], [ -39.00737527, -15.19743329 ], [ -39.00701899, -15.19500541 ], [ -39.00673334, -15.19340713 ], [ -39.00658435, -15.19237061 ], [ -39.00637748, -15.19110217 ], [ -39.00599563, -15.1887692 ], [ -39.00555363, -15.1855898 ], [ -39.00548978, -15.18427794 ], [ -39.00544225, -15.18325677 ], [ -39.00541745, -15.18282511 ], [ -39.00716186, -15.18282368 ], [ -39.00722072, -15.1827836 ], [ -39.00747392, -15.18276485 ], [ -39.00776335, -15.18250268 ], [ -39.00789134, -15.1821511 ], [ -39.00797588, -15.18188448 ], [ -39.00806294, -15.18158291 ], [ -39.00810971, -15.18132263 ], [ -39.00816811, -15.18115964 ], [ -39.00826789, -15.18106954 ], [ -39.00842086, -15.18101798 ], [ -39.00855715, -15.18093901 ], [ -39.00867171, -15.18090253 ], [ -39.00896475, -15.18071958 ], [ -39.00904487, -15.18051411 ], [ -39.0090929, -15.18023635 ], [ -39.00910379, -15.1799562 ], [ -39.00915812, -15.17959108 ], [ -39.00932541, -15.17947023 ], [ -39.00955391, -15.17940599 ], [ -39.00969318, -15.17941498 ], [ -39.00983858, -15.17946825 ], [ -39.01001922, -15.17955013 ], [ -39.01026801, -15.17959252 ], [ -39.01043576, -15.17959457 ], [ -39.01065371, -15.17954721 ], [ -39.01083705, -15.1794625 ], [ -39.01099443, -15.17934978 ], [ -39.01123192, -15.17903159 ], [ -39.01132304, -15.17893215 ], [ -39.01148907, -15.17882877 ], [ -39.0116798, -15.17877086 ], [ -39.01182961, -15.17876298 ], [ -39.01201278, -15.17880991 ], [ -39.01223308, -15.17885924 ], [ -39.01235865, -15.17892878 ], [ -39.01248972, -15.17905134 ], [ -39.01256446, -15.17917905 ], [ -39.01264344, -15.17937724 ], [ -39.01276459, -15.17950793 ], [ -39.01285492, -15.17954887 ], [ -39.01308749, -15.17968676 ], [ -39.01323604, -15.17969635 ], [ -39.01337656, -15.17968787 ], [ -39.01352339, -15.17959202 ], [ -39.01363262, -15.17937087 ], [ -39.01360322, -15.17913199 ], [ -39.01355335, -15.17891813 ], [ -39.01341081, -15.17856663 ], [ -39.01336645, -15.17840578 ], [ -39.01335246, -15.17821178 ], [ -39.01338742, -15.17798584 ], [ -39.01349114, -15.17771167 ], [ -39.01355223, -15.17738209 ], [ -39.01352282, -15.17714321 ], [ -39.01349089, -15.17693928 ], [ -39.01344149, -15.17684832 ], [ -39.01331403, -15.17680499 ], [ -39.01295933, -15.17680843 ], [ -39.01280637, -15.17686 ], [ -39.01262224, -15.17708509 ], [ -39.01239043, -15.17732466 ], [ -39.01212761, -15.17760611 ], [ -39.01175985, -15.17766137 ], [ -39.01157353, -15.17765812 ], [ -39.01139776, -15.17763799 ], [ -39.01122342, -15.17746876 ], [ -39.01107991, -15.17738928 ], [ -39.01086511, -15.17739297 ], [ -39.01057162, -15.17745301 ], [ -39.01047294, -15.17765729 ], [ -39.01037173, -15.17789651 ], [ -39.01025889, -15.17803843 ], [ -39.01016587, -15.17816408 ], [ -39.0099591, -15.17818584 ], [ -39.00980992, -15.17818498 ], [ -39.00955248, -15.17813326 ], [ -39.00938788, -15.17808752 ], [ -39.00909943, -15.17807768 ], [ -39.00886165, -15.17814132 ], [ -39.00874709, -15.17817781 ], [ -39.00860656, -15.17818629 ], [ -39.00842214, -15.17815683 ], [ -39.00834551, -15.17805534 ], [ -39.00820957, -15.17787102 ], [ -39.00807174, -15.17771292 ], [ -39.00782295, -15.17767053 ], [ -39.00760076, -15.1776474 ], [ -39.00740877, -15.17772278 ], [ -39.00515951, -15.17709483 ], [ -39.00508347, -15.1760806 ], [ -39.00501516, -15.1748299 ], [ -39.00490025, -15.17370785 ], [ -39.00490173, -15.17304092 ], [ -39.00483731, -15.17212399 ], [ -39.00466731, -15.17098961 ], [ -39.00442086, -15.1696221 ], [ -39.00405653, -15.1684664 ], [ -39.00369799, -15.16761826 ], [ -39.0031854, -15.16670752 ], [ -39.00262265, -15.16532839 ], [ -39.00229322, -15.16446459 ], [ -39.0019819, -15.16347908 ], [ -39.00175634, -15.16220949 ], [ -39.00146756, -15.16052332 ], [ -39.00127976, -15.15924739 ], [ -39.00113366, -15.15778108 ], [ -39.00109767, -15.15685723 ], [ -39.00098964, -15.1551213 ], [ -39.00091275, -15.15372966 ], [ -39.00094851, -15.15232774 ], [ -39.00102406, -15.15076164 ], [ -39.00105712, -15.14952629 ], [ -39.00109568, -15.14834396 ], [ -39.0011292, -15.14671371 ], [ -39.00126907, -15.14516053 ], [ -39.00127062, -15.14384417 ], [ -39.00138435, -15.14239462 ], [ -39.00145464, -15.14103003 ], [ -39.0014812, -15.14001368 ], [ -39.0014824, -15.13844279 ], [ -39.001522, -15.13737462 ], [ -39.00148368, -15.13570464 ], [ -39.00151776, -15.13458347 ], [ -39.00155272, -15.13267247 ], [ -39.00159591, -15.13168353 ], [ -39.00167068, -15.13012615 ], [ -39.0018079, -15.1286079 ], [ -39.00184788, -15.12714483 ], [ -39.00199344, -15.12589918 ], [ -39.00213362, -15.12446889 ], [ -39.00231406, -15.12299731 ], [ -39.00248066, -15.12171791 ], [ -39.00279256, -15.11997394 ], [ -39.0029604, -15.11867707 ], [ -39.00310401, -15.11745762 ], [ -39.00310902, -15.11622048 ], [ -39.0026123, -15.11184424 ], [ -39.00178203, -15.10432224 ], [ -39.00103556, -15.09822744 ], [ -39.00242722, -15.09819403 ], [ -39.00464226, -15.09902972 ], [ -39.00820747, -15.10054019 ], [ -39.01214784, -15.10124098 ], [ -39.01560563, -15.10256021 ], [ -39.01573067, -15.1025068 ], [ -39.0165103, -15.10255688 ], [ -39.01765339, -15.10234945 ], [ -39.01848945, -15.10226272 ], [ -39.01939424, -15.10212774 ], [ -39.02007678, -15.10210136 ], [ -39.02141027, -15.10209923 ], [ -39.02250785, -15.10226625 ], [ -39.02335131, -15.10220631 ], [ -39.02471777, -15.1020044 ], [ -39.02547957, -15.10191287 ], [ -39.02661052, -15.10213469 ], [ -39.02727866, -15.10230923 ], [ -39.02757856, -15.10254791 ], [ -39.02804633, -15.10330644 ], [ -39.02847333, -15.10398335 ], [ -39.02914768, -15.1048517 ], [ -39.0295035, -15.10483065 ], [ -39.02999656, -15.1049764 ], [ -39.03026805, -15.10587155 ], [ -39.03088604, -15.10609554 ], [ -39.03143729, -15.10620992 ], [ -39.03153574, -15.10613725 ], [ -39.03171408, -15.10599071 ], [ -39.03247527, -15.1059079 ], [ -39.0334398, -15.10611025 ], [ -39.03439255, -15.10634694 ], [ -39.03629982, -15.10692577 ], [ -39.03754207, -15.10728636 ], [ -39.0378056, -15.10738227 ], [ -39.03828194, -15.1082818 ], [ -39.03843575, -15.10860766 ], [ -39.03899109, -15.11048658 ], [ -39.03913989, -15.11088234 ], [ -39.03932581, -15.11128048 ], [ -39.03943686, -15.1116826 ], [ -39.03989076, -15.11276504 ], [ -39.04007669, -15.11316318 ], [ -39.04018659, -15.11345112 ], [ -39.04037502, -15.11381432 ], [ -39.04089777, -15.11471685 ], [ -39.04104617, -15.11485804 ], [ -39.04111968, -15.1150032 ], [ -39.04141084, -15.11536421 ], [ -39.0415975, -15.11562197 ], [ -39.04190181, -15.1157995 ], [ -39.04230822, -15.11598358 ], [ -39.04271776, -15.11612398 ], [ -39.04309029, -15.11613033 ], [ -39.0433966, -15.11614999 ], [ -39.04349807, -15.11616528 ], [ -39.04391222, -15.11598119 ], [ -39.04474189, -15.11546389 ], [ -39.04495309, -15.11524922 ], [ -39.04533803, -15.11521247 ], [ -39.0456363, -15.11521406 ], [ -39.04585718, -15.11525457 ], [ -39.04611269, -15.11533241 ], [ -39.04649815, -15.11541858 ], [ -39.04671027, -15.11558142 ], [ -39.04726343, -15.11566958 ], [ -39.04761187, -15.11562171 ], [ -39.04786321, -15.11549739 ], [ -39.04820436, -15.11529105 ], [ -39.04850472, -15.1150031 ], [ -39.04867629, -15.11482099 ], [ -39.04882115, -15.11475128 ], [ -39.04904881, -15.11482734 ], [ -39.04930495, -15.11489643 ], [ -39.04997428, -15.11518515 ], [ -39.05013082, -15.11521275 ], [ -39.05029915, -15.11520599 ], [ -39.05047561, -15.11508564 ], [ -39.05051535, -15.11492141 ], [ -39.05052057, -15.11458819 ], [ -39.05047677, -15.1144186 ], [ -39.05051964, -15.11421068 ], [ -39.05073385, -15.11408397 ], [ -39.05103212, -15.11408555 ], [ -39.05150122, -15.11404541 ], [ -39.05197647, -15.11404956 ], [ -39.05235275, -15.11400347 ], [ -39.05263319, -15.11386345 ], [ -39.05314776, -15.11344877 ], [ -39.05362009, -15.11323328 ], [ -39.05381511, -15.11311411 ], [ -39.05389312, -15.11306645 ], [ -39.05402995, -15.11297866 ], [ -39.05411192, -15.11261524 ], [ -39.05421673, -15.11232351 ], [ -39.05451477, -15.11102591 ], [ -39.05466484, -15.11062297 ], [ -39.05477329, -15.11041047 ], [ -39.05515727, -15.10999618 ], [ -39.05607491, -15.11007257 ], [ -39.05752588, -15.11025336 ], [ -39.05916114, -15.11059518 ], [ -39.06039791, -15.11090269 ], [ -39.06163271, -15.11136807 ], [ -39.06253212, -15.11182951 ], [ -39.06302083, -15.1120364 ], [ -39.06324235, -15.11206815 ], [ -39.06364021, -15.1121112 ], [ -39.06386245, -15.11200255 ], [ -39.06406246, -15.11181346 ], [ -39.06410281, -15.11164048 ], [ -39.06421314, -15.11140175 ], [ -39.0642129, -15.11088382 ], [ -39.06417485, -15.10959096 ], [ -39.06392561, -15.10681859 ], [ -39.06388364, -15.10492856 ], [ -39.06401138, -15.10366388 ], [ -39.06436453, -15.10302812 ], [ -39.06479372, -15.10250257 ], [ -39.06541905, -15.10197202 ], [ -39.06602574, -15.10157195 ], [ -39.06653648, -15.10120963 ], [ -39.06701018, -15.10071325 ], [ -39.07027732, -15.09596255 ], [ -39.07673842, -15.09609502 ], [ -39.07731143, -15.09603511 ], [ -39.07795191, -15.09594439 ], [ -39.07848593, -15.09590832 ], [ -39.07942957, -15.09588088 ], [ -39.08008729, -15.09594051 ], [ -39.08061257, -15.09602677 ], [ -39.08083157, -15.09609345 ], [ -39.08147377, -15.09623987 ], [ -39.08186413, -15.09638773 ], [ -39.0824951, -15.09669145 ], [ -39.08466101, -15.09521461 ], [ -39.0848758, -15.0950791 ], [ -39.08507756, -15.09499543 ], [ -39.08511469, -15.0949978 ], [ -39.08559683, -15.09477403 ], [ -39.08608084, -15.09452405 ], [ -39.08648562, -15.09433922 ], [ -39.0869325, -15.09408686 ], [ -39.08734593, -15.09391137 ], [ -39.08778783, -15.09372891 ], [ -39.08868588, -15.09329468 ], [ -39.08957715, -15.09282489 ], [ -39.09002652, -15.09253755 ], [ -39.09046972, -15.09220593 ], [ -39.09091909, -15.09191859 ], [ -39.09177023, -15.09122674 ], [ -39.09258681, -15.09036587 ], [ -39.09310674, -15.09000402 ], [ -39.09423057, -15.08836384 ], [ -39.09493332, -15.0873991 ], [ -39.09556921, -15.08645643 ], [ -39.09608881, -15.08544486 ], [ -39.09653646, -15.08478866 ], [ -39.09720367, -15.08432205 ], [ -39.09789791, -15.08426102 ], [ -39.09910225, -15.08502269 ], [ -39.10055684, -15.08515066 ], [ -39.10101454, -15.08553105 ], [ -39.10104838, -15.08597219 ], [ -39.10110552, -15.08687135 ], [ -39.10138676, -15.08750386 ], [ -39.10254305, -15.08920189 ], [ -39.10294053, -15.09003499 ], [ -39.10366839, -15.09094185 ], [ -39.10453621, -15.09158549 ], [ -39.10543574, -15.09191508 ], [ -39.10577223, -15.09216484 ], [ -39.10636355, -15.09263279 ], [ -39.10662188, -15.09332532 ], [ -39.1067385, -15.09404392 ], [ -39.10670188, -15.09429619 ], [ -39.10662733, -15.09494991 ], [ -39.1067032, -15.0954552 ], [ -39.10684604, -15.09567503 ], [ -39.10707303, -15.09589146 ], [ -39.10778083, -15.09603323 ], [ -39.10845202, -15.09642727 ], [ -39.10852858, -15.09679213 ], [ -39.10837248, -15.09715091 ], [ -39.10844904, -15.09751577 ], [ -39.10901253, -15.09798196 ], [ -39.10942203, -15.09825394 ], [ -39.11161136, -15.09801617 ], [ -39.11217572, -15.09794684 ], [ -39.11258416, -15.09784121 ], [ -39.11283979, -15.09765559 ], [ -39.11347257, -15.09675652 ], [ -39.11373516, -15.09621136 ], [ -39.11403669, -15.09577404 ], [ -39.11384631, -15.09530534 ], [ -39.11347568, -15.0952729 ], [ -39.11291632, -15.09527233 ], [ -39.11261876, -15.09513042 ], [ -39.11272843, -15.09476866 ], [ -39.11294445, -15.09461563 ], [ -39.11316787, -15.09448941 ], [ -39.1133016, -15.09431356 ], [ -39.11325836, -15.0941352 ], [ -39.11316187, -15.09405003 ], [ -39.11307161, -15.09387745 ], [ -39.11311812, -15.09361702 ], [ -39.11325808, -15.09335377 ], [ -39.11351189, -15.09306267 ], [ -39.11372993, -15.09248832 ], [ -39.11384501, -15.09100307 ], [ -39.11384398, -15.09049377 ], [ -39.11399041, -15.08948464 ], [ -39.11403199, -15.08916243 ], [ -39.11414098, -15.0889411 ], [ -39.11450066, -15.08847237 ], [ -39.11544565, -15.08803219 ], [ -39.1165269, -15.08724948 ], [ -39.11725096, -15.08690056 ], [ -39.11774227, -15.08680896 ], [ -39.11805591, -15.08698701 ], [ -39.1183262, -15.08725008 ], [ -39.11850359, -15.08777064 ], [ -39.11877374, -15.08842881 ], [ -39.1190038, -15.08873323 ], [ -39.11949813, -15.08886133 ], [ -39.11986133, -15.08886693 ], [ -39.12019124, -15.08855432 ], [ -39.12055463, -15.08803312 ], [ -39.12078173, -15.08798614 ], [ -39.12118569, -15.08820506 ], [ -39.12172322, -15.08864322 ], [ -39.12217986, -15.088646 ], [ -39.12244719, -15.08855768 ], [ -39.12267438, -15.08824729 ], [ -39.12289784, -15.08798935 ], [ -39.12298212, -15.08759083 ], [ -39.12321189, -15.08698208 ], [ -39.12334822, -15.08637616 ], [ -39.12348215, -15.08554179 ], [ -39.12370258, -15.08506414 ], [ -39.12440868, -15.08470525 ], [ -39.12470637, -15.08445204 ], [ -39.12515264, -15.08394488 ], [ -39.12549554, -15.0835804 ], [ -39.12600859, -15.08318285 ], [ -39.12631179, -15.08311437 ], [ -39.12664217, -15.0831881 ], [ -39.12716741, -15.08340595 ], [ -39.12765432, -15.08350722 ], [ -39.12805592, -15.08336598 ], [ -39.12854295, -15.08307213 ], [ -39.12906279, -15.08271013 ], [ -39.12928863, -15.08268062 ], [ -39.129783, -15.08267699 ], [ -39.13009047, -15.08281072 ], [ -39.13077107, -15.08281017 ], [ -39.13122152, -15.08276862 ], [ -39.13144255, -15.08228221 ], [ -39.13157884, -15.08167626 ], [ -39.13171531, -15.08041178 ], [ -39.13215982, -15.07940398 ], [ -39.13265373, -15.07875055 ], [ -39.13338093, -15.0779627 ], [ -39.13364827, -15.07774265 ], [ -39.13400531, -15.07757221 ], [ -39.13451885, -15.077561 ], [ -39.13480465, -15.07773725 ], [ -39.13512748, -15.07831098 ], [ -39.13599162, -15.07913869 ], [ -39.13634612, -15.07926662 ], [ -39.13679649, -15.07948847 ], [ -39.13743065, -15.07961665 ], [ -39.13801474, -15.0795309 ], [ -39.13832541, -15.07922579 ], [ -39.13868562, -15.07874822 ], [ -39.13896224, -15.07852874 ], [ -39.13931679, -15.07839326 ], [ -39.13963665, -15.07848386 ], [ -39.13995089, -15.07878484 ], [ -39.14013083, -15.07927046 ], [ -39.14031144, -15.07948391 ], [ -39.14075875, -15.07961775 ], [ -39.14120924, -15.07931275 ], [ -39.14138939, -15.0788764 ], [ -39.14143026, -15.0786946 ], [ -39.14152, -15.0786125 ], [ -39.14192713, -15.07852426 ], [ -39.14210716, -15.07861474 ], [ -39.14258056, -15.07824973 ], [ -39.14301494, -15.07804029 ], [ -39.14375375, -15.07774484 ], [ -39.14474996, -15.07736918 ], [ -39.14699477, -15.07673926 ], [ -39.14903537, -15.07622804 ], [ -39.1504176, -15.07606129 ], [ -39.15193463, -15.07635973 ], [ -39.15345288, -15.07677239 ], [ -39.15480033, -15.07749031 ], [ -39.15565847, -15.07761512 ], [ -39.15705553, -15.07763369 ], [ -39.15784132, -15.07746411 ], [ -39.16848989, -15.07072027 ], [ -39.16901323, -15.07201807 ], [ -39.16911156, -15.0726039 ], [ -39.16911402, -15.07283239 ], [ -39.16906697, -15.07336508 ], [ -39.16899022, -15.07379051 ], [ -39.16870123, -15.07458008 ], [ -39.16826004, -15.07528094 ], [ -39.16802734, -15.07606529 ], [ -39.16776989, -15.07680416 ], [ -39.16776739, -15.07710258 ], [ -39.16779332, -15.07765748 ], [ -39.16792134, -15.07821886 ], [ -39.16826778, -15.07872386 ], [ -39.16870642, -15.07898006 ], [ -39.16927996, -15.07917456 ], [ -39.16982257, -15.07927929 ], [ -39.17028721, -15.07943175 ], [ -39.1706751, -15.08000965 ], [ -39.17085943, -15.08056583 ], [ -39.17101962, -15.08119951 ], [ -39.17122497, -15.08185363 ], [ -39.17146002, -15.08261502 ], [ -39.17168829, -15.08294567 ], [ -39.17187449, -15.08334391 ], [ -39.17197406, -15.08378054 ], [ -39.17216829, -15.08432858 ], [ -39.17211132, -15.08473771 ], [ -39.17213725, -15.08529261 ], [ -39.17227642, -15.08569664 ], [ -39.17261357, -15.0863328 ], [ -39.17282699, -15.08674155 ], [ -39.17308373, -15.08706523 ], [ -39.17324272, -15.08732122 ], [ -39.17352233, -15.08784834 ], [ -39.17394178, -15.08837557 ], [ -39.1741515, -15.08870505 ], [ -39.17430491, -15.08903973 ], [ -39.17450967, -15.08943915 ], [ -39.17467238, -15.08964269 ], [ -39.17500337, -15.08997109 ], [ -39.1751599, -15.09013034 ], [ -39.17497048, -15.09082964 ], [ -39.17465979, -15.09139829 ], [ -39.17455892, -15.09150604 ], [ -39.17429839, -15.09176173 ], [ -39.1738473, -15.09194382 ], [ -39.17228855, -15.09262634 ], [ -39.17202618, -15.09277651 ], [ -39.17154534, -15.09324651 ], [ -39.17142584, -15.09374827 ], [ -39.17143444, -15.09415278 ], [ -39.17132667, -15.09488361 ], [ -39.17169734, -15.0946525 ], [ -39.17237804, -15.09425668 ], [ -39.173055, -15.09404504 ], [ -39.17386311, -15.0939559 ], [ -39.17435255, -15.09402214 ], [ -39.1752559, -15.09429911 ], [ -39.17593033, -15.09451762 ], [ -39.17700872, -15.0953502 ], [ -39.17755008, -15.09586763 ], [ -39.17786683, -15.09626539 ], [ -39.17840759, -15.09665983 ], [ -39.17913523, -15.09691685 ], [ -39.17962961, -15.09704488 ], [ -39.18021371, -15.09722251 ], [ -39.18079838, -15.0977866 ], [ -39.18120548, -15.09822524 ], [ -39.18151917, -15.09840326 ], [ -39.18250796, -15.09852758 ], [ -39.18349926, -15.09835345 ], [ -39.18541379, -15.09791303 ], [ -39.18708266, -15.09751846 ], [ -39.18909928, -15.09708448 ], [ -39.19081204, -15.09712301 ], [ -39.19175687, -15.09747284 ], [ -39.19279827, -15.09738089 ], [ -39.19396654, -15.09694568 ], [ -39.19473383, -15.09664309 ], [ -39.19554195, -15.09655388 ], [ -39.19680362, -15.09664276 ], [ -39.19752511, -15.09646021 ], [ -39.19797249, -15.09619878 ], [ -39.19828932, -15.0958061 ], [ -39.19873361, -15.09519316 ], [ -39.1990065, -15.09463081 ], [ -39.19940438, -15.09401492 ], [ -39.19972119, -15.09349049 ], [ -39.20021497, -15.09283676 ], [ -39.20052869, -15.09261953 ], [ -39.20125635, -15.09274475 ], [ -39.20156387, -15.09301018 ], [ -39.20287254, -15.09348845 ], [ -39.20355009, -15.09366318 ], [ -39.20400364, -15.09370953 ], [ -39.20530613, -15.09387999 ], [ -39.20625099, -15.09409802 ], [ -39.2068351, -15.09427561 ], [ -39.20746315, -15.09462286 ], [ -39.20841172, -15.09518367 ], [ -39.20917591, -15.09558347 ], [ -39.20976931, -15.09576164 ], [ -39.21091652, -15.09628235 ], [ -39.21158789, -15.09654451 ], [ -39.21231495, -15.09694195 ], [ -39.21321095, -15.09758726 ], [ -39.21365834, -15.09798453 ], [ -39.21420225, -15.09846698 ], [ -39.21506051, -15.09885518 ], [ -39.21555491, -15.09898315 ], [ -39.21667676, -15.09907186 ], [ -39.21852876, -15.09898728 ], [ -39.22005465, -15.09876782 ], [ -39.22117645, -15.09819774 ], [ -39.22212128, -15.09762521 ], [ -39.22243499, -15.09753969 ], [ -39.22289164, -15.09741053 ], [ -39.22342935, -15.0974534 ], [ -39.22383342, -15.09754049 ], [ -39.22437734, -15.09775942 ], [ -39.22545344, -15.09836343 ], [ -39.22636123, -15.09897433 ], [ -39.22734329, -15.09972171 ], [ -39.22824489, -15.10015655 ], [ -39.22915266, -15.10037218 ], [ -39.22982095, -15.10041453 ], [ -39.23041126, -15.10037288 ], [ -39.23171685, -15.09997249 ], [ -39.23243154, -15.10001777 ], [ -39.23360974, -15.10036471 ], [ -39.23598287, -15.10121777 ], [ -39.24621589, -15.1171156 ], [ -39.2464925, -15.11702771 ], [ -39.24721405, -15.1169768 ], [ -39.24794553, -15.11718126 ], [ -39.24887753, -15.11758291 ], [ -39.2501505, -15.11790953 ], [ -39.25107943, -15.11848667 ], [ -39.25223303, -15.11931523 ], [ -39.25316561, -15.11931281 ], [ -39.25431478, -15.11928018 ], [ -39.25603828, -15.11956504 ], [ -39.25711314, -15.11913238 ], [ -39.25725915, -15.11891322 ], [ -39.25741198, -15.11872963 ], [ -39.25792866, -15.11841095 ], [ -39.25823003, -15.11836854 ], [ -39.25863844, -15.11826262 ], [ -39.25896765, -15.11822197 ], [ -39.25942123, -15.11800471 ], [ -39.26040622, -15.11686354 ], [ -39.26113573, -15.11630355 ], [ -39.26180217, -15.11610854 ], [ -39.26246555, -15.11608904 ], [ -39.26268712, -15.11625241 ], [ -39.26321007, -15.11650513 ], [ -39.26394648, -15.11650781 ], [ -39.26419397, -15.11630385 ], [ -39.26423849, -15.11606947 ], [ -39.26440478, -15.11516635 ], [ -39.26452106, -15.11483987 ], [ -39.26472147, -15.11437816 ], [ -39.26517749, -15.11412589 ], [ -39.26533529, -15.11413588 ], [ -39.26564285, -15.11413777 ], [ -39.26618928, -15.11418991 ], [ -39.26660258, -15.11388222 ], [ -39.26676087, -15.11322457 ], [ -39.26691045, -15.11242579 ], [ -39.26696416, -15.11179666 ], [ -39.26696522, -15.11098849 ], [ -39.26681291, -15.11063624 ], [ -39.26685865, -15.11038436 ], [ -39.26690997, -15.11018555 ], [ -39.26722054, -15.10988014 ], [ -39.26774214, -15.10962322 ], [ -39.26836463, -15.10952203 ], [ -39.26872599, -15.10942189 ], [ -39.26914554, -15.10942207 ], [ -39.2696091, -15.10972373 ], [ -39.27007945, -15.10992918 ], [ -39.27049591, -15.10997309 ], [ -39.27085357, -15.10992542 ], [ -39.27132256, -15.10962124 ], [ -39.27158051, -15.10926856 ], [ -39.27179514, -15.10886923 ], [ -39.27205309, -15.10851655 ], [ -39.27230796, -15.10820761 ], [ -39.27277443, -15.10780662 ], [ -39.27303728, -15.10725219 ], [ -39.27339914, -15.10674794 ], [ -39.27355067, -15.10645004 ], [ -39.27459132, -15.10583934 ], [ -39.27516419, -15.10538357 ], [ -39.27552604, -15.10487931 ], [ -39.27573325, -15.10458492 ], [ -39.27603891, -15.10448124 ], [ -39.27630374, -15.10442769 ], [ -39.27666389, -15.1044768 ], [ -39.27702593, -15.10463146 ], [ -39.27718565, -15.10487876 ], [ -39.27757118, -15.10496463 ], [ -39.27774504, -15.10487897 ], [ -39.27785762, -15.10473673 ], [ -39.27806975, -15.10437236 ], [ -39.27812204, -15.10336533 ], [ -39.27818008, -15.10293851 ], [ -39.27856356, -15.10239168 ], [ -39.2790201, -15.10199882 ], [ -39.27935051, -15.10194062 ], [ -39.28058703, -15.10251951 ], [ -39.28122876, -15.10267426 ], [ -39.28203506, -15.10274276 ], [ -39.28258521, -15.10287415 ], [ -39.28286437, -15.10314657 ], [ -39.28309963, -15.10351285 ], [ -39.28333802, -15.10396719 ], [ -39.28375958, -15.10446825 ], [ -39.28441495, -15.10469414 ], [ -39.28639464, -15.10517939 ], [ -39.28698319, -15.10542742 ], [ -39.28780834, -15.10628783 ], [ -39.2883179, -15.10712831 ], [ -39.28846034, -15.10748874 ], [ -39.28854956, -15.10781066 ], [ -39.28850262, -15.10808006 ], [ -39.2883684, -15.10826487 ], [ -39.28784983, -15.10821454 ], [ -39.28752367, -15.10807973 ], [ -39.28672531, -15.10776573 ], [ -39.28644557, -15.10763384 ], [ -39.28620613, -15.10772415 ], [ -39.28602496, -15.10817835 ], [ -39.28602945, -15.11062987 ], [ -39.28598193, -15.1110398 ], [ -39.28584154, -15.11131207 ], [ -39.28565782, -15.11153768 ], [ -39.2854679, -15.11171897 ], [ -39.28546428, -15.11203503 ], [ -39.28560745, -15.11278208 ], [ -39.28583905, -15.11333265 ], [ -39.28598145, -15.11356129 ], [ -39.28621478, -15.11369025 ], [ -39.28640105, -15.11369323 ], [ -39.28664051, -15.11360293 ], [ -39.28710397, -15.11350922 ], [ -39.28794818, -15.11396671 ], [ -39.28832133, -15.11396392 ], [ -39.28851437, -15.11387069 ], [ -39.28879096, -15.11378273 ], [ -39.28902425, -15.1137799 ], [ -39.28921676, -15.113959 ], [ -39.28926449, -15.11420802 ], [ -39.28893553, -15.11503947 ], [ -39.28930383, -15.11537024 ], [ -39.28952726, -15.11550736 ], [ -39.28977859, -15.11577804 ], [ -39.29001135, -15.11604753 ], [ -39.2902002, -15.1164109 ], [ -39.29060683, -15.11659474 ], [ -39.29139154, -15.11670582 ], [ -39.29221518, -15.11666121 ], [ -39.29273628, -15.11680835 ], [ -39.29317889, -15.11727562 ], [ -39.29317729, -15.11809262 ], [ -39.2931984, -15.11832239 ], [ -39.29652651, -15.07338099 ], [ -39.2969906, -15.07234712 ], [ -39.29704565, -15.07116448 ], [ -39.29671245, -15.06940387 ], [ -39.29645916, -15.0678328 ], [ -39.29651971, -15.06657144 ], [ -39.29605953, -15.06569023 ], [ -39.29580476, -15.06480438 ], [ -39.29553864, -15.06354881 ], [ -39.29489362, -15.06291076 ], [ -39.29365534, -15.06235836 ], [ -39.29270277, -15.06158673 ], [ -39.29209574, -15.06027457 ], [ -39.29190378, -15.0588919 ], [ -39.29202428, -15.05757284 ], [ -39.29248138, -15.0563716 ], [ -39.2928038, -15.05549575 ], [ -39.29312568, -15.05476043 ], [ -39.29384527, -15.05287284 ], [ -39.29409686, -15.05154444 ], [ -39.29409751, -15.0506044 ], [ -39.29417236, -15.04860595 ], [ -39.25306078, -15.02734088 ], [ -39.25171764, -15.02576294 ], [ -39.25149297, -15.02551162 ], [ -39.25133823, -15.02532618 ], [ -39.25115941, -15.02521829 ], [ -39.25108081, -15.02514307 ], [ -39.25089953, -15.02507016 ], [ -39.25070706, -15.02489113 ], [ -39.25059756, -15.02485788 ], [ -39.25044412, -15.02478673 ], [ -39.25033768, -15.02470975 ], [ -39.25004253, -15.02453304 ], [ -39.24984952, -15.02449453 ], [ -39.24974002, -15.02446128 ], [ -39.24959586, -15.0243907 ], [ -39.24948014, -15.02431314 ], [ -39.24918691, -15.02424196 ], [ -39.24907058, -15.02417315 ], [ -39.24891714, -15.02410199 ], [ -39.24881071, -15.02402501 ], [ -39.24870121, -15.02399176 ], [ -39.24854531, -15.02395559 ], [ -39.2482155, -15.02374156 ], [ -39.24810661, -15.02369956 ], [ -39.24799029, -15.02363074 ], [ -39.24780901, -15.02355784 ], [ -39.24765312, -15.02352166 ], [ -39.24732331, -15.02330763 ], [ -39.24716987, -15.02323648 ], [ -39.24706098, -15.02319448 ], [ -39.2465802, -15.02287431 ], [ -39.24624419, -15.02261597 ], [ -39.24590319, -15.02229583 ], [ -39.24478996, -15.02142635 ], [ -39.24452947, -15.02128696 ], [ -39.24419476, -15.02114289 ], [ -39.24307929, -15.02070368 ], [ -39.24233066, -15.02034907 ], [ -39.24192418, -15.02016535 ], [ -39.24165612, -15.01973562 ], [ -39.24095491, -15.01897115 ], [ -39.24061393, -15.01865101 ], [ -39.24027847, -15.01825217 ], [ -39.23995038, -15.01774838 ], [ -39.2398767, -15.0176032 ], [ -39.23979374, -15.01745743 ], [ -39.23972176, -15.01702249 ], [ -39.23953538, -15.01662425 ], [ -39.23938365, -15.01626334 ], [ -39.23923383, -15.01600795 ], [ -39.23901353, -15.01582718 ], [ -39.23864472, -15.0155053 ], [ -39.23830926, -15.01510646 ], [ -39.23775161, -15.01442132 ], [ -39.23733831, -15.01420204 ], [ -39.23699925, -15.01398743 ], [ -39.23670527, -15.01366148 ], [ -39.23614708, -15.01311685 ], [ -39.23566331, -15.01297218 ], [ -39.23473515, -15.01225493 ], [ -39.23432186, -15.01203564 ], [ -39.23398716, -15.01189158 ], [ -39.23357517, -15.01178657 ], [ -39.23308895, -15.01167688 ], [ -39.23149618, -15.01153259 ], [ -39.23075086, -15.01152954 ], [ -39.23041009, -15.01160468 ], [ -39.23004394, -15.01164309 ], [ -39.22967288, -15.01175146 ], [ -39.22933647, -15.01189714 ], [ -39.22907491, -15.01203876 ], [ -39.22833162, -15.01240473 ], [ -39.2279581, -15.01254807 ], [ -39.22758949, -15.01262145 ], [ -39.22684791, -15.01269767 ], [ -39.22572771, -15.01259191 ], [ -39.22535345, -15.01248048 ], [ -39.22498164, -15.01233407 ], [ -39.22457648, -15.01226461 ], [ -39.22341597, -15.01193672 ], [ -39.22311839, -15.01179499 ], [ -39.2227837, -15.01165092 ], [ -39.22249049, -15.01157974 ], [ -39.22215334, -15.01147064 ], [ -39.22185276, -15.01150439 ], [ -39.22147979, -15.01150722 ], [ -39.221147, -15.01146867 ], [ -39.22081232, -15.0113246 ], [ -39.22048199, -15.01125107 ], [ -39.2201473, -15.011107 ], [ -39.21974951, -15.0109326 ], [ -39.21935535, -15.01057398 ], [ -39.21915357, -15.01026263 ], [ -39.2193749, -15.01003066 ], [ -39.21960237, -15.00971124 ], [ -39.21974627, -15.00925481 ], [ -39.21974049, -15.00880651 ], [ -39.21969988, -15.00792563 ], [ -39.21941195, -15.00724874 ], [ -39.21939524, -15.00722134 ], [ -39.21446774, -14.99100472 ], [ -39.2134589, -14.99077428 ], [ -39.2127303, -14.99066689 ], [ -39.21218969, -14.99053621 ], [ -39.21195094, -14.99048603 ], [ -39.21170475, -14.99040904 ], [ -39.21140474, -14.99030231 ], [ -39.21118638, -14.99022707 ], [ -39.21092164, -14.9901489 ], [ -39.21064947, -14.99004392 ], [ -39.21045956, -14.98996169 ], [ -39.21026719, -14.98991444 ], [ -39.21010327, -14.98986019 ], [ -39.20983669, -14.98980826 ], [ -39.20939691, -14.9897015 ], [ -39.20921382, -14.98965483 ], [ -39.2090499, -14.98960059 ], [ -39.2088297, -14.98955158 ], [ -39.20869177, -14.98952532 ], [ -39.20847962, -14.98949438 ], [ -39.20806959, -14.98949489 ], [ -39.20777831, -14.98952922 ], [ -39.20731267, -14.98965796 ], [ -39.20685262, -14.98983975 ], [ -39.20633753, -14.99000928 ], [ -39.20604686, -14.99003487 ], [ -39.20590893, -14.99000861 ], [ -39.20571964, -14.98991763 ], [ -39.20555818, -14.98982841 ], [ -39.2054431, -14.98974211 ], [ -39.205221, -14.98958759 ], [ -39.20503785, -14.98940917 ], [ -39.20487884, -14.98928498 ], [ -39.20466663, -14.98912229 ], [ -39.2045064, -14.98901558 ], [ -39.2044167, -14.98896602 ], [ -39.20427816, -14.9889485 ], [ -39.20413839, -14.98894847 ], [ -39.20395966, -14.98897233 ], [ -39.20382425, -14.98904284 ], [ -39.20366599, -14.98917338 ], [ -39.20348242, -14.98939894 ], [ -39.20327599, -14.98968453 ], [ -39.2031345, -14.98997421 ], [ -39.20295903, -14.99034958 ], [ -39.20275204, -14.99077565 ], [ -39.20247078, -14.99106531 ], [ -39.20238796, -14.99118304 ], [ -39.20224579, -14.99134972 ], [ -39.20209188, -14.9915508 ], [ -39.20193177, -14.99170757 ], [ -39.20172528, -14.99186141 ], [ -39.20151816, -14.992024 ], [ -39.20121828, -14.99218074 ], [ -39.20099753, -14.99227221 ], [ -39.20091096, -14.99231066 ], [ -39.20076873, -14.9923456 ], [ -39.20053188, -14.99240092 ], [ -39.20030676, -14.99242185 ], [ -39.20008104, -14.99245153 ], [ -39.19986889, -14.99242058 ], [ -39.19978601, -14.99240657 ], [ -39.19965299, -14.99231036 ], [ -39.19950142, -14.99221297 ], [ -39.19928301, -14.99200599 ], [ -39.19903056, -14.99175294 ], [ -39.19891236, -14.99157862 ], [ -39.19881701, -14.99134426 ], [ -39.19877855, -14.99109593 ], [ -39.1986775, -14.99054505 ], [ -39.19863904, -14.99029672 ], [ -39.19856163, -14.99007228 ], [ -39.19849909, -14.98990147 ], [ -39.19836417, -14.98969975 ], [ -39.19808445, -14.98930446 ], [ -39.19763639, -14.98865266 ], [ -39.19747665, -14.98827373 ], [ -39.19738868, -14.98793445 ], [ -39.19734033, -14.98769428 ], [ -39.19729376, -14.98729614 ], [ -39.19719805, -14.98627136 ], [ -39.19717753, -14.98603294 ], [ -39.19713293, -14.98587205 ], [ -39.19704439, -14.98567325 ], [ -39.19689836, -14.98549718 ], [ -39.19676781, -14.985366 ], [ -39.19658282, -14.98521382 ], [ -39.1962803, -14.98501031 ], [ -39.19546067, -14.98460734 ], [ -39.19527261, -14.98449887 ], [ -39.19504745, -14.98438807 ], [ -39.19490639, -14.98427379 ], [ -39.19474985, -14.98411462 ], [ -39.19462857, -14.98398402 ], [ -39.19454441, -14.98385576 ], [ -39.19447627, -14.98363191 ], [ -39.19445139, -14.98332296 ], [ -39.19446853, -14.98294641 ], [ -39.19450957, -14.98209713 ], [ -39.19457727, -14.98139882 ], [ -39.19465185, -14.98086781 ], [ -39.19464368, -14.98058626 ], [ -39.19462561, -14.98031288 ], [ -39.19446526, -14.9799427 ], [ -39.19432107, -14.9797404 ], [ -39.19420784, -14.97962787 ], [ -39.1940309, -14.97949377 ], [ -39.19370063, -14.97942025 ], [ -39.19343037, -14.97942078 ], [ -39.19315705, -14.97946502 ], [ -39.19270009, -14.97960307 ], [ -39.19237854, -14.97967061 ], [ -39.19210644, -14.97969737 ], [ -39.19185228, -14.97973403 ], [ -39.19157834, -14.97978702 ], [ -39.19129881, -14.97978695 ], [ -39.19107678, -14.97976417 ], [ -39.1908937, -14.9797175 ], [ -39.19059371, -14.97961076 ], [ -39.19052441, -14.97953613 ], [ -39.19045573, -14.97945276 ], [ -39.19039196, -14.97929945 ], [ -39.19038625, -14.97898293 ], [ -39.19043257, -14.97885413 ], [ -39.19050113, -14.97867403 ], [ -39.19070135, -14.97834415 ], [ -39.19104624, -14.97794436 ], [ -39.19114263, -14.97776601 ], [ -39.19120505, -14.97767335 ], [ -39.1912483, -14.97758825 ], [ -39.19127791, -14.97743204 ], [ -39.19125186, -14.97727232 ], [ -39.19118188, -14.97707471 ], [ -39.19104697, -14.97687299 ], [ -39.19088668, -14.97663456 ], [ -39.19051973, -14.97615475 ], [ -39.19040589, -14.97605097 ], [ -39.19033161, -14.97591456 ], [ -39.19028517, -14.9757799 ], [ -39.19023688, -14.97567147 ], [ -39.19023866, -14.97551351 ], [ -39.1902652, -14.97540102 ], [ -39.19033007, -14.97527338 ], [ -39.1904036, -14.97515506 ], [ -39.19042025, -14.97505073 ], [ -39.19046719, -14.97491318 ], [ -39.19044046, -14.97463047 ], [ -39.19037546, -14.97449464 ], [ -39.19030861, -14.97438504 ], [ -39.19009642, -14.97422237 ], [ -39.18988981, -14.97411274 ], [ -39.18966159, -14.97404566 ], [ -39.1894148, -14.97397741 ], [ -39.18920513, -14.9739115 ], [ -39.18884144, -14.97378319 ], [ -39.18872514, -14.97371438 ], [ -39.18859152, -14.97362692 ], [ -39.18845047, -14.97351264 ], [ -39.18833725, -14.97340012 ], [ -39.18828896, -14.97329169 ], [ -39.18829387, -14.97322175 ], [ -39.1883123, -14.97295945 ], [ -39.18848829, -14.97244363 ], [ -39.18850051, -14.97213703 ], [ -39.18830134, -14.97205422 ], [ -39.18808184, -14.9721282 ], [ -39.18767749, -14.97231348 ], [ -39.1870295, -14.97251852 ], [ -39.18632934, -14.97227239 ], [ -39.18615959, -14.97163818 ], [ -39.18602337, -14.96999616 ], [ -39.18585003, -14.96835181 ], [ -39.18528278, -14.96674411 ], [ -39.1848284, -14.96578459 ], [ -39.18408141, -14.96461344 ], [ -39.18357745, -14.96343127 ], [ -39.18352855, -14.96333159 ], [ -39.18316652, -14.96278187 ], [ -39.18254401, -14.96196106 ], [ -39.1821356, -14.96140842 ], [ -39.18187499, -14.96087388 ], [ -39.18176913, -14.96065644 ], [ -39.18166881, -14.96036033 ], [ -39.18162788, -14.96014699 ], [ -39.18159126, -14.95987245 ], [ -39.18154966, -14.95953612 ], [ -39.18152408, -14.95910421 ], [ -39.18144155, -14.95855455 ], [ -39.18138078, -14.9582258 ], [ -39.18131885, -14.95804626 ], [ -39.18124335, -14.95792734 ], [ -39.18097544, -14.95762945 ], [ -39.1808183, -14.95747904 ], [ -39.18059002, -14.95728024 ], [ -39.17976051, -14.95675376 ], [ -39.17879412, -14.95578836 ], [ -39.17823301, -14.95528758 ], [ -39.17801094, -14.95513308 ], [ -39.17779569, -14.95501414 ], [ -39.17750868, -14.95485555 ], [ -39.17731076, -14.95475526 ], [ -39.17709366, -14.95466254 ], [ -39.17676029, -14.95450103 ], [ -39.17649804, -14.95438791 ], [ -39.17625374, -14.9542847 ], [ -39.17597417, -14.95415292 ], [ -39.17572489, -14.95398793 ], [ -39.17548427, -14.95383226 ], [ -39.17507907, -14.95349937 ], [ -39.17388579, -14.95258115 ], [ -39.17267152, -14.95169674 ], [ -39.1716583, -14.95100063 ], [ -39.17119071, -14.95076041 ], [ -39.17094702, -14.95064845 ], [ -39.17073055, -14.950547 ], [ -39.17052335, -14.95044612 ], [ -39.17036069, -14.9503744 ], [ -39.17018132, -14.95027528 ], [ -39.17006442, -14.95021523 ], [ -39.16987577, -14.95011553 ], [ -39.16971803, -14.94997386 ], [ -39.16953306, -14.94982171 ], [ -39.16939509, -14.94966373 ], [ -39.16902879, -14.94917524 ], [ -39.16843353, -14.94836498 ], [ -39.16821638, -14.94814054 ], [ -39.16805495, -14.94805133 ], [ -39.16794733, -14.94799186 ], [ -39.1677921, -14.94794696 ], [ -39.16760843, -14.94790904 ], [ -39.16740499, -14.94788743 ], [ -39.16712366, -14.9479136 ], [ -39.16698023, -14.94796603 ], [ -39.16688379, -14.94801264 ], [ -39.16683618, -14.9480272 ], [ -39.16668164, -14.94810527 ], [ -39.16650049, -14.9481641 ], [ -39.16634035, -14.94818913 ], [ -39.16603181, -14.9482048 ], [ -39.16582836, -14.9481832 ], [ -39.16560882, -14.94812545 ], [ -39.16542639, -14.94807005 ], [ -39.16520992, -14.94796859 ], [ -39.1649854, -14.94784906 ], [ -39.16468109, -14.94767182 ], [ -39.16439901, -14.94744329 ], [ -39.16411878, -14.94718854 ], [ -39.16367398, -14.94675657 ], [ -39.16304539, -14.94602324 ], [ -39.16267719, -14.94542927 ], [ -39.16249776, -14.94519843 ], [ -39.16239567, -14.94506028 ], [ -39.16230844, -14.94497576 ], [ -39.16225525, -14.94493728 ], [ -39.16217239, -14.94492327 ], [ -39.16212601, -14.94492035 ], [ -39.16201286, -14.94493956 ], [ -39.16196465, -14.94496286 ], [ -39.16186452, -14.94506192 ], [ -39.16180832, -14.94519887 ], [ -39.16176944, -14.94535448 ], [ -39.16173308, -14.94560684 ], [ -39.16172578, -14.94584346 ], [ -39.16170975, -14.94593904 ], [ -39.16166405, -14.94605909 ], [ -39.16161215, -14.94613485 ], [ -39.16157197, -14.94617622 ], [ -39.16152375, -14.94619952 ], [ -39.16144771, -14.94622107 ], [ -39.16106619, -14.94621458 ], [ -39.16085845, -14.94625416 ], [ -39.16078118, -14.9462932 ], [ -39.16058087, -14.94635959 ], [ -39.16039972, -14.94641842 ], [ -39.16025752, -14.94645336 ], [ -39.15991249, -14.94645794 ], [ -39.15972944, -14.94641128 ], [ -39.15957606, -14.94634014 ], [ -39.15941402, -14.94625968 ], [ -39.1592693, -14.94619787 ], [ -39.15910848, -14.94609992 ], [ -39.15894767, -14.94600197 ], [ -39.15876954, -14.94588536 ], [ -39.15862482, -14.94582355 ], [ -39.15840528, -14.94576581 ], [ -39.1580831, -14.94571037 ], [ -39.15760877, -14.9455663 ], [ -39.15744611, -14.94549458 ], [ -39.15726552, -14.94541295 ], [ -39.15716841, -14.94533657 ], [ -39.15700262, -14.94517685 ], [ -39.15698155, -14.94507893 ], [ -39.15698026, -14.9449647 ], [ -39.15699937, -14.94482541 ], [ -39.15704077, -14.94476656 ], [ -39.15712111, -14.94468381 ], [ -39.15722867, -14.94461157 ], [ -39.15732633, -14.94454748 ], [ -39.15748893, -14.94448749 ], [ -39.1576033, -14.9444508 ], [ -39.1577721, -14.9444351 ], [ -39.15796933, -14.94441241 ], [ -39.15827044, -14.94436993 ], [ -39.15845779, -14.9443554 ], [ -39.15863893, -14.94429658 ], [ -39.15879409, -14.94420977 ], [ -39.15890165, -14.94413753 ], [ -39.15898076, -14.94407227 ], [ -39.15905429, -14.94395397 ], [ -39.15910244, -14.94379895 ], [ -39.15907811, -14.9433496 ], [ -39.15909721, -14.94321031 ], [ -39.15914107, -14.94311648 ], [ -39.15919481, -14.9430145 ], [ -39.15925783, -14.94291311 ], [ -39.15933879, -14.94282162 ], [ -39.15939499, -14.94268467 ], [ -39.15944192, -14.94254713 ], [ -39.15942269, -14.94242299 ], [ -39.15940284, -14.94230759 ], [ -39.15928097, -14.94218575 ], [ -39.15917458, -14.9421088 ], [ -39.15828895, -14.9417193 ], [ -39.15784614, -14.94152454 ], [ -39.15758576, -14.9413852 ], [ -39.15731856, -14.9412103 ], [ -39.15705873, -14.94093049 ], [ -39.15676057, -14.94066583 ], [ -39.15651744, -14.94041343 ], [ -39.15639183, -14.94021233 ], [ -39.15631634, -14.94009342 ], [ -39.1562328, -14.93995644 ], [ -39.15613071, -14.9398183 ], [ -39.15599274, -14.93966033 ], [ -39.15586903, -14.93956472 ], [ -39.15564453, -14.9394452 ], [ -39.15546333, -14.93937231 ], [ -39.15526112, -14.93933322 ], [ -39.15466506, -14.93933076 ], [ -39.15444246, -14.93931672 ], [ -39.15431506, -14.93927357 ], [ -39.15418208, -14.93917738 ], [ -39.15409854, -14.9390404 ], [ -39.15407495, -14.93884574 ], [ -39.15403834, -14.93857123 ], [ -39.15401782, -14.93833286 ], [ -39.15397445, -14.93815451 ], [ -39.15391069, -14.93800122 ], [ -39.15385559, -14.93785726 ], [ -39.15375596, -14.93768414 ], [ -39.15363532, -14.93754483 ], [ -39.15355055, -14.93742534 ], [ -39.15324871, -14.93721313 ], [ -39.15284424, -14.93700324 ], [ -39.15285603, -14.93710057 ], [ -39.15283877, -14.93721363 ], [ -39.15278196, -14.93735932 ], [ -39.15271956, -14.93745197 ], [ -39.152591, -14.93755801 ], [ -39.15253228, -14.93759821 ], [ -39.1524445, -14.93765414 ], [ -39.15229426, -14.93767101 ], [ -39.15222129, -14.93764885 ], [ -39.15210256, -14.93761502 ], [ -39.15201472, -14.93753924 ], [ -39.15193432, -14.93749026 ], [ -39.15188358, -14.93741682 ], [ -39.15178647, -14.93734045 ], [ -39.15167824, -14.93728973 ], [ -39.15156135, -14.93722967 ], [ -39.15141234, -14.93722906 ], [ -39.15135485, -14.93725177 ], [ -39.15127758, -14.9372908 ], [ -39.15122752, -14.93734033 ], [ -39.15114902, -14.93739684 ], [ -39.15109834, -14.93745511 ], [ -39.15101616, -14.93756408 ], [ -39.15094325, -14.93767363 ], [ -39.15089196, -14.93774064 ], [ -39.15079184, -14.93783969 ], [ -39.15072078, -14.93792301 ], [ -39.15062188, -14.93800458 ], [ -39.15053595, -14.93803429 ], [ -39.15047969, -14.93803952 ], [ -39.15032263, -14.93802083 ], [ -39.15013215, -14.93794736 ], [ -39.14987055, -14.9378255 ], [ -39.14970047, -14.93772696 ], [ -39.14958855, -14.93772869 ], [ -39.14953106, -14.9377514 ], [ -39.14947295, -14.93778286 ], [ -39.14944083, -14.9378423 ], [ -39.14940809, -14.93791048 ], [ -39.14936423, -14.9380043 ], [ -39.14936257, -14.93842566 ], [ -39.14930698, -14.93855386 ], [ -39.14927486, -14.93861329 ], [ -39.14917658, -14.93868612 ], [ -39.14909992, -14.93871641 ], [ -39.14901461, -14.93873737 ], [ -39.14890023, -14.93877406 ], [ -39.14880687, -14.93877695 ], [ -39.14867395, -14.93881247 ], [ -39.14857936, -14.93883284 ], [ -39.14848415, -14.93886196 ], [ -39.14833888, -14.9389406 ], [ -39.14826161, -14.93897963 ], [ -39.14790129, -14.93933446 ], [ -39.14763869, -14.93975692 ], [ -39.14758433, -14.93986764 ], [ -39.14754729, -14.93999701 ], [ -39.14753193, -14.94021555 ], [ -39.14754747, -14.94039214 ], [ -39.14758898, -14.94059671 ], [ -39.14772018, -14.94085083 ], [ -39.1478687, -14.94112362 ], [ -39.14800241, -14.94147449 ], [ -39.14805879, -14.94173268 ], [ -39.14807807, -14.94198853 ], [ -39.14809366, -14.94229683 ], [ -39.14809317, -14.94256899 ], [ -39.14806048, -14.94276888 ], [ -39.14798204, -14.9429571 ], [ -39.14792951, -14.94304159 ], [ -39.14781084, -14.94313947 ], [ -39.14769646, -14.94317616 ], [ -39.14758455, -14.94317788 ], [ -39.14738111, -14.94315626 ], [ -39.147216, -14.9431195 ], [ -39.14707871, -14.9430845 ], [ -39.14693215, -14.94304891 ], [ -39.14676582, -14.94302963 ], [ -39.14659702, -14.94304533 ], [ -39.14657785, -14.9430529 ], [ -39.14587646, -14.94256084 ], [ -39.14527648, -14.94208396 ], [ -39.14460353, -14.94158492 ], [ -39.14427259, -14.94125673 ], [ -39.14407033, -14.94108592 ], [ -39.14384085, -14.94090462 ], [ -39.14366027, -14.94082298 ], [ -39.1434432, -14.94073026 ], [ -39.14306108, -14.94073249 ], [ -39.14283294, -14.94079711 ], [ -39.14274455, -14.94086178 ], [ -39.14263699, -14.94093401 ], [ -39.14250351, -14.94110998 ], [ -39.14246026, -14.94119505 ], [ -39.14228051, -14.9416315 ], [ -39.14207304, -14.94232961 ], [ -39.14196139, -14.94298986 ], [ -39.14187316, -14.94344965 ], [ -39.14180029, -14.94369089 ], [ -39.14173978, -14.94388902 ], [ -39.14160009, -14.94402069 ], [ -39.14142022, -14.94419372 ], [ -39.14129288, -14.94428226 ], [ -39.14110989, -14.9443673 ], [ -39.14095472, -14.94445408 ], [ -39.14068579, -14.94456881 ], [ -39.14048425, -14.94465267 ], [ -39.14033031, -14.94472197 ], [ -39.14011022, -14.94480466 ], [ -39.13994885, -14.94484716 ], [ -39.13970339, -14.94489312 ], [ -39.13932003, -14.94491282 ], [ -39.13909619, -14.94491625 ], [ -39.13881051, -14.94487187 ], [ -39.13854337, -14.94482867 ], [ -39.13806659, -14.94471954 ], [ -39.13709198, -14.94440339 ], [ -39.13644452, -14.94420446 ], [ -39.13615576, -14.94420379 ], [ -39.13599562, -14.9442288 ], [ -39.13587012, -14.94429111 ], [ -39.13579843, -14.94438317 ], [ -39.135707, -14.94462324 ], [ -39.1356638, -14.94484001 ], [ -39.13561936, -14.94507427 ], [ -39.13555577, -14.94531609 ], [ -39.13542042, -14.94551826 ], [ -39.13528693, -14.94569422 ], [ -39.13521892, -14.94573382 ], [ -39.13511013, -14.94582353 ], [ -39.13494568, -14.94590973 ], [ -39.13484181, -14.94592951 ], [ -39.13474844, -14.94593239 ], [ -39.1345283, -14.94588337 ], [ -39.13416467, -14.94575504 ], [ -39.13396431, -14.94568971 ], [ -39.13372192, -14.94569196 ], [ -39.13362732, -14.94571232 ], [ -39.13349193, -14.94578279 ], [ -39.1333652, -14.94586259 ], [ -39.13329535, -14.94592842 ], [ -39.13311552, -14.94623314 ], [ -39.1326305, -14.9473 ], [ -39.13241049, -14.94764608 ], [ -39.13229738, -14.94779697 ], [ -39.13216511, -14.94795543 ], [ -39.13198523, -14.94812845 ], [ -39.13180966, -14.94824028 ], [ -39.13157843, -14.94834859 ], [ -39.13140655, -14.94840797 ], [ -39.13111286, -14.94847721 ], [ -39.13083957, -14.94852141 ], [ -39.13046548, -14.94854167 ], [ -39.13021381, -14.94854333 ], [ -39.13016744, -14.9485404 ], [ -39.12992628, -14.94852516 ], [ -39.12972284, -14.94850353 ], [ -39.12940932, -14.94845738 ], [ -39.12892516, -14.94845312 ], [ -39.08424368, -14.93550466 ], [ -39.08418668, -14.93486024 ], [ -39.0841309, -14.93406666 ], [ -39.08412582, -14.93334652 ], [ -39.08415915, -14.93300628 ], [ -39.08417335, -14.93293695 ], [ -39.08421783, -14.93270276 ], [ -39.08427466, -14.93242545 ], [ -39.08449712, -14.93178116 ], [ -39.08533267, -14.92984138 ], [ -39.08585362, -14.92853127 ], [ -39.08608413, -14.92803671 ], [ -39.08630725, -14.92764703 ], [ -39.08645311, -14.92742802 ], [ -39.08659713, -14.92723523 ], [ -39.08677328, -14.92698303 ], [ -39.08700323, -14.92676056 ], [ -39.0873735, -14.92639774 ], [ -39.08765599, -14.92609081 ], [ -39.08802995, -14.92567556 ], [ -39.08837608, -14.92525853 ], [ -39.08852194, -14.92503952 ], [ -39.08882787, -14.92453217 ], [ -39.08910094, -14.92369794 ], [ -39.08906477, -14.92249301 ], [ -39.0880244, -14.92073299 ], [ -39.0873723, -14.91901509 ], [ -39.08787115, -14.91867794 ], [ -39.08852573, -14.91811363 ], [ -39.08829221, -14.91653632 ], [ -39.08886755, -14.91564219 ], [ -39.08875788, -14.91481887 ], [ -39.0886758, -14.91320725 ], [ -39.08936737, -14.9123819 ], [ -39.08955798, -14.91099819 ], [ -39.08896732, -14.90827469 ], [ -39.05460645, -14.91418493 ], [ -39.05410262, -14.91446021 ], [ -39.05381515, -14.91457365 ], [ -39.05362227, -14.91466676 ], [ -39.05311905, -14.9149333 ], [ -39.05216638, -14.91536445 ], [ -39.05124216, -14.91592028 ], [ -39.05074882, -14.91617866 ], [ -39.05049906, -14.91628571 ], [ -39.05003848, -14.91647595 ], [ -39.04971391, -14.91658703 ], [ -39.04942952, -14.91665678 ], [ -39.04896646, -14.9167503 ], [ -39.04857017, -14.91682173 ], [ -39.04814791, -14.91686518 ] ] ] ] } },
{ "type": "Feature", "properties": { "gid": 26, "terrai_cod": 47501, "terrai_nom": "Tuxá", "etnia_nome": "Tuxá", "municipio_": "Rodelas", "uf_sigla": "BA", "fase_ti": "Encaminhada RI", "modalidade": "Reserva Indígena", "cr": "COORDENACAO REGIONAL BAIXO SÃO FRANCISCO" }, "geometry": { "type": "MultiPolygon", "coordinates": [ [ [ [ -38.65046376, -9.00089792 ], [ -38.64929921, -9.00157961 ], [ -38.64809337, -9.00214459 ], [ -38.64666119, -9.02846252 ], [ -38.70444657, -9.06182882 ], [ -38.73151114, -9.02954292 ], [ -38.68803919, -8.98277312 ], [ -38.68763446, -8.9830728 ], [ -38.6872411, -8.98358912 ], [ -38.68682092, -8.98387007 ], [ -38.68643187, -8.98413294 ], [ -38.68595952, -8.98434962 ], [ -38.68519592, -8.98472687 ], [ -38.68485737, -8.98486054 ], [ -38.68436833, -8.98502293 ], [ -38.68372607, -8.98530902 ], [ -38.6829395, -8.98562229 ], [ -38.68257581, -8.98579962 ], [ -38.68178026, -8.98629469 ], [ -38.68134323, -8.98658556 ], [ -38.68089189, -8.98691405 ], [ -38.68054466, -8.98719044 ], [ -38.6803547, -8.98740835 ], [ -38.67969512, -8.98824145 ], [ -38.67905456, -8.98947834 ], [ -38.67870106, -8.99026884 ], [ -38.67838018, -8.99068797 ], [ -38.67786387, -8.99143374 ], [ -38.677545, -8.99193916 ], [ -38.67740179, -8.99236424 ], [ -38.67733606, -8.99262649 ], [ -38.67726819, -8.99303735 ], [ -38.67727051, -8.99350018 ], [ -38.67732577, -8.99376633 ], [ -38.67729903, -8.99417406 ], [ -38.67743654, -8.99484251 ], [ -38.6776003, -8.9951501 ], [ -38.67792758, -8.99510561 ], [ -38.67884572, -8.99511519 ], [ -38.6795706, -8.99505151 ], [ -38.68037462, -8.9949888 ], [ -38.68007054, -8.99606589 ], [ -38.67974132, -8.99654707 ], [ -38.67925418, -8.99732252 ], [ -38.6789424, -8.99814625 ], [ -38.67879813, -8.99925929 ], [ -38.67883027, -9.00036218 ], [ -38.67893209, -9.00158361 ], [ -38.67883656, -9.00251489 ], [ -38.67913479, -9.00386277 ], [ -38.67960179, -9.00479318 ], [ -38.68003834, -9.00569688 ], [ -38.68086351, -9.00582523 ], [ -38.68169405, -9.00595267 ], [ -38.68211691, -9.00575495 ], [ -38.68237432, -9.00593616 ], [ -38.68298691, -9.00602117 ], [ -38.68356786, -9.00629076 ], [ -38.68404002, -9.00642566 ], [ -38.68467701, -9.00679724 ], [ -38.68479557, -9.00689774 ], [ -38.68501218, -9.00680756 ], [ -38.68548693, -9.00668858 ], [ -38.6856103, -9.00721311 ], [ -38.68563108, -9.00758524 ], [ -38.68562975, -9.0080743 ], [ -38.68552097, -9.00835289 ], [ -38.68550138, -9.00913128 ], [ -38.68535492, -9.00931785 ], [ -38.68562999, -9.00959115 ], [ -38.68573702, -9.01008148 ], [ -38.6850822, -9.01074148 ], [ -38.6848713, -9.01094969 ], [ -38.68472424, -9.01161917 ], [ -38.68479929, -9.01195399 ], [ -38.68533661, -9.01228396 ], [ -38.6859099, -9.01237372 ], [ -38.68602745, -9.01290205 ], [ -38.68622705, -9.01303174 ], [ -38.68650775, -9.01342589 ], [ -38.68632537, -9.01390793 ], [ -38.68652419, -9.01429812 ], [ -38.68689597, -9.01469623 ], [ -38.68705384, -9.01510204 ], [ -38.68710672, -9.01582451 ], [ -38.6874879, -9.0160714 ], [ -38.68809934, -9.01614518 ], [ -38.68849775, -9.01646779 ], [ -38.68873271, -9.0171546 ], [ -38.68921581, -9.01793441 ], [ -38.68943453, -9.01856874 ], [ -38.68956138, -9.01939927 ], [ -38.6901322, -9.02006257 ], [ -38.69045025, -9.02052341 ], [ -38.69065196, -9.02095702 ], [ -38.6908381, -9.02139921 ], [ -38.6912681, -9.02159847 ], [ -38.69135557, -9.02231291 ], [ -38.69126584, -9.02340023 ], [ -38.69148057, -9.02425037 ], [ -38.69078579, -9.02406644 ], [ -38.69026578, -9.02431546 ], [ -38.69007536, -9.02482861 ], [ -38.69014464, -9.02542744 ], [ -38.69008089, -9.02603467 ], [ -38.69067351, -9.02653147 ], [ -38.69088243, -9.02704169 ], [ -38.69148609, -9.0273993 ], [ -38.69177233, -9.02793744 ], [ -38.69209166, -9.02872318 ], [ -38.692062, -9.0294747 ], [ -38.69244601, -9.02973995 ], [ -38.69264538, -9.03058158 ], [ -38.69294376, -9.03161477 ], [ -38.69307098, -9.03191037 ], [ -38.69293301, -9.03163167 ], [ -38.69248037, -9.03063571 ], [ -38.69222687, -9.03022133 ], [ -38.69176389, -9.02941331 ], [ -38.6915875, -9.02883591 ], [ -38.69156903, -9.02797834 ], [ -38.69107042, -9.02756194 ], [ -38.69014434, -9.02706187 ], [ -38.68969296, -9.02662643 ], [ -38.68947939, -9.02559684 ], [ -38.68951102, -9.02520603 ], [ -38.689649, -9.02429957 ], [ -38.68967288, -9.02393715 ], [ -38.68937416, -9.02374352 ], [ -38.68920297, -9.02358689 ], [ -38.68976561, -9.02328246 ], [ -38.69018435, -9.02281809 ], [ -38.69064109, -9.02261053 ], [ -38.6906671, -9.02229732 ], [ -38.69016756, -9.02202446 ], [ -38.68982179, -9.02141816 ], [ -38.68960336, -9.02127967 ], [ -38.68923778, -9.02160507 ], [ -38.68901404, -9.02098331 ], [ -38.68913909, -9.02061248 ], [ -38.68856508, -9.02039492 ], [ -38.68799703, -9.01979656 ], [ -38.68762068, -9.01931604 ], [ -38.6874011, -9.01893099 ], [ -38.68691939, -9.01846169 ], [ -38.68650272, -9.01800094 ], [ -38.68596099, -9.0173818 ], [ -38.68542364, -9.01696256 ], [ -38.68475998, -9.01658128 ], [ -38.68436715, -9.01601319 ], [ -38.68410734, -9.01575835 ], [ -38.68365955, -9.01603755 ], [ -38.6833493, -9.01614021 ], [ -38.68331316, -9.01575161 ], [ -38.68342078, -9.01534467 ], [ -38.6835872, -9.01470516 ], [ -38.6834682, -9.01417176 ], [ -38.6831249, -9.01357241 ], [ -38.68280954, -9.0131795 ], [ -38.68249421, -9.01263345 ], [ -38.68212158, -9.01187579 ], [ -38.68188393, -9.01145888 ], [ -38.68167578, -9.0109255 ], [ -38.68148605, -9.01064774 ], [ -38.68132557, -9.01011486 ], [ -38.68120116, -9.00974092 ], [ -38.68068537, -9.00955342 ], [ -38.68025049, -9.00954409 ], [ -38.67994362, -9.00953251 ], [ -38.67907482, -9.00976819 ], [ -38.67874757, -9.0100587 ], [ -38.67838505, -9.01052737 ], [ -38.67803927, -9.01079534 ], [ -38.67778246, -9.01106737 ], [ -38.67767618, -9.01077187 ], [ -38.67793286, -9.01013722 ], [ -38.67798675, -9.00989287 ], [ -38.67804884, -9.00964139 ], [ -38.6779964, -9.00917118 ], [ -38.67797927, -9.00879046 ], [ -38.6778512, -9.00864355 ], [ -38.67752106, -9.00850858 ], [ -38.67708549, -9.00835516 ], [ -38.67678917, -9.0081456 ], [ -38.67658109, -9.00784892 ], [ -38.67638756, -9.00745122 ], [ -38.67622142, -9.00695306 ], [ -38.67601077, -9.00647349 ], [ -38.67563458, -9.00594818 ], [ -38.67544104, -9.00566671 ], [ -38.6750948, -9.00533111 ], [ -38.67469778, -9.00469888 ], [ -38.67453083, -9.00409398 ], [ -38.6747172, -9.00353064 ], [ -38.67455291, -9.0028002 ], [ -38.67453444, -9.0021844 ], [ -38.67441488, -9.00189088 ], [ -38.67393509, -9.00195883 ], [ -38.67354172, -9.00223237 ], [ -38.67298714, -9.00281365 ], [ -38.67234363, -9.00302355 ], [ -38.67200735, -9.00385385 ], [ -38.6714881, -9.00358267 ], [ -38.67163124, -9.00324986 ], [ -38.6716528, -9.00284846 ], [ -38.67180699, -9.002267 ], [ -38.67204428, -9.0015419 ], [ -38.67244318, -9.00108629 ], [ -38.67256799, -9.00069304 ], [ -38.67227326, -9.00024414 ], [ -38.67190079, -9.0000412 ], [ -38.67139688, -8.99971595 ], [ -38.67098424, -8.99947507 ], [ -38.67032717, -8.99919771 ], [ -38.66980822, -8.9989069 ], [ -38.66927002, -8.99846945 ], [ -38.66869262, -8.99812423 ], [ -38.66836269, -8.9980788 ], [ -38.66759831, -8.99795392 ], [ -38.66653158, -8.99746335 ], [ -38.6662506, -8.99741389 ], [ -38.66558874, -8.99720697 ], [ -38.66480596, -8.99711771 ], [ -38.66434059, -8.99713302 ], [ -38.66366559, -8.99717085 ], [ -38.66294275, -8.99719633 ], [ -38.66225765, -8.99733228 ], [ -38.66151099, -8.99753158 ], [ -38.66075566, -8.99755621 ], [ -38.66023571, -8.99757545 ], [ -38.65971111, -8.9975916 ], [ -38.65915639, -8.99771853 ], [ -38.6586399, -8.99782307 ], [ -38.65824345, -8.99789235 ], [ -38.65768174, -8.99800018 ], [ -38.65735478, -8.99808155 ], [ -38.65666103, -8.99822183 ], [ -38.65617105, -8.9983755 ], [ -38.65566876, -8.99847407 ], [ -38.65530482, -8.99869217 ], [ -38.65477038, -8.99911841 ], [ -38.65410329, -8.99925436 ], [ -38.65355878, -8.99944994 ], [ -38.65301208, -8.9995491 ], [ -38.65221815, -9.00018168 ], [ -38.65156014, -9.00042645 ], [ -38.65046376, -9.00089792 ] ] ] ] } },
{ "type": "Feature", "properties": { "gid": 27, "terrai_cod": 48901, "terrai_nom": "Vargem Alegre", "etnia_nome": "Pankararú", "municipio_": "Serra do Ramalho", "uf_sigla": "BA", "fase_ti": "Regularizada", "modalidade": "Reserva Indígena", "cr": "COORDENACAO REGIONAL BAIXO SÃO FRANCISCO" }, "geometry": { "type": "MultiPolygon", "coordinates": [ [ [ [ -43.76553896, -13.39873876 ], [ -43.75651973, -13.40079226 ], [ -43.76067948, -13.41856161 ], [ -43.80504876, -13.40850186 ], [ -43.80423457, -13.40503017 ], [ -43.80360028, -13.40221333 ], [ -43.80080889, -13.39053861 ], [ -43.76553896, -13.39873876 ] ] ] ] } }
]
}
