{
"type": "FeatureCollection",
"name": "quilombolas",
"crs": { "type": "name", "properties": { "name": "urn:ogc:def:crs:EPSG::4674" } },
"features": [
{ "type": "Feature", "properties": { "gid": 1, "cd_quilomb": 162, "cd_sr": "SR-29", "nr_process": "54141.000091/2007-82", "nm_comunid": "CURRAL DE PEDRA", "nm_municip": "ABARÉ", "cd_uf": "BA", "nr_familia": 102, "ob_descric": "area total 4551.9045 - area br116 de 36.6398", "tp_levanta": "GPS", "nr_escalao": "1/65000", "area_calc_": 4555.4444, "esfera": "FEDERAL", "fase": null, "responsave": "INCRA" }, "geometry": { "type": "MultiPolygon", "coordinates": [ [ [ [ -39.28366349, -8.84467941 ], [ -39.3105821, -8.84291434 ], [ -39.30250878, -8.83029368 ], [ -39.28924011, -8.80915913 ], [ -39.28118758, -8.79649104 ], [ -39.27366699, -8.7849597 ], [ -39.27299709, -8.7837835 ], [ -39.27028976, -8.77938734 ], [ -39.26096015, -8.76408934 ], [ -39.25899566, -8.76508485 ], [ -39.25640366, -8.76627825 ], [ -39.23643318, -8.77547214 ], [ -39.21775544, -8.78406954 ], [ -39.2115449, -8.78844098 ], [ -39.22711088, -8.82311584 ], [ -39.26022101, -8.81147924 ], [ -39.26007256, -8.82272578 ], [ -39.25997014, -8.83048256 ], [ -39.28366349, -8.84467941 ] ] ] ] } },
{ "type": "Feature", "properties": { "gid": 2, "cd_quilomb": 54, "cd_sr": "SR-05", "nr_process": "54160.003747/2011-77 \n", "nm_comunid": "CAÔNGE/DENÊE/ENGENHO DA PRAIA/ENGENHO DA PONTE E C", "nm_municip": "CACHOEIRA", "cd_uf": "BA", "nr_familia": 83, "ob_descric": null, "tp_levanta": "GPS Topoigráfica Pro-XR", "nr_escalao": "1:50.000", "area_calc_": 907.8931, "esfera": "FEDERAL", "fase": "RTID", "responsave": "INCRA" }, "geometry": { "type": "MultiPolygon", "coordinates": [ [ [ [ -38.87775877, -12.64206829 ], [ -38.87475061, -12.63066705 ], [ -38.87472615, -12.63057434 ], [ -38.87175448, -12.63132707 ], [ -38.87124883, -12.63176769 ], [ -38.86987206, -12.62615826 ], [ -38.86986991, -12.62614947 ], [ -38.8696518, -12.62526079 ], [ -38.86295615, -12.62631337 ], [ -38.86293797, -12.62631623 ], [ -38.86228662, -12.62641861 ], [ -38.8544763, -12.62843002 ], [ -38.85581494, -12.6354309 ], [ -38.83268474, -12.64127583 ], [ -38.83270955, -12.64138016 ], [ -38.83348053, -12.64462205 ], [ -38.83531422, -12.65159327 ], [ -38.83537148, -12.65181344 ], [ -38.84073967, -12.65042846 ], [ -38.8421214, -12.65009631 ], [ -38.84252497, -12.65165423 ], [ -38.84298067, -12.65341679 ], [ -38.84333715, -12.65482077 ], [ -38.84337846, -12.6548902 ], [ -38.84349426, -12.65533633 ], [ -38.843564, -12.655312 ], [ -38.843706, -12.655221 ], [ -38.843963, -12.655221 ], [ -38.844204, -12.655237 ], [ -38.844403, -12.655237 ], [ -38.844544, -12.655395 ], [ -38.844611, -12.655544 ], [ -38.844619, -12.655794 ], [ -38.844644, -12.656018 ], [ -38.844727, -12.656292 ], [ -38.844719, -12.656566 ], [ -38.84471, -12.656773 ], [ -38.844719, -12.656997 ], [ -38.844719, -12.657197 ], [ -38.844727, -12.657338 ], [ -38.844744, -12.65757 ], [ -38.844785, -12.657736 ], [ -38.844893, -12.657869 ], [ -38.844984, -12.657969 ], [ -38.844984, -12.658177 ], [ -38.845001, -12.658318 ], [ -38.845125, -12.658542 ], [ -38.845125, -12.658749 ], [ -38.845175, -12.658999 ], [ -38.845275, -12.659148 ], [ -38.845399, -12.659322 ], [ -38.845474, -12.659447 ], [ -38.845557, -12.659613 ], [ -38.845682, -12.659738 ], [ -38.845823, -12.659904 ], [ -38.84584, -12.660111 ], [ -38.845881, -12.660227 ], [ -38.845956, -12.660385 ], [ -38.846039, -12.660535 ], [ -38.846213, -12.660717 ], [ -38.846404, -12.660867 ], [ -38.846562, -12.661008 ], [ -38.84672, -12.661174 ], [ -38.846969, -12.661274 ], [ -38.84706, -12.66139 ], [ -38.847135, -12.661523 ], [ -38.847384, -12.661747 ], [ -38.847733, -12.661797 ], [ -38.847965, -12.662013 ], [ -38.848148, -12.662278 ], [ -38.848546, -12.662378 ], [ -38.848845, -12.662536 ], [ -38.849194, -12.662735 ], [ -38.849435, -12.66281 ], [ -38.849817, -12.662893 ], [ -38.850107, -12.663026 ], [ -38.850315, -12.6633 ], [ -38.850473, -12.663524 ], [ -38.850655, -12.663574 ], [ -38.850963, -12.663574 ], [ -38.851087, -12.663391 ], [ -38.851203, -12.663109 ], [ -38.85132, -12.662826 ], [ -38.851469, -12.662494 ], [ -38.851494, -12.66222 ], [ -38.851494, -12.661921 ], [ -38.851527, -12.661747 ], [ -38.851693, -12.661539 ], [ -38.851727, -12.661348 ], [ -38.851727, -12.661066 ], [ -38.851677, -12.660676 ], [ -38.851677, -12.660269 ], [ -38.851469, -12.660153 ], [ -38.851286, -12.660078 ], [ -38.851253, -12.659887 ], [ -38.851162, -12.659679 ], [ -38.851062, -12.65948 ], [ -38.851062, -12.659289 ], [ -38.851021, -12.659123 ], [ -38.850846, -12.659115 ], [ -38.850788, -12.658965 ], [ -38.850763, -12.658808 ], [ -38.850755, -12.658658 ], [ -38.850664, -12.658484 ], [ -38.850514, -12.658376 ], [ -38.850514, -12.658218 ], [ -38.850606, -12.658044 ], [ -38.85073, -12.657969 ], [ -38.850871, -12.657861 ], [ -38.851137, -12.657886 ], [ -38.85132, -12.658019 ], [ -38.851494, -12.65806 ], [ -38.851702, -12.658102 ], [ -38.851793, -12.65826 ], [ -38.851926, -12.658351 ], [ -38.85215, -12.658359 ], [ -38.852299, -12.658376 ], [ -38.852482, -12.658426 ], [ -38.85269, -12.658467 ], [ -38.852839, -12.65855 ], [ -38.852897, -12.658666 ], [ -38.852947, -12.658824 ], [ -38.85308, -12.658965 ], [ -38.853196, -12.659057 ], [ -38.853404, -12.659106 ], [ -38.853711, -12.659106 ], [ -38.854002, -12.659106 ], [ -38.854184, -12.659098 ], [ -38.854367, -12.659065 ], [ -38.854525, -12.659015 ], [ -38.854724, -12.658974 ], [ -38.854898, -12.658932 ], [ -38.85494, -12.658824 ], [ -38.855039, -12.658708 ], [ -38.855139, -12.658558 ], [ -38.855181, -12.658384 ], [ -38.855206, -12.658251 ], [ -38.855222, -12.658127 ], [ -38.855206, -12.657936 ], [ -38.855206, -12.657736 ], [ -38.855197, -12.657496 ], [ -38.855139, -12.657288 ], [ -38.855031, -12.657064 ], [ -38.85489, -12.656931 ], [ -38.85489, -12.65673151 ], [ -38.85489, -12.656516 ], [ -38.85484, -12.656317 ], [ -38.854741, -12.656192 ], [ -38.854624, -12.655918 ], [ -38.854483, -12.655835 ], [ -38.854301, -12.655636 ], [ -38.854159, -12.655536 ], [ -38.854002, -12.655337 ], [ -38.853827, -12.655204 ], [ -38.853827, -12.654822 ], [ -38.853678, -12.654614 ], [ -38.853445, -12.654407 ], [ -38.853312, -12.654125 ], [ -38.853121, -12.653909 ], [ -38.852897, -12.653768 ], [ -38.852499, -12.653469 ], [ -38.852333, -12.653377 ], [ -38.851976, -12.653153 ], [ -38.851785, -12.652954 ], [ -38.851469, -12.652696 ], [ -38.851369, -12.652489 ], [ -38.851295, -12.652198 ], [ -38.851303, -12.651924 ], [ -38.85132, -12.651708 ], [ -38.851378, -12.651517 ], [ -38.85156, -12.651418 ], [ -38.851818, -12.651385 ], [ -38.851951, -12.651443 ], [ -38.8522, -12.651584 ], [ -38.852341, -12.651692 ], [ -38.852598, -12.65175 ], [ -38.852906, -12.651733 ], [ -38.85313, -12.651708 ], [ -38.853346, -12.651849 ], [ -38.853454, -12.651982 ], [ -38.853669, -12.651999 ], [ -38.853927, -12.652007 ], [ -38.854151, -12.651874 ], [ -38.854251, -12.6517 ], [ -38.854375, -12.651501 ], [ -38.854417, -12.651343 ], [ -38.854533, -12.651077 ], [ -38.854566, -12.650878 ], [ -38.854558, -12.650695 ], [ -38.854533, -12.650496 ], [ -38.85445, -12.650288 ], [ -38.854417, -12.650172 ], [ -38.854375, -12.650048 ], [ -38.854425, -12.649824 ], [ -38.854342, -12.649599 ], [ -38.854242, -12.649392 ], [ -38.854118, -12.649118 ], [ -38.854118, -12.648885 ], [ -38.85411, -12.648636 ], [ -38.854143, -12.648395 ], [ -38.854301, -12.648279 ], [ -38.854467, -12.648213 ], [ -38.854649, -12.648171 ], [ -38.854907, -12.648163 ], [ -38.855189, -12.648163 ], [ -38.855363, -12.648279 ], [ -38.85548, -12.64837 ], [ -38.855612, -12.648487 ], [ -38.855745, -12.648653 ], [ -38.855754, -12.648761 ], [ -38.855812, -12.64891 ], [ -38.855945, -12.649035 ], [ -38.855953, -12.649242 ], [ -38.856019, -12.649433 ], [ -38.856061, -12.649608 ], [ -38.85626, -12.649931 ], [ -38.856534, -12.650338 ], [ -38.856725, -12.650438 ], [ -38.856841, -12.650886 ], [ -38.85714, -12.651169 ], [ -38.857315, -12.651509 ], [ -38.857514, -12.651916 ], [ -38.85763, -12.652157 ], [ -38.857821, -12.65258 ], [ -38.858078, -12.652904 ], [ -38.858178, -12.653244 ], [ -38.858452, -12.653601 ], [ -38.858668, -12.653834 ], [ -38.858917, -12.654091 ], [ -38.859174, -12.654158 ], [ -38.859316, -12.654349 ], [ -38.859515, -12.654473 ], [ -38.859839, -12.654498 ], [ -38.860179, -12.65439 ], [ -38.860295, -12.654216 ], [ -38.860486, -12.653967 ], [ -38.860769, -12.653751 ], [ -38.860976, -12.65356 ], [ -38.861084, -12.653377 ], [ -38.861109, -12.65317 ], [ -38.861176, -12.652995 ], [ -38.861192, -12.652862 ], [ -38.861391, -12.652796 ], [ -38.861541, -12.65273 ], [ -38.861574, -12.652605 ], [ -38.861715, -12.652397 ], [ -38.861707, -12.652157 ], [ -38.861707, -12.651899 ], [ -38.861707, -12.651675 ], [ -38.861657, -12.651468 ], [ -38.861641, -12.651202 ], [ -38.861649, -12.650944 ], [ -38.861624, -12.650612 ], [ -38.861383, -12.650347 ], [ -38.861176, -12.650139 ], [ -38.86096, -12.650039 ], [ -38.860744, -12.649882 ], [ -38.86047, -12.649774 ], [ -38.860337, -12.649633 ], [ -38.860204, -12.649516 ], [ -38.860104, -12.649309 ], [ -38.860088, -12.649109 ], [ -38.860096, -12.648869 ], [ -38.860204, -12.648769 ], [ -38.860329, -12.648736 ], [ -38.860578, -12.648686 ], [ -38.86076, -12.648653 ], [ -38.860902, -12.64857 ], [ -38.860976, -12.648445 ], [ -38.861051, -12.648304 ], [ -38.861101, -12.648188 ], [ -38.861317, -12.648063 ], [ -38.861616, -12.648088 ], [ -38.861773, -12.648038 ], [ -38.861848, -12.647947 ], [ -38.861931, -12.647806 ], [ -38.861948, -12.64764 ], [ -38.861981, -12.647465 ], [ -38.861989, -12.64725 ], [ -38.861989, -12.646934 ], [ -38.861931, -12.646585 ], [ -38.861798, -12.646328 ], [ -38.861624, -12.646079 ], [ -38.861425, -12.645896 ], [ -38.861242, -12.645846 ], [ -38.861117, -12.645647 ], [ -38.861026, -12.645473 ], [ -38.860827, -12.645331 ], [ -38.860553, -12.645298 ], [ -38.860345, -12.645257 ], [ -38.860113, -12.645107 ], [ -38.860055, -12.644966 ], [ -38.859922, -12.644883 ], [ -38.859656, -12.644858 ], [ -38.85949, -12.644825 ], [ -38.859266, -12.644725 ], [ -38.859042, -12.6447 ], [ -38.858618, -12.644534 ], [ -38.858311, -12.644451 ], [ -38.858186, -12.64431 ], [ -38.858145, -12.644128 ], [ -38.858178, -12.644003 ], [ -38.858294, -12.643878 ], [ -38.858294, -12.643663 ], [ -38.858294, -12.64353 ], [ -38.858286, -12.64333 ], [ -38.858294, -12.643098 ], [ -38.858436, -12.642907 ], [ -38.858524, -12.642835 ], [ -38.858668, -12.64291 ], [ -38.858732, -12.643038 ], [ -38.858865, -12.643095 ], [ -38.858992, -12.643188 ], [ -38.859113, -12.643274 ], [ -38.859223, -12.643326 ], [ -38.859361, -12.643361 ], [ -38.859488, -12.643361 ], [ -38.859662, -12.643407 ], [ -38.85972, -12.643471 ], [ -38.859766, -12.643569 ], [ -38.859795, -12.643667 ], [ -38.859951, -12.643817 ], [ -38.860187, -12.643916 ], [ -38.860424, -12.643997 ], [ -38.860667, -12.644112 ], [ -38.860938, -12.644222 ], [ -38.86121, -12.644251 ], [ -38.861574, -12.644285 ], [ -38.861765, -12.64432 ], [ -38.862036, -12.64432 ], [ -38.862163, -12.64432 ], [ -38.862152, -12.644147 ], [ -38.8621, -12.644008 ], [ -38.862065, -12.643835 ], [ -38.861984, -12.643656 ], [ -38.861909, -12.643482 ], [ -38.861851, -12.643292 ], [ -38.861776, -12.643078 ], [ -38.861753, -12.642835 ], [ -38.861718, -12.642529 ], [ -38.86169, -12.642304 ], [ -38.861655, -12.642073 ], [ -38.861655, -12.641905 ], [ -38.861655, -12.641813 ], [ -38.861666, -12.641587 ], [ -38.861661, -12.641391 ], [ -38.861695, -12.64127 ], [ -38.861851, -12.641235 ], [ -38.862019, -12.641281 ], [ -38.862175, -12.641339 ], [ -38.862371, -12.641547 ], [ -38.862533, -12.641622 ], [ -38.862689, -12.641697 ], [ -38.86277, -12.641784 ], [ -38.862851, -12.641882 ], [ -38.862966, -12.642038 ], [ -38.863088, -12.642084 ], [ -38.86314, -12.642229 ], [ -38.863255, -12.642333 ], [ -38.863313, -12.642477 ], [ -38.863417, -12.642668 ], [ -38.863469, -12.642824 ], [ -38.863492, -12.642986 ], [ -38.86355, -12.643159 ], [ -38.863584, -12.643303 ], [ -38.863596, -12.643459 ], [ -38.863619, -12.643592 ], [ -38.863625, -12.643806 ], [ -38.863732, -12.643896 ], [ -38.863746, -12.644087 ], [ -38.863754, -12.644257 ], [ -38.863768, -12.64437 ], [ -38.863824, -12.64454 ], [ -38.863839, -12.644717 ], [ -38.863874, -12.644909 ], [ -38.863952, -12.64498 ], [ -38.864009, -12.645093 ], [ -38.864051, -12.645206 ], [ -38.864101, -12.645298 ], [ -38.864129, -12.645405 ], [ -38.864165, -12.64550376 ], [ -38.864165, -12.645646 ], [ -38.864165, -12.645745 ], [ -38.864186, -12.645858 ], [ -38.864285, -12.64595 ], [ -38.86437, -12.646014 ], [ -38.86442, -12.646156 ], [ -38.864533, -12.646234 ], [ -38.864547, -12.646354 ], [ -38.864554, -12.646524 ], [ -38.864469, -12.646666 ], [ -38.864512, -12.646758 ], [ -38.864512, -12.646949 ], [ -38.864554, -12.647077 ], [ -38.864661, -12.647197 ], [ -38.86471, -12.647389 ], [ -38.864717, -12.64758 ], [ -38.864767, -12.647743 ], [ -38.864852, -12.647934 ], [ -38.864944, -12.64814 ], [ -38.865015, -12.648253 ], [ -38.865242, -12.648359 ], [ -38.865298, -12.648529 ], [ -38.865327, -12.648692 ], [ -38.865454, -12.648792 ], [ -38.865603, -12.648898 ], [ -38.865745, -12.649047 ], [ -38.865908, -12.649096 ], [ -38.866205, -12.649096 ], [ -38.866439, -12.649117 ], [ -38.866708, -12.649082 ], [ -38.866843, -12.648926 ], [ -38.866942, -12.64877 ], [ -38.867155, -12.648636 ], [ -38.867254, -12.648466 ], [ -38.867388, -12.648317 ], [ -38.867495, -12.648147 ], [ -38.867615, -12.647955 ], [ -38.867728, -12.647807 ], [ -38.867806, -12.647658 ], [ -38.867934, -12.647552 ], [ -38.867991, -12.647374 ], [ -38.86804, -12.647247 ], [ -38.868083, -12.647162 ], [ -38.868147, -12.647063 ], [ -38.868395, -12.6469 ], [ -38.868593, -12.646779 ], [ -38.868664, -12.646645 ], [ -38.868664, -12.646453 ], [ -38.868614, -12.64629 ], [ -38.868579, -12.646085 ], [ -38.868409, -12.645936 ], [ -38.868317, -12.645773 ], [ -38.868246, -12.645631 ], [ -38.868182, -12.645433 ], [ -38.868118, -12.645242 ], [ -38.868061, -12.645043 ], [ -38.867927, -12.644788 ], [ -38.867877, -12.644554 ], [ -38.867785, -12.644342 ], [ -38.867693, -12.644144 ], [ -38.867608, -12.643966 ], [ -38.867566, -12.643633 ], [ -38.867693, -12.643548 ], [ -38.867693, -12.643414 ], [ -38.867622, -12.643258 ], [ -38.867523, -12.643159 ], [ -38.86736, -12.643123 ], [ -38.867204, -12.643052 ], [ -38.867105, -12.642989 ], [ -38.867055, -12.642847 ], [ -38.867027, -12.642691 ], [ -38.867034, -12.642578 ], [ -38.867034, -12.642464 ], [ -38.866963, -12.642365 ], [ -38.866963, -12.642238 ], [ -38.866949, -12.642096 ], [ -38.866928, -12.641912 ], [ -38.866942, -12.641727 ], [ -38.867041, -12.641593 ], [ -38.867119, -12.64143 ], [ -38.867197, -12.641281 ], [ -38.867247, -12.641118 ], [ -38.86738, -12.641037 ], [ -38.867575, -12.641123 ], [ -38.867712, -12.641237 ], [ -38.867837, -12.641391 ], [ -38.867911, -12.6415 ], [ -38.868088, -12.641534 ], [ -38.86822, -12.641522 ], [ -38.868306, -12.641551 ], [ -38.868443, -12.64158 ], [ -38.868574, -12.641591 ], [ -38.868694, -12.641677 ], [ -38.868762, -12.641734 ], [ -38.868842, -12.641922 ], [ -38.869002, -12.642202 ], [ -38.869156, -12.642585 ], [ -38.869305, -12.642813 ], [ -38.869385, -12.64311 ], [ -38.869556, -12.643447 ], [ -38.86967, -12.643653 ], [ -38.869728, -12.643824 ], [ -38.86983, -12.643881 ], [ -38.869887, -12.644012 ], [ -38.869905, -12.644115 ], [ -38.869905, -12.644264 ], [ -38.869905, -12.644395 ], [ -38.869905, -12.644532 ], [ -38.869927, -12.644698 ], [ -38.869979, -12.64488 ], [ -38.870087, -12.645046 ], [ -38.87026425, -12.64515515 ], [ -38.870441, -12.645332 ], [ -38.870744, -12.64556 ], [ -38.870961, -12.645617 ], [ -38.871224, -12.645577 ], [ -38.871349, -12.645446 ], [ -38.87152177, -12.64537657 ], [ -38.871749, -12.645252 ], [ -38.871932, -12.64512 ], [ -38.872086, -12.644966 ], [ -38.87225214, -12.64481187 ], [ -38.872377, -12.644692 ], [ -38.872469, -12.644555 ], [ -38.872503, -12.644412 ], [ -38.872497, -12.644287 ], [ -38.872452, -12.644155 ], [ -38.872389, -12.644001 ], [ -38.872406, -12.643875 ], [ -38.872457, -12.64379 ], [ -38.872492, -12.643693 ], [ -38.872497, -12.643567 ], [ -38.87252, -12.643464 ], [ -38.872532, -12.643361 ], [ -38.872617, -12.64323 ], [ -38.872731, -12.64315 ], [ -38.872771, -12.643047 ], [ -38.872777, -12.642939 ], [ -38.872783, -12.642796 ], [ -38.872806, -12.642659 ], [ -38.87288, -12.642556 ], [ -38.872983, -12.642522 ], [ -38.87308, -12.642482 ], [ -38.873143, -12.642385 ], [ -38.873154, -12.642282 ], [ -38.87316, -12.642202 ], [ -38.873274, -12.642116 ], [ -38.873343, -12.642048 ], [ -38.873365, -12.641968 ], [ -38.87337101, -12.64188789 ], [ -38.873377, -12.641797 ], [ -38.873377, -12.641659 ], [ -38.873377, -12.64154 ], [ -38.873377, -12.641414 ], [ -38.873382, -12.641311 ], [ -38.87336511, -12.64114842 ], [ -38.87336, -12.641037 ], [ -38.87328, -12.640917 ], [ -38.8732, -12.640837 ], [ -38.873154, -12.640763 ], [ -38.873131, -12.640614 ], [ -38.873046, -12.640512 ], [ -38.873028, -12.640386 ], [ -38.872966, -12.640283 ], [ -38.872966, -12.640152 ], [ -38.873011, -12.640026 ], [ -38.87308, -12.639935 ], [ -38.873171, -12.639895 ], [ -38.873251, -12.639895 ], [ -38.873343, -12.639889 ], [ -38.873365, -12.639838 ], [ -38.873468, -12.639832 ], [ -38.873571, -12.639832 ], [ -38.873651, -12.639786 ], [ -38.873708, -12.639706 ], [ -38.873811, -12.639575 ], [ -38.873885, -12.639398 ], [ -38.874039, -12.639335 ], [ -38.874273, -12.639301 ], [ -38.874462, -12.639301 ], [ -38.874679, -12.639301 ], [ -38.87485, -12.639392 ], [ -38.874936, -12.639489 ], [ -38.875027, -12.639564 ], [ -38.875039, -12.639689 ], [ -38.875056, -12.639781 ], [ -38.875056, -12.639912 ], [ -38.875073, -12.639992 ], [ -38.875073, -12.640095 ], [ -38.875073, -12.640203 ], [ -38.875073, -12.640277 ], [ -38.875061, -12.640392 ], [ -38.875044, -12.640529 ], [ -38.874999, -12.640677 ], [ -38.874999, -12.640797 ], [ -38.874947, -12.6409 ], [ -38.874902, -12.641008 ], [ -38.874896, -12.641094 ], [ -38.87489, -12.641208 ], [ -38.874902, -12.641283 ], [ -38.874907, -12.64138 ], [ -38.874919, -12.641522 ], [ -38.87493, -12.641671 ], [ -38.87493, -12.641831 ], [ -38.874953, -12.641934 ], [ -38.875004, -12.642036 ], [ -38.875044, -12.642111 ], [ -38.875153, -12.642139 ], [ -38.875256, -12.642151 ], [ -38.875318, -12.642225 ], [ -38.875438, -12.642265 ], [ -38.875615, -12.642265 ], [ -38.875741, -12.642265 ], [ -38.875901, -12.642259 ], [ -38.876015, -12.642231 ], [ -38.876141, -12.642202 ], [ -38.876289, -12.642185 ], [ -38.876478, -12.642185 ], [ -38.876672, -12.642185 ], [ -38.876878, -12.642185 ], [ -38.877157, -12.642185 ], [ -38.877363, -12.642179 ], [ -38.877506, -12.642156 ], [ -38.877603, -12.642116 ], [ -38.87775877, -12.64206829 ] ] ] ] } },
{ "type": "Feature", "properties": { "gid": 3, "cd_quilomb": null, "cd_sr": null, "nr_process": "54160.002695/2009-05", "nm_comunid": "MORRO REDONDO", "nm_municip": "SEABRA e IBITIARA", "cd_uf": "BA", "nr_familia": 66, "ob_descric": null, "tp_levanta": "GPS Topográfico", "nr_escalao": "1:25.000", "area_calc_": 5059.6126, "esfera": "FEDERAL", "fase": "RTID", "responsave": "INCRA" }, "geometry": { "type": "MultiPolygon", "coordinates": [ [ [ [ -41.97389432, -12.5249618 ], [ -41.97354604, -12.5276297 ], [ -41.97393621, -12.52758705 ], [ -41.97394299, -12.52764855 ], [ -41.97396503, -12.52865176 ], [ -41.97386409, -12.52951936 ], [ -41.97338382, -12.53209163 ], [ -41.97322215, -12.53390526 ], [ -41.97294916, -12.53671952 ], [ -41.97280796, -12.53821326 ], [ -41.97256176, -12.5415146 ], [ -41.97271251, -12.54168087 ], [ -41.9734303, -12.54177809 ], [ -41.97422948, -12.54850297 ], [ -41.97444179, -12.54862953 ], [ -41.97646265, -12.5495564 ], [ -41.9789789, -12.55082487 ], [ -41.97838988, -12.55331935 ], [ -41.97785882, -12.55607067 ], [ -41.97757187, -12.55776096 ], [ -41.97777345, -12.55884175 ], [ -41.98061891, -12.55739075 ], [ -41.98728348, -12.5539888 ], [ -41.98869607, -12.55406535 ], [ -41.99565393, -12.55436542 ], [ -41.99594679, -12.55438052 ], [ -42.00869609, -12.55605574 ], [ -42.00971503, -12.55637528 ], [ -42.01045998, -12.55643911 ], [ -42.01379018, -12.55656597 ], [ -42.01717064, -12.55585402 ], [ -42.01837481, -12.55545778 ], [ -42.01845246, -12.55542433 ], [ -42.03014811, -12.55359178 ], [ -42.03243955, -12.54768796 ], [ -42.03426734, -12.54291271 ], [ -42.0391174, -12.53039488 ], [ -42.04421604, -12.52894942 ], [ -42.04771112, -12.5212144 ], [ -42.04961451, -12.51702131 ], [ -42.05021564, -12.51540927 ], [ -42.04888263, -12.51419543 ], [ -42.03969162, -12.50363134 ], [ -42.03915254, -12.50228789 ], [ -42.03856842, -12.50153426 ], [ -42.03844417, -12.5009754 ], [ -42.0349274, -12.49971526 ], [ -42.03365295, -12.49978395 ], [ -42.03365662, -12.49971582 ], [ -42.03355688, -12.49939052 ], [ -42.02056994, -12.48615603 ], [ -42.01683124, -12.48562797 ], [ -42.01646263, -12.48557591 ], [ -42.01044054, -12.4846129 ], [ -42.0104452, -12.48567505 ], [ -42.01037258, -12.48567445 ], [ -42.00921969, -12.48496943 ], [ -42.00536458, -12.48306421 ], [ -42.00362282, -12.48275477 ], [ -42.00195681, -12.48271386 ], [ -41.99979821, -12.48194763 ], [ -41.99658357, -12.48154765 ], [ -41.9937796, -12.48181295 ], [ -41.99305677, -12.4844521 ], [ -41.99100192, -12.48619835 ], [ -41.98945072, -12.48763285 ], [ -41.98797582, -12.48901018 ], [ -41.98732028, -12.48958704 ], [ -41.98496989, -12.49175584 ], [ -41.9840605, -12.49197484 ], [ -41.98351782, -12.49525814 ], [ -41.98270207, -12.50000748 ], [ -41.98274646, -12.5026482 ], [ -41.9831432, -12.50659773 ], [ -41.98331973, -12.50714736 ], [ -41.97940565, -12.5076678 ], [ -41.97762595, -12.50791304 ], [ -41.97670337, -12.51226099 ], [ -41.97637661, -12.51364723 ], [ -41.97306107, -12.51591235 ], [ -41.97418075, -12.51900442 ], [ -41.97531721, -12.51883128 ], [ -41.97480927, -12.52122926 ], [ -41.97389432, -12.5249618 ] ] ] ] } },
{ "type": "Feature", "properties": { "gid": 4, "cd_quilomb": 440, "cd_sr": null, "nr_process": "54160.003870/2010-15\n", "nm_comunid": "IÚNA", "nm_municip": "Lençóis", "cd_uf": "BA", "nr_familia": 39, "ob_descric": null, "tp_levanta": "Gps Promark 3", "nr_escalao": "1:30.000", "area_calc_": 1413.1051, "esfera": "Federal", "fase": null, "responsave": "INCRA" }, "geometry": { "type": "MultiPolygon", "coordinates": [ [ [ [ -41.283964, -12.55489092 ], [ -41.28530189, -12.55495213 ], [ -41.28632816, -12.55428092 ], [ -41.28706758, -12.55415836 ], [ -41.28754857, -12.55423852 ], [ -41.28811606, -12.55389221 ], [ -41.28863828, -12.55358908 ], [ -41.28916815, -12.55335113 ], [ -41.28980069, -12.55307842 ], [ -41.29037143, -12.55276464 ], [ -41.29141209, -12.55268912 ], [ -41.29211845, -12.55269245 ], [ -41.29376739, -12.55178346 ], [ -41.29498511, -12.55074984 ], [ -41.29732356, -12.5500178 ], [ -41.29790463, -12.55005604 ], [ -41.2990569, -12.5498194 ], [ -41.29949902, -12.55005404 ], [ -41.29993801, -12.55020325 ], [ -41.30070967, -12.55001536 ], [ -41.30172334, -12.54979248 ], [ -41.30278533, -12.54922281 ], [ -41.30373657, -12.54875402 ], [ -41.30462784, -12.54867704 ], [ -41.30606784, -12.5480878 ], [ -41.30661795, -12.54809877 ], [ -41.30670048, -12.54825042 ], [ -41.30720119, -12.54884022 ], [ -41.30767725, -12.54916059 ], [ -41.30821994, -12.54932572 ], [ -41.30860408, -12.54964439 ], [ -41.30887225, -12.54990038 ], [ -41.30903354, -12.55005434 ], [ -41.30997778, -12.55060666 ], [ -41.31093918, -12.55105015 ], [ -41.31151094, -12.55182822 ], [ -41.31171925, -12.55315898 ], [ -41.31108547, -12.55533252 ], [ -41.31159269, -12.55608771 ], [ -41.31197154, -12.55632969 ], [ -41.31237813, -12.55641396 ], [ -41.31264492, -12.55634803 ], [ -41.31295648, -12.55619595 ], [ -41.31323017, -12.55603 ], [ -41.31324762, -12.5560107 ], [ -41.3136048, -12.55577246 ], [ -41.31398401, -12.55557675 ], [ -41.31430147, -12.55541109 ], [ -41.31473446, -12.55529226 ], [ -41.3151996, -12.55525503 ], [ -41.31564178, -12.55530207 ], [ -41.31618692, -12.55552147 ], [ -41.31649926, -12.55548339 ], [ -41.31692098, -12.55529525 ], [ -41.31744093, -12.55506516 ], [ -41.3177678, -12.55474105 ], [ -41.31807595, -12.55441039 ], [ -41.31826976, -12.55410726 ], [ -41.31846045, -12.55381351 ], [ -41.31878997, -12.55353315 ], [ -41.31913466, -12.55336166 ], [ -41.31962092, -12.55320526 ], [ -41.31966195, -12.55318374 ], [ -41.32067632, -12.5533669 ], [ -41.32112181, -12.553172 ], [ -41.32201199, -12.55301036 ], [ -41.32327055, -12.55259357 ], [ -41.32432954, -12.55238428 ], [ -41.32839815, -12.55588922 ], [ -41.32899686, -12.55651644 ], [ -41.3305712, -12.55693327 ], [ -41.33138312, -12.55723413 ], [ -41.33202313, -12.55802758 ], [ -41.33247307, -12.55787196 ], [ -41.33290821, -12.55787177 ], [ -41.33342723, -12.55811379 ], [ -41.33361163, -12.55829297 ], [ -41.33392616, -12.558765 ], [ -41.33392368, -12.55920779 ], [ -41.33374824, -12.55952449 ], [ -41.33379409, -12.55972212 ], [ -41.33416894, -12.55966833 ], [ -41.33463919, -12.560034 ], [ -41.33542659, -12.56027052 ], [ -41.33640157, -12.56054593 ], [ -41.33739744, -12.56061728 ], [ -41.33836058, -12.56047981 ], [ -41.3388256, -12.56044001 ], [ -41.33921211, -12.56034477 ], [ -41.33958943, -12.56015083 ], [ -41.33997829, -12.55997143 ], [ -41.34047698, -12.55978043 ], [ -41.34073466, -12.55948178 ], [ -41.34103457, -12.55927597 ], [ -41.34137121, -12.55939176 ], [ -41.34168569, -12.55947756 ], [ -41.34189783, -12.55944761 ], [ -41.34211216, -12.5591901 ], [ -41.34221363, -12.55883345 ], [ -41.34221954, -12.5588154 ], [ -41.34218709, -12.55842985 ], [ -41.34185843, -12.55815588 ], [ -41.34170427, -12.55800352 ], [ -41.34177239, -12.55776694 ], [ -41.3421173, -12.55759943 ], [ -41.34195325, -12.55704813 ], [ -41.34226949, -12.55608898 ], [ -41.34153615, -12.55392321 ], [ -41.33947621, -12.55026192 ], [ -41.33907499, -12.54889116 ], [ -41.33414934, -12.54830667 ], [ -41.33358483, -12.54747124 ], [ -41.33079323, -12.5457787 ], [ -41.32928783, -12.54212472 ], [ -41.32593158, -12.54086432 ], [ -41.32632041, -12.54003357 ], [ -41.3263145, -12.54001414 ], [ -41.32495517, -12.54030763 ], [ -41.32498012, -12.53913917 ], [ -41.32393478, -12.53798893 ], [ -41.31976116, -12.53317029 ], [ -41.32137995, -12.5303278 ], [ -41.32191468, -12.52946026 ], [ -41.322547, -12.52891112 ], [ -41.32345079, -12.52812622 ], [ -41.32226252, -12.52776814 ], [ -41.32190314, -12.52590183 ], [ -41.3229001, -12.52513278 ], [ -41.32322885, -12.52479158 ], [ -41.31960011, -12.52475736 ], [ -41.31795973, -12.52442768 ], [ -41.31789666, -12.524415 ], [ -41.30671766, -12.52216797 ], [ -41.29540473, -12.5214269 ], [ -41.29351557, -12.52694658 ], [ -41.28402249, -12.55443106 ], [ -41.28402001, -12.55449427 ], [ -41.283964, -12.55489092 ] ] ] ] } },
{ "type": "Feature", "properties": { "gid": 5, "cd_quilomb": 10, "cd_sr": "SR-06", "nr_process": "54160.003083/2007-60", "nm_comunid": "TIJUAÇU", "nm_municip": "SENHOR DO BOMFIM e FILADÉLFIA", "cd_uf": "BA", "nr_familia": 828, "ob_descric": "estudo de delimitação", "tp_levanta": null, "nr_escalao": null, "area_calc_": 8532.9534, "esfera": "FEDERAL", "fase": null, "responsave": "INCRA" }, "geometry": { "type": "MultiPolygon", "coordinates": [ [ [ [ -40.11421823, -10.58050865 ], [ -40.11263511, -10.58022419 ], [ -40.1125139, -10.57972152 ], [ -40.1123083, -10.57976869 ], [ -40.11059683, -10.57994797 ], [ -40.10658959, -10.58248212 ], [ -40.10483443, -10.57895818 ], [ -40.10475441, -10.57906615 ], [ -40.10119519, -10.57884994 ], [ -40.09911204, -10.57823966 ], [ -40.09836701, -10.57830072 ], [ -40.09635171, -10.57628715 ], [ -40.09253274, -10.57862909 ], [ -40.08868825, -10.58100655 ], [ -40.07667311, -10.56467342 ], [ -40.07178179, -10.57037233 ], [ -40.06936832, -10.57331219 ], [ -40.06725311, -10.57589114 ], [ -40.07064123, -10.60499924 ], [ -40.07077478, -10.60536271 ], [ -40.070792, -10.60544032 ], [ -40.07124958, -10.60521231 ], [ -40.07879763, -10.6028856 ], [ -40.07877331, -10.60303637 ], [ -40.08249552, -10.6116493 ], [ -40.0849278, -10.61695098 ], [ -40.08848057, -10.62149291 ], [ -40.08844337, -10.62162716 ], [ -40.08741481, -10.62442113 ], [ -40.0851198, -10.63058723 ], [ -40.08509856, -10.63090154 ], [ -40.0849195, -10.63279201 ], [ -40.08435534, -10.6356217 ], [ -40.08237797, -10.63201744 ], [ -40.0823605, -10.63201383 ], [ -40.08008758, -10.63249904 ], [ -40.07980645, -10.63365566 ], [ -40.08105573, -10.63437564 ], [ -40.08155254, -10.63601616 ], [ -40.07996315, -10.63617907 ], [ -40.0792639, -10.6383979 ], [ -40.0788112, -10.63976337 ], [ -40.07792059, -10.64203994 ], [ -40.07745641, -10.64405997 ], [ -40.07737076, -10.64424479 ], [ -40.07810869, -10.64614115 ], [ -40.07806261, -10.64614868 ], [ -40.07833295, -10.64689362 ], [ -40.07600298, -10.64722724 ], [ -40.07402679, -10.64758196 ], [ -40.07376689, -10.64619295 ], [ -40.07312071, -10.64493545 ], [ -40.0727882, -10.64444289 ], [ -40.07250155, -10.64405311 ], [ -40.07066215, -10.64382289 ], [ -40.06968578, -10.64366595 ], [ -40.06947164, -10.64364094 ], [ -40.06879239, -10.6434839 ], [ -40.0687288, -10.64359223 ], [ -40.06694529, -10.64336136 ], [ -40.0668532, -10.64338301 ], [ -40.06401736, -10.64385079 ], [ -40.06404129, -10.6454852 ], [ -40.06405872, -10.64616994 ], [ -40.06362108, -10.64625218 ], [ -40.06408914, -10.64905269 ], [ -40.06433847, -10.65052467 ], [ -40.0693516, -10.65133434 ], [ -40.0718667, -10.65178774 ], [ -40.07271577, -10.65192848 ], [ -40.07292939, -10.65204215 ], [ -40.07322124, -10.65204461 ], [ -40.07356612, -10.65192674 ], [ -40.07475634, -10.65178407 ], [ -40.07478513, -10.65332166 ], [ -40.07485251, -10.65463331 ], [ -40.07493173, -10.65552139 ], [ -40.07511528, -10.6567191 ], [ -40.07526978, -10.65776569 ], [ -40.07540516, -10.65884798 ], [ -40.07543903, -10.65885929 ], [ -40.07608941, -10.65753498 ], [ -40.07841707, -10.65693955 ], [ -40.08079153, -10.65840759 ], [ -40.08406663, -10.66043432 ], [ -40.0841513, -10.66039673 ], [ -40.08412109, -10.66026381 ], [ -40.08291716, -10.65757326 ], [ -40.08296247, -10.65754875 ], [ -40.08304705, -10.65751044 ], [ -40.08434171, -10.65728507 ], [ -40.0843388, -10.65569088 ], [ -40.0843566, -10.65567715 ], [ -40.08911802, -10.65832781 ], [ -40.08913536, -10.65831161 ], [ -40.09137855, -10.66017554 ], [ -40.09291702, -10.66143729 ], [ -40.09570889, -10.66370873 ], [ -40.09586589, -10.6636051 ], [ -40.09593949, -10.66369491 ], [ -40.09700255, -10.66492531 ], [ -40.09821085, -10.66376938 ], [ -40.09998249, -10.6651299 ], [ -40.10042582, -10.66479541 ], [ -40.10078372, -10.66454471 ], [ -40.1007957, -10.66444045 ], [ -40.10060383, -10.66310905 ], [ -40.10134075, -10.66295222 ], [ -40.1022053, -10.66285899 ], [ -40.10308957, -10.66268042 ], [ -40.10374531, -10.66416621 ], [ -40.10404633, -10.66463837 ], [ -40.10424124, -10.66484999 ], [ -40.10450258, -10.66507976 ], [ -40.1046195, -10.66516988 ], [ -40.1038239, -10.66625634 ], [ -40.10512172, -10.66917376 ], [ -40.10545033, -10.67031226 ], [ -40.10520188, -10.67084893 ], [ -40.10607008, -10.67235248 ], [ -40.10701647, -10.67172108 ], [ -40.10778511, -10.67120255 ], [ -40.10773911, -10.67072222 ], [ -40.10770103, -10.66974436 ], [ -40.10761598, -10.66757131 ], [ -40.10685018, -10.66533412 ], [ -40.10628525, -10.66343631 ], [ -40.10708804, -10.66249707 ], [ -40.1076425, -10.66191311 ], [ -40.10806085, -10.6607676 ], [ -40.10874265, -10.65991476 ], [ -40.10997463, -10.65838411 ], [ -40.11158555, -10.65614414 ], [ -40.11261767, -10.65470462 ], [ -40.11348657, -10.65353064 ], [ -40.11353115, -10.6535414 ], [ -40.11950265, -10.65516844 ], [ -40.11976903, -10.65601914 ], [ -40.12024682, -10.65752695 ], [ -40.1209608, -10.65738168 ], [ -40.1225662, -10.65707818 ], [ -40.12502889, -10.65686399 ], [ -40.1250754, -10.65684949 ], [ -40.12599505, -10.65678432 ], [ -40.12613692, -10.65667985 ], [ -40.12575956, -10.65567708 ], [ -40.12550928, -10.65473702 ], [ -40.12817911, -10.65389855 ], [ -40.12892732, -10.65365672 ], [ -40.13022369, -10.65323624 ], [ -40.13331366, -10.65219621 ], [ -40.13339176, -10.65215397 ], [ -40.13385038, -10.65190174 ], [ -40.13635815, -10.65159163 ], [ -40.13639633, -10.65150912 ], [ -40.13651145, -10.64868118 ], [ -40.13653516, -10.64790072 ], [ -40.13656612, -10.64742424 ], [ -40.13664679, -10.64743588 ], [ -40.14052437, -10.64850383 ], [ -40.14100615, -10.64863039 ], [ -40.1442298, -10.64948745 ], [ -40.14519507, -10.64975873 ], [ -40.14529966, -10.6497862 ], [ -40.14614903, -10.64982116 ], [ -40.1461994, -10.64991891 ], [ -40.14615008, -10.65051553 ], [ -40.1461451, -10.65119112 ], [ -40.14630932, -10.65173741 ], [ -40.14661226, -10.65273786 ], [ -40.14688396, -10.65359491 ], [ -40.14731843, -10.65451304 ], [ -40.1474248, -10.65457802 ], [ -40.15063873, -10.65267743 ], [ -40.15237951, -10.65164046 ], [ -40.15550207, -10.649939 ], [ -40.15630626, -10.6496757 ], [ -40.15704287, -10.65127043 ], [ -40.15774274, -10.65339944 ], [ -40.15781705, -10.65354032 ], [ -40.15906606, -10.65324896 ], [ -40.15913599, -10.65332068 ], [ -40.15927841, -10.65329447 ], [ -40.15931065, -10.65318964 ], [ -40.16044363, -10.65289256 ], [ -40.16315379, -10.65218298 ], [ -40.1632158, -10.65216829 ], [ -40.1632537, -10.65213243 ], [ -40.16440276, -10.65137817 ], [ -40.1663996, -10.65026476 ], [ -40.16912369, -10.64926238 ], [ -40.17239523, -10.64792589 ], [ -40.17212853, -10.64731426 ], [ -40.17182359, -10.64636169 ], [ -40.17169404, -10.64609352 ], [ -40.17123359, -10.64525483 ], [ -40.17011956, -10.64032388 ], [ -40.17010554, -10.640243 ], [ -40.17030837, -10.64031115 ], [ -40.17128051, -10.64073758 ], [ -40.172338, -10.6412259 ], [ -40.17295367, -10.64146621 ], [ -40.17379805, -10.64170901 ], [ -40.17417295, -10.64178356 ], [ -40.1749541, -10.64191401 ], [ -40.17516213, -10.64193086 ], [ -40.17569349, -10.64197228 ], [ -40.17595994, -10.64206459 ], [ -40.17673261, -10.6426509 ], [ -40.17835457, -10.6436346 ], [ -40.17884299, -10.64299464 ], [ -40.17958035, -10.64330962 ], [ -40.17970696, -10.6433596 ], [ -40.18021919, -10.64337033 ], [ -40.18721601, -10.64548444 ], [ -40.18878805, -10.64598215 ], [ -40.18905822, -10.64575777 ], [ -40.19112739, -10.64381611 ], [ -40.1913682, -10.64354157 ], [ -40.19246197, -10.64192361 ], [ -40.19270282, -10.64156561 ], [ -40.19298106, -10.64088031 ], [ -40.19251662, -10.64034306 ], [ -40.19169357, -10.63933507 ], [ -40.19140526, -10.63806426 ], [ -40.19103777, -10.63695072 ], [ -40.19043051, -10.63536445 ], [ -40.19028008, -10.6350432 ], [ -40.18994208, -10.63453205 ], [ -40.18888168, -10.6345896 ], [ -40.1863119, -10.63490198 ], [ -40.18613548, -10.63497327 ], [ -40.18435804, -10.63606842 ], [ -40.18427801, -10.63610317 ], [ -40.1831856, -10.636467 ], [ -40.1824606, -10.63693714 ], [ -40.18243975, -10.63686361 ], [ -40.18242459, -10.63672414 ], [ -40.18229013, -10.63563259 ], [ -40.18241081, -10.6349016 ], [ -40.1827033, -10.63235776 ], [ -40.18275391, -10.63234808 ], [ -40.18275131, -10.63226643 ], [ -40.18289275, -10.63177598 ], [ -40.18412735, -10.63097948 ], [ -40.18569047, -10.62994618 ], [ -40.18493529, -10.62971872 ], [ -40.18442438, -10.62918768 ], [ -40.18393623, -10.62865774 ], [ -40.18389715, -10.62852632 ], [ -40.18391042, -10.62843539 ], [ -40.18432339, -10.62788912 ], [ -40.18439722, -10.62769235 ], [ -40.18446884, -10.62746583 ], [ -40.18454894, -10.62687976 ], [ -40.18464782, -10.62637799 ], [ -40.18487209, -10.62539395 ], [ -40.18497016, -10.62484435 ], [ -40.18541887, -10.62221347 ], [ -40.18582453, -10.62043492 ], [ -40.18589158, -10.62025798 ], [ -40.18646512, -10.61916222 ], [ -40.18665639, -10.61841667 ], [ -40.18667466, -10.61827292 ], [ -40.18670985, -10.61756214 ], [ -40.18671997, -10.61724534 ], [ -40.18668984, -10.61711317 ], [ -40.18663286, -10.6169612 ], [ -40.18637355, -10.61641619 ], [ -40.18374504, -10.61829355 ], [ -40.18154435, -10.61795307 ], [ -40.18227316, -10.61694137 ], [ -40.18285251, -10.61661474 ], [ -40.18278355, -10.61643868 ], [ -40.18147173, -10.61353935 ], [ -40.18142961, -10.61349448 ], [ -40.18153262, -10.61301864 ], [ -40.18164014, -10.61252651 ], [ -40.18166465, -10.61238653 ], [ -40.18167439, -10.61213954 ], [ -40.18166543, -10.61163736 ], [ -40.18168, -10.61150609 ], [ -40.18182135, -10.61125391 ], [ -40.18192774, -10.61115884 ], [ -40.18241468, -10.61083491 ], [ -40.18200005, -10.61044593 ], [ -40.18109989, -10.60955754 ], [ -40.17953494, -10.60801806 ], [ -40.17941957, -10.60791721 ], [ -40.1792549, -10.60780598 ], [ -40.17836789, -10.60733312 ], [ -40.1779642, -10.60778054 ], [ -40.17704345, -10.6088197 ], [ -40.17603284, -10.60996261 ], [ -40.17566289, -10.60931288 ], [ -40.1753849, -10.60880332 ], [ -40.17454011, -10.60927634 ], [ -40.17401453, -10.60976707 ], [ -40.17357471, -10.60924526 ], [ -40.17319771, -10.60869601 ], [ -40.1725983, -10.60793391 ], [ -40.17174848, -10.60669051 ], [ -40.16866296, -10.60782191 ], [ -40.1689134, -10.60673406 ], [ -40.16903728, -10.60627036 ], [ -40.1689816, -10.60626776 ], [ -40.16852052, -10.60634932 ], [ -40.16723076, -10.60666535 ], [ -40.16558211, -10.60701842 ], [ -40.16237205, -10.60723041 ], [ -40.1623024, -10.60723148 ], [ -40.16233789, -10.60665778 ], [ -40.16192629, -10.60667549 ], [ -40.16133827, -10.60676574 ], [ -40.160742, -10.60694363 ], [ -40.16046259, -10.60706864 ], [ -40.1586289, -10.60806854 ], [ -40.15839298, -10.60517534 ], [ -40.15821334, -10.60450984 ], [ -40.15725506, -10.60187448 ], [ -40.15528798, -10.6031048 ], [ -40.15488211, -10.60211713 ], [ -40.15286586, -10.6045481 ], [ -40.15248333, -10.60503391 ], [ -40.15201724, -10.60441575 ], [ -40.15039034, -10.60232257 ], [ -40.14979941, -10.60248966 ], [ -40.15061603, -10.6035754 ], [ -40.14986664, -10.60389743 ], [ -40.14959663, -10.6036002 ], [ -40.14901969, -10.60278947 ], [ -40.14785175, -10.60381454 ], [ -40.1476373, -10.60351321 ], [ -40.14690537, -10.60417979 ], [ -40.1468201, -10.60408506 ], [ -40.14677043, -10.60404971 ], [ -40.14578631, -10.60289412 ], [ -40.14398096, -10.60087886 ], [ -40.14391071, -10.60074248 ], [ -40.14338307, -10.59904584 ], [ -40.14257405, -10.59879133 ], [ -40.14240095, -10.59877044 ], [ -40.14284372, -10.59707688 ], [ -40.14367132, -10.59369484 ], [ -40.14397738, -10.59215911 ], [ -40.14163983, -10.59120944 ], [ -40.13942453, -10.59032052 ], [ -40.13914176, -10.5902256 ], [ -40.13693165, -10.5895496 ], [ -40.13625823, -10.58947435 ], [ -40.13547435, -10.58958424 ], [ -40.13538918, -10.58958808 ], [ -40.13500567, -10.5895607 ], [ -40.13421026, -10.58953976 ], [ -40.13345853, -10.58958395 ], [ -40.13410021, -10.58178568 ], [ -40.13432343, -10.5796694 ], [ -40.13369038, -10.57964599 ], [ -40.1332744, -10.5796439 ], [ -40.13182786, -10.5796584 ], [ -40.1304516, -10.57969041 ], [ -40.13056815, -10.58060312 ], [ -40.13057458, -10.58065696 ], [ -40.12907162, -10.58090895 ], [ -40.12667198, -10.58131002 ], [ -40.12663438, -10.58129416 ], [ -40.12659679, -10.58130323 ], [ -40.12529241, -10.58154905 ], [ -40.12429148, -10.5817115 ], [ -40.12346782, -10.5818299 ], [ -40.1225757, -10.58155863 ], [ -40.12236907, -10.58149294 ], [ -40.12216872, -10.58143068 ], [ -40.12185664, -10.58139007 ], [ -40.12154734, -10.58141504 ], [ -40.12056365, -10.58157033 ], [ -40.1202057, -10.58166213 ], [ -40.11965391, -10.58172711 ], [ -40.11921685, -10.58153744 ], [ -40.11874844, -10.58152889 ], [ -40.11784652, -10.58160069 ], [ -40.11779896, -10.58151853 ], [ -40.11543039, -10.58083761 ], [ -40.11421823, -10.58050865 ] ] ] ] } },
{ "type": "Feature", "properties": { "gid": 6, "cd_quilomb": null, "cd_sr": "SR-05", "nr_process": "54160.000824/2009-12", "nm_comunid": "FAZENDA PORTEIRAS", "nm_municip": "ENTRE RIOS", "cd_uf": "BA", "nr_familia": 148, "ob_descric": null, "tp_levanta": null, "nr_escalao": "1:15.000", "area_calc_": 1960.9932, "esfera": "FEDERAL", "fase": null, "responsave": "INCRA" }, "geometry": { "type": "MultiPolygon", "coordinates": [ [ [ [ -38.06410598, -11.95303276 ], [ -38.06419224, -11.95384272 ], [ -38.06277239, -11.95639423 ], [ -38.06210071, -11.95683653 ], [ -38.06143994, -11.95700625 ], [ -38.06049945, -11.95729604 ], [ -38.0603913, -11.9570632 ], [ -38.06016682, -11.95713215 ], [ -38.05975522, -11.96071719 ], [ -38.05970046, -11.9607111 ], [ -38.06019673, -11.95641893 ], [ -38.05900385, -11.9569253 ], [ -38.05864579, -11.9569968 ], [ -38.05842078, -11.95714666 ], [ -38.05787346, -11.95729369 ], [ -38.03919166, -11.96038248 ], [ -38.03813131, -11.96056148 ], [ -38.0376277, -11.96058115 ], [ -38.0372562, -11.96045554 ], [ -38.0369247, -11.96023995 ], [ -38.03371069, -11.95770715 ], [ -38.03354504, -11.95999083 ], [ -38.03345331, -11.96125226 ], [ -38.03329004, -11.96290471 ], [ -38.03311305, -11.96549443 ], [ -38.03295583, -11.96784414 ], [ -38.03276415, -11.97024781 ], [ -38.03253862, -11.97287198 ], [ -38.03234192, -11.97521532 ], [ -38.03213669, -11.97765583 ], [ -38.03196331, -11.97966197 ], [ -38.0318178, -11.98198893 ], [ -38.03163221, -11.9843786 ], [ -38.03146387, -11.98677167 ], [ -38.03126693, -11.98930055 ], [ -38.03110775, -11.99167059 ], [ -38.03082192, -11.99442413 ], [ -38.03049837, -11.99660191 ], [ -38.03063436, -11.99663683 ], [ -38.03126757, -11.99697132 ], [ -38.03211522, -11.99646065 ], [ -38.03271945, -11.99559704 ], [ -38.03369488, -11.9955193 ], [ -38.03477285, -11.99656622 ], [ -38.04002476, -11.99586696 ], [ -38.04000992, -11.99201456 ], [ -38.04056396, -11.99065741 ], [ -38.04142114, -11.98725766 ], [ -38.04154295, -11.9861826 ], [ -38.0418027, -11.98456529 ], [ -38.04328588, -11.98326773 ], [ -38.04312504, -11.98129208 ], [ -38.04312405, -11.98016587 ], [ -38.04633151, -11.97835551 ], [ -38.0475608, -11.97658234 ], [ -38.04801875, -11.97591766 ], [ -38.04841751, -11.97345735 ], [ -38.04867434, -11.97323452 ], [ -38.05044527, -11.97193248 ], [ -38.0516856, -11.97106346 ], [ -38.05406925, -11.96743376 ], [ -38.05571723, -11.96683225 ], [ -38.05659703, -11.96675809 ], [ -38.05707888, -11.96553093 ], [ -38.05820616, -11.96475893 ], [ -38.05950487, -11.96403486 ], [ -38.06046845, -11.96425425 ], [ -38.06088993, -11.96456585 ], [ -38.06234458, -11.96444962 ], [ -38.06301349, -11.96471911 ], [ -38.06311567, -11.96465046 ], [ -38.06316536, -11.96459402 ], [ -38.06332304, -11.96417046 ], [ -38.06323998, -11.96386003 ], [ -38.06360742, -11.96340932 ], [ -38.06453871, -11.96379428 ], [ -38.0658415, -11.96356062 ], [ -38.06706425, -11.96337082 ], [ -38.06746593, -11.96329873 ], [ -38.06762763, -11.96349323 ], [ -38.06793975, -11.96350674 ], [ -38.06881234, -11.96376418 ], [ -38.0691002, -11.96380736 ], [ -38.0696908, -11.96389079 ], [ -38.07061381, -11.96490407 ], [ -38.07135091, -11.9653872 ], [ -38.07182174, -11.96216453 ], [ -38.07182367, -11.96186731 ], [ -38.07166843, -11.96142065 ], [ -38.07162338, -11.96105908 ], [ -38.07161239, -11.95964771 ], [ -38.07162516, -11.95927105 ], [ -38.07366569, -11.95938024 ], [ -38.07495248, -11.96036341 ], [ -38.07494223, -11.96097283 ], [ -38.07503368, -11.96111419 ], [ -38.07585925, -11.96140111 ], [ -38.07605502, -11.96162401 ], [ -38.07627124, -11.96210135 ], [ -38.07685586, -11.96254237 ], [ -38.07727919, -11.96304416 ], [ -38.07741733, -11.96309561 ], [ -38.07763507, -11.96293492 ], [ -38.07784319, -11.96198254 ], [ -38.0780072, -11.96174201 ], [ -38.07820007, -11.9616288 ], [ -38.07833617, -11.96152382 ], [ -38.07851483, -11.9612959 ], [ -38.0779464, -11.96079345 ], [ -38.07805672, -11.95989193 ], [ -38.07802067, -11.95960996 ], [ -38.0778355, -11.95918119 ], [ -38.07704006, -11.9587299 ], [ -38.07647963, -11.95806471 ], [ -38.07612919, -11.95638576 ], [ -38.07779691, -11.9553925 ], [ -38.07782651, -11.95524783 ], [ -38.07715838, -11.95411335 ], [ -38.07704009, -11.95379187 ], [ -38.07723789, -11.95311851 ], [ -38.07734465, -11.95275011 ], [ -38.07739761, -11.95267921 ], [ -38.07767681, -11.95248509 ], [ -38.07829538, -11.95230301 ], [ -38.07851017, -11.95221471 ], [ -38.0780018, -11.95150711 ], [ -38.0776917, -11.9511137 ], [ -38.0775712, -11.95097586 ], [ -38.07724557, -11.95065797 ], [ -38.07692811, -11.95039686 ], [ -38.07643428, -11.95006698 ], [ -38.07601012, -11.94983692 ], [ -38.07598901, -11.94987442 ], [ -38.07545258, -11.94965343 ], [ -38.07497033, -11.94950679 ], [ -38.07435087, -11.94935564 ], [ -38.07264383, -11.9489391 ], [ -38.07207108, -11.94879486 ], [ -38.07182793, -11.94872387 ], [ -38.07333674, -11.9508559 ], [ -38.073296, -11.95095529 ], [ -38.07124055, -11.95069031 ], [ -38.07107603, -11.95156178 ], [ -38.0704679, -11.9513844 ], [ -38.07048338, -11.95106455 ], [ -38.06956093, -11.95081354 ], [ -38.06927093, -11.95046983 ], [ -38.06877394, -11.94982802 ], [ -38.06883793, -11.94906123 ], [ -38.06871548, -11.94872755 ], [ -38.06882687, -11.94865118 ], [ -38.06871946, -11.94851914 ], [ -38.06817159, -11.94887866 ], [ -38.06545173, -11.95066346 ], [ -38.0639721, -11.95163438 ], [ -38.06410598, -11.95303276 ] ] ], [ [ [ -38.05822367, -11.93383552 ], [ -38.05822367, -11.93383552 ], [ -38.05903689, -11.92792533 ], [ -38.05614265, -11.92846379 ], [ -38.0556463, -11.92853362 ], [ -38.05541602, -11.9285422 ], [ -38.05518574, -11.92855077 ], [ -38.05481481, -11.92854089 ], [ -38.05381345, -11.92848736 ], [ -38.0528121, -11.92843382 ], [ -38.05241942, -11.92840337 ], [ -38.05189406, -11.92827635 ], [ -38.05159708, -11.92812637 ], [ -38.05107198, -11.92780391 ], [ -38.05069724, -11.92760499 ], [ -38.05041272, -11.92753404 ], [ -38.04965746, -11.92752135 ], [ -38.04956691, -11.92711875 ], [ -38.04401265, -11.92773112 ], [ -38.03946006, -11.92814481 ], [ -38.0395999, -11.92850552 ], [ -38.04111437, -11.93245315 ], [ -38.04121204, -11.93270774 ], [ -38.03894105, -11.93376477 ], [ -38.03869535, -11.93388298 ], [ -38.03826904, -11.93410812 ], [ -38.03699929, -11.93512556 ], [ -38.0365808, -11.93544593 ], [ -38.03613821, -11.93581501 ], [ -38.03569561, -11.93618408 ], [ -38.0354215, -11.93638142 ], [ -38.03505529, -11.93659742 ], [ -38.03478026, -11.93673728 ], [ -38.03437184, -11.93687939 ], [ -38.03394909, -11.93698103 ], [ -38.0337363, -11.93699873 ], [ -38.03356772, -11.93701793 ], [ -38.0329113, -11.93709315 ], [ -38.03225489, -11.93716836 ], [ -38.03211824, -11.94178338 ], [ -38.03189979, -11.94482467 ], [ -38.03171854, -11.94772389 ], [ -38.03164588, -11.9492177 ], [ -38.03126733, -11.9550867 ], [ -38.03376231, -11.95705293 ], [ -38.03724938, -11.9598009 ], [ -38.03750143, -11.95996483 ], [ -38.03770901, -11.96003502 ], [ -38.03807359, -11.96002078 ], [ -38.03909901, -11.95984768 ], [ -38.05775501, -11.95676315 ], [ -38.05818768, -11.95664692 ], [ -38.05848472, -11.95644908 ], [ -38.05866317, -11.95621322 ], [ -38.05956654, -11.95481735 ], [ -38.0600296, -11.95409972 ], [ -38.06042203, -11.95350762 ], [ -38.06085898, -11.953037 ], [ -38.06122514, -11.95278317 ], [ -38.06367689, -11.95117613 ], [ -38.06786683, -11.94842667 ], [ -38.06763889, -11.94808861 ], [ -38.06744, -11.94801861 ], [ -38.06750972, -11.94778472 ], [ -38.06691667, -11.94742944 ], [ -38.06717874, -11.94684556 ], [ -38.06513173, -11.94594666 ], [ -38.06523157, -11.94529746 ], [ -38.0653753, -11.94436294 ], [ -38.06549905, -11.94409381 ], [ -38.06535993, -11.94342291 ], [ -38.06539853, -11.9432233 ], [ -38.06556211, -11.9432298 ], [ -38.06558156, -11.94286737 ], [ -38.0656661, -11.94277207 ], [ -38.06577162, -11.94237263 ], [ -38.06613935, -11.9422885 ], [ -38.06623242, -11.94221094 ], [ -38.06631786, -11.94196947 ], [ -38.06651397, -11.94200815 ], [ -38.0666463, -11.94183492 ], [ -38.06688417, -11.94183625 ], [ -38.06696504, -11.9418129 ], [ -38.06707883, -11.94157418 ], [ -38.06727405, -11.94132053 ], [ -38.06764014, -11.94109164 ], [ -38.06837577, -11.94102961 ], [ -38.06870681, -11.94073248 ], [ -38.06889093, -11.94065256 ], [ -38.06932569, -11.94073152 ], [ -38.07111364, -11.94105942 ], [ -38.07188672, -11.94120569 ], [ -38.07525317, -11.94154343 ], [ -38.07534772, -11.94116512 ], [ -38.05885726, -11.9347291 ], [ -38.05904057, -11.93501517 ], [ -38.06120327, -11.93869098 ], [ -38.06118223, -11.9388333 ], [ -38.06072124, -11.94195293 ], [ -38.06056384, -11.94318678 ], [ -38.06051281, -11.94388193 ], [ -38.06029694, -11.94559722 ], [ -38.05991114, -11.94840252 ], [ -38.05990162, -11.94847176 ], [ -38.0597884, -11.94929503 ], [ -38.05968328, -11.95035095 ], [ -38.05965995, -11.95044741 ], [ -38.0595033, -11.95143417 ], [ -38.05928464, -11.95139024 ], [ -38.05908333, -11.95136937 ], [ -38.05888141, -11.95134844 ], [ -38.05854341, -11.9513134 ], [ -38.05835579, -11.95130478 ], [ -38.05816817, -11.95129616 ], [ -38.05781898, -11.95128456 ], [ -38.05746978, -11.95127295 ], [ -38.05770513, -11.94949446 ], [ -38.05803253, -11.9466403 ], [ -38.05717176, -11.94666619 ], [ -38.05671474, -11.94664453 ], [ -38.05660986, -11.9465988 ], [ -38.0564554, -11.94652341 ], [ -38.05673478, -11.94412759 ], [ -38.05720372, -11.94061757 ], [ -38.05735849, -11.93958131 ], [ -38.05820455, -11.93396253 ], [ -38.05822367, -11.93383552 ] ] ] ] } },
{ "type": "Feature", "properties": { "gid": 7, "cd_quilomb": 70, "cd_sr": "SR-05", "nr_process": "54160.001708/2008-30", "nm_comunid": "MATA DO SAPÉ", "nm_municip": "MACAÚBAS", "cd_uf": "BA", "nr_familia": 36, "ob_descric": "Estudo de delimitação", "tp_levanta": null, "nr_escalao": null, "area_calc_": 2641.4175, "esfera": "FEDERAL", "fase": null, "responsave": "INCRA" }, "geometry": { "type": "MultiPolygon", "coordinates": [ [ [ [ -42.78558994, -13.54411476 ], [ -42.78522461, -13.54402079 ], [ -42.78389922, -13.54334704 ], [ -42.7814509, -13.54306215 ], [ -42.77830847, -13.5419362 ], [ -42.77608281, -13.54127461 ], [ -42.7757764, -13.54118309 ], [ -42.77436329, -13.54127673 ], [ -42.77358841, -13.54287431 ], [ -42.77267202, -13.54566885 ], [ -42.77116324, -13.54715329 ], [ -42.76934906, -13.55144647 ], [ -42.76882872, -13.55141103 ], [ -42.76618539, -13.55125409 ], [ -42.76414161, -13.5511631 ], [ -42.7605294, -13.55120398 ], [ -42.76004796, -13.55120368 ], [ -42.75864885, -13.5511256 ], [ -42.75564293, -13.55085805 ], [ -42.75251075, -13.54998525 ], [ -42.75167919, -13.54981263 ], [ -42.75156839, -13.54978036 ], [ -42.74984995, -13.54910578 ], [ -42.7487934, -13.54827272 ], [ -42.74815758, -13.54799873 ], [ -42.74651341, -13.54678897 ], [ -42.74475913, -13.54524403 ], [ -42.74441686, -13.54492295 ], [ -42.74121764, -13.54243941 ], [ -42.74080595, -13.54230246 ], [ -42.74067138, -13.54355565 ], [ -42.74083625, -13.54478141 ], [ -42.74095886, -13.54501154 ], [ -42.74085583, -13.5459902 ], [ -42.74101843, -13.54725899 ], [ -42.74143324, -13.54904557 ], [ -42.74130754, -13.54977982 ], [ -42.74149358, -13.55030205 ], [ -42.74214846, -13.55081213 ], [ -42.74255238, -13.55173082 ], [ -42.74267315, -13.55189778 ], [ -42.74340063, -13.55245223 ], [ -42.74400337, -13.5530716 ], [ -42.74490514, -13.55318094 ], [ -42.74561314, -13.55351104 ], [ -42.74620739, -13.55339346 ], [ -42.74622726, -13.55344004 ], [ -42.74680638, -13.55461735 ], [ -42.74705516, -13.55539041 ], [ -42.74717794, -13.55612197 ], [ -42.74710995, -13.55635508 ], [ -42.74706328, -13.55737291 ], [ -42.74700599, -13.55840296 ], [ -42.74700528, -13.55846008 ], [ -42.74677115, -13.56030732 ], [ -42.74656464, -13.56139231 ], [ -42.74570122, -13.56442465 ], [ -42.74502533, -13.56806095 ], [ -42.74463617, -13.57052462 ], [ -42.74299601, -13.56875117 ], [ -42.74030889, -13.56984061 ], [ -42.73830104, -13.56978686 ], [ -42.73773488, -13.56874605 ], [ -42.73490144, -13.56898688 ], [ -42.73488134, -13.56904032 ], [ -42.73471559, -13.56918158 ], [ -42.73433019, -13.56930368 ], [ -42.7339591, -13.56947471 ], [ -42.73376186, -13.56962472 ], [ -42.73364295, -13.5698911 ], [ -42.73360016, -13.5702142 ], [ -42.73365709, -13.57044424 ], [ -42.73392684, -13.57073222 ], [ -42.73437299, -13.57102272 ], [ -42.734838, -13.57136941 ], [ -42.7352644, -13.57169767 ], [ -42.73567176, -13.57198781 ], [ -42.73611683, -13.57239214 ], [ -42.73684193, -13.57326708 ], [ -42.7372843, -13.57395693 ], [ -42.73780371, -13.57470531 ], [ -42.73799643, -13.57493567 ], [ -42.73824843, -13.57514759 ], [ -42.73848084, -13.57528343 ], [ -42.73879193, -13.57540101 ], [ -42.73920021, -13.57559537 ], [ -42.73958837, -13.57586545 ], [ -42.73995676, -13.57607842 ], [ -42.74028707, -13.57621515 ], [ -42.74077438, -13.57625752 ], [ -42.7413614, -13.57611012 ], [ -42.74192865, -13.57600141 ], [ -42.74247595, -13.57585365 ], [ -42.74308074, -13.5758781 ], [ -42.7436462, -13.57595912 ], [ -42.74424916, -13.57607933 ], [ -42.74504651, -13.57644889 ], [ -42.74590606, -13.57698256 ], [ -42.74658324, -13.57765554 ], [ -42.74716269, -13.57830957 ], [ -42.74762342, -13.57911433 ], [ -42.74808523, -13.57980434 ], [ -42.74862659, -13.58028633 ], [ -42.74948655, -13.58087602 ], [ -42.75002919, -13.58122338 ], [ -42.7503969, -13.58160802 ], [ -42.75074321, -13.58210723 ], [ -42.75108952, -13.58260644 ], [ -42.75149602, -13.58299143 ], [ -42.75215518, -13.58342388 ], [ -42.75244931, -13.58328556 ], [ -42.75266413, -13.58323057 ], [ -42.75287172, -13.58315925 ], [ -42.75320331, -13.58316224 ], [ -42.75349503, -13.58327873 ], [ -42.75376481, -13.5835676 ], [ -42.75399691, -13.58383626 ], [ -42.75411044, -13.58423848 ], [ -42.75426331, -13.58458233 ], [ -42.75443611, -13.58487033 ], [ -42.75468704, -13.58510121 ], [ -42.75507793, -13.58508575 ], [ -42.75544957, -13.58495536 ], [ -42.7559396, -13.58471219 ], [ -42.75654656, -13.58450801 ], [ -42.75693889, -13.58433986 ], [ -42.75717275, -13.58432299 ], [ -42.75730927, -13.58434319 ], [ -42.75746466, -13.58442049 ], [ -42.75763872, -13.58457477 ], [ -42.75773393, -13.58486207 ], [ -42.75784976, -13.58551191 ], [ -42.75778364, -13.58586282 ], [ -42.75765694, -13.58607493 ], [ -42.75754479, -13.58641006 ], [ -42.75754278, -13.5866242 ], [ -42.75769615, -13.58691564 ], [ -42.75786579, -13.58714669 ], [ -42.75816043, -13.58744572 ], [ -42.75828311, -13.58766098 ], [ -42.75837244, -13.58818136 ], [ -42.75838363, -13.58856279 ], [ -42.75852064, -13.58902305 ], [ -42.7586282, -13.58917673 ], [ -42.75881519, -13.58933113 ], [ -42.75881305, -13.58955972 ], [ -42.7587645, -13.58971199 ], [ -42.75866913, -13.58983403 ], [ -42.75821288, -13.59011998 ], [ -42.75774107, -13.59039043 ], [ -42.75761507, -13.59052755 ], [ -42.75753526, -13.59066418 ], [ -42.75750142, -13.59092322 ], [ -42.75754904, -13.5911631 ], [ -42.7576728, -13.59136301 ], [ -42.75782717, -13.59154783 ], [ -42.75815328, -13.59184083 ], [ -42.75855798, -13.59209041 ], [ -42.75885561, -13.59223794 ], [ -42.75945897, -13.59239984 ], [ -42.75980077, -13.59252826 ], [ -42.76073513, -13.59273423 ], [ -42.76114126, -13.5927686 ], [ -42.76164961, -13.59292166 ], [ -42.76284816, -13.5929495 ], [ -42.76368767, -13.59311461 ], [ -42.76526786, -13.59299928 ], [ -42.76531096, -13.59296837 ], [ -42.78661218, -13.57768844 ], [ -42.78753773, -13.57558176 ], [ -42.78689627, -13.57394815 ], [ -42.78652415, -13.5722292 ], [ -42.78622418, -13.57107295 ], [ -42.78978239, -13.56525928 ], [ -42.79107246, -13.5645347 ], [ -42.7911046, -13.56451493 ], [ -42.79259665, -13.56350621 ], [ -42.79395675, -13.56278883 ], [ -42.79656274, -13.56189287 ], [ -42.79919203, -13.56270788 ], [ -42.80578059, -13.56499331 ], [ -42.80660425, -13.56443671 ], [ -42.80725998, -13.56416258 ], [ -42.80795358, -13.56432089 ], [ -42.80853449, -13.56428441 ], [ -42.80937028, -13.56424922 ], [ -42.81070141, -13.56418734 ], [ -42.81164197, -13.56413679 ], [ -42.81291135, -13.56407102 ], [ -42.81493989, -13.56394218 ], [ -42.81864924, -13.56497392 ], [ -42.81953808, -13.56287455 ], [ -42.81950191, -13.56284646 ], [ -42.82067519, -13.56142958 ], [ -42.82084785, -13.5611574 ], [ -42.82101657, -13.56077628 ], [ -42.82105455, -13.56063446 ], [ -42.82105669, -13.56038472 ], [ -42.82107343, -13.55975885 ], [ -42.82116344, -13.55932709 ], [ -42.82129658, -13.5587065 ], [ -42.82131681, -13.55854034 ], [ -42.82130401, -13.55822013 ], [ -42.8213205, -13.55809903 ], [ -42.82148708, -13.55773274 ], [ -42.82164949, -13.55746792 ], [ -42.8217984, -13.55715704 ], [ -42.82199361, -13.55678636 ], [ -42.82215397, -13.55634936 ], [ -42.82217863, -13.55606768 ], [ -42.82211629, -13.55583494 ], [ -42.82205719, -13.55556997 ], [ -42.82205028, -13.55528341 ], [ -42.82202601, -13.55497526 ], [ -42.82190693, -13.55405684 ], [ -42.82192211, -13.55370709 ], [ -42.82188083, -13.55335882 ], [ -42.8217269, -13.55307319 ], [ -42.82165135, -13.55276434 ], [ -42.82155049, -13.55244006 ], [ -42.8215207, -13.55227765 ], [ -42.82151205, -13.55215212 ], [ -42.82141607, -13.55204301 ], [ -42.82144032, -13.55187312 ], [ -42.82145495, -13.55157373 ], [ -42.78966377, -13.54574294 ], [ -42.78856584, -13.54531585 ], [ -42.78670348, -13.5445027 ], [ -42.78562718, -13.544126 ], [ -42.78558994, -13.54411476 ] ] ] ] } },
{ "type": "Feature", "properties": { "gid": 8, "cd_quilomb": 147, "cd_sr": "SR-05", "nr_process": "54160.001712/2008-06", "nm_comunid": "SAMBAÍBA", "nm_municip": "MACAUBAS E TANQUE NOVO", "cd_uf": "BA", "nr_familia": 68, "ob_descric": "estudo de delimitação", "tp_levanta": null, "nr_escalao": null, "area_calc_": 2509.8583, "esfera": "FEDERAL", "fase": null, "responsave": "INCRA" }, "geometry": { "type": "MultiPolygon", "coordinates": [ [ [ [ -42.74935342, -13.59951492 ], [ -42.74986486, -13.59970945 ], [ -42.75115672, -13.59726388 ], [ -42.75229228, -13.59546058 ], [ -42.75283451, -13.59438236 ], [ -42.75308727, -13.59380876 ], [ -42.75452316, -13.59364016 ], [ -42.75702322, -13.5935824 ], [ -42.75783582, -13.59361416 ], [ -42.75914164, -13.59344316 ], [ -42.75948113, -13.59335972 ], [ -42.76022935, -13.59293563 ], [ -42.76164109, -13.59296843 ], [ -42.76113274, -13.59281537 ], [ -42.7607266, -13.592781 ], [ -42.75979225, -13.59257504 ], [ -42.75945044, -13.59244661 ], [ -42.75884708, -13.59228471 ], [ -42.75854945, -13.59213718 ], [ -42.75814475, -13.5918876 ], [ -42.75781864, -13.5915946 ], [ -42.75766426, -13.59140978 ], [ -42.75754051, -13.59120987 ], [ -42.75749288, -13.59096998 ], [ -42.75752673, -13.59071095 ], [ -42.75760653, -13.59057432 ], [ -42.75773253, -13.5904372 ], [ -42.75820435, -13.59016675 ], [ -42.7586606, -13.58988079 ], [ -42.75875597, -13.58975876 ], [ -42.75880452, -13.58960648 ], [ -42.75880667, -13.58937789 ], [ -42.75861967, -13.58922349 ], [ -42.75851211, -13.58906981 ], [ -42.7583751, -13.58860954 ], [ -42.75836391, -13.58822812 ], [ -42.75827458, -13.58770774 ], [ -42.7581519, -13.58749247 ], [ -42.75785726, -13.58719344 ], [ -42.75768761, -13.58696239 ], [ -42.75753424, -13.58667095 ], [ -42.75753626, -13.58645681 ], [ -42.75764841, -13.58612168 ], [ -42.75777511, -13.58590956 ], [ -42.75784122, -13.58555865 ], [ -42.7577254, -13.58490882 ], [ -42.75763018, -13.58462151 ], [ -42.75745612, -13.58446724 ], [ -42.75730074, -13.58438993 ], [ -42.75716421, -13.58436973 ], [ -42.75693035, -13.5843866 ], [ -42.75653803, -13.58455476 ], [ -42.75593106, -13.58475893 ], [ -42.75544103, -13.58500211 ], [ -42.75506938, -13.5851325 ], [ -42.7546785, -13.58514795 ], [ -42.75442757, -13.58491708 ], [ -42.75425477, -13.58462907 ], [ -42.75410189, -13.58428523 ], [ -42.75398837, -13.583883 ], [ -42.75375627, -13.58361434 ], [ -42.75348649, -13.58332547 ], [ -42.75319476, -13.58320898 ], [ -42.75286317, -13.58320599 ], [ -42.75265558, -13.58327731 ], [ -42.75244076, -13.5833323 ], [ -42.75214663, -13.58347062 ], [ -42.75148747, -13.58303816 ], [ -42.75108096, -13.58265317 ], [ -42.75073465, -13.58215397 ], [ -42.75038834, -13.58165476 ], [ -42.75002063, -13.58127012 ], [ -42.74947799, -13.58092275 ], [ -42.74861802, -13.58033306 ], [ -42.74807666, -13.57985106 ], [ -42.74761485, -13.57916105 ], [ -42.74715412, -13.57835629 ], [ -42.74657466, -13.57770226 ], [ -42.74589748, -13.57702928 ], [ -42.74503793, -13.57649561 ], [ -42.74424058, -13.57612605 ], [ -42.74363761, -13.57600584 ], [ -42.74307215, -13.57592482 ], [ -42.74246736, -13.57590037 ], [ -42.74192006, -13.57604812 ], [ -42.7413528, -13.57615684 ], [ -42.74076578, -13.57630423 ], [ -42.74027847, -13.57626186 ], [ -42.73994816, -13.57612514 ], [ -42.73957977, -13.57591216 ], [ -42.73919161, -13.57564208 ], [ -42.73878333, -13.57544772 ], [ -42.73847223, -13.57533014 ], [ -42.73823982, -13.5751943 ], [ -42.73798782, -13.57498238 ], [ -42.7377951, -13.57475202 ], [ -42.73727569, -13.57400364 ], [ -42.73683332, -13.57331379 ], [ -42.73610821, -13.57243884 ], [ -42.73566314, -13.57203451 ], [ -42.73525578, -13.57174437 ], [ -42.73482938, -13.5714161 ], [ -42.73436437, -13.57106941 ], [ -42.73391822, -13.57077892 ], [ -42.73364847, -13.57049093 ], [ -42.73359154, -13.5702609 ], [ -42.73363432, -13.5699378 ], [ -42.73375323, -13.56967141 ], [ -42.73395048, -13.5695214 ], [ -42.73432157, -13.56935037 ], [ -42.73470697, -13.56922827 ], [ -42.73487272, -13.56908701 ], [ -42.73489282, -13.56903357 ], [ -42.73256612, -13.56923131 ], [ -42.73075548, -13.56981615 ], [ -42.72972696, -13.56965357 ], [ -42.72535602, -13.56919875 ], [ -42.72521776, -13.56916084 ], [ -42.72528366, -13.56898142 ], [ -42.72529446, -13.56895201 ], [ -42.72570483, -13.56823803 ], [ -42.72596141, -13.56784225 ], [ -42.72657008, -13.56728184 ], [ -42.7267928, -13.56688512 ], [ -42.72704307, -13.56620945 ], [ -42.72764805, -13.56476861 ], [ -42.72778271, -13.56450761 ], [ -42.72824723, -13.56372665 ], [ -42.72653922, -13.56296558 ], [ -42.72568831, -13.56251856 ], [ -42.72478399, -13.56269387 ], [ -42.72454763, -13.56284763 ], [ -42.72322007, -13.56328479 ], [ -42.72269001, -13.56345902 ], [ -42.72182035, -13.5641556 ], [ -42.72102235, -13.56475118 ], [ -42.7215495, -13.56528348 ], [ -42.7218203, -13.56583779 ], [ -42.722071, -13.56723976 ], [ -42.72104448, -13.5674902 ], [ -42.7208513, -13.56745322 ], [ -42.72073017, -13.56753841 ], [ -42.72062826, -13.56787214 ], [ -42.72063282, -13.56831755 ], [ -42.71935096, -13.56822114 ], [ -42.71503253, -13.56656438 ], [ -42.71216849, -13.56539988 ], [ -42.71133373, -13.56523359 ], [ -42.70369412, -13.5643662 ], [ -42.70166297, -13.56416493 ], [ -42.69969322, -13.56384328 ], [ -42.69875092, -13.56564444 ], [ -42.69817543, -13.56681154 ], [ -42.6979818, -13.56764905 ], [ -42.69803745, -13.56888089 ], [ -42.6984317, -13.5694919 ], [ -42.69831844, -13.57004007 ], [ -42.69776011, -13.5714503 ], [ -42.69631046, -13.57513001 ], [ -42.6960271, -13.57585985 ], [ -42.69567301, -13.57773749 ], [ -42.69545724, -13.58075602 ], [ -42.6958012, -13.58314267 ], [ -42.69488073, -13.58581553 ], [ -42.6943724, -13.58851449 ], [ -42.69386925, -13.58958421 ], [ -42.69356406, -13.59070246 ], [ -42.69414728, -13.59199393 ], [ -42.69464747, -13.59269374 ], [ -42.69561768, -13.59430272 ], [ -42.69623931, -13.59590999 ], [ -42.69777819, -13.59676587 ], [ -42.69952635, -13.59712689 ], [ -42.70353106, -13.59832637 ], [ -42.70690451, -13.60039706 ], [ -42.71022213, -13.60235108 ], [ -42.71208507, -13.60294194 ], [ -42.71327713, -13.60308541 ], [ -42.71562817, -13.60328362 ], [ -42.71703781, -13.60349495 ], [ -42.71768814, -13.60351029 ], [ -42.71824685, -13.60344118 ], [ -42.71836219, -13.60354294 ], [ -42.71900462, -13.60455924 ], [ -42.72027826, -13.60479329 ], [ -42.72094735, -13.60487327 ], [ -42.72124546, -13.60494886 ], [ -42.72132187, -13.6049548 ], [ -42.72221073, -13.60507358 ], [ -42.72187075, -13.60563773 ], [ -42.72183593, -13.60579347 ], [ -42.72172434, -13.60600811 ], [ -42.72153368, -13.60611852 ], [ -42.72134742, -13.60634697 ], [ -42.7212124, -13.6066818 ], [ -42.72108558, -13.6067893 ], [ -42.72100821, -13.60691517 ], [ -42.72101803, -13.60707439 ], [ -42.72081641, -13.60731465 ], [ -42.72069961, -13.60744987 ], [ -42.72067228, -13.6075719 ], [ -42.72073816, -13.60779354 ], [ -42.72085967, -13.60791184 ], [ -42.72100938, -13.6080033 ], [ -42.72114813, -13.60803265 ], [ -42.72131187, -13.60811562 ], [ -42.72155209, -13.60813677 ], [ -42.72166422, -13.60818363 ], [ -42.72183077, -13.60865441 ], [ -42.72190933, -13.60919306 ], [ -42.7237838, -13.60974851 ], [ -42.72750331, -13.61125034 ], [ -42.72755788, -13.61126124 ], [ -42.72890117, -13.61138739 ], [ -42.73054397, -13.61147989 ], [ -42.7306808, -13.61187269 ], [ -42.73156159, -13.61219199 ], [ -42.73294031, -13.61290135 ], [ -42.73518755, -13.61356702 ], [ -42.7379373, -13.6152202 ], [ -42.73893569, -13.61601189 ], [ -42.74175392, -13.61533534 ], [ -42.74136097, -13.614265 ], [ -42.74186354, -13.61320776 ], [ -42.74342936, -13.61148921 ], [ -42.74423604, -13.61038373 ], [ -42.7447465, -13.60985278 ], [ -42.74513785, -13.60878511 ], [ -42.74530691, -13.60814336 ], [ -42.74543649, -13.60801863 ], [ -42.74585397, -13.6069529 ], [ -42.74623121, -13.60594201 ], [ -42.74657758, -13.60508181 ], [ -42.74719303, -13.60440713 ], [ -42.74856726, -13.60112192 ], [ -42.74935342, -13.59951492 ] ] ] ] } },
{ "type": "Feature", "properties": { "gid": 9, "cd_quilomb": null, "cd_sr": "05", "nr_process": null, "nm_comunid": "PITANGA DE PALMARES", "nm_municip": "SIMÕES FILHO", "cd_uf": "BA", "nr_familia": null, "ob_descric": "GLEBA A", "tp_levanta": "GPS PRO-XR", "nr_escalao": "1/10000", "area_calc_": 826.9106, "esfera": "FEDERAL", "fase": null, "responsave": null }, "geometry": { "type": "MultiPolygon", "coordinates": [ [ [ [ -38.38547499, -12.67730154 ], [ -38.38593668, -12.67751563 ], [ -38.38643111, -12.67802032 ], [ -38.38767472, -12.6784586 ], [ -38.38718897, -12.67911068 ], [ -38.38673757, -12.67942306 ], [ -38.38613841, -12.67953568 ], [ -38.38583666, -12.6810333 ], [ -38.38765887, -12.68109959 ], [ -38.38765749, -12.6810642 ], [ -38.38826736, -12.68103159 ], [ -38.38832422, -12.68085177 ], [ -38.39012646, -12.68094152 ], [ -38.39012145, -12.68120955 ], [ -38.39848577, -12.68159862 ], [ -38.39906415, -12.68163405 ], [ -38.39957429, -12.68171077 ], [ -38.40022163, -12.68191096 ], [ -38.40071566, -12.68212924 ], [ -38.40128909, -12.6824495 ], [ -38.40457194, -12.68431162 ], [ -38.4125238, -12.68869916 ], [ -38.41297853, -12.6889437 ], [ -38.41376818, -12.68925615 ], [ -38.41464757, -12.68945039 ], [ -38.42498998, -12.6906149 ], [ -38.42518865, -12.69008426 ], [ -38.42531198, -12.69010614 ], [ -38.42537751, -12.68991752 ], [ -38.42547118, -12.68953344 ], [ -38.42534732, -12.68905641 ], [ -38.42504027, -12.6885595 ], [ -38.42579402, -12.68807092 ], [ -38.42692316, -12.68732378 ], [ -38.42735935, -12.68651935 ], [ -38.42791437, -12.68608149 ], [ -38.4284412, -12.68514572 ], [ -38.42856699, -12.68474646 ], [ -38.4286563, -12.68446299 ], [ -38.42869425, -12.68434254 ], [ -38.42877465, -12.68323387 ], [ -38.42892665, -12.68295317 ], [ -38.42874822, -12.68242681 ], [ -38.42830822, -12.68275218 ], [ -38.4280444, -12.68335778 ], [ -38.42812717, -12.6839432 ], [ -38.42803318, -12.6841557 ], [ -38.42663978, -12.68346853 ], [ -38.42670459, -12.68306508 ], [ -38.4271443, -12.68278246 ], [ -38.42760469, -12.68214151 ], [ -38.42792542, -12.68111702 ], [ -38.42721532, -12.68030708 ], [ -38.4272012, -12.67924466 ], [ -38.42567001, -12.67792743 ], [ -38.42546308, -12.67733189 ], [ -38.42473887, -12.67619635 ], [ -38.42443223, -12.67600091 ], [ -38.42415432, -12.67603485 ], [ -38.42368875, -12.67519202 ], [ -38.42242524, -12.67374879 ], [ -38.4220944, -12.67337992 ], [ -38.42216273, -12.67275435 ], [ -38.4218989, -12.6725878 ], [ -38.42182648, -12.672825 ], [ -38.4214675, -12.67282422 ], [ -38.4214678, -12.67269333 ], [ -38.42112037, -12.67267864 ], [ -38.42117728, -12.67207301 ], [ -38.42065997, -12.67174496 ], [ -38.42029787, -12.67133615 ], [ -38.41997197, -12.67082136 ], [ -38.41980003, -12.67171787 ], [ -38.41968746, -12.67185599 ], [ -38.41921671, -12.67120998 ], [ -38.41867355, -12.67149765 ], [ -38.41858561, -12.67135129 ], [ -38.4189479, -12.67097533 ], [ -38.41932017, -12.67050845 ], [ -38.41887012, -12.66971102 ], [ -38.4187241, -12.66974067 ], [ -38.4185588, -12.66991474 ], [ -38.41802217, -12.6690382 ], [ -38.41665092, -12.66822214 ], [ -38.41636123, -12.66748023 ], [ -38.41509903, -12.66746508 ], [ -38.41478504, -12.66707792 ], [ -38.41467484, -12.66680392 ], [ -38.41298845, -12.66615284 ], [ -38.41264091, -12.66638596 ], [ -38.4126729, -12.66762659 ], [ -38.41195427, -12.66864507 ], [ -38.41199524, -12.66911042 ], [ -38.41281652, -12.67012995 ], [ -38.41225906, -12.67055387 ], [ -38.41161762, -12.67032171 ], [ -38.41107393, -12.67103036 ], [ -38.41051577, -12.67094753 ], [ -38.4101847, -12.670246 ], [ -38.41021574, -12.66963027 ], [ -38.40960351, -12.66970688 ], [ -38.40900009, -12.66967064 ], [ -38.4092846, -12.66927193 ], [ -38.41013814, -12.66913566 ], [ -38.4109503, -12.66866628 ], [ -38.41144051, -12.66779394 ], [ -38.41168487, -12.6669301 ], [ -38.41127845, -12.66618402 ], [ -38.41152302, -12.663942 ], [ -38.41125551, -12.66383118 ], [ -38.41074855, -12.66388165 ], [ -38.40986398, -12.66464881 ], [ -38.4090718, -12.66465997 ], [ -38.40858906, -12.66634082 ], [ -38.40829867, -12.66447741 ], [ -38.40845693, -12.66428037 ], [ -38.40965189, -12.66410876 ], [ -38.41031402, -12.66362929 ], [ -38.41126679, -12.66323612 ], [ -38.41142104, -12.66284194 ], [ -38.41112619, -12.66252397 ], [ -38.41062392, -12.66247513 ], [ -38.40962084, -12.66212019 ], [ -38.40933523, -12.66223717 ], [ -38.40862246, -12.6622817 ], [ -38.40779996, -12.66233217 ], [ -38.40701366, -12.66208991 ], [ -38.40648085, -12.6624634 ], [ -38.40618599, -12.66232712 ], [ -38.40613943, -12.66192335 ], [ -38.4057718, -12.66206647 ], [ -38.40461858, -12.66265014 ], [ -38.4038631, -12.66312922 ], [ -38.40422822, -12.66452258 ], [ -38.40332016, -12.66493649 ], [ -38.4026063, -12.66557748 ], [ -38.40166481, -12.66566328 ], [ -38.40062235, -12.66673895 ], [ -38.39890117, -12.66635528 ], [ -38.39825582, -12.66619323 ], [ -38.39741263, -12.6662336 ], [ -38.39685394, -12.6664052 ], [ -38.39649184, -12.66669793 ], [ -38.39597141, -12.66690928 ], [ -38.394852, -12.66720264 ], [ -38.3943916, -12.66734396 ], [ -38.39377738, -12.66788088 ], [ -38.3930725, -12.66942334 ], [ -38.39246209, -12.66929716 ], [ -38.39171718, -12.66954447 ], [ -38.39072375, -12.6701707 ], [ -38.39031013, -12.67048826 ], [ -38.39011376, -12.67109164 ], [ -38.39077414, -12.67221442 ], [ -38.39291807, -12.67297889 ], [ -38.39340659, -12.67279915 ], [ -38.39388466, -12.67347101 ], [ -38.39423124, -12.67390001 ], [ -38.39495546, -12.6740716 ], [ -38.39571589, -12.67451573 ], [ -38.39646855, -12.67479547 ], [ -38.39643492, -12.67527224 ], [ -38.39666771, -12.67527277 ], [ -38.39726123, -12.6745079 ], [ -38.3976661, -12.67436938 ], [ -38.3984524, -12.67457125 ], [ -38.39948154, -12.67413314 ], [ -38.39971977, -12.67384954 ], [ -38.4000198, -12.67401609 ], [ -38.39978473, -12.67444127 ], [ -38.39881653, -12.67496356 ], [ -38.39901744, -12.67568741 ], [ -38.39862047, -12.67610247 ], [ -38.39819891, -12.67544941 ], [ -38.39775699, -12.67516009 ], [ -38.39742815, -12.67529801 ], [ -38.39709708, -12.67576737 ], [ -38.39714363, -12.67682217 ], [ -38.39678441, -12.6775451 ], [ -38.39653729, -12.67689349 ], [ -38.3966315, -12.67665057 ], [ -38.39647114, -12.67611055 ], [ -38.395809, -12.67567148 ], [ -38.3954371, -12.67531405 ], [ -38.39511065, -12.67498005 ], [ -38.39429332, -12.67471256 ], [ -38.39373464, -12.67477312 ], [ -38.39360531, -12.67449554 ], [ -38.39312423, -12.67405142 ], [ -38.39268452, -12.6738243 ], [ -38.39200565, -12.67349995 ], [ -38.39166545, -12.67335494 ], [ -38.39095676, -12.67324895 ], [ -38.39083465, -12.67341632 ], [ -38.39086772, -12.67481772 ], [ -38.39087701, -12.67543378 ], [ -38.39048601, -12.67539894 ], [ -38.39018035, -12.6751226 ], [ -38.38929795, -12.67526323 ], [ -38.38880479, -12.67526267 ], [ -38.38853063, -12.67496491 ], [ -38.38885395, -12.67474925 ], [ -38.38929623, -12.67448041 ], [ -38.39010321, -12.67405141 ], [ -38.39011034, -12.67359837 ], [ -38.38965316, -12.6723405 ], [ -38.38921274, -12.67182243 ], [ -38.3880185, -12.67191655 ], [ -38.38683389, -12.67180048 ], [ -38.38645326, -12.67223261 ], [ -38.38475571, -12.67326791 ], [ -38.38538371, -12.67507666 ], [ -38.38510037, -12.67568739 ], [ -38.38535836, -12.67590808 ], [ -38.38558233, -12.67619886 ], [ -38.3856592, -12.676387 ], [ -38.38559102, -12.67686396 ], [ -38.38547499, -12.67730154 ] ] ] ] } },
{ "type": "Feature", "properties": { "gid": 10, "cd_quilomb": null, "cd_sr": "SR-05", "nr_process": "54160.000301/2012-71", "nm_comunid": "JETIMANA e BOA VISTA", "nm_municip": "CAMAMU", "cd_uf": "BA", "nr_familia": 61, "ob_descric": null, "tp_levanta": null, "nr_escalao": null, "area_calc_": 1588.0969, "esfera": "FEDERAL", "fase": "RTID", "responsave": "INCRA" }, "geometry": { "type": "MultiPolygon", "coordinates": [ [ [ [ -39.22529134, -13.96642857 ], [ -39.22685078, -13.96896363 ], [ -39.22691433, -13.96906695 ], [ -39.22874101, -13.97131844 ], [ -39.22982499, -13.97109337 ], [ -39.23014356, -13.97121431 ], [ -39.23056317, -13.97113781 ], [ -39.23399694, -13.97060186 ], [ -39.23595883, -13.97031358 ], [ -39.23816861, -13.97000943 ], [ -39.23826473, -13.97001575 ], [ -39.24027163, -13.96970838 ], [ -39.23995025, -13.97207655 ], [ -39.24107656, -13.97192592 ], [ -39.24158849, -13.971846 ], [ -39.24231514, -13.96944771 ], [ -39.24348668, -13.96945457 ], [ -39.24440529, -13.9732539 ], [ -39.24493886, -13.97312464 ], [ -39.245982, -13.97253801 ], [ -39.24684649, -13.97178833 ], [ -39.24868416, -13.97136229 ], [ -39.24965206, -13.97070114 ], [ -39.2500959, -13.96847642 ], [ -39.24971744, -13.96750066 ], [ -39.2495543, -13.96581048 ], [ -39.24915934, -13.96462589 ], [ -39.24882655, -13.96411831 ], [ -39.24858305, -13.96351106 ], [ -39.24866629, -13.96350733 ], [ -39.25089548, -13.96340754 ], [ -39.25043826, -13.96016349 ], [ -39.25178105, -13.96003076 ], [ -39.25456041, -13.96069603 ], [ -39.25462363, -13.96071116 ], [ -39.25568454, -13.96110621 ], [ -39.25668366, -13.96053441 ], [ -39.2581736, -13.95927605 ], [ -39.26189582, -13.96332175 ], [ -39.26248025, -13.96130589 ], [ -39.26070006, -13.95976433 ], [ -39.26108842, -13.95836407 ], [ -39.26174999, -13.95613907 ], [ -39.26223876, -13.95466403 ], [ -39.2625491, -13.95363383 ], [ -39.26262908, -13.95350277 ], [ -39.26188405, -13.95245348 ], [ -39.26168475, -13.95203429 ], [ -39.26138731, -13.95179615 ], [ -39.26051535, -13.95025657 ], [ -39.26066359, -13.94956573 ], [ -39.2605378, -13.94785577 ], [ -39.26040739, -13.94769496 ], [ -39.25991577, -13.94783076 ], [ -39.25962454, -13.94791121 ], [ -39.25765087, -13.94845639 ], [ -39.25673116, -13.9485152 ], [ -39.25499962, -13.94864301 ], [ -39.2526266, -13.94885063 ], [ -39.25261313, -13.94858515 ], [ -39.25110311, -13.9473373 ], [ -39.25104549, -13.94728158 ], [ -39.25078987, -13.94700481 ], [ -39.250292, -13.94733343 ], [ -39.24999568, -13.94713136 ], [ -39.24937764, -13.94698731 ], [ -39.24926953, -13.94686085 ], [ -39.24879059, -13.94710832 ], [ -39.24707064, -13.94699352 ], [ -39.24679631, -13.94685908 ], [ -39.2458516, -13.94189314 ], [ -39.24495938, -13.94028473 ], [ -39.24382583, -13.93856742 ], [ -39.2431853, -13.93855339 ], [ -39.24252444, -13.93621369 ], [ -39.24260378, -13.93522417 ], [ -39.24117078, -13.93580003 ], [ -39.24022012, -13.9359139 ], [ -39.23859898, -13.933667 ], [ -39.23689267, -13.93455708 ], [ -39.2365632, -13.93506748 ], [ -39.23374127, -13.93602136 ], [ -39.23188026, -13.93617045 ], [ -39.23157631, -13.93622044 ], [ -39.23030237, -13.93687145 ], [ -39.22893839, -13.93668724 ], [ -39.22799091, -13.93674005 ], [ -39.22579042, -13.93578656 ], [ -39.22345812, -13.93360145 ], [ -39.22246461, -13.93125213 ], [ -39.22201575, -13.93107038 ], [ -39.22089827, -13.92873538 ], [ -39.21987175, -13.93031898 ], [ -39.21983051, -13.93040597 ], [ -39.21798104, -13.93180508 ], [ -39.21683265, -13.92992825 ], [ -39.21644333, -13.9310402 ], [ -39.2163172, -13.93192818 ], [ -39.21547109, -13.9329317 ], [ -39.21434938, -13.93287974 ], [ -39.21396695, -13.93286307 ], [ -39.21280145, -13.9328837 ], [ -39.21163529, -13.93322184 ], [ -39.20914478, -13.93360609 ], [ -39.20855401, -13.93396633 ], [ -39.20748747, -13.93374087 ], [ -39.20827503, -13.93719935 ], [ -39.20789861, -13.9377222 ], [ -39.20755663, -13.93780011 ], [ -39.20721772, -13.93846665 ], [ -39.20856114, -13.93879919 ], [ -39.20861652, -13.93886072 ], [ -39.20926955, -13.93976169 ], [ -39.20937429, -13.93990619 ], [ -39.20976941, -13.9471036 ], [ -39.20825408, -13.95406982 ], [ -39.20845102, -13.95566676 ], [ -39.20853772, -13.95607544 ], [ -39.21096739, -13.95575506 ], [ -39.21403511, -13.95517153 ], [ -39.21831633, -13.95450763 ], [ -39.22280111, -13.95378008 ], [ -39.22428891, -13.95378984 ], [ -39.2255171, -13.96013131 ], [ -39.22444619, -13.96146557 ], [ -39.22270311, -13.96210944 ], [ -39.22529134, -13.96642857 ] ] ] ] } },
{ "type": "Feature", "properties": { "gid": 13, "cd_quilomb": null, "cd_sr": "SR-05", "nr_process": "54160.003304/2011-86", "nm_comunid": "PORTO DO CAMPO", "nm_municip": "CAMAMU", "cd_uf": "BA", "nr_familia": 48, "ob_descric": null, "tp_levanta": "GPS PRO MARK 3", "nr_escalao": "1:15.000", "area_calc_": 221.1104, "esfera": "FEDERAL", "fase": "RTID", "responsave": "INCRA" }, "geometry": { "type": "MultiPolygon", "coordinates": [ [ [ [ -39.05584125, -13.95518957 ], [ -39.0552082, -13.95395983 ], [ -39.05432875, -13.95593009 ], [ -39.05327862, -13.95616628 ], [ -39.05277276, -13.95575753 ], [ -39.05218669, -13.95608028 ], [ -39.05208464, -13.95694532 ], [ -39.05244966, -13.95771443 ], [ -39.05159859, -13.96016527 ], [ -39.0514205, -13.96109392 ], [ -39.05201673, -13.96267176 ], [ -39.05104991, -13.96399372 ], [ -39.05068067, -13.96442845 ], [ -39.05091659, -13.96655849 ], [ -39.05137687, -13.96864893 ], [ -39.05175471, -13.97127362 ], [ -39.05038999, -13.97200584 ], [ -39.04794504, -13.97069155 ], [ -39.04704088, -13.97143111 ], [ -39.04843849, -13.97279894 ], [ -39.04916262, -13.97351671 ], [ -39.05024507, -13.9738461 ], [ -39.05083655, -13.97459141 ], [ -39.05086478, -13.97565928 ], [ -39.05034653, -13.97689405 ], [ -39.05063624, -13.97721589 ], [ -39.05104359, -13.97713145 ], [ -39.05240187, -13.97652176 ], [ -39.05435912, -13.9778844 ], [ -39.05461578, -13.97906188 ], [ -39.0551385, -13.97977476 ], [ -39.05584987, -13.9807904 ], [ -39.05612686, -13.98079425 ], [ -39.05577498, -13.98163115 ], [ -39.05582505, -13.9823645 ], [ -39.05660446, -13.98208102 ], [ -39.05862502, -13.98179955 ], [ -39.06055659, -13.98097752 ], [ -39.06105905, -13.98073119 ], [ -39.06098823, -13.97999699 ], [ -39.06179828, -13.97964492 ], [ -39.06220438, -13.97859094 ], [ -39.0630892, -13.97885524 ], [ -39.0633027, -13.97848917 ], [ -39.06255089, -13.97728653 ], [ -39.06333975, -13.97641355 ], [ -39.06255997, -13.97590683 ], [ -39.06200718, -13.97596371 ], [ -39.06101386, -13.97676913 ], [ -39.06123268, -13.97791239 ], [ -39.06140143, -13.97869126 ], [ -39.06096327, -13.97912792 ], [ -39.06031753, -13.97919526 ], [ -39.05965449, -13.97877817 ], [ -39.05990836, -13.97840354 ], [ -39.05955192, -13.97798269 ], [ -39.05885977, -13.9779982 ], [ -39.05830537, -13.97813204 ], [ -39.05792236, -13.97841442 ], [ -39.05762983, -13.97817902 ], [ -39.05801148, -13.97729239 ], [ -39.05894633, -13.97639739 ], [ -39.05885017, -13.97620584 ], [ -39.0582868, -13.97604274 ], [ -39.05780256, -13.97546629 ], [ -39.05737416, -13.97557407 ], [ -39.05683431, -13.97598727 ], [ -39.05617926, -13.97551795 ], [ -39.05656328, -13.97442778 ], [ -39.05679823, -13.97341517 ], [ -39.05659425, -13.97277247 ], [ -39.05617565, -13.97274821 ], [ -39.05412776, -13.97377985 ], [ -39.05308245, -13.97330278 ], [ -39.05285199, -13.97296119 ], [ -39.05295586, -13.97205618 ], [ -39.05300978, -13.97139067 ], [ -39.05328196, -13.97116549 ], [ -39.05447453, -13.97133777 ], [ -39.05533405, -13.97049914 ], [ -39.05648141, -13.97043604 ], [ -39.05767935, -13.97087499 ], [ -39.05886643, -13.97020995 ], [ -39.05958677, -13.97026169 ], [ -39.05984017, -13.97061296 ], [ -39.06172302, -13.9711967 ], [ -39.06224931, -13.97042163 ], [ -39.06221785, -13.97014552 ], [ -39.06165672, -13.96950205 ], [ -39.06246807, -13.96784982 ], [ -39.06299042, -13.96781514 ], [ -39.06356236, -13.96806947 ], [ -39.06414736, -13.96897427 ], [ -39.06485653, -13.96892747 ], [ -39.06534057, -13.9684135 ], [ -39.06431872, -13.96717145 ], [ -39.06364597, -13.96638279 ], [ -39.06367175, -13.96597713 ], [ -39.06422244, -13.96393986 ], [ -39.06583154, -13.96219713 ], [ -39.0660349, -13.96174335 ], [ -39.06557384, -13.96178695 ], [ -39.06450294, -13.96133658 ], [ -39.06394521, -13.96082554 ], [ -39.064241, -13.9593122 ], [ -39.06415846, -13.95906421 ], [ -39.06246108, -13.958285 ], [ -39.06159316, -13.95705249 ], [ -39.06084001, -13.95698086 ], [ -39.06038608, -13.95736511 ], [ -39.06117558, -13.95905982 ], [ -39.06089505, -13.95962819 ], [ -39.06108512, -13.96153954 ], [ -39.06008659, -13.96180579 ], [ -39.05981335, -13.96250751 ], [ -39.06038442, -13.96319437 ], [ -39.06060468, -13.96345663 ], [ -39.06127955, -13.96510989 ], [ -39.06048686, -13.96689712 ], [ -39.05986344, -13.9681989 ], [ -39.05906346, -13.96853704 ], [ -39.05817882, -13.96677769 ], [ -39.05826142, -13.96586225 ], [ -39.05761046, -13.96529194 ], [ -39.05708342, -13.96605997 ], [ -39.05623444, -13.96542396 ], [ -39.05562848, -13.96522425 ], [ -39.05533555, -13.96469585 ], [ -39.05653644, -13.96383643 ], [ -39.05602053, -13.96332902 ], [ -39.05411996, -13.96335275 ], [ -39.05377736, -13.96280187 ], [ -39.05345174, -13.96186583 ], [ -39.05333809, -13.96088204 ], [ -39.0543935, -13.96077518 ], [ -39.05504394, -13.96102087 ], [ -39.055247, -13.96081586 ], [ -39.05483495, -13.96023325 ], [ -39.05459009, -13.96028495 ], [ -39.05519957, -13.95887339 ], [ -39.05551453, -13.95890147 ], [ -39.05638827, -13.95748251 ], [ -39.05644961, -13.95571557 ], [ -39.05584125, -13.95518957 ] ] ] ] } },
{ "type": "Feature", "properties": { "gid": 14, "cd_quilomb": 86, "cd_sr": "SR-05", "nr_process": "54160.002985/2006-06", "nm_comunid": "VELAME", "nm_municip": "VITORIA DA CONQUISTA", "cd_uf": "BA", "nr_familia": 73, "ob_descric": "Estudo de delimitação", "tp_levanta": null, "nr_escalao": null, "area_calc_": 1891.5413, "esfera": "FEDERAL", "fase": null, "responsave": "INCRA" }, "geometry": { "type": "MultiPolygon", "coordinates": [ [ [ [ -41.12318189, -15.23595668 ], [ -41.11783218, -15.23724114 ], [ -41.11415318, -15.23809482 ], [ -41.10881656, -15.2394272 ], [ -41.1059257, -15.24009949 ], [ -41.10538425, -15.24025972 ], [ -41.10478899, -15.23924896 ], [ -41.10284058, -15.23611699 ], [ -41.10075771, -15.23654148 ], [ -41.09366362, -15.23759222 ], [ -41.09310265, -15.23773633 ], [ -41.09252299, -15.23784574 ], [ -41.09513247, -15.24168647 ], [ -41.09519682, -15.24177532 ], [ -41.09524497, -15.24196616 ], [ -41.09395409, -15.24204959 ], [ -41.09269556, -15.2421001 ], [ -41.09063037, -15.24241157 ], [ -41.08665544, -15.24268161 ], [ -41.08356004, -15.24285124 ], [ -41.08253617, -15.24279352 ], [ -41.08013432, -15.24313359 ], [ -41.0797306, -15.24309731 ], [ -41.07871474, -15.24293612 ], [ -41.07690014, -15.24826062 ], [ -41.07689353, -15.24831706 ], [ -41.07581377, -15.2477831 ], [ -41.07460921, -15.24767777 ], [ -41.07447291, -15.24772316 ], [ -41.07383365, -15.24879744 ], [ -41.07287243, -15.24990266 ], [ -41.07238942, -15.25032386 ], [ -41.07160018, -15.25082035 ], [ -41.07108132, -15.25135528 ], [ -41.06998496, -15.25238656 ], [ -41.06950129, -15.25295125 ], [ -41.06883767, -15.25380757 ], [ -41.0682968, -15.25460528 ], [ -41.06752195, -15.25542376 ], [ -41.06612256, -15.25641499 ], [ -41.06897141, -15.26003264 ], [ -41.07044138, -15.26186411 ], [ -41.07161853, -15.26305862 ], [ -41.07322601, -15.26450993 ], [ -41.07331816, -15.26457594 ], [ -41.07713817, -15.26762551 ], [ -41.08111457, -15.27097634 ], [ -41.08566609, -15.27386686 ], [ -41.08769953, -15.27463385 ], [ -41.08895159, -15.27502797 ], [ -41.0908968, -15.27547381 ], [ -41.09300104, -15.27582001 ], [ -41.09948625, -15.27725057 ], [ -41.10073581, -15.27756856 ], [ -41.10345194, -15.27537792 ], [ -41.10489674, -15.27419882 ], [ -41.1058263, -15.27389416 ], [ -41.10777475, -15.27314484 ], [ -41.10794833, -15.27303198 ], [ -41.11386129, -15.26759856 ], [ -41.11711426, -15.26461498 ], [ -41.11857798, -15.26331446 ], [ -41.11905287, -15.26283381 ], [ -41.11958866, -15.2622909 ], [ -41.12228721, -15.25983267 ], [ -41.12270762, -15.25949183 ], [ -41.12278921, -15.25503074 ], [ -41.12291198, -15.24939782 ], [ -41.12308248, -15.24136123 ], [ -41.12316722, -15.23723961 ], [ -41.12318189, -15.23595668 ] ] ] ] } },
{ "type": "Feature", "properties": { "gid": 19, "cd_quilomb": null, "cd_sr": "SR-05", "nr_process": "54160.001670/2008-03", "nm_comunid": "FOJO", "nm_municip": "ITACARE", "cd_uf": "BA", "nr_familia": 65, "ob_descric": "Estudo de  delimitação", "tp_levanta": null, "nr_escalao": null, "area_calc_": 1371.309, "esfera": "FEDERAL", "fase": null, "responsave": "INCRA" }, "geometry": { "type": "MultiPolygon", "coordinates": [ [ [ [ -39.09835892, -14.32833113 ], [ -39.09740738, -14.32914437 ], [ -39.09869887, -14.33183776 ], [ -39.09968064, -14.3336208 ], [ -39.09780217, -14.33507001 ], [ -39.09762442, -14.33520714 ], [ -39.09780649, -14.33674873 ], [ -39.09797154, -14.3381462 ], [ -39.09822433, -14.34173069 ], [ -39.09857522, -14.35288282 ], [ -39.09903393, -14.36942435 ], [ -39.09924473, -14.37350333 ], [ -39.08933489, -14.37436331 ], [ -39.09230144, -14.380556 ], [ -39.09686789, -14.37987277 ], [ -39.0994697, -14.37982909 ], [ -39.09958317, -14.38249645 ], [ -39.10846778, -14.38842409 ], [ -39.10849758, -14.38843853 ], [ -39.10855571, -14.38846671 ], [ -39.1106023, -14.38945852 ], [ -39.11117145, -14.38990081 ], [ -39.1125488, -14.39071882 ], [ -39.11575772, -14.39038042 ], [ -39.11760123, -14.38979329 ], [ -39.11754759, -14.38800592 ], [ -39.11724718, -14.38590099 ], [ -39.11688576, -14.3826439 ], [ -39.11678569, -14.38191153 ], [ -39.11633555, -14.38184915 ], [ -39.11479449, -14.38177971 ], [ -39.11272062, -14.38146307 ], [ -39.11383085, -14.37931066 ], [ -39.11324934, -14.37885479 ], [ -39.11415242, -14.37724077 ], [ -39.11170276, -14.37352642 ], [ -39.10965856, -14.37010283 ], [ -39.11383814, -14.36955388 ], [ -39.1179827, -14.36914124 ], [ -39.11746995, -14.36713932 ], [ -39.1181481, -14.36565026 ], [ -39.11990853, -14.3657073 ], [ -39.12222466, -14.36600478 ], [ -39.12302935, -14.36523946 ], [ -39.12277631, -14.36386698 ], [ -39.12518708, -14.36280338 ], [ -39.12427772, -14.36038439 ], [ -39.12387741, -14.35966385 ], [ -39.12680133, -14.35564959 ], [ -39.12696086, -14.35543056 ], [ -39.1274102, -14.35524843 ], [ -39.12799781, -14.35501026 ], [ -39.12222389, -14.35264677 ], [ -39.12049434, -14.35130483 ], [ -39.11812135, -14.34795169 ], [ -39.11808751, -14.34659591 ], [ -39.11935947, -14.34157802 ], [ -39.11850709, -14.33595413 ], [ -39.1181643, -14.3359434 ], [ -39.11631691, -14.33580236 ], [ -39.11542844, -14.33569881 ], [ -39.11414857, -14.33549238 ], [ -39.11246056, -14.33507817 ], [ -39.11100344, -14.33459422 ], [ -39.1103458, -14.33431785 ], [ -39.10988384, -14.33404136 ], [ -39.10927988, -14.33352267 ], [ -39.10867492, -14.33284753 ], [ -39.10796411, -14.33189666 ], [ -39.10709279, -14.33075508 ], [ -39.10642472, -14.32994344 ], [ -39.10615014, -14.32944298 ], [ -39.10534349, -14.32949156 ], [ -39.10527871, -14.3294956 ], [ -39.10074638, -14.32977849 ], [ -39.09835892, -14.32833113 ] ] ] ] } },
{ "type": "Feature", "properties": { "gid": 20, "cd_quilomb": 441, "cd_sr": "SR-05", "nr_process": "54160.003560/2007-97\n", "nm_comunid": "QUIZANGA, GUERÉM BAIXÃO DO GUAÍ, TABATINGA E OUTRO", "nm_municip": "MARAGOJIPE e NAZARÉ", "cd_uf": "BA", "nr_familia": 251, "ob_descric": null, "tp_levanta": "GPS Promark 3", "nr_escalao": "1:25.000", "area_calc_": 5971.5491, "esfera": "Federal", "fase": "RTID", "responsave": "INCRA" }, "geometry": { "type": "MultiPolygon", "coordinates": [ [ [ [ -38.93130319, -12.84923977 ], [ -38.93096993, -12.84932884 ], [ -38.93062806, -12.84926997 ], [ -38.93025949, -12.84905103 ], [ -38.93017099, -12.84900128 ], [ -38.92988812, -12.84884202 ], [ -38.92953524, -12.84864208 ], [ -38.92906254, -12.84829108 ], [ -38.92873723, -12.8482042 ], [ -38.92815841, -12.84838039 ], [ -38.92787634, -12.84864438 ], [ -38.92715001, -12.84893532 ], [ -38.92687719, -12.84909713 ], [ -38.92654262, -12.84896863 ], [ -38.92639431, -12.84885194 ], [ -38.92624688, -12.84872075 ], [ -38.92598157, -12.84850093 ], [ -38.9259465, -12.84847019 ], [ -38.92588113, -12.84841231 ], [ -38.92583413, -12.84836981 ], [ -38.92568575, -12.84825219 ], [ -38.92553837, -12.84812105 ], [ -38.92540569, -12.84798899 ], [ -38.925273, -12.8478578 ], [ -38.92514036, -12.84772668 ], [ -38.92499293, -12.84759461 ], [ -38.9248593, -12.84746342 ], [ -38.92475705, -12.84730155 ], [ -38.92469905, -12.84712699 ], [ -38.92465487, -12.84693705 ], [ -38.92464112, -12.84674629 ], [ -38.92465594, -12.84654098 ], [ -38.92459793, -12.84627786 ], [ -38.92450949, -12.84611773 ], [ -38.92440725, -12.84595585 ], [ -38.92427368, -12.84581022 ], [ -38.92415575, -12.84566372 ], [ -38.92403787, -12.8455181 ], [ -38.92391993, -12.84535709 ], [ -38.92380199, -12.84521053 ], [ -38.92363986, -12.84509384 ], [ -38.92344724, -12.84504946 ], [ -38.92325461, -12.84509371 ], [ -38.92310624, -12.84521121 ], [ -38.92294304, -12.84532877 ], [ -38.92276517, -12.84541733 ], [ -38.92258729, -12.84548959 ], [ -38.92240935, -12.84556371 ], [ -38.92223146, -12.84565227 ], [ -38.92203884, -12.84571009 ], [ -38.92184621, -12.84574077 ], [ -38.92165359, -12.8457552 ], [ -38.92146102, -12.84575601 ], [ -38.92125364, -12.84578489 ], [ -38.92106195, -12.84578576 ], [ -38.92067764, -12.84575763 ], [ -38.92048501, -12.84572864 ], [ -38.92029245, -12.8456707 ], [ -38.92009982, -12.84562719 ], [ -38.91990813, -12.84558287 ], [ -38.91971556, -12.84554031 ], [ -38.91952293, -12.84551038 ], [ -38.91933037, -12.84546693 ], [ -38.91915342, -12.845409 ], [ -38.91897649, -12.84535106 ], [ -38.91879868, -12.84529225 ], [ -38.9186208, -12.84521981 ], [ -38.91844386, -12.84513299 ], [ -38.91826698, -12.84507411 ], [ -38.91807435, -12.84506049 ], [ -38.91791029, -12.84516268 ], [ -38.91783648, -12.84533899 ], [ -38.91782078, -12.84552974 ], [ -38.91779122, -12.84571874 ], [ -38.91777547, -12.84590861 ], [ -38.9177459, -12.84609943 ], [ -38.9177311, -12.84629024 ], [ -38.91769972, -12.84648012 ], [ -38.91773009, -12.84667006 ], [ -38.91778809, -12.84684637 ], [ -38.91792072, -12.846992 ], [ -38.91806816, -12.84712406 ], [ -38.91820084, -12.84725525 ], [ -38.91834915, -12.84738644 ], [ -38.91846709, -12.84754744 ], [ -38.91861446, -12.84766413 ], [ -38.9187481, -12.84779526 ], [ -38.91888072, -12.84792732 ], [ -38.9190429, -12.84804407 ], [ -38.91921985, -12.84813183 ], [ -38.91939766, -12.84821957 ], [ -38.91955986, -12.84830645 ], [ -38.91972204, -12.8484087 ], [ -38.92004824, -12.84858334 ], [ -38.92022329, -12.84867109 ], [ -38.92040111, -12.8487299 ], [ -38.92057898, -12.84880234 ], [ -38.92074118, -12.84889009 ], [ -38.92088949, -12.84900678 ], [ -38.92102124, -12.84915335 ], [ -38.92115487, -12.84929897 ], [ -38.92124237, -12.84945991 ], [ -38.92136111, -12.84981172 ], [ -38.92141912, -12.85001704 ], [ -38.9214928, -12.8501916 ], [ -38.92161074, -12.85033897 ], [ -38.9218033, -12.85035261 ], [ -38.921995, -12.85035266 ], [ -38.92218762, -12.85036723 ], [ -38.92238026, -12.8503953 ], [ -38.92258763, -12.85041074 ], [ -38.92297189, -12.85040993 ], [ -38.92316451, -12.85039461 ], [ -38.9233562, -12.8503938 ], [ -38.92368245, -12.85040837 ], [ -38.9239479, -12.85048074 ], [ -38.92402158, -12.85065712 ], [ -38.92408046, -12.85083255 ], [ -38.92412465, -12.85102337 ], [ -38.92413839, -12.85125763 ], [ -38.92407939, -12.85143394 ], [ -38.92407933, -12.85162382 ], [ -38.92413732, -12.85179926 ], [ -38.92427095, -12.85194582 ], [ -38.92441833, -12.85206338 ], [ -38.92458051, -12.85216563 ], [ -38.92472795, -12.85228232 ], [ -38.92489102, -12.85239901 ], [ -38.92503846, -12.85253107 ], [ -38.92517114, -12.85267764 ], [ -38.92530378, -12.85282414 ], [ -38.92543646, -12.85296977 ], [ -38.9255249, -12.8531317 ], [ -38.92561428, -12.85329264 ], [ -38.92570264, -12.85345365 ], [ -38.92579109, -12.85363003 ], [ -38.92586383, -12.85380546 ], [ -38.92595227, -12.85396645 ], [ -38.92605546, -12.85412928 ], [ -38.9261734, -12.85428935 ], [ -38.92632171, -12.85440696 ], [ -38.92646915, -12.85452452 ], [ -38.92664703, -12.85459691 ], [ -38.92696497, -12.85466397 ], [ -38.92717416, -12.85470922 ], [ -38.92744691, -12.85487116 ], [ -38.92760991, -12.85519492 ], [ -38.92766328, -12.85557292 ], [ -38.92758022, -12.85595092 ], [ -38.92760778, -12.85622129 ], [ -38.92763446, -12.8564103 ], [ -38.92787866, -12.85659937 ], [ -38.92809703, -12.85676037 ], [ -38.92820572, -12.85708506 ], [ -38.9284231, -12.85743506 ], [ -38.92866721, -12.85778694 ], [ -38.92888554, -12.85835394 ], [ -38.92899415, -12.85883957 ], [ -38.92917103, -12.8590892 ], [ -38.92918484, -12.85911001 ], [ -38.92945759, -12.85927195 ], [ -38.92992022, -12.8593797 ], [ -38.93027498, -12.85962215 ], [ -38.93057542, -12.85983833 ], [ -38.93071086, -12.85997309 ], [ -38.93067486, -12.86002103 ], [ -38.93062879, -12.86008072 ], [ -38.93049235, -12.86005446 ], [ -38.93032929, -12.8599739 ], [ -38.93016617, -12.85983821 ], [ -38.92994773, -12.85986621 ], [ -38.92997535, -12.86005521 ], [ -38.93013285, -12.86050646 ], [ -38.93028016, -12.8609614 ], [ -38.93044409, -12.86134303 ], [ -38.93072509, -12.86184229 ], [ -38.93124379, -12.86247274 ], [ -38.93156998, -12.86279561 ], [ -38.93179479, -12.86307961 ], [ -38.9320131, -12.86350017 ], [ -38.93204348, -12.86366205 ], [ -38.9320286, -12.86403006 ], [ -38.93180721, -12.86482306 ], [ -38.93171859, -12.86535206 ], [ -38.93168989, -12.86582231 ], [ -38.93176533, -12.8662772 ], [ -38.93178089, -12.86674831 ], [ -38.93176608, -12.86689482 ], [ -38.93163333, -12.86711539 ], [ -38.93154476, -12.86733601 ], [ -38.93160463, -12.86757113 ], [ -38.93173913, -12.86785063 ], [ -38.93205057, -12.86811476 ], [ -38.93245145, -12.86832015 ], [ -38.93292608, -12.86851015 ], [ -38.93331221, -12.86867121 ], [ -38.93363839, -12.86896516 ], [ -38.93390652, -12.86923022 ], [ -38.93424928, -12.86965529 ], [ -38.93465466, -12.87027304 ], [ -38.93484721, -12.87050367 ], [ -38.9348739, -12.87074692 ], [ -38.93487571, -12.87092329 ], [ -38.93486277, -12.87108511 ], [ -38.93484977, -12.87128767 ], [ -38.93482208, -12.87150474 ], [ -38.93468471, -12.87170811 ], [ -38.93446626, -12.87181117 ], [ -38.93439895, -12.87184374 ], [ -38.93413994, -12.87200549 ], [ -38.93379794, -12.87211392 ], [ -38.93366244, -12.8721573 ], [ -38.93353893, -12.87219523 ], [ -38.93307349, -12.8722096 ], [ -38.93259598, -12.87224929 ], [ -38.93239136, -12.87233154 ], [ -38.9321591, -12.87239929 ], [ -38.93207617, -12.87240647 ], [ -38.93200053, -12.87239741 ], [ -38.9319591, -12.87235491 ], [ -38.93194066, -12.87233141 ], [ -38.93191398, -12.87218309 ], [ -38.93194073, -12.87204835 ], [ -38.93234911, -12.87178985 ], [ -38.93286893, -12.87178997 ], [ -38.93357869, -12.8717621 ], [ -38.93398882, -12.87166729 ], [ -38.93439814, -12.87143767 ], [ -38.93450695, -12.87128848 ], [ -38.93458814, -12.87100461 ], [ -38.93454759, -12.87082823 ], [ -38.93447758, -12.8706121 ], [ -38.93436889, -12.87039591 ], [ -38.93423071, -12.87016985 ], [ -38.93392295, -12.8699211 ], [ -38.93359583, -12.86958278 ], [ -38.9331047, -12.86905365 ], [ -38.93252594, -12.86895134 ], [ -38.93209557, -12.86874595 ], [ -38.93169468, -12.8685107 ], [ -38.93139793, -12.86836508 ], [ -38.93132338, -12.86802682 ], [ -38.93131332, -12.86784601 ], [ -38.93130781, -12.86776188 ], [ -38.93124887, -12.86740919 ], [ -38.93112925, -12.8667635 ], [ -38.93109807, -12.86622 ], [ -38.93097844, -12.86555806 ], [ -38.93080171, -12.86481649 ], [ -38.93070588, -12.8644638 ], [ -38.93067183, -12.86436705 ], [ -38.93058252, -12.86411292 ], [ -38.93046008, -12.86354586 ], [ -38.93041964, -12.86312629 ], [ -38.93040596, -12.86262622 ], [ -38.93033783, -12.86240916 ], [ -38.93015909, -12.86216585 ], [ -38.92990108, -12.86186828 ], [ -38.92938239, -12.86132921 ], [ -38.92902765, -12.86093751 ], [ -38.92878345, -12.86068064 ], [ -38.92847014, -12.86053226 ], [ -38.92830701, -12.86047889 ], [ -38.92802038, -12.86046614 ], [ -38.92788401, -12.86056013 ], [ -38.92785625, -12.86075001 ], [ -38.92793826, -12.86100688 ], [ -38.92808838, -12.86127638 ], [ -38.92819706, -12.86162726 ], [ -38.92822456, -12.8620062 ], [ -38.92821163, -12.86227658 ], [ -38.92818387, -12.86250534 ], [ -38.92812856, -12.86264096 ], [ -38.92803362, -12.86266809 ], [ -38.92793868, -12.8626002 ], [ -38.92789818, -12.86245189 ], [ -38.92785674, -12.86231626 ], [ -38.92782362, -12.86212364 ], [ -38.92776381, -12.86190389 ], [ -38.927586, -12.86158007 ], [ -38.92746806, -12.86143358 ], [ -38.92741924, -12.86134494 ], [ -38.92737868, -12.86127257 ], [ -38.92727555, -12.86111157 ], [ -38.92715761, -12.8609497 ], [ -38.92703874, -12.86080314 ], [ -38.9269208, -12.86064125 ], [ -38.92681768, -12.86048025 ], [ -38.92668499, -12.86033375 ], [ -38.92656518, -12.86018631 ], [ -38.9264768, -12.8600253 ], [ -38.92638836, -12.85986431 ], [ -38.92632943, -12.85968799 ], [ -38.92628524, -12.85949719 ], [ -38.92625487, -12.85930724 ], [ -38.92619686, -12.85913093 ], [ -38.92616649, -12.85894011 ], [ -38.92612324, -12.8587493 ], [ -38.92609381, -12.85855849 ], [ -38.92603393, -12.85838211 ], [ -38.92597593, -12.85820668 ], [ -38.92593081, -12.85801585 ], [ -38.92582762, -12.85785391 ], [ -38.92570975, -12.85769204 ], [ -38.92560656, -12.85753198 ], [ -38.92551718, -12.85737004 ], [ -38.92542875, -12.85719373 ], [ -38.92534037, -12.8570336 ], [ -38.92525194, -12.85687173 ], [ -38.9251478, -12.85671072 ], [ -38.92505937, -12.85653434 ], [ -38.92497187, -12.8563734 ], [ -38.92488437, -12.8562124 ], [ -38.92467712, -12.85588953 ], [ -38.92458868, -12.85572852 ], [ -38.92450024, -12.85555308 ], [ -38.92441187, -12.85533327 ], [ -38.924352, -12.85515696 ], [ -38.92426449, -12.85499502 ], [ -38.92417605, -12.85483495 ], [ -38.92407287, -12.85467308 ], [ -38.92395405, -12.85452745 ], [ -38.92386656, -12.85436557 ], [ -38.92380668, -12.8541892 ], [ -38.92368975, -12.8538962 ], [ -38.92362987, -12.85372076 ], [ -38.92354143, -12.85355976 ], [ -38.92343825, -12.85339782 ], [ -38.92332037, -12.85325219 ], [ -38.92321718, -12.85309031 ], [ -38.92309924, -12.85293025 ], [ -38.92298131, -12.85276925 ], [ -38.92286343, -12.85262269 ], [ -38.92271505, -12.85249062 ], [ -38.92255293, -12.85237394 ], [ -38.92239074, -12.85227168 ], [ -38.92221287, -12.85218393 ], [ -38.92203505, -12.85212599 ], [ -38.92184336, -12.85208161 ], [ -38.92166641, -12.85200924 ], [ -38.92148854, -12.85193592 ], [ -38.92132641, -12.85183373 ], [ -38.92116422, -12.85171699 ], [ -38.92104628, -12.85157048 ], [ -38.92091272, -12.85142391 ], [ -38.92070079, -12.85121498 ], [ -38.9204566, -12.85108016 ], [ -38.92023821, -12.85098603 ], [ -38.92008796, -12.8510276 ], [ -38.91992484, -12.85112159 ], [ -38.9197884, -12.85114872 ], [ -38.91973408, -12.85113603 ], [ -38.9197479, -12.85100041 ], [ -38.91980234, -12.85086565 ], [ -38.91987146, -12.85075715 ], [ -38.91988446, -12.85059622 ], [ -38.91985872, -12.85042078 ], [ -38.9198449, -12.85023178 ], [ -38.91984591, -12.85005722 ], [ -38.91977778, -12.8498809 ], [ -38.91958522, -12.8496249 ], [ -38.91943784, -12.84949283 ], [ -38.9193199, -12.84934634 ], [ -38.91917247, -12.84922965 ], [ -38.91903985, -12.84909752 ], [ -38.91886196, -12.84902608 ], [ -38.91869977, -12.84893826 ], [ -38.91852284, -12.84886501 ], [ -38.91834596, -12.84879169 ], [ -38.91816808, -12.84870389 ], [ -38.91800502, -12.84861707 ], [ -38.91785852, -12.84849944 ], [ -38.91771013, -12.84836825 ], [ -38.91757752, -12.84822262 ], [ -38.91743008, -12.84809056 ], [ -38.91729652, -12.84795943 ], [ -38.91716382, -12.84782824 ], [ -38.91704589, -12.84768175 ], [ -38.91691232, -12.84753605 ], [ -38.91676582, -12.84740399 ], [ -38.91660276, -12.8472873 ], [ -38.91641014, -12.84724386 ], [ -38.91609869, -12.84719855 ], [ -38.9157715, -12.84724005 ], [ -38.91559456, -12.84721286 ], [ -38.91521405, -12.84690436 ], [ -38.9151468, -12.84679579 ], [ -38.91511918, -12.84664841 ], [ -38.91517731, -12.84649923 ], [ -38.91527037, -12.84647304 ], [ -38.91536531, -12.84647304 ], [ -38.915451, -12.84651379 ], [ -38.91570169, -12.84660154 ], [ -38.9158205, -12.84664504 ], [ -38.9159975, -12.84660073 ], [ -38.91625007, -12.8463368 ], [ -38.91645858, -12.84572192 ], [ -38.91657852, -12.84528248 ], [ -38.91669752, -12.84487292 ], [ -38.9169511, -12.84446336 ], [ -38.91727747, -12.84419848 ], [ -38.91775217, -12.8438758 ], [ -38.91827018, -12.84367067 ], [ -38.91884807, -12.8435958 ], [ -38.91914663, -12.84350911 ], [ -38.91935219, -12.84344855 ], [ -38.91967851, -12.8432868 ], [ -38.91993021, -12.84293599 ], [ -38.92019853, -12.8424523 ], [ -38.92031746, -12.84229136 ], [ -38.92052678, -12.8418818 ], [ -38.92076372, -12.84151473 ], [ -38.92086992, -12.84100385 ], [ -38.9209013, -12.84069636 ], [ -38.92096137, -12.84030124 ], [ -38.92094661, -12.84024336 ], [ -38.92078449, -12.84011217 ], [ -38.92047392, -12.84002529 ], [ -38.92022236, -12.8398796 ], [ -38.91969067, -12.83972028 ], [ -38.91930647, -12.83953116 ], [ -38.91905497, -12.83921009 ], [ -38.91883385, -12.83890434 ], [ -38.91864322, -12.83852452 ], [ -38.91854009, -12.83820346 ], [ -38.91846841, -12.83761926 ], [ -38.91845473, -12.83721051 ], [ -38.91848617, -12.8368452 ], [ -38.91845779, -12.83624657 ], [ -38.91829667, -12.8358242 ], [ -38.91800286, -12.83525531 ], [ -38.91779655, -12.83489174 ], [ -38.91737186, -12.83446568 ], [ -38.91703098, -12.83422411 ], [ -38.91655459, -12.83403767 ], [ -38.91611778, -12.8340258 ], [ -38.9155317, -12.83400117 ], [ -38.91490964, -12.8339811 ], [ -38.91477232, -12.83393673 ], [ -38.91473182, -12.83392317 ], [ -38.91456963, -12.83383541 ], [ -38.91443701, -12.83369066 ], [ -38.91431814, -12.83353059 ], [ -38.91423063, -12.83336959 ], [ -38.91414226, -12.83321041 ], [ -38.91402351, -12.8328604 ], [ -38.91393601, -12.83270028 ], [ -38.91386326, -12.83252577 ], [ -38.91377482, -12.83235121 ], [ -38.91359251, -12.83203283 ], [ -38.91336227, -12.83149289 ], [ -38.91325913, -12.83124507 ], [ -38.91318551, -12.83104157 ], [ -38.91321601, -12.83080832 ], [ -38.91338008, -12.83058863 ], [ -38.91363177, -12.83038345 ], [ -38.91379584, -12.83029576 ], [ -38.91432947, -12.83006082 ], [ -38.91474517, -12.82982676 ], [ -38.91496823, -12.82968032 ], [ -38.91548806, -12.82937214 ], [ -38.91609838, -12.82867151 ], [ -38.91635101, -12.82823388 ], [ -38.91655939, -12.82778183 ], [ -38.91663509, -12.82744639 ], [ -38.91665084, -12.82724288 ], [ -38.91660765, -12.82689295 ], [ -38.91651927, -12.82661707 ], [ -38.91637097, -12.82635569 ], [ -38.9161499, -12.82603644 ], [ -38.91600259, -12.82567288 ], [ -38.9159594, -12.825265 ], [ -38.91590053, -12.82506149 ], [ -38.9157679, -12.82475674 ], [ -38.9155579, -12.82440943 ], [ -38.91542166, -12.82411455 ], [ -38.9152319, -12.82379442 ], [ -38.91501553, -12.8233268 ], [ -38.91481102, -12.82302016 ], [ -38.91432102, -12.82240604 ], [ -38.91397927, -12.82201435 ], [ -38.91378858, -12.82179728 ], [ -38.9135224, -12.82143546 ], [ -38.91255977, -12.82039338 ], [ -38.91205588, -12.81991669 ], [ -38.91161094, -12.8194535 ], [ -38.91084182, -12.81849836 ], [ -38.91057469, -12.81823874 ], [ -38.91018876, -12.81767342 ], [ -38.909359, -12.81625522 ], [ -38.90913806, -12.81573334 ], [ -38.90875312, -12.81495283 ], [ -38.90863114, -12.81467013 ], [ -38.90863114, -12.81467013 ], [ -38.90774101, -12.81612857 ], [ -38.90344569, -12.82316598 ], [ -38.90353423, -12.82779522 ], [ -38.90361128, -12.83139656 ], [ -38.90476547, -12.83272248 ], [ -38.90479857, -12.83275448 ], [ -38.90479857, -12.83275448 ], [ -38.9047707, -12.83276741 ], [ -38.90475732, -12.83277066 ], [ -38.90474133, -12.83277045 ], [ -38.90470694, -12.83276547 ], [ -38.90469372, -12.83275967 ], [ -38.90468331, -12.83275626 ], [ -38.90468259, -12.83275623 ], [ -38.90437079, -12.83279226 ], [ -38.90434702, -12.83276127 ], [ -38.90434343, -12.83276019 ], [ -38.90429406, -12.83281681 ], [ -38.90414684, -12.83283224 ], [ -38.90412302, -12.83279319 ], [ -38.90390063, -12.83287427 ], [ -38.90388822, -12.83290772 ], [ -38.90382678, -12.83287374 ], [ -38.90382305, -12.83287603 ], [ -38.90381522, -12.83287697 ], [ -38.90377307, -12.83289385 ], [ -38.90376017, -12.8329072 ], [ -38.90376351, -12.83290987 ], [ -38.90351215, -12.83336158 ], [ -38.90356003, -12.83341 ], [ -38.90343001, -12.83341761 ], [ -38.9034161, -12.83342286 ], [ -38.90338505, -12.83344373 ], [ -38.90329301, -12.83334934 ], [ -38.90312528, -12.8332943 ], [ -38.90302624, -12.83326019 ], [ -38.90296209, -12.83318982 ], [ -38.90290311, -12.83315315 ], [ -38.90271456, -12.83317582 ], [ -38.90263715, -12.83314909 ], [ -38.90260819, -12.83312832 ], [ -38.90260102, -12.83311718 ], [ -38.90256978, -12.83310276 ], [ -38.90256995, -12.83303312 ], [ -38.9023954, -12.83316308 ], [ -38.90241936, -12.83324109 ], [ -38.90249689, -12.83322844 ], [ -38.90232101, -12.83358174 ], [ -38.90205672, -12.83342687 ], [ -38.90204039, -12.83340846 ], [ -38.90190235, -12.83324809 ], [ -38.90191136, -12.83321015 ], [ -38.90188394, -12.83322109 ], [ -38.90175124, -12.83317119 ], [ -38.90162306, -12.83346169 ], [ -38.90158109, -12.83347119 ], [ -38.90157062, -12.83354924 ], [ -38.90158062, -12.83355288 ], [ -38.90175941, -12.833571 ], [ -38.90153823, -12.83374872 ], [ -38.90148876, -12.83380984 ], [ -38.90145148, -12.8338509 ], [ -38.90141984, -12.83382366 ], [ -38.90137083, -12.83386306 ], [ -38.90134496, -12.83377301 ], [ -38.90124493, -12.83366548 ], [ -38.9011605, -12.83364027 ], [ -38.90115241, -12.83364038 ], [ -38.90108951, -12.83365407 ], [ -38.90109925, -12.83358733 ], [ -38.90109973, -12.83358473 ], [ -38.90102284, -12.83345064 ], [ -38.90099467, -12.83345058 ], [ -38.90095815, -12.83346251 ], [ -38.90092353, -12.83342104 ], [ -38.90088431, -12.83341378 ], [ -38.90088016, -12.83344359 ], [ -38.90081965, -12.83341771 ], [ -38.90069974, -12.83343696 ], [ -38.90055049, -12.83341306 ], [ -38.90037291, -12.83344747 ], [ -38.90034887, -12.8334777 ], [ -38.90033258, -12.83349115 ], [ -38.90031138, -12.8334933 ], [ -38.90012919, -12.83347716 ], [ -38.90007517, -12.83355128 ], [ -38.90007436, -12.83355877 ], [ -38.90004851, -12.83358413 ], [ -38.8998925, -12.83359546 ], [ -38.89989752, -12.83360263 ], [ -38.89989651, -12.83361751 ], [ -38.89989651, -12.8336196 ], [ -38.89989691, -12.83362337 ], [ -38.89989467, -12.83364743 ], [ -38.8998797, -12.83365966 ], [ -38.8998683, -12.83366924 ], [ -38.89985068, -12.83367097 ], [ -38.89984765, -12.83367097 ], [ -38.89983945, -12.83367096 ], [ -38.89982505, -12.83366687 ], [ -38.89981928, -12.83366385 ], [ -38.89980083, -12.83365556 ], [ -38.89979992, -12.83365534 ], [ -38.89979085, -12.83365344 ], [ -38.89977474, -12.83364923 ], [ -38.89944903, -12.83357311 ], [ -38.89948674, -12.83349787 ], [ -38.89946858, -12.83335805 ], [ -38.89909984, -12.8331926 ], [ -38.89909152, -12.83318604 ], [ -38.8990829, -12.83317945 ], [ -38.89904738, -12.83315522 ], [ -38.89902728, -12.83318399 ], [ -38.89862065, -12.83299369 ], [ -38.89855722, -12.83305079 ], [ -38.89847271, -12.83305108 ], [ -38.89845893, -12.83312553 ], [ -38.89836762, -12.8330311 ], [ -38.89822057, -12.83299536 ], [ -38.89822046, -12.83299567 ], [ -38.89819948, -12.83301212 ], [ -38.898173, -12.83302204 ], [ -38.89813951, -12.83302132 ], [ -38.89812767, -12.83301959 ], [ -38.89803192, -12.83307619 ], [ -38.89802745, -12.83308203 ], [ -38.8978924, -12.83312675 ], [ -38.89784759, -12.83310069 ], [ -38.89776981, -12.83304031 ], [ -38.89774596, -12.83303608 ], [ -38.89774456, -12.83303545 ], [ -38.89774126, -12.83304122 ], [ -38.89772425, -12.83304232 ], [ -38.89771875, -12.83304502 ], [ -38.89767831, -12.83312899 ], [ -38.89763258, -12.83316885 ], [ -38.89747563, -12.83310108 ], [ -38.89746567, -12.83310144 ], [ -38.89745338, -12.8331039 ], [ -38.89742019, -12.83309982 ], [ -38.89736887, -12.83302661 ], [ -38.89719731, -12.83303558 ], [ -38.89715936, -12.83303858 ], [ -38.89713791, -12.83297989 ], [ -38.89713588, -12.83298176 ], [ -38.89702646, -12.83299447 ], [ -38.89702181, -12.83299462 ], [ -38.89701577, -12.83299648 ], [ -38.89701071, -12.83299665 ], [ -38.89700314, -12.83299883 ], [ -38.89698094, -12.83299479 ], [ -38.89692826, -12.83296892 ], [ -38.89694831, -12.83293945 ], [ -38.8969308, -12.8328862 ], [ -38.89672026, -12.83290766 ], [ -38.89659911, -12.83282006 ], [ -38.89654376, -12.83289993 ], [ -38.89651964, -12.83290532 ], [ -38.89634983, -12.83273676 ], [ -38.89634367, -12.83272538 ], [ -38.89618875, -12.83268056 ], [ -38.89609588, -12.83265036 ], [ -38.89605937, -12.83265597 ], [ -38.8960476, -12.83261216 ], [ -38.89597103, -12.8324104 ], [ -38.89596383, -12.83239813 ], [ -38.89594894, -12.83233947 ], [ -38.89595207, -12.83232055 ], [ -38.89595598, -12.83230905 ], [ -38.89593504, -12.83228764 ], [ -38.89592595, -12.83227269 ], [ -38.89591906, -12.83226449 ], [ -38.89591883, -12.8322641 ], [ -38.89591375, -12.83226201 ], [ -38.89585389, -12.83218244 ], [ -38.89584507, -12.83217393 ], [ -38.8957822, -12.83217728 ], [ -38.89576193, -12.8321615 ], [ -38.89574562, -12.83214188 ], [ -38.89569625, -12.83217288 ], [ -38.89569489, -12.83216272 ], [ -38.89569034, -12.83216769 ], [ -38.89558871, -12.83207814 ], [ -38.8955157, -12.83207549 ], [ -38.89551327, -12.83206897 ], [ -38.89549747, -12.83206823 ], [ -38.89479828, -12.83239542 ], [ -38.8949203, -12.83181791 ], [ -38.89460268, -12.83166192 ], [ -38.89439058, -12.83175231 ], [ -38.89355277, -12.83133631 ], [ -38.89303028, -12.83157409 ], [ -38.89225638, -12.83093601 ], [ -38.89194783, -12.83046846 ], [ -38.89092502, -12.83069895 ], [ -38.89029139, -12.83048548 ], [ -38.88946385, -12.83112741 ], [ -38.88911886, -12.83120045 ], [ -38.88749238, -12.83206851 ], [ -38.88744351, -12.83204312 ], [ -38.8874435, -12.83204312 ], [ -38.88608786, -12.83421282 ], [ -38.88596812, -12.83408616 ], [ -38.88541517, -12.83414018 ], [ -38.88437054, -12.83591477 ], [ -38.88375159, -12.84009415 ], [ -38.88219585, -12.84932646 ], [ -38.8818226, -12.84960522 ], [ -38.88216035, -12.85040995 ], [ -38.88221086, -12.85039965 ], [ -38.8822487, -12.85048331 ], [ -38.88242349, -12.85100121 ], [ -38.88154553, -12.85119161 ], [ -38.88123103, -12.85125354 ], [ -38.88103114, -12.85126506 ], [ -38.880826, -12.851249 ], [ -38.88067846, -12.85121961 ], [ -38.88053555, -12.85117652 ], [ -38.88040802, -12.85112356 ], [ -38.88028889, -12.85106158 ], [ -38.87996248, -12.85086779 ], [ -38.87974559, -12.85076267 ], [ -38.87948233, -12.85066223 ], [ -38.87924606, -12.8505945 ], [ -38.87892033, -12.85053315 ], [ -38.87845385, -12.85047119 ], [ -38.87819807, -12.8504039 ], [ -38.87799666, -12.85032782 ], [ -38.8777341, -12.8501944 ], [ -38.87757207, -12.85008923 ], [ -38.87724983, -12.84984389 ], [ -38.87712489, -12.84976091 ], [ -38.87699633, -12.8497054 ], [ -38.87686979, -12.84967556 ], [ -38.87675772, -12.84966739 ], [ -38.87556647, -12.84968936 ], [ -38.87536404, -12.84969613 ], [ -38.87519695, -12.84971942 ], [ -38.87497566, -12.84977939 ], [ -38.87475689, -12.8498767 ], [ -38.87376973, -12.85043207 ], [ -38.87361566, -12.85049336 ], [ -38.8734533, -12.85053875 ], [ -38.87328308, -12.85056689 ], [ -38.87311599, -12.85057603 ], [ -38.87295317, -12.85056816 ], [ -38.87274967, -12.85053362 ], [ -38.87240893, -12.85047557 ], [ -38.87225732, -12.85047654 ], [ -38.87210378, -12.85049319 ], [ -38.87194525, -12.85052724 ], [ -38.87176927, -12.85058559 ], [ -38.87160023, -12.85066622 ], [ -38.87145831, -12.85075548 ], [ -38.87132409, -12.85086267 ], [ -38.87119767, -12.85099132 ], [ -38.86963711, -12.85283627 ], [ -38.86949392, -12.85306664 ], [ -38.86935081, -12.85336589 ], [ -38.86924699, -12.85367092 ], [ -38.86918465, -12.85394155 ], [ -38.8691427, -12.85434707 ], [ -38.86915741, -12.85472845 ], [ -38.86924518, -12.8551875 ], [ -38.86948392, -12.8561424 ], [ -38.86966084, -12.8568921 ], [ -38.86968437, -12.85711215 ], [ -38.86966949, -12.85748381 ], [ -38.86958204, -12.85785347 ], [ -38.8694356, -12.85818305 ], [ -38.86913131, -12.85861479 ], [ -38.86858115, -12.85933199 ], [ -38.86823969, -12.85970677 ], [ -38.86778846, -12.86013637 ], [ -38.86827929, -12.86163854 ], [ -38.86884651, -12.86352505 ], [ -38.86909628, -12.86440243 ], [ -38.86915809, -12.86484538 ], [ -38.86959873, -12.86628305 ], [ -38.87100582, -12.86649146 ], [ -38.87157755, -12.86644806 ], [ -38.87169449, -12.86721821 ], [ -38.87172024, -12.86769622 ], [ -38.87184458, -12.86912405 ], [ -38.87349478, -12.87000173 ], [ -38.87436978, -12.87045411 ], [ -38.88185253, -12.8744396 ], [ -38.88311152, -12.87515011 ], [ -38.88507428, -12.87616396 ], [ -38.88686369, -12.87632733 ], [ -38.88731374, -12.87636866 ], [ -38.90158229, -12.87744988 ], [ -38.90178248, -12.88890964 ], [ -38.90205072, -12.89055608 ], [ -38.90225286, -12.89125977 ], [ -38.90220795, -12.89179771 ], [ -38.90203458, -12.89222754 ], [ -38.90204825, -12.89333457 ], [ -38.90209706, -12.8953506 ], [ -38.90236304, -12.89594282 ], [ -38.90270353, -12.89621947 ], [ -38.9034062, -12.89645014 ], [ -38.90428456, -12.89672048 ], [ -38.90566945, -12.89668988 ], [ -38.90666313, -12.89722729 ], [ -38.90917096, -12.89735269 ], [ -38.91442689, -12.90163316 ], [ -38.91629437, -12.90301486 ], [ -38.91687823, -12.9035616 ], [ -38.91709559, -12.9041263 ], [ -38.91740344, -12.90594555 ], [ -38.91750734, -12.90730145 ], [ -38.91778369, -12.90845938 ], [ -38.91780795, -12.90871051 ], [ -38.91820728, -12.90873016 ], [ -38.91873529, -12.90818576 ], [ -38.91917025, -12.90744982 ], [ -38.92001181, -12.90768573 ], [ -38.92079097, -12.90843427 ], [ -38.92146115, -12.9092778 ], [ -38.92236896, -12.90985844 ], [ -38.9232955, -12.91045463 ], [ -38.92433834, -12.9108199 ], [ -38.92542458, -12.91070247 ], [ -38.92598612, -12.91115596 ], [ -38.92658063, -12.91137858 ], [ -38.92685797, -12.91116687 ], [ -38.92692897, -12.91112946 ], [ -38.92813987, -12.91056976 ], [ -38.92846516, -12.91033176 ], [ -38.92879141, -12.91026267 ], [ -38.93012333, -12.90938651 ], [ -38.93122362, -12.90943545 ], [ -38.93303181, -12.90925299 ], [ -38.93348889, -12.90915255 ], [ -38.94209099, -12.90161024 ], [ -38.94210263, -12.90159558 ], [ -38.94210398, -12.90159089 ], [ -38.94219314, -12.90156351 ], [ -38.94223653, -12.9015983 ], [ -38.94228516, -12.9016317 ], [ -38.942333, -12.9016592 ], [ -38.9424231, -12.90174284 ], [ -38.94246136, -12.9017679 ], [ -38.94252455, -12.90178785 ], [ -38.94255855, -12.90182843 ], [ -38.94260306, -12.90186609 ], [ -38.9426945, -12.9019394 ], [ -38.94272994, -12.90197937 ], [ -38.94276481, -12.90201133 ], [ -38.94279101, -12.90205281 ], [ -38.94283154, -12.90210261 ], [ -38.94283988, -12.90215796 ], [ -38.94283794, -12.90220943 ], [ -38.94284654, -12.90226803 ], [ -38.94289749, -12.90239524 ], [ -38.942962, -12.90259637 ], [ -38.94318944, -12.90278081 ], [ -38.94330683, -12.90295539 ], [ -38.94334626, -12.90304325 ], [ -38.94337711, -12.90307921 ], [ -38.94342763, -12.90311205 ], [ -38.94349612, -12.90317413 ], [ -38.9435741, -12.9031708 ], [ -38.94361587, -12.90319859 ], [ -38.94365677, -12.90319112 ], [ -38.94369806, -12.9031916 ], [ -38.94373536, -12.90320181 ], [ -38.94380575, -12.90315926 ], [ -38.94379451, -12.90310691 ], [ -38.94382644, -12.90307401 ], [ -38.94388317, -12.90309176 ], [ -38.94390759, -12.90311479 ], [ -38.94394375, -12.90313425 ], [ -38.94397347, -12.90310356 ], [ -38.94399635, -12.90307087 ], [ -38.94401925, -12.90304741 ], [ -38.94403213, -12.90302418 ], [ -38.94405227, -12.90300184 ], [ -38.94405376, -12.90297156 ], [ -38.94406146, -12.90293538 ], [ -38.94406116, -12.90289274 ], [ -38.9440434, -12.90286062 ], [ -38.94401766, -12.90284751 ], [ -38.94403283, -12.90279397 ], [ -38.94404895, -12.90276769 ], [ -38.94408404, -12.90273275 ], [ -38.94410933, -12.90272714 ], [ -38.94413752, -12.90265451 ], [ -38.94416012, -12.9026553 ], [ -38.94418622, -12.90264455 ], [ -38.94421831, -12.90261431 ], [ -38.94424836, -12.90263099 ], [ -38.94429935, -12.90261668 ], [ -38.94433964, -12.90259402 ], [ -38.94436341, -12.90252855 ], [ -38.94438297, -12.90250559 ], [ -38.94438868, -12.90248114 ], [ -38.94439294, -12.90244915 ], [ -38.94441172, -12.90243003 ], [ -38.9444275, -12.9024042 ], [ -38.9444401, -12.90238951 ], [ -38.94446815, -12.90237268 ], [ -38.94449969, -12.90237189 ], [ -38.94453686, -12.90241265 ], [ -38.94457452, -12.90242568 ], [ -38.94458059, -12.90242245 ], [ -38.94459412, -12.90243388 ], [ -38.94461905, -12.90244454 ], [ -38.9446357, -12.90244321 ], [ -38.94465415, -12.90241361 ], [ -38.94470149, -12.90238023 ], [ -38.94481547, -12.90237929 ], [ -38.94491141, -12.90237014 ], [ -38.94495704, -12.90232993 ], [ -38.94497943, -12.90229032 ], [ -38.94508788, -12.90225908 ], [ -38.94511851, -12.90220921 ], [ -38.94508902, -12.9021563 ], [ -38.94509419, -12.90212893 ], [ -38.94511397, -12.9021302 ], [ -38.94517249, -12.90211912 ], [ -38.94522025, -12.90212448 ], [ -38.94530016, -12.90205662 ], [ -38.94540336, -12.90201829 ], [ -38.94556155, -12.90194935 ], [ -38.94561438, -12.90196025 ], [ -38.94568583, -12.9020052 ], [ -38.94572289, -12.90201799 ], [ -38.94587973, -12.90214003 ], [ -38.94620356, -12.90220023 ], [ -38.94632147, -12.90217437 ], [ -38.94636032, -12.90214363 ], [ -38.94651386, -12.90210141 ], [ -38.94659532, -12.90203695 ], [ -38.94663674, -12.90201203 ], [ -38.94666787, -12.90198043 ], [ -38.946684, -12.90189513 ], [ -38.94671724, -12.90176333 ], [ -38.94672254, -12.90171456 ], [ -38.94673013, -12.90167388 ], [ -38.94674908, -12.9016328 ], [ -38.94677018, -12.90155827 ], [ -38.94677447, -12.90152668 ], [ -38.94677884, -12.90148862 ], [ -38.9467821, -12.9014436 ], [ -38.94679142, -12.90139789 ], [ -38.94679023, -12.90130655 ], [ -38.94677064, -12.90127387 ], [ -38.94677031, -12.90123242 ], [ -38.94676273, -12.90120831 ], [ -38.94674392, -12.90116845 ], [ -38.94675088, -12.90114621 ], [ -38.94674389, -12.90110235 ], [ -38.94672923, -12.90096425 ], [ -38.94670105, -12.90083088 ], [ -38.94667029, -12.90078317 ], [ -38.94666716, -12.90073389 ], [ -38.94662926, -12.90062043 ], [ -38.94663122, -12.90061502 ], [ -38.94658835, -12.90054688 ], [ -38.9465684, -12.90049505 ], [ -38.94651399, -12.90040499 ], [ -38.94648762, -12.90035962 ], [ -38.94645554, -12.90031925 ], [ -38.94644661, -12.9002678 ], [ -38.94642653, -12.90022866 ], [ -38.94639166, -12.90019603 ], [ -38.9463516, -12.9001795 ], [ -38.94632264, -12.90014277 ], [ -38.94631258, -12.90009401 ], [ -38.94631452, -12.90005623 ], [ -38.9463117, -12.90000648 ], [ -38.94629856, -12.89995311 ], [ -38.94630417, -12.89989816 ], [ -38.94706917, -12.89869497 ], [ -38.94768864, -12.89857309 ], [ -38.94820616, -12.89838097 ], [ -38.94930798, -12.89892809 ], [ -38.95013958, -12.89907731 ], [ -38.95039834, -12.89926885 ], [ -38.95071743, -12.89921653 ], [ -38.95090425, -12.89873521 ], [ -38.95095197, -12.89844931 ], [ -38.95074312, -12.89838872 ], [ -38.95072809, -12.89807893 ], [ -38.95133514, -12.89761388 ], [ -38.95163044, -12.89761744 ], [ -38.951524, -12.89660344 ], [ -38.95138663, -12.89568769 ], [ -38.95110496, -12.89486805 ], [ -38.95108918, -12.89477434 ], [ -38.95146564, -12.89475747 ], [ -38.95158942, -12.89465724 ], [ -38.95181492, -12.89465288 ], [ -38.95199667, -12.89479524 ], [ -38.95208263, -12.89487069 ], [ -38.95219209, -12.89487746 ], [ -38.9522947, -12.894956 ], [ -38.95236965, -12.89481028 ], [ -38.95244963, -12.8947402 ], [ -38.95244465, -12.89458874 ], [ -38.95246198, -12.89454691 ], [ -38.95275977, -12.89473648 ], [ -38.95337421, -12.89500396 ], [ -38.95371259, -12.89520449 ], [ -38.95381121, -12.89521525 ], [ -38.9539542, -12.89507862 ], [ -38.95393495, -12.89496264 ], [ -38.95387737, -12.89464864 ], [ -38.95403011, -12.89422225 ], [ -38.95394691, -12.89406618 ], [ -38.95394083, -12.89392841 ], [ -38.95412792, -12.89366824 ], [ -38.95418599, -12.89361627 ], [ -38.95427163, -12.8933835 ], [ -38.95441835, -12.89313802 ], [ -38.95454017, -12.89269156 ], [ -38.95482909, -12.89257418 ], [ -38.95501662, -12.89287308 ], [ -38.95533952, -12.893176 ], [ -38.95542322, -12.8932476 ], [ -38.95557372, -12.89323248 ], [ -38.95561159, -12.89319029 ], [ -38.95594523, -12.89320524 ], [ -38.95602168, -12.893336 ], [ -38.95604243, -12.89339291 ], [ -38.95618609, -12.89346515 ], [ -38.95631867, -12.89343752 ], [ -38.95641064, -12.89350606 ], [ -38.95641521, -12.89355504 ], [ -38.95640107, -12.89361064 ], [ -38.95637542, -12.89374339 ], [ -38.95647803, -12.89376565 ], [ -38.95647199, -12.89380064 ], [ -38.95666923, -12.89409302 ], [ -38.95672822, -12.89402049 ], [ -38.95670493, -12.8942433 ], [ -38.95687467, -12.89414298 ], [ -38.95695201, -12.8941807 ], [ -38.95695936, -12.89432456 ], [ -38.95708661, -12.89441885 ], [ -38.95707128, -12.89451138 ], [ -38.95716337, -12.89456385 ], [ -38.95733589, -12.89451258 ], [ -38.95744326, -12.89446377 ], [ -38.95742148, -12.89426811 ], [ -38.95752993, -12.89418972 ], [ -38.95781511, -12.89419477 ], [ -38.95806277, -12.89430628 ], [ -38.9581983, -12.89439066 ], [ -38.95841162, -12.89435559 ], [ -38.95844676, -12.8943051 ], [ -38.95876155, -12.89429132 ], [ -38.95897019, -12.8944559 ], [ -38.95920894, -12.89436498 ], [ -38.95930881, -12.89437526 ], [ -38.95957081, -12.89454627 ], [ -38.95961262, -12.89460022 ], [ -38.95985127, -12.89479719 ], [ -38.96000656, -12.89453126 ], [ -38.96004395, -12.89442714 ], [ -38.96009965, -12.89425673 ], [ -38.96011615, -12.89419726 ], [ -38.96011554, -12.8940829 ], [ -38.96010384, -12.89389554 ], [ -38.96009264, -12.89382311 ], [ -38.96003418, -12.89375642 ], [ -38.95972797, -12.8933952 ], [ -38.95967589, -12.89334101 ], [ -38.95963631, -12.89328328 ], [ -38.95955572, -12.89306016 ], [ -38.95952744, -12.89297246 ], [ -38.95955459, -12.89293405 ], [ -38.95973751, -12.89271677 ], [ -38.96019937, -12.89229786 ], [ -38.96034148, -12.89217008 ], [ -38.96060466, -12.89186493 ], [ -38.96063996, -12.89182148 ], [ -38.9607213, -12.89176104 ], [ -38.96084406, -12.89169723 ], [ -38.96122704, -12.89159317 ], [ -38.96172785, -12.89154744 ], [ -38.96250785, -12.89151643 ], [ -38.96282957, -12.89159982 ], [ -38.96312883, -12.89165096 ], [ -38.96399848, -12.89130876 ], [ -38.96400644, -12.89130395 ], [ -38.96453595, -12.89122966 ], [ -38.96477728, -12.8910684 ], [ -38.9650364, -12.89088149 ], [ -38.96518713, -12.89058764 ], [ -38.96535287, -12.8904607 ], [ -38.96547258, -12.890369 ], [ -38.96564573, -12.89016418 ], [ -38.96593381, -12.88999474 ], [ -38.9659736, -12.88996436 ], [ -38.96602954, -12.88990855 ], [ -38.9660716, -12.88983672 ], [ -38.96608766, -12.88977703 ], [ -38.96629823, -12.88936929 ], [ -38.96637415, -12.88925865 ], [ -38.96661145, -12.88889122 ], [ -38.96665539, -12.88883587 ], [ -38.96668151, -12.88870889 ], [ -38.96682082, -12.88860623 ], [ -38.96702122, -12.88827489 ], [ -38.96726855, -12.88694859 ], [ -38.96735633, -12.88671473 ], [ -38.96758768, -12.88650524 ], [ -38.96800423, -12.88637272 ], [ -38.96842765, -12.88627609 ], [ -38.96879752, -12.88613468 ], [ -38.96951809, -12.88576401 ], [ -38.96999368, -12.88562058 ], [ -38.97044475, -12.88561145 ], [ -38.97076929, -12.88571653 ], [ -38.9708275, -12.88473712 ], [ -38.97048484, -12.88430818 ], [ -38.97050605, -12.88412305 ], [ -38.97043282, -12.88394807 ], [ -38.97032916, -12.88364059 ], [ -38.96991811, -12.88253685 ], [ -38.96738103, -12.8824404 ], [ -38.9668579, -12.88237162 ], [ -38.96688576, -12.88210493 ], [ -38.96711255, -12.88055131 ], [ -38.96748746, -12.8799493 ], [ -38.96847615, -12.87820835 ], [ -38.96929118, -12.87768826 ], [ -38.9694886, -12.87676448 ], [ -38.97022894, -12.87630311 ], [ -38.97069837, -12.8757913 ], [ -38.97082053, -12.8756848 ], [ -38.97070358, -12.87508527 ], [ -38.97085507, -12.87497665 ], [ -38.97114128, -12.8750076 ], [ -38.9728927, -12.87511401 ], [ -38.97502225, -12.87373734 ], [ -38.97581188, -12.87378344 ], [ -38.97651212, -12.87337521 ], [ -38.97645729, -12.8733193 ], [ -38.97743871, -12.87314907 ], [ -38.97777369, -12.87230379 ], [ -38.97807002, -12.87200536 ], [ -38.97841721, -12.87175765 ], [ -38.97883507, -12.86986996 ], [ -38.97864657, -12.86950928 ], [ -38.97822246, -12.86940579 ], [ -38.97819957, -12.8692811 ], [ -38.97822125, -12.86894021 ], [ -38.97812078, -12.86888315 ], [ -38.97757212, -12.86881074 ], [ -38.97757421, -12.86875479 ], [ -38.97795648, -12.86857991 ], [ -38.97832336, -12.86851384 ], [ -38.97844203, -12.86847489 ], [ -38.97857196, -12.86831837 ], [ -38.97861246, -12.86819057 ], [ -38.97854374, -12.86796569 ], [ -38.97826333, -12.86792755 ], [ -38.9750063, -12.86751707 ], [ -38.97515278, -12.86648562 ], [ -38.97522261, -12.86614694 ], [ -38.97528772, -12.86587273 ], [ -38.97554635, -12.86398598 ], [ -38.97574292, -12.86276485 ], [ -38.97470925, -12.86285543 ], [ -38.97197096, -12.86240868 ], [ -38.97138724, -12.86186319 ], [ -38.97138724, -12.86186319 ], [ -38.97103344, -12.86222293 ], [ -38.97004583, -12.86309275 ], [ -38.96972901, -12.86338445 ], [ -38.96878515, -12.86383907 ], [ -38.96865072, -12.86360245 ], [ -38.96852712, -12.86341342 ], [ -38.96844472, -12.86330041 ], [ -38.96831319, -12.86306969 ], [ -38.96823197, -12.86295504 ], [ -38.96808917, -12.86279648 ], [ -38.96794027, -12.86268446 ], [ -38.96761059, -12.86247652 ], [ -38.9670553, -12.86250841 ], [ -38.96706127, -12.86241329 ], [ -38.96705474, -12.86229694 ], [ -38.96701852, -12.86214339 ], [ -38.96697874, -12.86204968 ], [ -38.96692161, -12.86195293 ], [ -38.96682604, -12.86183929 ], [ -38.96675077, -12.8617754 ], [ -38.96665527, -12.86171099 ], [ -38.96652368, -12.86165148 ], [ -38.96638227, -12.86161605 ], [ -38.96617023, -12.86160801 ], [ -38.9659246, -12.86161522 ], [ -38.96325044, -12.86168612 ], [ -38.96288679, -12.86171188 ], [ -38.96136676, -12.86189319 ], [ -38.96094346, -12.86193143 ], [ -38.960568, -12.86194791 ], [ -38.95841392, -12.86193066 ], [ -38.9579813, -12.86192698 ], [ -38.95769742, -12.86188398 ], [ -38.95744963, -12.86179292 ], [ -38.95723972, -12.86166854 ], [ -38.95707521, -12.86153027 ], [ -38.95694389, -12.86137971 ], [ -38.9568408, -12.86121949 ], [ -38.95675553, -12.86103088 ], [ -38.95670439, -12.86084943 ], [ -38.95667921, -12.86066958 ], [ -38.9566588, -12.85948336 ], [ -38.95660107, -12.85917563 ], [ -38.95653277, -12.85899921 ], [ -38.95636324, -12.85872128 ], [ -38.95618912, -12.85841908 ], [ -38.95602308, -12.8580992 ], [ -38.95588844, -12.85770836 ], [ -38.95582386, -12.85739003 ], [ -38.95579932, -12.85700062 ], [ -38.95580173, -12.85663152 ], [ -38.95579756, -12.85635937 ], [ -38.95579264, -12.8560381 ], [ -38.95579203, -12.85599821 ], [ -38.95577927, -12.85595326 ], [ -38.95572987, -12.8558294 ], [ -38.9556786, -12.8557385 ], [ -38.95560069, -12.85563493 ], [ -38.95549227, -12.85552967 ], [ -38.95538064, -12.85545048 ], [ -38.95527957, -12.85539854 ], [ -38.95519006, -12.85536393 ], [ -38.95507592, -12.85533524 ], [ -38.95496416, -12.85532109 ], [ -38.95482641, -12.85532069 ], [ -38.95382718, -12.85535058 ], [ -38.95361631, -12.85533636 ], [ -38.95338391, -12.85529259 ], [ -38.9531718, -12.85522309 ], [ -38.95294942, -12.85511809 ], [ -38.95275436, -12.85499185 ], [ -38.95124973, -12.85375321 ], [ -38.95049731, -12.85313207 ], [ -38.95038646, -12.85297621 ], [ -38.95028643, -12.85278368 ], [ -38.95021841, -12.8525822 ], [ -38.95018351, -12.85236979 ], [ -38.95017579, -12.85225061 ], [ -38.95018666, -12.85208504 ], [ -38.95021881, -12.85190844 ], [ -38.95028212, -12.85172257 ], [ -38.95052266, -12.85107601 ], [ -38.95078685, -12.85036468 ], [ -38.95081527, -12.85025974 ], [ -38.95086589, -12.8500131 ], [ -38.95089445, -12.84974636 ], [ -38.95087842, -12.84864432 ], [ -38.95090781, -12.84836495 ], [ -38.95099286, -12.84803927 ], [ -38.9517872, -12.84587407 ], [ -38.95227836, -12.84392775 ], [ -38.95241351, -12.84336907 ], [ -38.95241855, -12.84303343 ], [ -38.95235859, -12.8427038 ], [ -38.95223893, -12.84239064 ], [ -38.9521511, -12.8422326 ], [ -38.95204652, -12.84208137 ], [ -38.95189855, -12.84191236 ], [ -38.95169588, -12.84173281 ], [ -38.95117728, -12.84130947 ], [ -38.94998922, -12.84033962 ], [ -38.9493459, -12.83982288 ], [ -38.94901898, -12.83952639 ], [ -38.94876167, -12.83925447 ], [ -38.94749132, -12.83764898 ], [ -38.94693828, -12.83686083 ], [ -38.9466029, -12.8364251 ], [ -38.94514509, -12.83724683 ], [ -38.94447797, -12.83758688 ], [ -38.94416684, -12.83791753 ], [ -38.94388188, -12.83843763 ], [ -38.94394895, -12.83936603 ], [ -38.94335954, -12.84006704 ], [ -38.94331137, -12.84109968 ], [ -38.94283443, -12.84180514 ], [ -38.94318031, -12.84349318 ], [ -38.94225899, -12.84480544 ], [ -38.94191764, -12.84454175 ], [ -38.94174881, -12.84429834 ], [ -38.94052512, -12.84469412 ], [ -38.93928629, -12.84537965 ], [ -38.93842771, -12.84610211 ], [ -38.93798184, -12.8450658 ], [ -38.93789917, -12.84543977 ], [ -38.93738585, -12.84616161 ], [ -38.93642401, -12.84821706 ], [ -38.93582229, -12.84921219 ], [ -38.93511538, -12.85025731 ], [ -38.93495803, -12.85192529 ], [ -38.93518421, -12.85340936 ], [ -38.93510253, -12.85350958 ], [ -38.93536209, -12.85424394 ], [ -38.93438416, -12.85402305 ], [ -38.93350522, -12.85389936 ], [ -38.93262055, -12.85377072 ], [ -38.93227516, -12.85388328 ], [ -38.93202722, -12.85421925 ], [ -38.93194893, -12.8542069 ], [ -38.9319407, -12.85369254 ], [ -38.93163192, -12.85315021 ], [ -38.93163196, -12.85299693 ], [ -38.93170295, -12.85287759 ], [ -38.9316255, -12.85212386 ], [ -38.93151086, -12.85133669 ], [ -38.93152259, -12.85101687 ], [ -38.9317833, -12.85026248 ], [ -38.93130319, -12.84923977 ], [ -38.93130319, -12.84923977 ] ] ] ] } },
{ "type": "Feature", "properties": { "gid": 21, "cd_quilomb": null, "cd_sr": "05", "nr_process": null, "nm_comunid": "PITANGA DE PALMARES", "nm_municip": "SIMÕES FILHO", "cd_uf": "BA", "nr_familia": null, "ob_descric": "GLEBA C", "tp_levanta": "GPS PRO-XR", "nr_escalao": "1/10000", "area_calc_": 5.2051, "esfera": "FEDERAL", "fase": null, "responsave": null }, "geometry": { "type": "MultiPolygon", "coordinates": [ [ [ [ -38.38135559, -12.67950633 ], [ -38.3810151, -12.67954637 ], [ -38.38061945, -12.679704 ], [ -38.37999991, -12.67991182 ], [ -38.37939013, -12.68018401 ], [ -38.3799036, -12.68044204 ], [ -38.38090758, -12.6809265 ], [ -38.38145007, -12.68102573 ], [ -38.38205725, -12.68096235 ], [ -38.38215163, -12.68095751 ], [ -38.3826408, -12.68093243 ], [ -38.38266155, -12.68093275 ], [ -38.38338997, -12.68094426 ], [ -38.38385677, -12.68096125 ], [ -38.38385074, -12.68056805 ], [ -38.38344367, -12.68011254 ], [ -38.38277221, -12.67986471 ], [ -38.38274981, -12.67985645 ], [ -38.38227823, -12.6797356 ], [ -38.38201643, -12.67966851 ], [ -38.3814248, -12.67971599 ], [ -38.38135559, -12.67950633 ] ] ] ] } },
{ "type": "Feature", "properties": { "gid": 22, "cd_quilomb": null, "cd_sr": "05", "nr_process": "54160.002941/2008-30", "nm_comunid": "VICENTES", "nm_municip": "XIQUE-XIQUE", "cd_uf": "BA", "nr_familia": 22, "ob_descric": null, "tp_levanta": "EXECUTADO COM GPS PROMARK 3", "nr_escalao": "1:40.000", "area_calc_": 356.2173, "esfera": "FEDERAL", "fase": "RTID", "responsave": "INCRA" }, "geometry": { "type": "MultiPolygon", "coordinates": [ [ [ [ -42.62559757, -10.62912726 ], [ -42.62269531, -10.62965694 ], [ -42.62079557, -10.62931476 ], [ -42.61942645, -10.62920087 ], [ -42.61876428, -10.62858217 ], [ -42.61732483, -10.62778745 ], [ -42.61671189, -10.62728247 ], [ -42.61663068, -10.62715312 ], [ -42.61322538, -10.62945868 ], [ -42.61424346, -10.63231973 ], [ -42.61460332, -10.63301387 ], [ -42.61524499, -10.63370328 ], [ -42.62682456, -10.63227045 ], [ -42.64445481, -10.63008805 ], [ -42.66743149, -10.62724225 ], [ -42.66754177, -10.62722858 ], [ -42.66695172, -10.62527231 ], [ -42.66681755, -10.62394878 ], [ -42.66894528, -10.6231205 ], [ -42.66794861, -10.62064159 ], [ -42.66633957, -10.62141421 ], [ -42.66608399, -10.62122903 ], [ -42.66600632, -10.62128043 ], [ -42.6632555, -10.62310085 ], [ -42.66259533, -10.62245958 ], [ -42.66124258, -10.62184647 ], [ -42.66005135, -10.61881962 ], [ -42.65962221, -10.61901586 ], [ -42.65916501, -10.61838892 ], [ -42.65782191, -10.6192732 ], [ -42.6555618, -10.62080643 ], [ -42.65390486, -10.62193045 ], [ -42.6392758, -10.62565011 ], [ -42.62559757, -10.62912726 ] ] ] ] } },
{ "type": "Feature", "properties": { "gid": 24, "cd_quilomb": null, "cd_sr": null, "nr_process": "54160.003162/2011-57", "nm_comunid": "RIO DOS MACACOS", "nm_municip": "SIMOES FILHO/SALVADOR", "cd_uf": "BA", "nr_familia": null, "ob_descric": null, "tp_levanta": null, "nr_escalao": null, "area_calc_": 104.2627, "esfera": null, "fase": null, "responsave": null }, "geometry": { "type": "MultiPolygon", "coordinates": [ [ [ [ -38.44734151, -12.82497075 ], [ -38.4464811, -12.82570428 ], [ -38.44639579, -12.82571579 ], [ -38.44619053, -12.8251929 ], [ -38.44583081, -12.82506579 ], [ -38.4458459, -12.8259126 ], [ -38.44521932, -12.82590678 ], [ -38.44510613, -12.82668239 ], [ -38.44486145, -12.82672938 ], [ -38.44462512, -12.82677476 ], [ -38.44430946, -12.82684445 ], [ -38.44438672, -12.8269933 ], [ -38.44452041, -12.82725798 ], [ -38.44454195, -12.82731687 ], [ -38.44454675, -12.82733704 ], [ -38.44455396, -12.82739921 ], [ -38.44455344, -12.82763842 ], [ -38.44455174, -12.82770594 ], [ -38.44450624, -12.82815067 ], [ -38.44450502, -12.82867075 ], [ -38.44449827, -12.82880342 ], [ -38.44448259, -12.82910539 ], [ -38.44456955, -12.82938092 ], [ -38.44476244, -12.82968448 ], [ -38.44501202, -12.82993119 ], [ -38.44507948, -12.829971 ], [ -38.44623299, -12.82938806 ], [ -38.44690039, -12.82978332 ], [ -38.44723149, -12.82990454 ], [ -38.44766117, -12.82992638 ], [ -38.44806979, -12.82981659 ], [ -38.44816607, -12.82977564 ], [ -38.44843841, -12.82965219 ], [ -38.44850194, -12.82963081 ], [ -38.44860685, -12.82963164 ], [ -38.45061088, -12.82998411 ], [ -38.45070484, -12.83001721 ], [ -38.45141791, -12.83041054 ], [ -38.4522125, -12.83070986 ], [ -38.45287635, -12.83071201 ], [ -38.4534941, -12.83054713 ], [ -38.45404663, -12.83051339 ], [ -38.45461678, -12.83056293 ], [ -38.45514052, -12.83075969 ], [ -38.45520923, -12.830829 ], [ -38.45525346, -12.83091542 ], [ -38.45526908, -12.83101089 ], [ -38.45506157, -12.83171697 ], [ -38.4553966, -12.8317422 ], [ -38.45602873, -12.83167955 ], [ -38.45702051, -12.83143769 ], [ -38.45758807, -12.8311593 ], [ -38.45846487, -12.83072008 ], [ -38.45986338, -12.83027665 ], [ -38.46033479, -12.83016487 ], [ -38.46115014, -12.82984678 ], [ -38.46222757, -12.82929328 ], [ -38.46267828, -12.82830846 ], [ -38.46290552, -12.82716084 ], [ -38.46281979, -12.82480127 ], [ -38.46249195, -12.82497024 ], [ -38.46079758, -12.82572844 ], [ -38.45902269, -12.82629831 ], [ -38.45604083, -12.82664682 ], [ -38.45502151, -12.82711271 ], [ -38.45357689, -12.8262936 ], [ -38.45274684, -12.82538744 ], [ -38.45173898, -12.82555495 ], [ -38.45102714, -12.8256715 ], [ -38.45014973, -12.8258251 ], [ -38.45026332, -12.82568972 ], [ -38.45052353, -12.82563854 ], [ -38.45043675, -12.82538947 ], [ -38.45026403, -12.82521279 ], [ -38.45012952, -12.82525408 ], [ -38.44996544, -12.82546639 ], [ -38.44947227, -12.82508818 ], [ -38.44827621, -12.82401548 ], [ -38.44800052, -12.82437345 ], [ -38.44734151, -12.82497075 ] ] ], [ [ [ -38.45329044, -12.83743153 ], [ -38.45328643, -12.83928815 ], [ -38.45345197, -12.83927455 ], [ -38.45460896, -12.83932377 ], [ -38.4545354, -12.83928209 ], [ -38.45457098, -12.83923692 ], [ -38.45454085, -12.83901285 ], [ -38.45464667, -12.83875407 ], [ -38.45483846, -12.83848443 ], [ -38.45496958, -12.83835691 ], [ -38.45510754, -12.83837666 ], [ -38.45513762, -12.83840845 ], [ -38.45523363, -12.83840693 ], [ -38.45536278, -12.83846028 ], [ -38.45553078, -12.83841887 ], [ -38.45553516, -12.83834852 ], [ -38.45560797, -12.83823526 ], [ -38.45571966, -12.83810091 ], [ -38.45571752, -12.83804961 ], [ -38.45580699, -12.83801743 ], [ -38.45606307, -12.8381092 ], [ -38.45683508, -12.83822264 ], [ -38.45697376, -12.83832283 ], [ -38.45707101, -12.8383496 ], [ -38.45720227, -12.83829372 ], [ -38.45719856, -12.83826634 ], [ -38.45724642, -12.83826432 ], [ -38.45725811, -12.83823259 ], [ -38.4574005, -12.83824045 ], [ -38.45756358, -12.8382093 ], [ -38.45755104, -12.83803923 ], [ -38.45752668, -12.83803753 ], [ -38.45753732, -12.83789049 ], [ -38.45756168, -12.83789218 ], [ -38.45759302, -12.83768579 ], [ -38.45773741, -12.83746129 ], [ -38.4577754, -12.83743103 ], [ -38.45836998, -12.83800058 ], [ -38.45844783, -12.83791688 ], [ -38.45776602, -12.83729082 ], [ -38.45710217, -12.83794019 ], [ -38.45604348, -12.8377946 ], [ -38.45440818, -12.83717136 ], [ -38.45433749, -12.83702809 ], [ -38.45386911, -12.83691576 ], [ -38.45330468, -12.83722539 ], [ -38.45329044, -12.83743153 ] ] ] ] } },
{ "type": "Feature", "properties": { "gid": 25, "cd_quilomb": null, "cd_sr": null, "nr_process": "216.564/3", "nm_comunid": "BARRA E BANANAL", "nm_municip": "RIO DE CONTAS", "cd_uf": "BA", "nr_familia": null, "ob_descric": null, "tp_levanta": null, "nr_escalao": null, "area_calc_": 1296.3025, "esfera": "FEDERAL", "fase": "TITULADO", "responsave": "CDA / FCP" }, "geometry": { "type": "MultiPolygon", "coordinates": [ [ [ [ -41.82197385, -13.51902642 ], [ -41.8279907, -13.52185684 ], [ -41.82766649, -13.5173585 ], [ -41.82832153, -13.51598271 ], [ -41.82935951, -13.51417178 ], [ -41.83046318, -13.51262059 ], [ -41.83102558, -13.5115274 ], [ -41.83222975, -13.51017927 ], [ -41.8335137, -13.50846496 ], [ -41.8319969, -13.50780232 ], [ -41.83409804, -13.50502763 ], [ -41.8351624, -13.50328546 ], [ -41.83693538, -13.50346079 ], [ -41.83883001, -13.50447999 ], [ -41.84291646, -13.50498991 ], [ -41.84485983, -13.50762118 ], [ -41.84726599, -13.50548728 ], [ -41.84876183, -13.50110609 ], [ -41.84865516, -13.50037544 ], [ -41.84832382, -13.49954703 ], [ -41.84897153, -13.49892872 ], [ -41.84944754, -13.49777196 ], [ -41.85059248, -13.49618499 ], [ -41.85122355, -13.49542118 ], [ -41.85259591, -13.49439414 ], [ -41.85350949, -13.49407451 ], [ -41.85414351, -13.49330456 ], [ -41.8542394, -13.49237186 ], [ -41.85424878, -13.49124023 ], [ -41.85469963, -13.48955273 ], [ -41.85556791, -13.48866825 ], [ -41.85698549, -13.48743212 ], [ -41.85812286, -13.48724191 ], [ -41.85898927, -13.48741674 ], [ -41.86060609, -13.48664875 ], [ -41.86155127, -13.48627652 ], [ -41.86195465, -13.48660495 ], [ -41.86113993, -13.48730121 ], [ -41.86127437, -13.48776539 ], [ -41.86173731, -13.48823352 ], [ -41.86250067, -13.48886484 ], [ -41.86348923, -13.48961416 ], [ -41.86384017, -13.49067446 ], [ -41.86387125, -13.49196894 ], [ -41.86414197, -13.49278755 ], [ -41.86573214, -13.49310768 ], [ -41.86671439, -13.49345962 ], [ -41.86630941, -13.49423121 ], [ -41.8655924, -13.49396958 ], [ -41.86483723, -13.49393892 ], [ -41.86409148, -13.4937327 ], [ -41.86322981, -13.49293381 ], [ -41.86274787, -13.4923208 ], [ -41.8626971, -13.49144215 ], [ -41.86174949, -13.4900288 ], [ -41.86117751, -13.48971442 ], [ -41.85972789, -13.48930025 ], [ -41.85913563, -13.4903553 ], [ -41.8586031, -13.49134571 ], [ -41.85851703, -13.49156247 ], [ -41.85808639, -13.49300792 ], [ -41.85806936, -13.49317431 ], [ -41.85790645, -13.49477934 ], [ -41.85789061, -13.4949352 ], [ -41.85697765, -13.4955561 ], [ -41.85572947, -13.49657788 ], [ -41.85523491, -13.49712337 ], [ -41.85484568, -13.49876498 ], [ -41.85473133, -13.49964192 ], [ -41.85418446, -13.50092325 ], [ -41.85342679, -13.50239057 ], [ -41.8531223, -13.50361159 ], [ -41.85288874, -13.50501891 ], [ -41.85251035, -13.50707133 ], [ -41.85271493, -13.50831081 ], [ -41.85287985, -13.50946286 ], [ -41.85298794, -13.51041976 ], [ -41.85297756, -13.51165881 ], [ -41.85250128, -13.51235259 ], [ -41.85158884, -13.51315889 ], [ -41.85051614, -13.5137533 ], [ -41.84969891, -13.51409177 ], [ -41.84932002, -13.51542312 ], [ -41.84795425, -13.5147346 ], [ -41.84615514, -13.51491935 ], [ -41.84769447, -13.51666275 ], [ -41.84768426, -13.5194632 ], [ -41.84614929, -13.52194911 ], [ -41.85242488, -13.52593728 ], [ -41.87297344, -13.49624898 ], [ -41.87078044, -13.49401892 ], [ -41.87744899, -13.46274583 ], [ -41.87530046, -13.46154619 ], [ -41.87160053, -13.46562485 ], [ -41.86904369, -13.46544238 ], [ -41.86018213, -13.47850636 ], [ -41.85889955, -13.47745172 ], [ -41.85551958, -13.48098477 ], [ -41.85251455, -13.48109881 ], [ -41.85010138, -13.48461852 ], [ -41.85109746, -13.48566347 ], [ -41.83569266, -13.49595495 ], [ -41.83325019, -13.50355057 ], [ -41.82841085, -13.50730682 ], [ -41.82594526, -13.51173381 ], [ -41.82745994, -13.51304153 ], [ -41.82197385, -13.51902642 ] ] ] ] } },
{ "type": "Feature", "properties": { "gid": 26, "cd_quilomb": 83, "cd_sr": "SR-05", "nr_process": "54160001705200/-04", "nm_comunid": "AGRESTE", "nm_municip": "SEABRA", "cd_uf": "BA", "nr_familia": 74, "ob_descric": "estudo de delimitação", "tp_levanta": null, "nr_escalao": null, "area_calc_": 2336.7913, "esfera": "FEDERAL", "fase": null, "responsave": "INCRA" }, "geometry": { "type": "MultiPolygon", "coordinates": [ [ [ [ -41.90260872, -12.51673827 ], [ -41.90255912, -12.50974364 ], [ -41.89008083, -12.50884906 ], [ -41.88161851, -12.50950864 ], [ -41.87058277, -12.50949079 ], [ -41.85596098, -12.54127231 ], [ -41.86177419, -12.54692971 ], [ -41.8651852, -12.56052735 ], [ -41.88193005, -12.57018056 ], [ -41.89393014, -12.54668585 ], [ -41.89399257, -12.54659281 ], [ -41.90073344, -12.53342172 ], [ -41.90077668, -12.53334889 ], [ -41.90944732, -12.51638994 ], [ -41.90945082, -12.51627295 ], [ -41.90625361, -12.51599716 ], [ -41.90299816, -12.51656897 ], [ -41.90260872, -12.51673827 ] ] ] ] } },
{ "type": "Feature", "properties": { "gid": 27, "cd_quilomb": 23, "cd_sr": "SR-05", "nr_process": "54160.000234/2006-47", "nm_comunid": "DANDA", "nm_municip": "SIMOES FILHO", "cd_uf": "BA", "nr_familia": 31, "ob_descric": "estudo de delimitação", "tp_levanta": null, "nr_escalao": null, "area_calc_": 347.9295, "esfera": "FEDERAL", "fase": null, "responsave": "INCRA" }, "geometry": { "type": "MultiPolygon", "coordinates": [ [ [ [ -38.39680765, -12.70454247 ], [ -38.39671732, -12.70476408 ], [ -38.39676498, -12.70548849 ], [ -38.39675144, -12.70650619 ], [ -38.39664997, -12.70699959 ], [ -38.39646292, -12.70765936 ], [ -38.39615566, -12.70843568 ], [ -38.395908, -12.70909468 ], [ -38.39570194, -12.70972637 ], [ -38.39568972, -12.71037749 ], [ -38.39590361, -12.71107235 ], [ -38.39602682, -12.71135394 ], [ -38.39619731, -12.7117437 ], [ -38.39629389, -12.71207533 ], [ -38.39638425, -12.71238587 ], [ -38.39645405, -12.71305445 ], [ -38.39640638, -12.71373877 ], [ -38.39623322, -12.71440263 ], [ -38.39619149, -12.71479227 ], [ -38.39688347, -12.71488192 ], [ -38.40248474, -12.71258144 ], [ -38.40415431, -12.71406545 ], [ -38.40493716, -12.71365704 ], [ -38.40563006, -12.71307129 ], [ -38.40652039, -12.71333696 ], [ -38.40791331, -12.71266722 ], [ -38.40971615, -12.71241525 ], [ -38.41124876, -12.71215262 ], [ -38.41096146, -12.71136429 ], [ -38.41573536, -12.71147341 ], [ -38.41564316, -12.71183735 ], [ -38.41565055, -12.71202726 ], [ -38.41582829, -12.71231909 ], [ -38.41636966, -12.71269844 ], [ -38.41741835, -12.71360383 ], [ -38.41814246, -12.71398565 ], [ -38.41849498, -12.71413445 ], [ -38.41877032, -12.71432404 ], [ -38.41939467, -12.71458728 ], [ -38.41961831, -12.71474918 ], [ -38.42014968, -12.71531939 ], [ -38.42059163, -12.71567491 ], [ -38.42084881, -12.71648406 ], [ -38.42093428, -12.71664891 ], [ -38.42117673, -12.71680289 ], [ -38.42172165, -12.71700238 ], [ -38.42238959, -12.71689316 ], [ -38.42284742, -12.71699444 ], [ -38.42321931, -12.71697481 ], [ -38.42380033, -12.71688999 ], [ -38.42415577, -12.71701871 ], [ -38.42453779, -12.71732464 ], [ -38.4255317, -12.71733828 ], [ -38.42651872, -12.71734656 ], [ -38.42642814, -12.71354724 ], [ -38.42633973, -12.71194019 ], [ -38.42623571, -12.71084509 ], [ -38.42615443, -12.70906236 ], [ -38.42615916, -12.7084322 ], [ -38.42632237, -12.7060493 ], [ -38.42580268, -12.70593994 ], [ -38.42507837, -12.70589858 ], [ -38.42341196, -12.70551717 ], [ -38.42313094, -12.70547984 ], [ -38.42137231, -12.70506729 ], [ -38.42114837, -12.70499989 ], [ -38.42045094, -12.704846 ], [ -38.41936298, -12.70453111 ], [ -38.41927394, -12.70496767 ], [ -38.4192476, -12.70516845 ], [ -38.41947327, -12.70698911 ], [ -38.41905543, -12.70753889 ], [ -38.41879467, -12.70794894 ], [ -38.41873006, -12.7083322 ], [ -38.41906014, -12.70996627 ], [ -38.41887847, -12.71014311 ], [ -38.41742147, -12.70924615 ], [ -38.4166863, -12.7089143 ], [ -38.41556934, -12.70846939 ], [ -38.41480322, -12.70693482 ], [ -38.41431388, -12.70624723 ], [ -38.41383745, -12.70502905 ], [ -38.40955948, -12.70036285 ], [ -38.40781285, -12.70012449 ], [ -38.40699379, -12.70123444 ], [ -38.40132864, -12.70281709 ], [ -38.39960919, -12.70347331 ], [ -38.39680765, -12.70454247 ] ] ] ] } },
{ "type": "Feature", "properties": { "gid": 28, "cd_quilomb": null, "cd_sr": "SR-05", "nr_process": "54160.001700/2008-73", "nm_comunid": "LAGOA SANTA", "nm_municip": "ITUBERÁ e NILO PEÇANHA", "cd_uf": "BA", "nr_familia": 39, "ob_descric": null, "tp_levanta": "GPS Pro Mark 3", "nr_escalao": "1:30.000", "area_calc_": 653.6384, "esfera": "FEDERAL", "fase": "RTID", "responsave": "INCRA" }, "geometry": { "type": "MultiPolygon", "coordinates": [ [ [ [ -39.19838968, -13.67065921 ], [ -39.19859584, -13.6698198 ], [ -39.19724713, -13.66959782 ], [ -39.19626359, -13.66926691 ], [ -39.19622862, -13.66925514 ], [ -39.19489284, -13.66995785 ], [ -39.19466335, -13.66943327 ], [ -39.19275235, -13.66910907 ], [ -39.19157909, -13.66852073 ], [ -39.19101302, -13.66745379 ], [ -39.18997164, -13.66756723 ], [ -39.1864434, -13.6650085 ], [ -39.17962896, -13.66866278 ], [ -39.17410174, -13.66757373 ], [ -39.17272973, -13.6682275 ], [ -39.17363315, -13.67055195 ], [ -39.17294674, -13.67220321 ], [ -39.17339659, -13.67265856 ], [ -39.17329862, -13.67302943 ], [ -39.17319661, -13.67376198 ], [ -39.17308179, -13.6741414 ], [ -39.17341068, -13.6750786 ], [ -39.17416795, -13.6773042 ], [ -39.17331377, -13.67944676 ], [ -39.17532355, -13.68285075 ], [ -39.17703702, -13.68201223 ], [ -39.17820955, -13.68146218 ], [ -39.1785641, -13.68251926 ], [ -39.17705626, -13.68517446 ], [ -39.17684592, -13.68588076 ], [ -39.18090175, -13.68580957 ], [ -39.18373026, -13.68510536 ], [ -39.18598065, -13.68466404 ], [ -39.18708442, -13.6848516 ], [ -39.18785452, -13.68691899 ], [ -39.18868484, -13.68649523 ], [ -39.18995525, -13.6860382 ], [ -39.19226425, -13.68253317 ], [ -39.19326951, -13.6835779 ], [ -39.19389239, -13.6856873 ], [ -39.19400445, -13.68578792 ], [ -39.19408132, -13.68585693 ], [ -39.1949422, -13.68702658 ], [ -39.19705801, -13.68632758 ], [ -39.19748712, -13.68827047 ], [ -39.19797688, -13.68924488 ], [ -39.19798117, -13.68976351 ], [ -39.19843389, -13.68933769 ], [ -39.1986415, -13.68908849 ], [ -39.19925908, -13.68965419 ], [ -39.19944233, -13.69071622 ], [ -39.19966563, -13.6908599 ], [ -39.20296888, -13.68745499 ], [ -39.20557796, -13.68670203 ], [ -39.20736496, -13.68611749 ], [ -39.20694942, -13.68535415 ], [ -39.20700122, -13.6840397 ], [ -39.20849998, -13.68176191 ], [ -39.20846031, -13.68155732 ], [ -39.2084437, -13.68147168 ], [ -39.20591971, -13.67731713 ], [ -39.20479837, -13.67690921 ], [ -39.20468134, -13.67689564 ], [ -39.20398825, -13.6770007 ], [ -39.20426415, -13.67524986 ], [ -39.20065209, -13.67395674 ], [ -39.19974086, -13.67239558 ], [ -39.19838968, -13.67065921 ] ] ] ] } },
{ "type": "Feature", "properties": { "gid": 29, "cd_quilomb": 21, "cd_sr": "SR-05", "nr_process": "54160.005525/2007-11", "nm_comunid": "OLHOS DAGUA DO BASÍLIO", "nm_municip": "SEABRA", "cd_uf": "BA", "nr_familia": 73, "ob_descric": "Estudo de Delimitação", "tp_levanta": "Utilização de gps L1 Promark 3", "nr_escalao": "1/20.000", "area_calc_": 4833.0429, "esfera": "FEDERAL", "fase": null, "responsave": "INCRA" }, "geometry": { "type": "MultiPolygon", "coordinates": [ [ [ [ -41.9428145, -12.58025497 ], [ -41.9086456, -12.59157018 ], [ -41.89828785, -12.61783026 ], [ -41.89828726, -12.61793314 ], [ -41.90313472, -12.62687531 ], [ -41.90313951, -12.62688402 ], [ -41.90320084, -12.62690702 ], [ -41.90327879, -12.62693625 ], [ -41.91011753, -12.62928708 ], [ -41.90717438, -12.65146826 ], [ -41.91678905, -12.65729316 ], [ -41.91679996, -12.65729783 ], [ -41.91685625, -12.65732187 ], [ -41.93094933, -12.66441489 ], [ -41.96191263, -12.62033518 ], [ -41.97715733, -12.60209176 ], [ -41.97716057, -12.60206174 ], [ -41.97716773, -12.60199645 ], [ -41.97475037, -12.58708647 ], [ -41.9429005, -12.58026513 ], [ -41.9428145, -12.58025497 ] ] ] ] } },
{ "type": "Feature", "properties": { "gid": 31, "cd_quilomb": 159, "cd_sr": "SR_06", "nr_process": "54160.004665/2008-44", "nm_comunid": "CAPAO DAS GAMELAS", "nm_municip": "SEABRA", "cd_uf": "BA", "nr_familia": 60, "ob_descric": "estudo de delimitação", "tp_levanta": "CARTAS DE 1/100.000 E GPS DE NAVEGAÇÃO", "nr_escalao": "1/35.000", "area_calc_": 1313.4389, "esfera": "FEDERAL", "fase": null, "responsave": "INCRA" }, "geometry": { "type": "MultiPolygon", "coordinates": [ [ [ [ -41.86177419, -12.54692971 ], [ -41.84453339, -12.57051697 ], [ -41.84017433, -12.56951818 ], [ -41.84010604, -12.56958211 ], [ -41.83698114, -12.56894113 ], [ -41.83765387, -12.57176935 ], [ -41.8371111, -12.57191674 ], [ -41.83173617, -12.57572765 ], [ -41.83121714, -12.57615856 ], [ -41.83059107, -12.57679996 ], [ -41.83056215, -12.57692167 ], [ -41.82993209, -12.57962243 ], [ -41.83202373, -12.57972802 ], [ -41.83249637, -12.58194576 ], [ -41.83232086, -12.58348331 ], [ -41.83206279, -12.58463804 ], [ -41.83726529, -12.58512144 ], [ -41.83701968, -12.58628631 ], [ -41.83662439, -12.58956163 ], [ -41.84271479, -12.58988705 ], [ -41.84979681, -12.58695477 ], [ -41.85595178, -12.58837817 ], [ -41.86410253, -12.58399864 ], [ -41.86415587, -12.58396628 ], [ -41.86429154, -12.58415072 ], [ -41.86462749, -12.58432642 ], [ -41.87320836, -12.58728202 ], [ -41.88193002, -12.57018058 ], [ -41.8651852, -12.56052731 ], [ -41.86177419, -12.54692971 ] ] ] ] } },
{ "type": "Feature", "properties": { "gid": 32, "cd_quilomb": null, "cd_sr": "SR-05", "nr_process": "54160.001343/2013-19", "nm_comunid": "BARREIRO DO RIO PARDO", "nm_municip": "VITÓRIA DA CONQUISTA", "cd_uf": "BA", "nr_familia": null, "ob_descric": null, "tp_levanta": "GPS de navegação GARMIN 76 e GPS Topográfico Pro XR", "nr_escalao": "1:10.000", "area_calc_": 144.5102, "esfera": "FEDERAL", "fase": "RTID", "responsave": "INCRA" }, "geometry": { "type": "MultiPolygon", "coordinates": [ [ [ [ -40.94568061, -15.40473415 ], [ -40.94427585, -15.40421611 ], [ -40.94470469, -15.40293985 ], [ -40.94500121, -15.40162037 ], [ -40.94441801, -15.40155623 ], [ -40.94316309, -15.40172436 ], [ -40.9414293, -15.40203946 ], [ -40.9414293, -15.40203946 ], [ -40.94102128, -15.40204829 ], [ -40.94099555, -15.40213284 ], [ -40.94104242, -15.40363175 ], [ -40.94108694, -15.40371189 ], [ -40.93996945, -15.40441568 ], [ -40.9394631, -15.40440323 ], [ -40.93772542, -15.404343 ], [ -40.93705423, -15.40466888 ], [ -40.93663668, -15.40470281 ], [ -40.93673919, -15.40486806 ], [ -40.93730591, -15.40565005 ], [ -40.93771342, -15.40634754 ], [ -40.93774971, -15.4073389 ], [ -40.93791375, -15.40905658 ], [ -40.93803562, -15.410195 ], [ -40.93809726, -15.41135403 ], [ -40.93445777, -15.41216804 ], [ -40.93363135, -15.41242432 ], [ -40.93333443, -15.4125239 ], [ -40.93310498, -15.41272111 ], [ -40.93326136, -15.41346976 ], [ -40.93372337, -15.41414464 ], [ -40.93390916, -15.4146423 ], [ -40.9338342, -15.41510873 ], [ -40.93365406, -15.4156938 ], [ -40.93345559, -15.41616466 ], [ -40.9329949, -15.41688073 ], [ -40.9334478, -15.41743511 ], [ -40.93396526, -15.41777317 ], [ -40.93433525, -15.41797637 ], [ -40.93450868, -15.4184067 ], [ -40.93488542, -15.41830955 ], [ -40.93600937, -15.41812951 ], [ -40.93607637, -15.41811878 ], [ -40.93613071, -15.41811007 ], [ -40.93650302, -15.41758462 ], [ -40.93836412, -15.41627205 ], [ -40.93986, -15.41530926 ], [ -40.9417022, -15.4139992 ], [ -40.94238352, -15.41351767 ], [ -40.94295288, -15.41324785 ], [ -40.94362655, -15.41295669 ], [ -40.94452387, -15.41205941 ], [ -40.94456163, -15.41195874 ], [ -40.94484093, -15.41146302 ], [ -40.94575779, -15.41011188 ], [ -40.94619297, -15.40969918 ], [ -40.94659925, -15.4091022 ], [ -40.9469962, -15.40829278 ], [ -40.94783686, -15.40732788 ], [ -40.94810418, -15.40664566 ], [ -40.94889686, -15.40407263 ], [ -40.94721163, -15.40428813 ], [ -40.94671883, -15.40462659 ], [ -40.94666475, -15.40466373 ], [ -40.9463295, -15.40489398 ], [ -40.94568061, -15.40473415 ] ] ] ] } },
{ "type": "Feature", "properties": { "gid": 33, "cd_quilomb": 60, "cd_sr": "SR-05", "nr_process": "54160.004694/2005-63", "nm_comunid": "SALAMINA PUTUMUJU", "nm_municip": "MARAGOGIPE", "cd_uf": "BA", "nr_familia": 40, "ob_descric": "Estudo de delimitação", "tp_levanta": "PRO XR POS PROCESSADO", "nr_escalao": "1/15.0000", "area_calc_": 2063.152, "esfera": "FEDERAL", "fase": null, "responsave": "INCRA" }, "geometry": { "type": "MultiPolygon", "coordinates": [ [ [ [ -38.86838447, -12.81944625 ], [ -38.86840523, -12.81957431 ], [ -38.86839985, -12.82000429 ], [ -38.86842058, -12.82018344 ], [ -38.86847228, -12.82036008 ], [ -38.86855042, -12.82054441 ], [ -38.86876916, -12.820949 ], [ -38.86882127, -12.82103982 ], [ -38.86882643, -12.8212139 ], [ -38.86883669, -12.82151593 ], [ -38.86880528, -12.82166956 ], [ -38.86879479, -12.82180773 ], [ -38.8687791, -12.82185384 ], [ -38.86881542, -12.82219685 ], [ -38.86881524, -12.82254491 ], [ -38.86880475, -12.82268317 ], [ -38.86873959, -12.82287674 ], [ -38.86870116, -12.8230697 ], [ -38.86862439, -12.82325793 ], [ -38.86848046, -12.82359679 ], [ -38.86840372, -12.82373321 ], [ -38.86826447, -12.82410028 ], [ -38.86815413, -12.82434501 ], [ -38.86811577, -12.82440142 ], [ -38.86799597, -12.82475665 ], [ -38.86792876, -12.82499191 ], [ -38.86788076, -12.82515195 ], [ -38.86784233, -12.82533079 ], [ -38.86767701, -12.82585845 ], [ -38.86745398, -12.82606741 ], [ -38.86727276, -12.82616055 ], [ -38.86692352, -12.82631446 ], [ -38.86693953, -12.82636376 ], [ -38.86710736, -12.82631266 ], [ -38.86727527, -12.82630705 ], [ -38.86746042, -12.82627305 ], [ -38.86757618, -12.82623902 ], [ -38.86771511, -12.82613681 ], [ -38.86785403, -12.82604591 ], [ -38.86796396, -12.82604596 ], [ -38.86802181, -12.82609718 ], [ -38.86806229, -12.82622787 ], [ -38.86806225, -12.82630744 ], [ -38.86803325, -12.8264211 ], [ -38.86806796, -12.8264836 ], [ -38.86819519, -12.82654624 ], [ -38.8683109, -12.82660309 ], [ -38.86837453, -12.82669979 ], [ -38.86840342, -12.82678499 ], [ -38.8684034, -12.82682477 ], [ -38.86839177, -12.82686456 ], [ -38.86833387, -12.82691571 ], [ -38.86829337, -12.82699527 ], [ -38.86828753, -12.82706914 ], [ -38.86832222, -12.82717144 ], [ -38.86840316, -12.82729084 ], [ -38.8684667, -12.82738175 ], [ -38.86852453, -12.82744997 ], [ -38.86866653, -12.82763939 ], [ -38.86875594, -12.82778421 ], [ -38.86881339, -12.82787775 ], [ -38.86885066, -12.82798076 ], [ -38.86886636, -12.82810484 ], [ -38.86886455, -12.82821317 ], [ -38.86890837, -12.82830145 ], [ -38.8689979, -12.82838424 ], [ -38.86906624, -12.82844631 ], [ -38.86910838, -12.82857555 ], [ -38.86912933, -12.82869972 ], [ -38.86913976, -12.8288445 ], [ -38.86915031, -12.8289324 ], [ -38.86909231, -12.82900996 ], [ -38.86903965, -12.82908752 ], [ -38.86903436, -12.82915995 ], [ -38.86903958, -12.82922714 ], [ -38.86908165, -12.82930475 ], [ -38.86913947, -12.82940298 ], [ -38.86917104, -12.82947842 ], [ -38.869171, -12.82955076 ], [ -38.8691657, -12.82964905 ], [ -38.86916563, -12.82979383 ], [ -38.86921814, -12.82999551 ], [ -38.86926549, -12.83020244 ], [ -38.86930226, -12.8303834 ], [ -38.86937058, -12.83050244 ], [ -38.86944952, -12.83057482 ], [ -38.86954957, -12.8306266 ], [ -38.86969164, -12.83068662 ], [ -38.86979694, -12.83074355 ], [ -38.86988114, -12.83080047 ], [ -38.86991798, -12.83085222 ], [ -38.8699022, -12.83088838 ], [ -38.86986532, -12.83092978 ], [ -38.8698126, -12.83094521 ], [ -38.86979156, -12.83099693 ], [ -38.86979152, -12.83107967 ], [ -38.86976513, -12.83114694 ], [ -38.86969135, -12.83123995 ], [ -38.86960708, -12.83133305 ], [ -38.86955967, -12.83141052 ], [ -38.86953327, -12.8314985 ], [ -38.8695491, -12.83153983 ], [ -38.86960172, -12.8315347 ], [ -38.86971757, -12.8315089 ], [ -38.86980182, -12.83147792 ], [ -38.86984917, -12.83149865 ], [ -38.86988074, -12.83157101 ], [ -38.86986502, -12.83168739 ], [ -38.86981224, -12.83181152 ], [ -38.86978067, -12.83192526 ], [ -38.86979111, -12.83204418 ], [ -38.86983844, -12.83212179 ], [ -38.86990162, -12.83218901 ], [ -38.87000154, -12.83231837 ], [ -38.87006995, -12.83244772 ], [ -38.87012257, -12.83262354 ], [ -38.87014876, -12.83276173 ], [ -38.87018552, -12.83295825 ], [ -38.87019596, -12.83309787 ], [ -38.87019591, -12.83319101 ], [ -38.87019587, -12.83327891 ], [ -38.87016422, -12.83335133 ], [ -38.87012208, -12.83340294 ], [ -38.87007468, -12.83346504 ], [ -38.87006939, -12.83353738 ], [ -38.87011147, -12.83360468 ], [ -38.87016942, -12.83363573 ], [ -38.87023781, -12.83361505 ], [ -38.87030106, -12.8335479 ], [ -38.87033267, -12.83354276 ], [ -38.87037477, -12.83357895 ], [ -38.87040109, -12.8336513 ], [ -38.87042204, -12.83377032 ], [ -38.87044309, -12.83387893 ], [ -38.87044303, -12.83399269 ], [ -38.87044298, -12.83408574 ], [ -38.87042709, -12.83416848 ], [ -38.87045867, -12.83422022 ], [ -38.87051664, -12.83422025 ], [ -38.87063776, -12.83415827 ], [ -38.87075362, -12.8341066 ], [ -38.8708905, -12.8340601 ], [ -38.87096949, -12.83403428 ], [ -38.87105907, -12.83402401 ], [ -38.87110643, -12.83403434 ], [ -38.87108503, -12.83407376 ], [ -38.87103764, -12.83412031 ], [ -38.870985, -12.83416161 ], [ -38.87101656, -12.83425476 ], [ -38.87109549, -12.83433755 ], [ -38.87117444, -12.83440477 ], [ -38.87125862, -12.83449271 ], [ -38.87134283, -12.83453932 ], [ -38.87145866, -12.83455484 ], [ -38.87165577, -12.83456344 ], [ -38.87189272, -12.83454285 ], [ -38.87210862, -12.83457921 ], [ -38.87234027, -12.83462065 ], [ -38.87255608, -12.83466217 ], [ -38.87278775, -12.83468299 ], [ -38.87307739, -12.83468829 ], [ -38.87331957, -12.8346884 ], [ -38.87348803, -12.83469879 ], [ -38.87365656, -12.83474545 ], [ -38.87391977, -12.83490066 ], [ -38.87414613, -12.83502492 ], [ -38.87431887, -12.83513271 ], [ -38.87453463, -12.83526203 ], [ -38.87474524, -12.83539144 ], [ -38.87493475, -12.83550014 ], [ -38.87506629, -12.83560365 ], [ -38.87513471, -12.83571229 ], [ -38.87517649, -12.83583502 ], [ -38.8752079, -12.836047 ], [ -38.87519207, -12.83619186 ], [ -38.87522356, -12.83643494 ], [ -38.87525507, -12.83664177 ], [ -38.87530741, -12.83683613 ], [ -38.87537053, -12.83704306 ], [ -38.87538089, -12.83734301 ], [ -38.87541238, -12.8375757 ], [ -38.87546491, -12.83775676 ], [ -38.8755333, -12.83793259 ], [ -38.87557007, -12.83812395 ], [ -38.87557523, -12.83831014 ], [ -38.87559624, -12.83849635 ], [ -38.8756593, -12.838636 ], [ -38.87570662, -12.83873938 ], [ -38.87578463, -12.83883636 ], [ -38.87590575, -12.83895533 ], [ -38.87606366, -12.83904854 ], [ -38.87619523, -12.83912095 ], [ -38.87633739, -12.83919345 ], [ -38.87643738, -12.83919349 ], [ -38.87651637, -12.83916767 ], [ -38.87664286, -12.83907468 ], [ -38.87680089, -12.83890927 ], [ -38.8769484, -12.83880073 ], [ -38.87717847, -12.83870435 ], [ -38.87727509, -12.83860945 ], [ -38.87732122, -12.83851009 ], [ -38.87733728, -12.83846497 ], [ -38.87733039, -12.83842654 ], [ -38.87730746, -12.83837905 ], [ -38.87730527, -12.83833574 ], [ -38.87736004, -12.83826731 ], [ -38.87744587, -12.83820215 ], [ -38.8775483, -12.83811792 ], [ -38.87768953, -12.83802828 ], [ -38.87784183, -12.837906 ], [ -38.87793596, -12.83783542 ], [ -38.87808272, -12.83772399 ], [ -38.87816032, -12.8377082 ], [ -38.87820723, -12.83771862 ], [ -38.87828472, -12.83773222 ], [ -38.87838712, -12.83772142 ], [ -38.87841836, -12.83770832 ], [ -38.87847569, -12.83769975 ], [ -38.87856989, -12.83766444 ], [ -38.87860584, -12.83763452 ], [ -38.8787151, -12.83752262 ], [ -38.87882584, -12.83740846 ], [ -38.87896708, -12.83728356 ], [ -38.8790861, -12.83718034 ], [ -38.87920236, -12.83708518 ], [ -38.87934637, -12.83694661 ], [ -38.87945719, -12.83684068 ], [ -38.87960111, -12.8367212 ], [ -38.87968141, -12.83663967 ], [ -38.87977553, -12.83658808 ], [ -38.87982262, -12.83658268 ], [ -38.87989737, -12.83656906 ], [ -38.87998521, -12.83652931 ], [ -38.88010975, -12.83646145 ], [ -38.88019844, -12.83638535 ], [ -38.88032021, -12.83631478 ], [ -38.88049183, -12.83624415 ], [ -38.88065793, -12.83618988 ], [ -38.88076861, -12.83616822 ], [ -38.8808453, -12.83614158 ], [ -38.88091831, -12.83608573 ], [ -38.8809741, -12.83602264 ], [ -38.88099126, -12.8359805 ], [ -38.88099984, -12.83595112 ], [ -38.88096771, -12.83589847 ], [ -38.88096773, -12.83583961 ], [ -38.88098268, -12.83580426 ], [ -38.88101706, -12.83579333 ], [ -38.88107918, -12.83577862 ], [ -38.8811799, -12.83579548 ], [ -38.88136036, -12.83575587 ], [ -38.88150055, -12.83569977 ], [ -38.88164729, -12.83563455 ], [ -38.88183553, -12.83552594 ], [ -38.88196567, -12.83547979 ], [ -38.88220928, -12.83538205 ], [ -38.88244411, -12.83535639 ], [ -38.88271917, -12.83539829 ], [ -38.88296478, -12.83537272 ], [ -38.8831383, -12.83539848 ], [ -38.88329551, -12.83539538 ], [ -38.88337746, -12.83536322 ], [ -38.88340798, -12.8353258 ], [ -38.88440981, -12.83591005 ], [ -38.88545437, -12.83413549 ], [ -38.88600732, -12.83408147 ], [ -38.88612707, -12.83420812 ], [ -38.88748271, -12.83203842 ], [ -38.88914188, -12.83115293 ], [ -38.88948288, -12.83108073 ], [ -38.89032176, -12.83042999 ], [ -38.89096674, -12.83064729 ], [ -38.89200818, -12.83041261 ], [ -38.89233051, -12.83090105 ], [ -38.8930767, -12.83151627 ], [ -38.89359286, -12.83128137 ], [ -38.89443129, -12.83169767 ], [ -38.89464328, -12.83160733 ], [ -38.89501182, -12.83178834 ], [ -38.89490102, -12.83231278 ], [ -38.89562733, -12.83198933 ], [ -38.89563544, -12.83199666 ], [ -38.89564188, -12.83200471 ], [ -38.895644, -12.83200824 ], [ -38.89564474, -12.83200987 ], [ -38.89564538, -12.83201593 ], [ -38.895644, -12.83202081 ], [ -38.89563874, -12.83202858 ], [ -38.8956463, -12.83202886 ], [ -38.89572607, -12.83209915 ], [ -38.89576673, -12.83205477 ], [ -38.89577169, -12.83209175 ], [ -38.89579631, -12.8320763 ], [ -38.89581897, -12.83210163 ], [ -38.89582265, -12.83211113 ], [ -38.8958337, -12.83212442 ], [ -38.89583637, -12.8321265 ], [ -38.8958431, -12.83212615 ], [ -38.8958502, -12.8321247 ], [ -38.89585241, -12.83212497 ], [ -38.89585268, -12.83212344 ], [ -38.89586116, -12.83212272 ], [ -38.89586909, -12.83212145 ], [ -38.89587969, -12.83211884 ], [ -38.89589508, -12.83211622 ], [ -38.89591129, -12.83213187 ], [ -38.89591553, -12.83213142 ], [ -38.89598249, -12.83222043 ], [ -38.89599041, -12.83222369 ], [ -38.8959964, -12.83223409 ], [ -38.89600294, -12.83224187 ], [ -38.89601114, -12.83225534 ], [ -38.89604936, -12.83229442 ], [ -38.89603949, -12.83231694 ], [ -38.89603617, -12.8323267 ], [ -38.89603516, -12.83233285 ], [ -38.8960462, -12.83237635 ], [ -38.89605209, -12.83238639 ], [ -38.8961308, -12.83259377 ], [ -38.89613255, -12.83260029 ], [ -38.896139, -12.83259929 ], [ -38.89624174, -12.8326327 ], [ -38.89641451, -12.83268269 ], [ -38.89642777, -12.8327072 ], [ -38.89654861, -12.83285654 ], [ -38.89655506, -12.8328551 ], [ -38.89662496, -12.83275412 ], [ -38.89663343, -12.83275566 ], [ -38.89677246, -12.83285618 ], [ -38.89699787, -12.83283321 ], [ -38.89699935, -12.83282923 ], [ -38.89700119, -12.83282905 ], [ -38.89703773, -12.8329402 ], [ -38.89703755, -12.83294165 ], [ -38.89703626, -12.83294328 ], [ -38.89703598, -12.83294418 ], [ -38.89703589, -12.83294472 ], [ -38.8970357, -12.83294536 ], [ -38.89703543, -12.83294581 ], [ -38.89703524, -12.83294617 ], [ -38.89703497, -12.83294644 ], [ -38.89703478, -12.83294671 ], [ -38.89703497, -12.8329468 ], [ -38.89703994, -12.83294771 ], [ -38.89704151, -12.83294726 ], [ -38.89704317, -12.83294699 ], [ -38.89704446, -12.8329469 ], [ -38.89704713, -12.83294681 ], [ -38.89705063, -12.83294572 ], [ -38.89705644, -12.83294482 ], [ -38.89706225, -12.83294464 ], [ -38.89715459, -12.83293392 ], [ -38.89716574, -12.83292361 ], [ -38.89717939, -12.83291512 ], [ -38.89718326, -12.83291033 ], [ -38.89718722, -12.8329059 ], [ -38.89718916, -12.83289857 ], [ -38.89719598, -12.83289288 ], [ -38.89723004, -12.83298603 ], [ -38.89723345, -12.83298576 ], [ -38.89742237, -12.83297589 ], [ -38.89742643, -12.8329683 ], [ -38.89748565, -12.83305278 ], [ -38.89749081, -12.83305341 ], [ -38.89749938, -12.8330517 ], [ -38.89752371, -12.8330508 ], [ -38.8976633, -12.83311108 ], [ -38.8976799, -12.83309662 ], [ -38.89771568, -12.8330223 ], [ -38.89770868, -12.83301778 ], [ -38.89771864, -12.83301209 ], [ -38.89772011, -12.83301136 ], [ -38.89772168, -12.83301019 ], [ -38.8977226, -12.8330091 ], [ -38.89772334, -12.83300829 ], [ -38.89772407, -12.83300766 ], [ -38.8977249, -12.83300712 ], [ -38.89772546, -12.83300684 ], [ -38.89772638, -12.83300621 ], [ -38.8977285, -12.83300486 ], [ -38.89772942, -12.8330044 ], [ -38.89773053, -12.83300359 ], [ -38.89773274, -12.83300214 ], [ -38.89773458, -12.83300124 ], [ -38.89774011, -12.8329979 ], [ -38.89774085, -12.83299618 ], [ -38.89774205, -12.83299555 ], [ -38.89774297, -12.8329941 ], [ -38.89774417, -12.83299293 ], [ -38.89774555, -12.83299356 ], [ -38.89774675, -12.83299437 ], [ -38.8977473, -12.83299446 ], [ -38.89774804, -12.83299302 ], [ -38.89774979, -12.8329932 ], [ -38.89775256, -12.83299302 ], [ -38.8977592, -12.83298145 ], [ -38.89776215, -12.8329715 ], [ -38.897799, -12.83298788 ], [ -38.89782858, -12.83299314 ], [ -38.89791297, -12.83305864 ], [ -38.89793693, -12.83307258 ], [ -38.8980384, -12.83303898 ], [ -38.89804006, -12.83303681 ], [ -38.89804679, -12.8330331 ], [ -38.89815731, -12.83296777 ], [ -38.89818265, -12.83297148 ], [ -38.89820422, -12.83297194 ], [ -38.89821555, -12.8329677 ], [ -38.89822062, -12.83296372 ], [ -38.89822726, -12.83294528 ], [ -38.89824496, -12.83294067 ], [ -38.89825436, -12.83294275 ], [ -38.8984064, -12.83297971 ], [ -38.89841534, -12.83296949 ], [ -38.89846905, -12.83302504 ], [ -38.89847136, -12.83301256 ], [ -38.89848316, -12.83300126 ], [ -38.89857844, -12.83300094 ], [ -38.89865164, -12.83293504 ], [ -38.89905078, -12.83312184 ], [ -38.89907024, -12.83309399 ], [ -38.89907051, -12.83309155 ], [ -38.89925967, -12.83318703 ], [ -38.89926713, -12.83319372 ], [ -38.89926464, -12.83319454 ], [ -38.89955027, -12.83332269 ], [ -38.89957342, -12.83350093 ], [ -38.89955507, -12.83353755 ], [ -38.89982524, -12.83360068 ], [ -38.89984082, -12.83360476 ], [ -38.89984948, -12.83360657 ], [ -38.89985657, -12.83360829 ], [ -38.89986348, -12.83361128 ], [ -38.89986763, -12.83361336 ], [ -38.89987307, -12.83361445 ], [ -38.89987574, -12.83361716 ], [ -38.89987896, -12.83361861 ], [ -38.89988173, -12.83362006 ], [ -38.89988523, -12.83362105 ], [ -38.89988689, -12.83362105 ], [ -38.89988762, -12.83362105 ], [ -38.89988855, -12.83362096 ], [ -38.89988919, -12.83362042 ], [ -38.89988974, -12.83361997 ], [ -38.89988984, -12.83361897 ], [ -38.89988965, -12.83361726 ], [ -38.89988965, -12.83361653 ], [ -38.89988938, -12.83361536 ], [ -38.89988947, -12.833614 ], [ -38.89988919, -12.83361255 ], [ -38.8998891, -12.8336112 ], [ -38.89988873, -12.83361002 ], [ -38.89988791, -12.83360866 ], [ -38.89988754, -12.83360749 ], [ -38.89988652, -12.83360604 ], [ -38.89988597, -12.83360541 ], [ -38.89988579, -12.83360459 ], [ -38.89988542, -12.83360306 ], [ -38.89988468, -12.83360206 ], [ -38.89988431, -12.83360098 ], [ -38.89988256, -12.83359835 ], [ -38.89985964, -12.83355042 ], [ -38.89986231, -12.83354951 ], [ -38.8998659, -12.83354861 ], [ -38.89987162, -12.83354979 ], [ -38.90006727, -12.83353558 ], [ -38.90006948, -12.83353341 ], [ -38.90006985, -12.83352997 ], [ -38.90014629, -12.8334251 ], [ -38.90035031, -12.83344318 ], [ -38.90035298, -12.8334429 ], [ -38.90035474, -12.83344146 ], [ -38.90038636, -12.83340168 ], [ -38.90058893, -12.83336242 ], [ -38.90073895, -12.83338644 ], [ -38.90086484, -12.83336623 ], [ -38.90088198, -12.83337357 ], [ -38.90088226, -12.83337158 ], [ -38.90088198, -12.83337103 ], [ -38.90089618, -12.83335865 ], [ -38.90089701, -12.83335856 ], [ -38.90089867, -12.83335847 ], [ -38.90098777, -12.83337496 ], [ -38.90101292, -12.83340508 ], [ -38.90102647, -12.83340066 ], [ -38.90108904, -12.83340077 ], [ -38.90118721, -12.83357199 ], [ -38.90118398, -12.8335898 ], [ -38.9011838, -12.83359107 ], [ -38.90118462, -12.83359089 ], [ -38.90118536, -12.83359062 ], [ -38.90118638, -12.83359053 ], [ -38.90120628, -12.83359026 ], [ -38.90130967, -12.83362114 ], [ -38.90142831, -12.83374869 ], [ -38.90143983, -12.83375801 ], [ -38.9014331, -12.83377193 ], [ -38.9014353, -12.83377962 ], [ -38.90146702, -12.83375413 ], [ -38.90146904, -12.83375467 ], [ -38.90147052, -12.83375585 ], [ -38.90147033, -12.83375594 ], [ -38.90147144, -12.8337563 ], [ -38.90147273, -12.83375567 ], [ -38.90147301, -12.83375585 ], [ -38.90147337, -12.83375603 ], [ -38.90147347, -12.83375639 ], [ -38.90147374, -12.83375666 ], [ -38.90147512, -12.83375775 ], [ -38.90147605, -12.83375721 ], [ -38.90147752, -12.83376263 ], [ -38.90147521, -12.83376679 ], [ -38.90147807, -12.83377231 ], [ -38.90148, -12.83377683 ], [ -38.90148673, -12.83378262 ], [ -38.90149272, -12.83377602 ], [ -38.90154444, -12.83371211 ], [ -38.90168382, -12.83360012 ], [ -38.90162116, -12.83359377 ], [ -38.90160632, -12.83359611 ], [ -38.90160834, -12.83362161 ], [ -38.90155332, -12.83363488 ], [ -38.90155203, -12.83362593 ], [ -38.9015536, -12.83362222 ], [ -38.9015536, -12.83361608 ], [ -38.90155434, -12.83361119 ], [ -38.90155646, -12.83360712 ], [ -38.90155647, -12.83360088 ], [ -38.90155849, -12.83359673 ], [ -38.90155923, -12.83359193 ], [ -38.90155924, -12.83358913 ], [ -38.90155924, -12.83358642 ], [ -38.90155998, -12.83358018 ], [ -38.90156063, -12.83356707 ], [ -38.90156414, -12.83353885 ], [ -38.90157985, -12.83342166 ], [ -38.90159146, -12.83342529 ], [ -38.90160243, -12.83342285 ], [ -38.90160851, -12.83342276 ], [ -38.90162925, -12.83341807 ], [ -38.90176197, -12.83311726 ], [ -38.90177967, -12.83310786 ], [ -38.90180399, -12.83312315 ], [ -38.90192267, -12.83316778 ], [ -38.90192811, -12.83316561 ], [ -38.90193143, -12.83316326 ], [ -38.901967, -12.83315441 ], [ -38.90210451, -12.83335612 ], [ -38.90210663, -12.8333591 ], [ -38.90210857, -12.83336254 ], [ -38.90211068, -12.83336598 ], [ -38.90211151, -12.83336788 ], [ -38.90211262, -12.83337032 ], [ -38.90211372, -12.83337267 ], [ -38.90211612, -12.83337457 ], [ -38.90211833, -12.83337692 ], [ -38.90211907, -12.83337936 ], [ -38.90212588, -12.83338705 ], [ -38.90234083, -12.83351301 ], [ -38.90245547, -12.83328273 ], [ -38.90242616, -12.83328751 ], [ -38.90237986, -12.83313675 ], [ -38.90238502, -12.83313856 ], [ -38.90259382, -12.8329831 ], [ -38.90265538, -12.83297354 ], [ -38.90265516, -12.83306939 ], [ -38.90267202, -12.83307718 ], [ -38.90268169, -12.83309219 ], [ -38.90269809, -12.83310395 ], [ -38.9027589, -12.83312496 ], [ -38.90295308, -12.83310161 ], [ -38.90303139, -12.83315029 ], [ -38.90309191, -12.83321668 ], [ -38.90317945, -12.83324683 ], [ -38.90335765, -12.83330531 ], [ -38.90343052, -12.83338003 ], [ -38.90343375, -12.83337786 ], [ -38.90345937, -12.83336819 ], [ -38.90349623, -12.83336604 ], [ -38.90349006, -12.8333598 ], [ -38.90349218, -12.83335808 ], [ -38.90349356, -12.83335826 ], [ -38.90349412, -12.83335826 ], [ -38.90349679, -12.83335808 ], [ -38.90349826, -12.83335799 ], [ -38.90374393, -12.83291652 ], [ -38.90373361, -12.83290829 ], [ -38.90373334, -12.83290639 ], [ -38.90373269, -12.83290521 ], [ -38.90373196, -12.83290214 ], [ -38.90374256, -12.83287393 ], [ -38.90375464, -12.83286986 ], [ -38.90376644, -12.83286272 ], [ -38.9037739, -12.83286318 ], [ -38.9037857, -12.83285097 ], [ -38.90384275, -12.83282812 ], [ -38.90384653, -12.83282766 ], [ -38.90386478, -12.83281646 ], [ -38.90390274, -12.83283745 ], [ -38.90390385, -12.83283447 ], [ -38.9041821, -12.83273302 ], [ -38.90421047, -12.83277951 ], [ -38.90431019, -12.83276906 ], [ -38.90436725, -12.83270361 ], [ -38.90437776, -12.8327065 ], [ -38.90439057, -12.83271058 ], [ -38.90441406, -12.83271764 ], [ -38.90443092, -12.83273962 ], [ -38.9047203, -12.83270618 ], [ -38.90473117, -12.83270672 ], [ -38.90474969, -12.83271279 ], [ -38.90475918, -12.83271695 ], [ -38.90478425, -12.83272058 ], [ -38.90479125, -12.83272067 ], [ -38.9048013, -12.83271823 ], [ -38.90480471, -12.83271778 ], [ -38.90365051, -12.83139186 ], [ -38.90357346, -12.82779051 ], [ -38.90348492, -12.82316126 ], [ -38.90778025, -12.81612384 ], [ -38.90775058, -12.81609326 ], [ -38.90730675, -12.81597971 ], [ -38.90730472, -12.81597844 ], [ -38.9072898, -12.81596596 ], [ -38.90723776, -12.8159002 ], [ -38.9072292, -12.81587117 ], [ -38.90719716, -12.81578878 ], [ -38.90718215, -12.81576671 ], [ -38.90710605, -12.81572228 ], [ -38.90707721, -12.81571332 ], [ -38.90699862, -12.81566645 ], [ -38.90697919, -12.81564221 ], [ -38.9069324, -12.81559806 ], [ -38.9069137, -12.81557083 ], [ -38.90687889, -12.81551656 ], [ -38.90686166, -12.81549042 ], [ -38.90684519, -12.81542992 ], [ -38.90685018, -12.81540062 ], [ -38.90686716, -12.8153187 ], [ -38.90689316, -12.81528914 ], [ -38.90693962, -12.81524132 ], [ -38.90695567, -12.81521347 ], [ -38.90698637, -12.81515579 ], [ -38.90700039, -12.81512424 ], [ -38.90703303, -12.81506457 ], [ -38.90705074, -12.81503536 ], [ -38.90707739, -12.81497253 ], [ -38.90709399, -12.81494025 ], [ -38.90713096, -12.81489604 ], [ -38.90719934, -12.81486686 ], [ -38.90728044, -12.81483261 ], [ -38.90731353, -12.81481373 ], [ -38.90736073, -12.81477486 ], [ -38.90738755, -12.81474475 ], [ -38.90741816, -12.81468988 ], [ -38.90741753, -12.81466383 ], [ -38.90743525, -12.81458046 ], [ -38.90742659, -12.8145744 ], [ -38.90740515, -12.81449337 ], [ -38.90738877, -12.81442907 ], [ -38.90737975, -12.81439796 ], [ -38.90736227, -12.81432534 ], [ -38.90733263, -12.81425235 ], [ -38.90733347, -12.81422061 ], [ -38.9073158, -12.81415767 ], [ -38.90730494, -12.81412502 ], [ -38.90727768, -12.81406388 ], [ -38.90726516, -12.81403512 ], [ -38.90723155, -12.81397796 ], [ -38.90714822, -12.81380268 ], [ -38.90713468, -12.8137712 ], [ -38.90710697, -12.81371341 ], [ -38.90709012, -12.81368501 ], [ -38.90706434, -12.8136321 ], [ -38.90705301, -12.81360442 ], [ -38.90702106, -12.81354762 ], [ -38.90700254, -12.81352184 ], [ -38.90697759, -12.81346143 ], [ -38.90696406, -12.81342959 ], [ -38.90693165, -12.81337134 ], [ -38.90691258, -12.81334168 ], [ -38.90687695, -12.81326986 ], [ -38.90686848, -12.81324671 ], [ -38.90684906, -12.81317807 ], [ -38.9067652, -12.8129535 ], [ -38.9067453, -12.8129261 ], [ -38.90672181, -12.81290077 ], [ -38.90666958, -12.81285915 ], [ -38.90663328, -12.81285155 ], [ -38.90655928, -12.81285685 ], [ -38.90653155, -12.81286064 ], [ -38.90649558, -12.81292248 ], [ -38.90646232, -12.81293233 ], [ -38.90640444, -12.81295265 ], [ -38.90637781, -12.81295454 ], [ -38.90631108, -12.81300462 ], [ -38.90629365, -12.81302722 ], [ -38.90621789, -12.81306617 ], [ -38.90621438, -12.81308425 ], [ -38.90614286, -12.8131374 ], [ -38.90612239, -12.81315765 ], [ -38.90606571, -12.8132013 ], [ -38.90602921, -12.81322842 ], [ -38.90598118, -12.8132615 ], [ -38.90598339, -12.81327986 ], [ -38.90597092, -12.81335988 ], [ -38.90597699, -12.81339868 ], [ -38.90596038, -12.81346152 ], [ -38.9059518, -12.81349271 ], [ -38.90590828, -12.81355753 ], [ -38.90588201, -12.81358022 ], [ -38.90584301, -12.81362398 ], [ -38.90584392, -12.81365445 ], [ -38.90578704, -12.81372144 ], [ -38.90576243, -12.8137359 ], [ -38.90571339, -12.8137943 ], [ -38.90568021, -12.81380025 ], [ -38.90562014, -12.81379806 ], [ -38.90559111, -12.81379651 ], [ -38.90550384, -12.81379775 ], [ -38.90548007, -12.81380552 ], [ -38.90539575, -12.81382457 ], [ -38.90537547, -12.813827 ], [ -38.90529734, -12.81381269 ], [ -38.9052708, -12.81381467 ], [ -38.90520095, -12.81381663 ], [ -38.90517377, -12.81381237 ], [ -38.90508604, -12.81380601 ], [ -38.90498903, -12.81375868 ], [ -38.90497715, -12.813748 ], [ -38.90495026, -12.8137073 ], [ -38.90489268, -12.81367409 ], [ -38.90486522, -12.81366531 ], [ -38.90480017, -12.81364711 ], [ -38.90476728, -12.81363489 ], [ -38.90470795, -12.81360304 ], [ -38.90467367, -12.81359525 ], [ -38.90460632, -12.81357579 ], [ -38.9044441, -12.81342109 ], [ -38.90445195, -12.8133927 ], [ -38.90444092, -12.81332252 ], [ -38.90436694, -12.81326887 ], [ -38.90433412, -12.81331417 ], [ -38.90427245, -12.81337039 ], [ -38.90422752, -12.81327778 ], [ -38.90411565, -12.8132809 ], [ -38.9041045, -12.813279 ], [ -38.90409151, -12.81326832 ], [ -38.90405496, -12.81319126 ], [ -38.90407665, -12.81309985 ], [ -38.90407195, -12.81309225 ], [ -38.90406864, -12.81307136 ], [ -38.90407181, -12.81299016 ], [ -38.90406859, -12.8129756 ], [ -38.90400724, -12.81290983 ], [ -38.9039867, -12.81288116 ], [ -38.90398267, -12.81282048 ], [ -38.90396722, -12.81274596 ], [ -38.90392025, -12.81268454 ], [ -38.90390515, -12.81265813 ], [ -38.90385854, -12.81259798 ], [ -38.90384813, -12.81258206 ], [ -38.90382245, -12.81250636 ], [ -38.90382348, -12.81247688 ], [ -38.90381411, -12.81239043 ], [ -38.90380776, -12.81236456 ], [ -38.90376752, -12.81230857 ], [ -38.90374458, -12.81228695 ], [ -38.90370536, -12.81220772 ], [ -38.90369891, -12.81218846 ], [ -38.90369655, -12.81211006 ], [ -38.90369537, -12.81206611 ], [ -38.90368543, -12.81201293 ], [ -38.90368287, -12.81198345 ], [ -38.90366298, -12.81192512 ], [ -38.90365599, -12.81189292 ], [ -38.90364441, -12.81182962 ], [ -38.90363861, -12.81180023 ], [ -38.90363505, -12.81173123 ], [ -38.90363275, -12.81169831 ], [ -38.90362827, -12.81162615 ], [ -38.90362137, -12.81159386 ], [ -38.90359845, -12.81152938 ], [ -38.90357911, -12.81150089 ], [ -38.90355287, -12.81143514 ], [ -38.90353961, -12.81140221 ], [ -38.90351476, -12.81133692 ], [ -38.90350878, -12.81130282 ], [ -38.90349526, -12.811235 ], [ -38.90348671, -12.8112028 ], [ -38.90346876, -12.81113606 ], [ -38.90346205, -12.81110151 ], [ -38.90345664, -12.81103369 ], [ -38.90345195, -12.81100122 ], [ -38.90343106, -12.81093583 ], [ -38.90342563, -12.81090246 ], [ -38.90341304, -12.81083654 ], [ -38.90340669, -12.81080181 ], [ -38.90340552, -12.81073299 ], [ -38.90340166, -12.81069881 ], [ -38.90339441, -12.81062936 ], [ -38.90339009, -12.81059725 ], [ -38.90337694, -12.81051469 ], [ -38.9033683, -12.81048132 ], [ -38.90336786, -12.81041304 ], [ -38.90336465, -12.81038112 ], [ -38.90337233, -12.81029142 ], [ -38.90339116, -12.81021158 ], [ -38.90339642, -12.81017622 ], [ -38.90339773, -12.81014294 ], [ -38.90339333, -12.81007322 ], [ -38.90339694, -12.81003877 ], [ -38.90339143, -12.80997149 ], [ -38.90341246, -12.80993071 ], [ -38.90344832, -12.8098885 ], [ -38.90347792, -12.80983479 ], [ -38.90352043, -12.80976075 ], [ -38.90353214, -12.80973941 ], [ -38.90357298, -12.80968092 ], [ -38.9035881, -12.80964909 ], [ -38.90360923, -12.80958688 ], [ -38.9036262, -12.80955913 ], [ -38.90365156, -12.80949575 ], [ -38.9036677, -12.80946338 ], [ -38.90370006, -12.80941592 ], [ -38.90374597, -12.80936484 ], [ -38.90377159, -12.80933483 ], [ -38.90379713, -12.80930599 ], [ -38.90384461, -12.8092513 ], [ -38.90386249, -12.80921993 ], [ -38.90389698, -12.80915782 ], [ -38.90391413, -12.80912527 ], [ -38.90395138, -12.80906252 ], [ -38.90397075, -12.80903061 ], [ -38.90400662, -12.80896398 ], [ -38.90402708, -12.8089336 ], [ -38.90406286, -12.80887131 ], [ -38.90408185, -12.80884093 ], [ -38.90410418, -12.80876733 ], [ -38.90410908, -12.80873026 ], [ -38.90413269, -12.80865792 ], [ -38.90414349, -12.80862392 ], [ -38.90416452, -12.80855367 ], [ -38.90417007, -12.80852003 ], [ -38.90419202, -12.80845439 ], [ -38.90420355, -12.80842003 ], [ -38.90422274, -12.80835185 ], [ -38.90423013, -12.80832147 ], [ -38.90425144, -12.80825429 ], [ -38.90425541, -12.80822092 ], [ -38.90427442, -12.80815284 ], [ -38.90428153, -12.80811667 ], [ -38.90430496, -12.80804831 ], [ -38.90431253, -12.80801251 ], [ -38.90430693, -12.80794776 ], [ -38.90430667, -12.80791439 ], [ -38.90432301, -12.80784395 ], [ -38.90431159, -12.80781275 ], [ -38.90428462, -12.80775116 ], [ -38.90426758, -12.80771869 ], [ -38.9042325, -12.80765212 ], [ -38.90423878, -12.80762273 ], [ -38.90424968, -12.80754895 ], [ -38.9042601, -12.80752933 ], [ -38.90427174, -12.80744749 ], [ -38.90457439, -12.80707377 ], [ -38.90490899, -12.80653132 ], [ -38.90491785, -12.80650627 ], [ -38.9048975, -12.80645147 ], [ -38.90489781, -12.80637252 ], [ -38.90488068, -12.80635027 ], [ -38.90486743, -12.80628552 ], [ -38.9048585, -12.80627213 ], [ -38.90485632, -12.80619301 ], [ -38.90484039, -12.8061694 ], [ -38.90482991, -12.80609253 ], [ -38.90482789, -12.80608602 ], [ -38.90479438, -12.80600317 ], [ -38.90474954, -12.80589347 ], [ -38.90473334, -12.80585901 ], [ -38.90469496, -12.80574831 ], [ -38.90469165, -12.80571937 ], [ -38.90466358, -12.80563834 ], [ -38.90465843, -12.80560605 ], [ -38.90463902, -12.80552249 ], [ -38.90464667, -12.80549871 ], [ -38.90461648, -12.80541605 ], [ -38.90461124, -12.80538765 ], [ -38.9045792, -12.80531077 ], [ -38.90457589, -12.80529151 ], [ -38.90456477, -12.80522115 ], [ -38.90456625, -12.80519801 ], [ -38.90451514, -12.8051308 ], [ -38.90449091, -12.80510664 ], [ -38.90442809, -12.80505634 ], [ -38.90441529, -12.80502614 ], [ -38.90437689, -12.80495975 ], [ -38.90434722, -12.80495377 ], [ -38.90430274, -12.80489063 ], [ -38.90430211, -12.80485663 ], [ -38.90429181, -12.80479387 ], [ -38.90424133, -12.80475804 ], [ -38.90418965, -12.80472158 ], [ -38.9040874, -12.80464992 ], [ -38.9040723, -12.80462505 ], [ -38.9040501, -12.80460325 ], [ -38.90402082, -12.80454817 ], [ -38.90401899, -12.80451805 ], [ -38.90402989, -12.80444617 ], [ -38.90402685, -12.80442302 ], [ -38.90398993, -12.8043645 ], [ -38.90396395, -12.80433519 ], [ -38.9039274, -12.80426048 ], [ -38.90392879, -12.80423426 ], [ -38.9039091, -12.80415359 ], [ -38.90391095, -12.8041468 ], [ -38.90390942, -12.80406162 ], [ -38.90391496, -12.80402717 ], [ -38.90390162, -12.80396649 ], [ -38.90390347, -12.80393393 ], [ -38.90388959, -12.80386846 ], [ -38.90388361, -12.80383346 ], [ -38.90385388, -12.80375242 ], [ -38.90383465, -12.803676 ], [ -38.90380332, -12.80366243 ], [ -38.90371727, -12.80364485 ], [ -38.90368594, -12.80363291 ], [ -38.90364938, -12.80359907 ], [ -38.90362637, -12.8035326 ], [ -38.90360841, -12.80351053 ], [ -38.90358494, -12.80342913 ], [ -38.90354902, -12.80337305 ], [ -38.90352241, -12.80333579 ], [ -38.90350482, -12.8033054 ], [ -38.90344799, -12.80326152 ], [ -38.90341749, -12.80324812 ], [ -38.90333734, -12.80322332 ], [ -38.90331016, -12.8032083 ], [ -38.90324493, -12.80319218 ], [ -38.90323148, -12.80318656 ], [ -38.90315474, -12.80314729 ], [ -38.90313677, -12.80313996 ], [ -38.90306648, -12.80309734 ], [ -38.9030417, -12.8030891 ], [ -38.90296928, -12.80306566 ], [ -38.90294496, -12.80304819 ], [ -38.90286812, -12.80303324 ], [ -38.90284785, -12.80302835 ], [ -38.90277267, -12.80299469 ], [ -38.90275001, -12.80298482 ], [ -38.9026798, -12.80296137 ], [ -38.90266322, -12.80297005 ], [ -38.90260196, -12.8029089 ], [ -38.90258677, -12.80288402 ], [ -38.90253713, -12.80281347 ], [ -38.90251466, -12.80279158 ], [ -38.90251892, -12.80271363 ], [ -38.90249608, -12.80268794 ], [ -38.90251408, -12.8026204 ], [ -38.90253712, -12.80259888 ], [ -38.90258995, -12.80252593 ], [ -38.90259742, -12.80250405 ], [ -38.90261449, -12.80243126 ], [ -38.90262261, -12.80240115 ], [ -38.90265176, -12.80233741 ], [ -38.90266476, -12.80230395 ], [ -38.90267907, -12.80223442 ], [ -38.90268516, -12.80219942 ], [ -38.90268648, -12.80213341 ], [ -38.90269322, -12.80210384 ], [ -38.90268744, -12.80203692 ], [ -38.90269556, -12.80200709 ], [ -38.90271705, -12.80194614 ], [ -38.90272112, -12.80190862 ], [ -38.90271073, -12.80184016 ], [ -38.90268752, -12.80181646 ], [ -38.90267087, -12.80175813 ], [ -38.90265531, -12.80173262 ], [ -38.90264327, -12.80164553 ], [ -38.90263305, -12.80161713 ], [ -38.90263667, -12.80154959 ], [ -38.90263604, -12.80151676 ], [ -38.90263367, -12.8014502 ], [ -38.90262668, -12.80141882 ], [ -38.90262311, -12.80135534 ], [ -38.90261353, -12.80133427 ], [ -38.90258297, -12.80124961 ], [ -38.90256603, -12.80121805 ], [ -38.90254616, -12.80114787 ], [ -38.90252848, -12.80111684 ], [ -38.90251072, -12.80105263 ], [ -38.90249884, -12.80101799 ], [ -38.90247261, -12.80095025 ], [ -38.90245696, -12.80092104 ], [ -38.90242657, -12.80085628 ], [ -38.90240475, -12.80082688 ], [ -38.90236174, -12.80076393 ], [ -38.90235751, -12.80074684 ], [ -38.9023169, -12.80066761 ], [ -38.9022995, -12.80063776 ], [ -38.90226174, -12.80057887 ], [ -38.9022413, -12.80054785 ], [ -38.90219046, -12.80049122 ], [ -38.90216255, -12.80047258 ], [ -38.90210718, -12.80043467 ], [ -38.90208121, -12.80041016 ], [ -38.90202787, -12.80037939 ], [ -38.90199332, -12.80038001 ], [ -38.90193555, -12.8003516 ], [ -38.90191677, -12.80032645 ], [ -38.90186712, -12.80028375 ], [ -38.90183478, -12.8002652 ], [ -38.90177278, -12.8002423 ], [ -38.90174929, -12.80022646 ], [ -38.90166232, -12.80020527 ], [ -38.90164038, -12.80021729 ], [ -38.90156224, -12.80022757 ], [ -38.90152851, -12.80022937 ], [ -38.9014561, -12.8002165 ], [ -38.90142634, -12.80020392 ], [ -38.90134028, -12.80019638 ], [ -38.90131144, -12.80019329 ], [ -38.90123617, -12.80017581 ], [ -38.90120162, -12.80016296 ], [ -38.90111934, -12.80013652 ], [ -38.90108949, -12.80012675 ], [ -38.90102389, -12.80011795 ], [ -38.90099929, -12.80011459 ], [ -38.90092503, -12.8000925 ], [ -38.90090513, -12.80008119 ], [ -38.90081944, -12.80007374 ], [ -38.90079088, -12.8000665 ], [ -38.90072057, -12.8000766 ], [ -38.90070002, -12.8000879 ], [ -38.90062493, -12.80007069 ], [ -38.90060476, -12.80006118 ], [ -38.9005835, -12.79998811 ], [ -38.90064242, -12.79987609 ], [ -38.90066482, -12.79985259 ], [ -38.90072344, -12.79980803 ], [ -38.9007534, -12.79978625 ], [ -38.90079212, -12.7997254 ], [ -38.90081305, -12.7996943 ], [ -38.90085509, -12.79963418 ], [ -38.90086625, -12.79959802 ], [ -38.9008508, -12.79952259 ], [ -38.90084096, -12.79948877 ], [ -38.90082615, -12.79941154 ], [ -38.9008305, -12.79937871 ], [ -38.90084609, -12.79931397 ], [ -38.90085339, -12.79928097 ], [ -38.90086751, -12.79921324 ], [ -38.90087692, -12.79917988 ], [ -38.90089096, -12.79911034 ], [ -38.90090377, -12.79908069 ], [ -38.90093319, -12.79901586 ], [ -38.90095071, -12.79898621 ], [ -38.90098115, -12.79891858 ], [ -38.9009924, -12.7988834 ], [ -38.90100855, -12.79881161 ], [ -38.90101925, -12.79877834 ], [ -38.90102223, -12.79870355 ], [ -38.90102013, -12.79866666 ], [ -38.90101223, -12.79859567 ], [ -38.90100948, -12.79856194 ], [ -38.90099633, -12.79849131 ], [ -38.90098989, -12.79845694 ], [ -38.90097941, -12.79839599 ], [ -38.90097196, -12.79836696 ], [ -38.9009519, -12.79830591 ], [ -38.90093892, -12.798272 ], [ -38.90090882, -12.79820552 ], [ -38.90089178, -12.79816988 ], [ -38.90086177, -12.79810874 ], [ -38.90084179, -12.798076 ], [ -38.90080707, -12.79801648 ], [ -38.90078396, -12.7979822 ], [ -38.90072196, -12.79794149 ], [ -38.90068751, -12.79792248 ], [ -38.90062063, -12.79788792 ], [ -38.90058783, -12.79787343 ], [ -38.90053238, -12.79783317 ], [ -38.90050834, -12.79780631 ], [ -38.90046091, -12.79775366 ], [ -38.90043917, -12.79772064 ], [ -38.9003887, -12.79767369 ], [ -38.9003618, -12.79764936 ], [ -38.90032036, -12.79759508 ], [ -38.90029964, -12.79756659 ], [ -38.9002394, -12.79752072 ], [ -38.90020402, -12.79750741 ], [ -38.90014469, -12.79746977 ], [ -38.90011927, -12.797443 ], [ -38.90006677, -12.79739532 ], [ -38.9000443, -12.79736674 ], [ -38.90000415, -12.79730478 ], [ -38.89998426, -12.79727375 ], [ -38.89993333, -12.79721921 ], [ -38.89990827, -12.79719523 ], [ -38.89985845, -12.79714249 ], [ -38.89983404, -12.79711599 ], [ -38.89978928, -12.79705927 ], [ -38.8997275, -12.7969359 ], [ -38.89970743, -12.79690967 ], [ -38.89964565, -12.79678133 ], [ -38.89962641, -12.79673276 ], [ -38.89961435, -12.7967003 ], [ -38.89959024, -12.7966312 ], [ -38.89956318, -12.79656915 ], [ -38.89954385, -12.79650087 ], [ -38.89953015, -12.79644317 ], [ -38.89952189, -12.79635365 ], [ -38.89952946, -12.79631911 ], [ -38.89954257, -12.79624912 ], [ -38.89954793, -12.796204 ], [ -38.89954879, -12.79614142 ], [ -38.89955027, -12.7961057 ], [ -38.89955104, -12.79603616 ], [ -38.89954451, -12.79600424 ], [ -38.89952132, -12.79593261 ], [ -38.89951257, -12.79590819 ], [ -38.89947399, -12.79584271 ], [ -38.89945309, -12.79581367 ], [ -38.89939294, -12.79576491 ], [ -38.89936549, -12.79574048 ], [ -38.89930636, -12.79569343 ], [ -38.89920855, -12.79558307 ], [ -38.89918967, -12.7955506 ], [ -38.8991439, -12.79549949 ], [ -38.89912225, -12.79547136 ], [ -38.8990704, -12.79541907 ], [ -38.89904046, -12.79539483 ], [ -38.89898916, -12.79534516 ], [ -38.89895959, -12.79532227 ], [ -38.89890516, -12.79527351 ], [ -38.89888582, -12.79524791 ], [ -38.8988371, -12.79519128 ], [ -38.89881085, -12.79516975 ], [ -38.89875484, -12.79512334 ], [ -38.89872454, -12.79509891 ], [ -38.89867342, -12.79504771 ], [ -38.8986515, -12.79501822 ], [ -38.89859863, -12.79496422 ], [ -38.89857155, -12.79494033 ], [ -38.89852154, -12.79488886 ], [ -38.89848222, -12.79483468 ], [ -38.89846629, -12.79481442 ], [ -38.89843848, -12.79475707 ], [ -38.89841381, -12.79471411 ], [ -38.89838305, -12.79467268 ], [ -38.89835028, -12.79459201 ], [ -38.89834163, -12.79455583 ], [ -38.8983013, -12.79448628 ], [ -38.89829108, -12.79446701 ], [ -38.89825379, -12.79440795 ], [ -38.89824339, -12.79437548 ], [ -38.8982225, -12.7943176 ], [ -38.89821265, -12.79428775 ], [ -38.89821444, -12.79420094 ], [ -38.89821574, -12.79417897 ], [ -38.89822277, -12.79410165 ], [ -38.89822711, -12.79408013 ], [ -38.89822419, -12.79401023 ], [ -38.8982265, -12.79398844 ], [ -38.89823519, -12.79391619 ], [ -38.89824256, -12.79391031 ], [ -38.89827881, -12.79383156 ], [ -38.8983083, -12.79380833 ], [ -38.89832878, -12.79373853 ], [ -38.89833792, -12.79370083 ], [ -38.89833426, -12.79362921 ], [ -38.89832092, -12.79359646 ], [ -38.89831385, -12.79352204 ], [ -38.898317, -12.79348379 ], [ -38.89831832, -12.79341353 ], [ -38.89831843, -12.79337582 ], [ -38.89832306, -12.79330655 ], [ -38.89832639, -12.79327174 ], [ -38.89833444, -12.79320048 ], [ -38.89832606, -12.79317127 ], [ -38.89830139, -12.79310733 ], [ -38.89828915, -12.79307178 ], [ -38.89826937, -12.79300269 ], [ -38.89826072, -12.79296869 ], [ -38.89823606, -12.79290746 ], [ -38.89822879, -12.79287372 ], [ -38.89820181, -12.79282126 ], [ -38.89817704, -12.79278608 ], [ -38.89814887, -12.79272041 ], [ -38.89815801, -12.79268705 ], [ -38.89814349, -12.79259924 ], [ -38.8981247, -12.79257057 ], [ -38.89810215, -12.79250771 ], [ -38.89808272, -12.79247795 ], [ -38.8980481, -12.79241934 ], [ -38.89801918, -12.79239346 ], [ -38.89795027, -12.79236658 ], [ -38.89791507, -12.79236838 ], [ -38.897834, -12.79234221 ], [ -38.8977964, -12.7923469 ], [ -38.89771884, -12.79230156 ], [ -38.89768844, -12.79228111 ], [ -38.89762875, -12.79224022 ], [ -38.89759983, -12.79222203 ], [ -38.89754493, -12.79218095 ], [ -38.89751232, -12.79215779 ], [ -38.89745825, -12.79212757 ], [ -38.89742665, -12.79212077 ], [ -38.89735976, -12.79209932 ], [ -38.89732622, -12.79209234 ], [ -38.89724255, -12.79211157 ], [ -38.89721463, -12.79213064 ], [ -38.89714948, -12.79213369 ], [ -38.89711945, -12.7921174 ], [ -38.8970465, -12.79206754 ], [ -38.89702596, -12.79204927 ], [ -38.89695973, -12.79200936 ], [ -38.89693098, -12.79201197 ], [ -38.8968523, -12.79197821 ], [ -38.89683065, -12.79196934 ], [ -38.89676618, -12.79191434 ], [ -38.89674232, -12.7919033 ], [ -38.89667507, -12.79186601 ], [ -38.89665029, -12.79185642 ], [ -38.8965798, -12.79186308 ], [ -38.8965611, -12.79185087 ], [ -38.89648953, -12.79179911 ], [ -38.89646742, -12.79178789 ], [ -38.89642304, -12.79171408 ], [ -38.89640785, -12.79168406 ], [ -38.89639028, -12.79162364 ], [ -38.89633907, -12.79155264 ], [ -38.89633045, -12.79147242 ], [ -38.89633525, -12.79143164 ], [ -38.89633473, -12.79135975 ], [ -38.89633392, -12.79132258 ], [ -38.89632381, -12.79125548 ], [ -38.8963123, -12.79122563 ], [ -38.896288, -12.79116314 ], [ -38.89627926, -12.79112832 ], [ -38.89625303, -12.79106646 ], [ -38.89624162, -12.79103326 ], [ -38.89621677, -12.79095702 ], [ -38.89620996, -12.79093098 ], [ -38.89617581, -12.79084732 ], [ -38.89616818, -12.79082688 ], [ -38.89613144, -12.79075244 ], [ -38.8961227, -12.7907188 ], [ -38.89611177, -12.79065043 ], [ -38.89609621, -12.79062293 ], [ -38.89606961, -12.79053738 ], [ -38.89605986, -12.79050599 ], [ -38.89602359, -12.79042387 ], [ -38.89601669, -12.79039086 ], [ -38.8959759, -12.79033532 ], [ -38.89595665, -12.79030529 ], [ -38.89592636, -12.79025066 ], [ -38.89592849, -12.79021955 ], [ -38.89591812, -12.7901331 ], [ -38.89590624, -12.79011031 ], [ -38.89586978, -12.79003894 ], [ -38.89585643, -12.79001525 ], [ -38.8958396, -12.7899457 ], [ -38.89583022, -12.78991052 ], [ -38.89581006, -12.78984558 ], [ -38.8958075, -12.78981438 ], [ -38.89580964, -12.78974855 ], [ -38.89580837, -12.78971654 ], [ -38.89579678, -12.78965758 ], [ -38.89581255, -12.78963371 ], [ -38.89583524, -12.78957033 ], [ -38.89583958, -12.78953977 ], [ -38.89587581, -12.7894886 ], [ -38.89588762, -12.78945722 ], [ -38.89591962, -12.78938688 ], [ -38.895948, -12.78937794 ], [ -38.89596849, -12.78929304 ], [ -38.8959732, -12.78926907 ], [ -38.89601166, -12.78919259 ], [ -38.89601894, -12.7891802 ], [ -38.89607047, -12.78911502 ], [ -38.89608716, -12.78908781 ], [ -38.89612846, -12.78904044 ], [ -38.89614256, -12.78902381 ], [ -38.89618801, -12.78896857 ], [ -38.89620082, -12.78895836 ], [ -38.89620528, -12.78887698 ], [ -38.89619653, -12.78884885 ], [ -38.8961515, -12.7888 ], [ -38.89613631, -12.78876952 ], [ -38.89606492, -12.7887203 ], [ -38.89604669, -12.78869334 ], [ -38.89598931, -12.78864015 ], [ -38.89597061, -12.78861365 ], [ -38.89592531, -12.78854707 ], [ -38.89590477, -12.78851867 ], [ -38.89587568, -12.78846404 ], [ -38.8958568, -12.78843934 ], [ -38.89578984, -12.78837909 ], [ -38.89580082, -12.78834473 ], [ -38.89578261, -12.78825819 ], [ -38.89578003, -12.78825647 ], [ -38.89570146, -12.78821421 ], [ -38.89567059, -12.78821673 ], [ -38.89559642, -12.78821425 ], [ -38.89558214, -12.78820313 ], [ -38.89550419, -12.78821494 ], [ -38.89548649, -12.78823447 ], [ -38.89541259, -12.78823995 ], [ -38.89532131, -12.78816495 ], [ -38.89484992, -12.78798789 ], [ -38.89477879, -12.78797746 ], [ -38.89471569, -12.78793195 ], [ -38.89465638, -12.78787079 ], [ -38.89462358, -12.78786156 ], [ -38.89453642, -12.78786252 ], [ -38.89452536, -12.78786604 ], [ -38.89445259, -12.78782369 ], [ -38.89442911, -12.78779727 ], [ -38.89436831, -12.78776578 ], [ -38.89434123, -12.78774434 ], [ -38.89429371, -12.78768916 ], [ -38.89426091, -12.78767784 ], [ -38.89419404, -12.787625 ], [ -38.89415564, -12.78757109 ], [ -38.89409991, -12.78753689 ], [ -38.89400106, -12.78750674 ], [ -38.89386823, -12.7874375 ], [ -38.89370131, -12.78733842 ], [ -38.89369165, -12.78731942 ], [ -38.89367206, -12.78723939 ], [ -38.89367355, -12.78718169 ], [ -38.89365662, -12.78714199 ], [ -38.8935785, -12.78711239 ], [ -38.89355601, -12.78711355 ], [ -38.89349116, -12.78708224 ], [ -38.89346758, -12.7870608 ], [ -38.89341269, -12.78701321 ], [ -38.89338192, -12.78699186 ], [ -38.8933297, -12.78694988 ], [ -38.89331009, -12.78692111 ], [ -38.89326404, -12.78686421 ], [ -38.8932506, -12.78682867 ], [ -38.89322271, -12.78676319 ], [ -38.89320679, -12.78673063 ], [ -38.89316932, -12.78664904 ], [ -38.89317062, -12.78662074 ], [ -38.89317996, -12.78654343 ], [ -38.89316993, -12.78651295 ], [ -38.89313034, -12.78645985 ], [ -38.89310004, -12.78642376 ], [ -38.89304238, -12.78637102 ], [ -38.89291115, -12.7862147 ], [ -38.8929105, -12.78621778 ], [ -38.89282778, -12.78617578 ], [ -38.89280152, -12.78617252 ], [ -38.89276955, -12.78617368 ], [ -38.89269991, -12.78614824 ], [ -38.89263957, -12.78611385 ], [ -38.89260318, -12.78610136 ], [ -38.89257462, -12.78608968 ], [ -38.89251918, -12.78604535 ], [ -38.89249164, -12.78602463 ], [ -38.89245729, -12.78596846 ], [ -38.89243151, -12.78592504 ], [ -38.89239809, -12.78587701 ], [ -38.89237562, -12.78584942 ], [ -38.89233713, -12.78579777 ], [ -38.89230802, -12.78577931 ], [ -38.89224934, -12.78574113 ], [ -38.89221978, -12.7857205 ], [ -38.89216737, -12.78567318 ], [ -38.89214167, -12.78564613 ], [ -38.89209185, -12.78559439 ], [ -38.89206827, -12.78556761 ], [ -38.8920272, -12.78551089 ], [ -38.89200768, -12.78548394 ], [ -38.89195647, -12.7854359 ], [ -38.8919399, -12.78540705 ], [ -38.89188353, -12.78536208 ], [ -38.89185775, -12.78533856 ], [ -38.89179741, -12.78530173 ], [ -38.89176554, -12.78527974 ], [ -38.89170604, -12.78523758 ], [ -38.89167914, -12.78521424 ], [ -38.8916296, -12.78516077 ], [ -38.89160344, -12.78513381 ], [ -38.89156062, -12.78507321 ], [ -38.89153981, -12.7850439 ], [ -38.89149626, -12.78498574 ], [ -38.89147563, -12.78495535 ], [ -38.89143078, -12.7848979 ], [ -38.89141163, -12.7848686 ], [ -38.89137591, -12.78480809 ], [ -38.89135344, -12.78477941 ], [ -38.89129762, -12.78473454 ], [ -38.89126851, -12.78472042 ], [ -38.89120338, -12.78471343 ], [ -38.89117545, -12.78472734 ], [ -38.89112273, -12.78478121 ], [ -38.89111341, -12.78480753 ], [ -38.89108335, -12.78486367 ], [ -38.8910229, -12.7848707 ], [ -38.89096874, -12.78484364 ], [ -38.89096709, -12.7848137 ], [ -38.89094768, -12.78475501 ], [ -38.89091599, -12.78474071 ], [ -38.89085879, -12.78469104 ], [ -38.89078391, -12.78442759 ], [ -38.89073593, -12.78436517 ], [ -38.89070968, -12.78434825 ], [ -38.89065552, -12.78430772 ], [ -38.89062493, -12.78429776 ], [ -38.89056239, -12.78426961 ], [ -38.89053051, -12.78425612 ], [ -38.89046824, -12.78423503 ], [ -38.89043378, -12.7842247 ], [ -38.89036718, -12.78419375 ], [ -38.89033585, -12.78419428 ], [ -38.89027551, -12.78417246 ], [ -38.89024668, -12.78415942 ], [ -38.89017777, -12.78413516 ], [ -38.89014396, -12.78412204 ], [ -38.89007469, -12.78409687 ], [ -38.89003793, -12.78408917 ], [ -38.88996699, -12.78407982 ], [ -38.8899329, -12.78407926 ], [ -38.88986416, -12.78409361 ], [ -38.88983687, -12.78411431 ], [ -38.8898058, -12.78417742 ], [ -38.88979841, -12.78421277 ], [ -38.88973085, -12.78426619 ], [ -38.88970026, -12.78426174 ], [ -38.88962904, -12.78426841 ], [ -38.8895991, -12.7842627 ], [ -38.88953379, -12.78422234 ], [ -38.88943059, -12.78422645 ], [ -38.88935608, -12.78417524 ], [ -38.88931931, -12.7841755 ], [ -38.88930083, -12.78408958 ], [ -38.88931899, -12.78407006 ], [ -38.88936748, -12.78402558 ], [ -38.88937522, -12.78400443 ], [ -38.88934448, -12.78392999 ], [ -38.88931437, -12.78390394 ], [ -38.88926316, -12.7838502 ], [ -38.88923415, -12.78382514 ], [ -38.88918064, -12.78377439 ], [ -38.88915273, -12.78375348 ], [ -38.88908217, -12.78372804 ], [ -38.88904559, -12.78371446 ], [ -38.88897374, -12.78368206 ], [ -38.8889392, -12.7836645 ], [ -38.88886909, -12.78363563 ], [ -38.8888339, -12.78362277 ], [ -38.88876103, -12.78360068 ], [ -38.88872547, -12.78358547 ], [ -38.88865297, -12.7835745 ], [ -38.88861934, -12.78357512 ], [ -38.88855338, -12.78354588 ], [ -38.88852178, -12.78352877 ], [ -38.88845343, -12.78349547 ], [ -38.88841926, -12.78348316 ], [ -38.88834832, -12.78345699 ], [ -38.88831249, -12.78344468 ], [ -38.88824948, -12.78341065 ], [ -38.88821899, -12.78339608 ], [ -38.88816031, -12.78336314 ], [ -38.88812595, -12.78335354 ], [ -38.88805566, -12.78333 ], [ -38.88803181, -12.78330675 ], [ -38.88796797, -12.78328574 ], [ -38.88793222, -12.78327867 ], [ -38.88786165, -12.78325413 ], [ -38.88782858, -12.78323947 ], [ -38.88776594, -12.78322226 ], [ -38.88773969, -12.78320977 ], [ -38.8876589, -12.78317049 ], [ -38.8876391, -12.78315683 ], [ -38.88757554, -12.7831077 ], [ -38.88755031, -12.78308617 ], [ -38.88750905, -12.78303316 ], [ -38.88748631, -12.78300484 ], [ -38.88744358, -12.78295798 ], [ -38.88742645, -12.78293428 ], [ -38.88738216, -12.78288019 ], [ -38.8873642, -12.78285124 ], [ -38.88733226, -12.78279525 ], [ -38.88731495, -12.78276712 ], [ -38.88726973, -12.78271954 ], [ -38.88723777, -12.78270234 ], [ -38.88716793, -12.78268468 ], [ -38.88685633, -12.78185504 ], [ -38.88611884, -12.78068874 ], [ -38.88607554, -12.78069251 ], [ -38.88538416, -12.7794471 ], [ -38.88518137, -12.77862637 ], [ -38.88518019, -12.77859752 ], [ -38.88517799, -12.77857582 ], [ -38.88516484, -12.77850049 ], [ -38.88514036, -12.7784483 ], [ -38.88512029, -12.77840805 ], [ -38.88509921, -12.77838317 ], [ -38.88508523, -12.77831326 ], [ -38.8850728, -12.77829942 ], [ -38.88503874, -12.77822996 ], [ -38.88502779, -12.77821431 ], [ -38.88498092, -12.77814638 ], [ -38.88496178, -12.77810161 ], [ -38.88495148, -12.77805503 ], [ -38.88495038, -12.77803224 ], [ -38.88492323, -12.77796233 ], [ -38.88491771, -12.77795048 ], [ -38.88487039, -12.77788192 ], [ -38.88486118, -12.77786826 ], [ -38.88481302, -12.7778062 ], [ -38.88480519, -12.77780231 ], [ -38.88473934, -12.77774712 ], [ -38.88472029, -12.77769376 ], [ -38.88469682, -12.77763985 ], [ -38.88468448, -12.77762818 ], [ -38.88464397, -12.77755917 ], [ -38.88463301, -12.77754542 ], [ -38.88458781, -12.77748038 ], [ -38.88457851, -12.77746554 ], [ -38.88452611, -12.77740927 ], [ -38.88450889, -12.77739245 ], [ -38.88445565, -12.77735056 ], [ -38.88432247, -12.77724289 ], [ -38.88426242, -12.77720361 ], [ -38.88424299, -12.77719004 ], [ -38.88417087, -12.77714326 ], [ -38.88414379, -12.77712959 ], [ -38.88408797, -12.77709873 ], [ -38.88406144, -12.77708118 ], [ -38.88400516, -12.77703992 ], [ -38.88398131, -12.77702553 ], [ -38.88389775, -12.77701726 ], [ -38.88387463, -12.7770054 ], [ -38.88378794, -12.77698014 ], [ -38.88375653, -12.77697108 ], [ -38.88367223, -12.77695088 ], [ -38.88360268, -12.77694045 ], [ -38.883572, -12.77693456 ], [ -38.88354593, -12.77692577 ], [ -38.88346422, -12.77689544 ], [ -38.88334592, -12.77689042 ], [ -38.88328013, -12.7768931 ], [ -38.88317921, -12.77697417 ], [ -38.88313627, -12.77698799 ], [ -38.88312687, -12.77698889 ], [ -38.88304154, -12.77701082 ], [ -38.88295824, -12.77705157 ], [ -38.88292885, -12.77704224 ], [ -38.88285255, -12.77707151 ], [ -38.88282629, -12.77707828 ], [ -38.88274023, -12.77709316 ], [ -38.88270835, -12.7771021 ], [ -38.88262219, -12.77712946 ], [ -38.88258911, -12.77713216 ], [ -38.88250221, -12.7771578 ], [ -38.88249521, -12.77716901 ], [ -38.88243023, -12.77722216 ], [ -38.88241401, -12.77722902 ], [ -38.88233863, -12.77725259 ], [ -38.8821582, -12.77733019 ], [ -38.88211387, -12.77734301 ], [ -38.88193944, -12.77739366 ], [ -38.88192552, -12.77740261 ], [ -38.88184334, -12.7774032 ], [ -38.88183403, -12.77740781 ], [ -38.88176022, -12.77744576 ], [ -38.88012795, -12.77884206 ], [ -38.87981911, -12.77943142 ], [ -38.87977476, -12.77949904 ], [ -38.87971312, -12.77950752 ], [ -38.87968518, -12.77954042 ], [ -38.87957688, -12.77963243 ], [ -38.87955265, -12.77964245 ], [ -38.87936076, -12.7797696 ], [ -38.87936499, -12.77977765 ], [ -38.87922514, -12.77996577 ], [ -38.87897676, -12.78012408 ], [ -38.87890495, -12.78018428 ], [ -38.87885886, -12.78023562 ], [ -38.87866404, -12.78033518 ], [ -38.87866026, -12.78034187 ], [ -38.87864275, -12.78035353 ], [ -38.87865008, -12.78044062 ], [ -38.87839158, -12.78055371 ], [ -38.87838412, -12.78055263 ], [ -38.87835887, -12.78055732 ], [ -38.87828027, -12.7805713 ], [ -38.87721937, -12.78087293 ], [ -38.8768132, -12.78132696 ], [ -38.87678573, -12.78268401 ], [ -38.87682937, -12.78276415 ], [ -38.87684152, -12.78278568 ], [ -38.87686166, -12.78285017 ], [ -38.87690715, -12.78291611 ], [ -38.87694802, -12.78299236 ], [ -38.87696772, -12.78303343 ], [ -38.87716194, -12.78341314 ], [ -38.87716516, -12.78342896 ], [ -38.87716534, -12.78344361 ], [ -38.87719478, -12.78352103 ], [ -38.8771945, -12.78353252 ], [ -38.8772151, -12.783615 ], [ -38.87721472, -12.78363019 ], [ -38.87720086, -12.78370831 ], [ -38.8771992, -12.78372124 ], [ -38.87721187, -12.78380363 ], [ -38.87723472, -12.7838173 ], [ -38.87728739, -12.78387375 ], [ -38.87727817, -12.78388604 ], [ -38.87731416, -12.78396871 ], [ -38.8773195, -12.78397522 ], [ -38.87734351, -12.78406024 ], [ -38.87735336, -12.78407806 ], [ -38.87738732, -12.7841421 ], [ -38.87744987, -12.78416799 ], [ -38.87748459, -12.7841973 ], [ -38.8774997, -12.7842097 ], [ -38.87756851, -12.7842469 ], [ -38.87758629, -12.78424917 ], [ -38.87767621, -12.78426413 ], [ -38.8776927, -12.78425582 ], [ -38.87776826, -12.78423605 ], [ -38.87769865, -12.78434833 ], [ -38.87769182, -12.78435972 ], [ -38.87767708, -12.78437382 ], [ -38.87768109, -12.78445937 ], [ -38.87770596, -12.78446761 ], [ -38.87776342, -12.78453772 ], [ -38.87777363, -12.78456801 ], [ -38.87784105, -12.78461706 ], [ -38.87786988, -12.78463624 ], [ -38.87792441, -12.7846756 ], [ -38.87795526, -12.78469859 ], [ -38.87799671, -12.78474129 ], [ -38.87801642, -12.78475143 ], [ -38.87807453, -12.78481466 ], [ -38.87808815, -12.78483936 ], [ -38.87817014, -12.78487557 ], [ -38.87820244, -12.78494621 ], [ -38.87821137, -12.78497361 ], [ -38.87821559, -12.78500264 ], [ -38.87821012, -12.78506512 ], [ -38.87820136, -12.78509532 ], [ -38.87821845, -12.78518395 ], [ -38.87821936, -12.78520819 ], [ -38.87826917, -12.78528019 ], [ -38.87828943, -12.78530968 ], [ -38.87831548, -12.78536919 ], [ -38.8783303, -12.78538927 ], [ -38.87835836, -12.78546832 ], [ -38.87835724, -12.78549961 ], [ -38.87835039, -12.78558 ], [ -38.87835544, -12.78560731 ], [ -38.87836278, -12.78568481 ], [ -38.87833503, -12.78571572 ], [ -38.87832192, -12.7857735 ], [ -38.87832357, -12.78577685 ], [ -38.87835809, -12.78585943 ], [ -38.87835107, -12.78588755 ], [ -38.87837683, -12.78596469 ], [ -38.87838233, -12.7860157 ], [ -38.87841188, -12.78608507 ], [ -38.87840615, -12.78611889 ], [ -38.87840548, -12.78617857 ], [ -38.87839468, -12.78621049 ], [ -38.87835706, -12.78627739 ], [ -38.87834193, -12.78630758 ], [ -38.87831213, -12.78638715 ], [ -38.8782772, -12.78640377 ], [ -38.87821324, -12.78643829 ], [ -38.87817896, -12.78645509 ], [ -38.87813332, -12.7865322 ], [ -38.87814381, -12.78655626 ], [ -38.87814911, -12.78664416 ], [ -38.87813749, -12.78666694 ], [ -38.87811553, -12.78672852 ], [ -38.8781146, -12.7867523 ], [ -38.87806988, -12.78681757 ], [ -38.87805025, -12.78683239 ], [ -38.87798297, -12.78685786 ], [ -38.87796722, -12.78686183 ], [ -38.87788835, -12.78686062 ], [ -38.87786927, -12.78686811 ], [ -38.87779839, -12.78692361 ], [ -38.87776356, -12.78693326 ], [ -38.87771158, -12.78696426 ], [ -38.87770263, -12.78699364 ], [ -38.87766979, -12.78705756 ], [ -38.87765172, -12.78708685 ], [ -38.87757808, -12.78713438 ], [ -38.87754933, -12.78715047 ], [ -38.87750655, -12.78719168 ], [ -38.87748618, -12.78722332 ], [ -38.87747784, -12.78730787 ], [ -38.87747046, -12.78734069 ], [ -38.87747668, -12.78743076 ], [ -38.87748754, -12.7874522 ], [ -38.87747359, -12.787523 ], [ -38.87747146, -12.78754705 ], [ -38.8774693, -12.7876325 ], [ -38.87746708, -12.78765692 ], [ -38.87745709, -12.78772772 ], [ -38.87744925, -12.78775349 ], [ -38.87743816, -12.7878185 ], [ -38.87743667, -12.78785305 ], [ -38.87745304, -12.78792449 ], [ -38.8774579, -12.78796039 ], [ -38.87744892, -12.78804666 ], [ -38.87746042, -12.78807895 ], [ -38.87744537, -12.78815228 ], [ -38.8774402, -12.78818519 ], [ -38.87744891, -12.78825618 ], [ -38.87746235, -12.78829028 ], [ -38.87749015, -12.78835323 ], [ -38.8774999, -12.78838651 ], [ -38.87752788, -12.78844811 ], [ -38.87754795, -12.78847615 ], [ -38.87758726, -12.78853332 ], [ -38.87760743, -12.78856263 ], [ -38.87765136, -12.78860045 ], [ -38.8776813, -12.78860779 ], [ -38.87769812, -12.78869198 ], [ -38.87770133, -12.78872364 ], [ -38.87771153, -12.78879056 ], [ -38.87771511, -12.78882384 ], [ -38.87771286, -12.78888551 ], [ -38.87770658, -12.78891444 ], [ -38.87768517, -12.78899916 ], [ -38.87768885, -12.78901662 ], [ -38.87771064, -12.78909349 ], [ -38.87772004, -12.78910941 ], [ -38.87774377, -12.78918122 ], [ -38.87774349, -12.78920401 ], [ -38.87773083, -12.78927563 ], [ -38.87772888, -12.78930031 ], [ -38.87772415, -12.78936732 ], [ -38.87773123, -12.78939635 ], [ -38.87778852, -12.78943345 ], [ -38.87781191, -12.78945788 ], [ -38.87784552, -12.78951143 ], [ -38.87784781, -12.78954145 ], [ -38.87784629, -12.78962329 ], [ -38.877839, -12.78965041 ], [ -38.87782183, -12.78972438 ], [ -38.87782449, -12.78974545 ], [ -38.87785634, -12.78981075 ], [ -38.87784444, -12.78984158 ], [ -38.87785776, -12.78992216 ], [ -38.87783757, -12.78994367 ], [ -38.8777667, -12.78998397 ], [ -38.87774476, -12.78999861 ], [ -38.87766349, -12.79001033 ], [ -38.87764277, -12.78999051 ], [ -38.87757211, -12.78995802 ], [ -38.87755489, -12.78994553 ], [ -38.87749788, -12.78989758 ], [ -38.87747208, -12.78988934 ], [ -38.87738548, -12.78987383 ], [ -38.877356, -12.78987373 ], [ -38.87726883, -12.78988562 ], [ -38.87724275, -12.78988769 ], [ -38.87715338, -12.78988684 ], [ -38.87712334, -12.78988899 ], [ -38.87704898, -12.7898961 ], [ -38.87702235, -12.78990043 ], [ -38.87695446, -12.789855 ], [ -38.87694581, -12.78983185 ], [ -38.87691378, -12.78976275 ], [ -38.87690753, -12.78973299 ], [ -38.87687763, -12.78965123 ], [ -38.87685995, -12.78962572 ], [ -38.87680044, -12.78959043 ], [ -38.87677954, -12.78956908 ], [ -38.8767192, -12.7895308 ], [ -38.87669037, -12.78951188 ], [ -38.8766375, -12.78948392 ], [ -38.87660655, -12.78947341 ], [ -38.87654925, -12.78944029 ], [ -38.87651931, -12.78942789 ], [ -38.87645907, -12.78940019 ], [ -38.8764259, -12.78938715 ], [ -38.87636972, -12.7893477 ], [ -38.87634319, -12.7893286 ], [ -38.87627678, -12.78928987 ], [ -38.87625126, -12.78927656 ], [ -38.87618982, -12.78924832 ], [ -38.87615869, -12.78923004 ], [ -38.87609641, -12.7892046 ], [ -38.87606444, -12.78919798 ], [ -38.87599765, -12.789189 ], [ -38.87596319, -12.78918835 ], [ -38.87589676, -12.78918814 ], [ -38.87586423, -12.78918839 ], [ -38.87579863, -12.78918873 ], [ -38.87576389, -12.78919341 ], [ -38.87569773, -12.78920143 ], [ -38.87566336, -12.78920295 ], [ -38.87559554, -12.78921214 ], [ -38.87556034, -12.78921674 ], [ -38.87549547, -12.78923778 ], [ -38.87546855, -12.78925721 ], [ -38.87540331, -12.78927933 ], [ -38.87536921, -12.78928646 ], [ -38.87532082, -12.78933029 ], [ -38.87528967, -12.78934565 ], [ -38.87523565, -12.78938966 ], [ -38.87521031, -12.78941045 ], [ -38.87516154, -12.78945745 ], [ -38.87514061, -12.78948891 ], [ -38.87513256, -12.78955745 ], [ -38.87513936, -12.7895873 ], [ -38.87516384, -12.78964536 ], [ -38.87513831, -12.78966886 ], [ -38.87508052, -12.78971387 ], [ -38.87505941, -12.78972561 ], [ -38.87499426, -12.78975126 ], [ -38.87496689, -12.78976102 ], [ -38.87488405, -12.7897731 ], [ -38.87486368, -12.78977842 ], [ -38.87477846, -12.78976464 ], [ -38.87474714, -12.78974726 ], [ -38.87468193, -12.78970237 ], [ -38.87466231, -12.78969305 ], [ -38.87462807, -12.78961545 ], [ -38.8746197, -12.78958669 ], [ -38.87459864, -12.78951659 ], [ -38.87458335, -12.78948964 ], [ -38.87455069, -12.78940562 ], [ -38.87452628, -12.78938273 ], [ -38.87446216, -12.78936967 ], [ -38.87443075, -12.78935808 ], [ -38.87438691, -12.78931285 ], [ -38.87436195, -12.7892971 ], [ -38.87429969, -12.78923287 ], [ -38.87427796, -12.7892117 ], [ -38.87421718, -12.78914629 ], [ -38.87420476, -12.78911635 ], [ -38.87413301, -12.78906776 ], [ -38.87411467, -12.78906766 ], [ -38.87402906, -12.78908597 ], [ -38.87400953, -12.789096 ], [ -38.87394133, -12.78912834 ], [ -38.87393174, -12.78913729 ], [ -38.87385837, -12.78918916 ], [ -38.8738498, -12.78919431 ], [ -38.87381327, -12.78927468 ], [ -38.87380791, -12.78930986 ], [ -38.87379635, -12.78939721 ], [ -38.87378851, -12.78940679 ], [ -38.87372022, -12.78944881 ], [ -38.87365055, -12.78948115 ], [ -38.87359616, -12.78953899 ], [ -38.87357727, -12.78954025 ], [ -38.87350934, -12.78957729 ], [ -38.87349716, -12.78961934 ], [ -38.87347934, -12.7896905 ], [ -38.87349434, -12.78971754 ], [ -38.87350241, -12.78980743 ], [ -38.87350156, -12.78983773 ], [ -38.87350244, -12.78992192 ], [ -38.87350731, -12.78995212 ], [ -38.87352249, -12.79001136 ], [ -38.87351943, -12.79004048 ], [ -38.873504, -12.79012656 ], [ -38.87349938, -12.79015205 ], [ -38.87350635, -12.79022766 ], [ -38.87349703, -12.79025596 ], [ -38.87352472, -12.79033745 ], [ -38.87354064, -12.79036711 ], [ -38.87356448, -12.79042419 ], [ -38.87356474, -12.7904543 ], [ -38.87358544, -12.79051743 ], [ -38.8735998, -12.79054728 ], [ -38.87363746, -12.79060535 ], [ -38.87364665, -12.79063501 ], [ -38.87367003, -12.79069579 ], [ -38.87367941, -12.79072691 ], [ -38.87373696, -12.7907972 ], [ -38.87375252, -12.79081836 ], [ -38.87377046, -12.79088357 ], [ -38.87376971, -12.79091522 ], [ -38.87379603, -12.79097781 ], [ -38.87381251, -12.7910063 ], [ -38.87385099, -12.79106148 ], [ -38.87387116, -12.79108862 ], [ -38.87390411, -12.79114715 ], [ -38.87391718, -12.79117835 ], [ -38.87394627, -12.79124022 ], [ -38.8739574, -12.7912726 ], [ -38.87399072, -12.79133302 ], [ -38.87400269, -12.79136757 ], [ -38.87402716, -12.79143251 ], [ -38.87403544, -12.79146615 ], [ -38.87404241, -12.79153388 ], [ -38.87404746, -12.79156762 ], [ -38.87406917, -12.79163102 ], [ -38.87407726, -12.79166403 ], [ -38.87407069, -12.7917295 ], [ -38.87407104, -12.79176323 ], [ -38.8740781, -12.79182997 ], [ -38.87407938, -12.79186342 ], [ -38.87408847, -12.79192772 ], [ -38.87408882, -12.79196317 ], [ -38.87410363, -12.79201744 ], [ -38.87410702, -12.79205243 ], [ -38.87412127, -12.79211809 ], [ -38.87412798, -12.79215255 ], [ -38.87412472, -12.79222136 ], [ -38.87412765, -12.79225546 ], [ -38.87413867, -12.79232211 ], [ -38.87414492, -12.79235693 ], [ -38.874174, -12.79242051 ], [ -38.8741844, -12.79245406 ], [ -38.87420445, -12.79252045 ], [ -38.87421107, -12.79255192 ], [ -38.87422891, -12.79261993 ], [ -38.87423258, -12.79265493 ], [ -38.87423697, -12.7927242 ], [ -38.87425731, -12.79277431 ], [ -38.87428464, -12.79284431 ], [ -38.87428453, -12.79287605 ], [ -38.87429242, -12.79294533 ], [ -38.87429572, -12.79297797 ], [ -38.87432573, -12.79304083 ], [ -38.87433124, -12.79307845 ], [ -38.87435434, -12.79313923 ], [ -38.87436842, -12.79317071 ], [ -38.8744011, -12.79322869 ], [ -38.87441417, -12.79326044 ], [ -38.8744403, -12.79332655 ], [ -38.87443383, -12.79336164 ], [ -38.874462, -12.79342432 ], [ -38.87447175, -12.79345633 ], [ -38.87451539, -12.7935306 ], [ -38.87457329, -12.7938171 ], [ -38.87458066, -12.79382624 ], [ -38.87458624, -12.79390681 ], [ -38.87460383, -12.79391867 ], [ -38.87466646, -12.79397684 ], [ -38.87469327, -12.79399232 ], [ -38.87473037, -12.794056 ], [ -38.87473036, -12.79408041 ], [ -38.87478183, -12.79413985 ], [ -38.8747915, -12.79415695 ], [ -38.87480565, -12.79424096 ], [ -38.87479992, -12.79427279 ], [ -38.87480559, -12.7943568 ], [ -38.87480116, -12.79438058 ], [ -38.87480167, -12.79446025 ], [ -38.87479641, -12.79448349 ], [ -38.87473354, -12.79454504 ], [ -38.87471916, -12.79455769 ], [ -38.87463883, -12.79451723 ], [ -38.87461211, -12.79451206 ], [ -38.87452062, -12.79450867 ], [ -38.87449066, -12.7945243 ], [ -38.87443673, -12.79457646 ], [ -38.87441663, -12.79460403 ], [ -38.87434761, -12.79462525 ], [ -38.8743266, -12.79463699 ], [ -38.87425048, -12.79465414 ], [ -38.8742151, -12.79465837 ], [ -38.87416011, -12.79462262 ], [ -38.87414473, -12.79459486 ], [ -38.87411592, -12.79453407 ], [ -38.87408847, -12.79451534 ], [ -38.87403828, -12.79446793 ], [ -38.87401765, -12.79444143 ], [ -38.87397096, -12.79439357 ], [ -38.87394102, -12.79439265 ], [ -38.87386636, -12.79444362 ], [ -38.87385123, -12.79446893 ], [ -38.87379002, -12.79452931 ], [ -38.87377214, -12.79454603 ], [ -38.87372457, -12.79460469 ], [ -38.87369893, -12.79464148 ], [ -38.87365441, -12.79468424 ], [ -38.87363283, -12.79470964 ], [ -38.87361851, -12.79478459 ], [ -38.87362901, -12.79480838 ], [ -38.87363238, -12.79488606 ], [ -38.87402131, -12.79486635 ], [ -38.87407751, -12.79489043 ], [ -38.87409693, -12.79492264 ], [ -38.87412537, -12.79498242 ], [ -38.87415061, -12.79500703 ], [ -38.87419665, -12.79506095 ], [ -38.87422299, -12.79508474 ], [ -38.8742741, -12.79514174 ], [ -38.87437386, -12.79539725 ], [ -38.87436397, -12.7954458 ], [ -38.8743634, -12.79549066 ], [ -38.87436625, -12.79550721 ], [ -38.87442114, -12.79556185 ], [ -38.87441946, -12.79560453 ], [ -38.87435539, -12.79566093 ], [ -38.87415446, -12.7956035 ], [ -38.87408067, -12.79557109 ], [ -38.87405717, -12.79557714 ], [ -38.87400518, -12.79562341 ], [ -38.87395571, -12.79560241 ], [ -38.87391498, -12.79561632 ], [ -38.87385234, -12.79558382 ], [ -38.87381908, -12.79557657 ], [ -38.87375301, -12.7955911 ], [ -38.87379783, -12.79568716 ], [ -38.87381382, -12.79576837 ], [ -38.87379036, -12.79588284 ], [ -38.8737863, -12.79589306 ], [ -38.87378317, -12.79589496 ], [ -38.87373964, -12.79597433 ], [ -38.87371569, -12.79596781 ], [ -38.87365374, -12.79603171 ], [ -38.87362009, -12.79605241 ], [ -38.87361361, -12.796129 ], [ -38.87361108, -12.79620088 ], [ -38.87363437, -12.79625452 ], [ -38.87366707, -12.79627452 ], [ -38.87370002, -12.79633549 ], [ -38.87373447, -12.79635947 ], [ -38.87375775, -12.79642865 ], [ -38.87379211, -12.79644386 ], [ -38.87376194, -12.79652605 ], [ -38.87376561, -12.79655806 ], [ -38.87379027, -12.79662237 ], [ -38.87379266, -12.79664552 ], [ -38.87379741, -12.79672202 ], [ -38.87381381, -12.79673126 ], [ -38.87387847, -12.79676791 ], [ -38.87390638, -12.79678167 ], [ -38.87395168, -12.79685792 ], [ -38.87396429, -12.79689066 ], [ -38.87398388, -12.79695659 ], [ -38.87399068, -12.79699105 ], [ -38.87397959, -12.79705299 ], [ -38.87397332, -12.79707098 ], [ -38.87398498, -12.79714586 ], [ -38.87398948, -12.79717932 ], [ -38.87399765, -12.79724091 ], [ -38.87401174, -12.79727049 ], [ -38.87406322, -12.79732079 ], [ -38.87408045, -12.79731212 ], [ -38.87414119, -12.79727209 ], [ -38.8741752, -12.79725166 ], [ -38.8742468, -12.797246 ], [ -38.87428209, -12.7972462 ], [ -38.87434963, -12.79725681 ], [ -38.87438491, -12.79725909 ], [ -38.87446848, -12.79727939 ], [ -38.87444847, -12.79730406 ], [ -38.87448501, -12.7973766 ], [ -38.87446092, -12.79746368 ], [ -38.8745351, -12.7974544 ], [ -38.87454877, -12.79757458 ], [ -38.87453483, -12.79763779 ], [ -38.87453555, -12.79766528 ], [ -38.87454408, -12.79775209 ], [ -38.87453558, -12.79778537 ], [ -38.87449299, -12.79783861 ], [ -38.87446626, -12.79784673 ], [ -38.87438968, -12.7978703 ], [ -38.87436747, -12.79788241 ], [ -38.87437231, -12.79796217 ], [ -38.8743779, -12.79802348 ], [ -38.8743084, -12.79807128 ], [ -38.87428849, -12.79808493 ], [ -38.8742192, -12.79809656 ], [ -38.87410494, -12.79810067 ], [ -38.87404449, -12.79811384 ], [ -38.8740361, -12.79811474 ], [ -38.87395236, -12.79809363 ], [ -38.87392365, -12.79800075 ], [ -38.87389933, -12.79799703 ], [ -38.87377526, -12.79790808 ], [ -38.87382275, -12.79782988 ], [ -38.8738038, -12.79777733 ], [ -38.8737934, -12.79774161 ], [ -38.87373529, -12.79768678 ], [ -38.87365942, -12.7975634 ], [ -38.87361053, -12.79749718 ], [ -38.87359543, -12.79746869 ], [ -38.87355787, -12.79741586 ], [ -38.87355078, -12.79738719 ], [ -38.8735264, -12.79732279 ], [ -38.87342282, -12.79716784 ], [ -38.87340643, -12.79714504 ], [ -38.87336596, -12.79700269 ], [ -38.8733668, -12.79698207 ], [ -38.87335477, -12.79689607 ], [ -38.87328731, -12.79655313 ], [ -38.8732203, -12.79640696 ], [ -38.87321665, -12.79633064 ], [ -38.87320519, -12.79621588 ], [ -38.87314637, -12.7957383 ], [ -38.87299409, -12.79531574 ], [ -38.87290815, -12.79526334 ], [ -38.87288384, -12.79523268 ], [ -38.87278999, -12.79514908 ], [ -38.8727025, -12.79506304 ], [ -38.87269541, -12.79504974 ], [ -38.87249506, -12.79474472 ], [ -38.87247195, -12.79472119 ], [ -38.87223107, -12.79457241 ], [ -38.87217452, -12.79453278 ], [ -38.87206408, -12.7944659 ], [ -38.8720124, -12.79444553 ], [ -38.87192699, -12.7944359 ], [ -38.87181086, -12.79450077 ], [ -38.87177889, -12.7944965 ], [ -38.87174876, -12.79449694 ], [ -38.87170192, -12.79454801 ], [ -38.87156241, -12.7945701 ], [ -38.87153826, -12.79459821 ], [ -38.87141533, -12.79461533 ], [ -38.87092027, -12.79476936 ], [ -38.87089436, -12.7948114 ], [ -38.87083159, -12.79485161 ], [ -38.87074996, -12.79484867 ], [ -38.87069496, -12.79483617 ], [ -38.87067405, -12.79481002 ], [ -38.87062479, -12.79474028 ], [ -38.87061485, -12.79471893 ], [ -38.87056578, -12.79465199 ], [ -38.87054323, -12.79460197 ], [ -38.87051634, -12.79457221 ], [ -38.87048921, -12.79446685 ], [ -38.87043809, -12.79442513 ], [ -38.87042152, -12.7943932 ], [ -38.87039566, -12.79433224 ], [ -38.8703411, -12.79417387 ], [ -38.87033863, -12.79413924 ], [ -38.87032365, -12.79407702 ], [ -38.87024847, -12.79387379 ], [ -38.87024028, -12.79385922 ], [ -38.87021767, -12.7937535 ], [ -38.87021612, -12.79371733 ], [ -38.87021467, -12.79365873 ], [ -38.87020967, -12.79353294 ], [ -38.87020119, -12.7935323 ], [ -38.87031199, -12.79327084 ], [ -38.87033522, -12.79323866 ], [ -38.87034123, -12.79321153 ], [ -38.87035886, -12.79314562 ], [ -38.87036459, -12.79311424 ], [ -38.8703531, -12.79305528 ], [ -38.87029485, -12.79291744 ], [ -38.87030122, -12.79288136 ], [ -38.87028202, -12.79277826 ], [ -38.87026031, -12.79271269 ], [ -38.87027002, -12.79264216 ], [ -38.87024369, -12.79259992 ], [ -38.87021109, -12.792564 ], [ -38.87019276, -12.79255269 ], [ -38.87013612, -12.79248972 ], [ -38.87011641, -12.79248899 ], [ -38.87004428, -12.79244202 ], [ -38.8700219, -12.79242437 ], [ -38.86994314, -12.79238771 ], [ -38.86989524, -12.7923677 ], [ -38.86983092, -12.7923778 ], [ -38.86978716, -12.79236385 ], [ -38.86976472, -12.7922764 ], [ -38.86947037, -12.79221259 ], [ -38.86940265, -12.79220008 ], [ -38.86937935, -12.79218795 ], [ -38.86931239, -12.79213764 ], [ -38.86927056, -12.79214358 ], [ -38.86922199, -12.79216526 ], [ -38.86910452, -12.79214974 ], [ -38.86909788, -12.79215137 ], [ -38.86907466, -12.79215199 ], [ -38.86900197, -12.79214291 ], [ -38.86898271, -12.79214172 ], [ -38.86889572, -12.79216474 ], [ -38.86864086, -12.79216714 ], [ -38.86860475, -12.79215872 ], [ -38.86855, -12.79217994 ], [ -38.86848856, -12.79215414 ], [ -38.86835719, -12.79211654 ], [ -38.86824857, -12.79209234 ], [ -38.86817053, -12.79207802 ], [ -38.86813257, -12.79208044 ], [ -38.86805988, -12.79205789 ], [ -38.86804376, -12.7920473 ], [ -38.86795965, -12.79202809 ], [ -38.8679228, -12.79202698 ], [ -38.86785646, -12.79201456 ], [ -38.86783223, -12.7920122 ], [ -38.86774461, -12.79201134 ], [ -38.8677013, -12.79201964 ], [ -38.86761874, -12.79202104 ], [ -38.86756161, -12.79202065 ], [ -38.86750493, -12.79204414 ], [ -38.86746245, -12.79205768 ], [ -38.86741489, -12.79207927 ], [ -38.8673701, -12.79210049 ], [ -38.86732068, -12.79216684 ], [ -38.86730086, -12.79219812 ], [ -38.86726111, -12.79225815 ], [ -38.86723383, -12.7922821 ], [ -38.86718892, -12.79234637 ], [ -38.86716689, -12.79236761 ], [ -38.86712779, -12.79242827 ], [ -38.86710787, -12.79245864 ], [ -38.86704814, -12.7925126 ], [ -38.86700859, -12.79254613 ], [ -38.86695889, -12.79260913 ], [ -38.86692589, -12.7926366 ], [ -38.86686681, -12.79268486 ], [ -38.86684128, -12.79269624 ], [ -38.86677566, -12.79272605 ], [ -38.86671685, -12.7927725 ], [ -38.86669289, -12.79277765 ], [ -38.866655, -12.79281271 ], [ -38.86661915, -12.79283657 ], [ -38.86655394, -12.79295174 ], [ -38.86649562, -12.79294402 ], [ -38.86645258, -12.79296779 ], [ -38.86639185, -12.79298186 ], [ -38.86633645, -12.79303238 ], [ -38.8662981, -12.79306573 ], [ -38.8662581, -12.79310026 ], [ -38.86621901, -12.79312664 ], [ -38.86618058, -12.79315474 ], [ -38.86611457, -12.79321304 ], [ -38.86607199, -12.79324593 ], [ -38.86604054, -12.79329719 ], [ -38.86600026, -12.79333461 ], [ -38.86596707, -12.7933666 ], [ -38.86595129, -12.7934062 ], [ -38.8659226, -12.79347157 ], [ -38.86590581, -12.7935061 ], [ -38.86588413, -12.79357265 ], [ -38.86585499, -12.79361622 ], [ -38.86582316, -12.79369307 ], [ -38.8658108, -12.79371847 ], [ -38.86577123, -12.79379387 ], [ -38.86576616, -12.79380291 ], [ -38.8657335, -12.79387822 ], [ -38.86570538, -12.79390823 ], [ -38.86564334, -12.79396191 ], [ -38.86564297, -12.79396471 ], [ -38.86557568, -12.794024 ], [ -38.86554775, -12.79404704 ], [ -38.86547189, -12.79408697 ], [ -38.8654576, -12.7941056 ], [ -38.86539262, -12.79415286 ], [ -38.86535667, -12.79416884 ], [ -38.86529713, -12.79421475 ], [ -38.86527582, -12.79425335 ], [ -38.86522208, -12.79429492 ], [ -38.86522134, -12.79430641 ], [ -38.86518776, -12.79438398 ], [ -38.86518157, -12.79441933 ], [ -38.86513758, -12.79447809 ], [ -38.865135, -12.79449346 ], [ -38.86507038, -12.79454796 ], [ -38.8650606, -12.79456278 ], [ -38.86501458, -12.79463763 ], [ -38.86499292, -12.79466719 ], [ -38.86496718, -12.79471728 ], [ -38.86496505, -12.79473816 ], [ -38.86491186, -12.79479104 ], [ -38.86489361, -12.79480333 ], [ -38.86483829, -12.79485765 ], [ -38.86481561, -12.79489272 ], [ -38.86479467, -12.79494389 ], [ -38.86473144, -12.79496719 ], [ -38.86468047, -12.79501464 ], [ -38.8646624, -12.79502322 ], [ -38.8645942, -12.79504968 ], [ -38.86449347, -12.79509087 ], [ -38.86446481, -12.79509429 ], [ -38.86445523, -12.79509519 ], [ -38.86438324, -12.79514977 ], [ -38.86436665, -12.7951513 ], [ -38.86427507, -12.79514194 ], [ -38.86425848, -12.79515468 ], [ -38.86420878, -12.79521216 ], [ -38.86419643, -12.79521822 ], [ -38.864139, -12.79527561 ], [ -38.86413125, -12.79528845 ], [ -38.86406737, -12.79533697 ], [ -38.86404368, -12.79535523 ], [ -38.86398303, -12.7953996 ], [ -38.86396154, -12.79543757 ], [ -38.86391018, -12.79550419 ], [ -38.86388225, -12.7955247 ], [ -38.86382998, -12.79558101 ], [ -38.86381431, -12.79559981 ], [ -38.86377879, -12.79567919 ], [ -38.86376155, -12.79570151 ], [ -38.86370567, -12.79576931 ], [ -38.86367525, -12.79578891 ], [ -38.86362326, -12.79583392 ], [ -38.86357698, -12.79588128 ], [ -38.86357336, -12.79593291 ], [ -38.86355897, -12.79596998 ], [ -38.86352778, -12.79604891 ], [ -38.86350242, -12.79608977 ], [ -38.86348027, -12.79616554 ], [ -38.86346541, -12.79621355 ], [ -38.8634157, -12.79628686 ], [ -38.8633803, -12.79632229 ], [ -38.86335153, -12.79636243 ], [ -38.86332166, -12.79638981 ], [ -38.86328754, -12.79643781 ], [ -38.8632737, -12.79647624 ], [ -38.86324088, -12.79651881 ], [ -38.86322601, -12.79657143 ], [ -38.86321114, -12.79663689 ], [ -38.86320423, -12.79664611 ], [ -38.86317138, -12.79672586 ], [ -38.86314981, -12.79674384 ], [ -38.86308741, -12.79679137 ], [ -38.86305339, -12.79683214 ], [ -38.86305445, -12.79690077 ], [ -38.86303582, -12.79694706 ], [ -38.86300824, -12.7970023 ], [ -38.86297458, -12.79704759 ], [ -38.86293649, -12.79712045 ], [ -38.86289029, -12.79717821 ], [ -38.86284964, -12.79721509 ], [ -38.86281876, -12.79724057 ], [ -38.86275653, -12.79730158 ], [ -38.86272416, -12.79735094 ], [ -38.86270174, -12.79740853 ], [ -38.86251146, -12.79758513 ], [ -38.86248648, -12.79760103 ], [ -38.86240179, -12.79763481 ], [ -38.86235321, -12.79766797 ], [ -38.86230084, -12.79773648 ], [ -38.86221811, -12.79770208 ], [ -38.86217812, -12.79770387 ], [ -38.86209612, -12.79770283 ], [ -38.86207462, -12.79775156 ], [ -38.8620545, -12.79781114 ], [ -38.86199476, -12.79787133 ], [ -38.86193165, -12.79786687 ], [ -38.86185239, -12.79788365 ], [ -38.86179296, -12.79789275 ], [ -38.86176243, -12.79794356 ], [ -38.86139347, -12.79816428 ], [ -38.86127339, -12.79819632 ], [ -38.86119385, -12.79822503 ], [ -38.86108798, -12.79823384 ], [ -38.86104455, -12.79828301 ], [ -38.86103401, -12.79835833 ], [ -38.86107663, -12.79843703 ], [ -38.86104981, -12.79844497 ], [ -38.86097266, -12.79848291 ], [ -38.86095631, -12.79856474 ], [ -38.86094817, -12.79863111 ], [ -38.86100538, -12.79865076 ], [ -38.86107752, -12.79864863 ], [ -38.86113243, -12.79866575 ], [ -38.86121821, -12.79866616 ], [ -38.8613225, -12.79871007 ], [ -38.86137104, -12.79873144 ], [ -38.86144077, -12.79877831 ], [ -38.8614822, -12.79883124 ], [ -38.86145158, -12.79889217 ], [ -38.86148517, -12.79897095 ], [ -38.86154256, -12.7989878 ], [ -38.86161682, -12.79901533 ], [ -38.86166535, -12.79905551 ], [ -38.86173655, -12.79910989 ], [ -38.86176353, -12.79914843 ], [ -38.86180441, -12.79920244 ], [ -38.86183856, -12.79925553 ], [ -38.8618694, -12.79932093 ], [ -38.86191681, -12.79938444 ], [ -38.86197198, -12.79944216 ], [ -38.8620288, -12.79948948 ], [ -38.86208646, -12.79954151 ], [ -38.86210155, -12.79957145 ], [ -38.86216317, -12.79961814 ], [ -38.86217173, -12.79962502 ], [ -38.86222901, -12.79969468 ], [ -38.86225581, -12.79971061 ], [ -38.862332, -12.799731 ], [ -38.86239862, -12.79973989 ], [ -38.86242359, -12.79974533 ], [ -38.8624466, -12.79978676 ], [ -38.86244822, -12.79985802 ], [ -38.86245236, -12.79986019 ], [ -38.86248835, -12.79994286 ], [ -38.86248465, -12.79995877 ], [ -38.86246572, -12.80004033 ], [ -38.86242387, -12.80007413 ], [ -38.86247395, -12.80014993 ], [ -38.86248786, -12.80016396 ], [ -38.86251158, -12.80025015 ], [ -38.86251554, -12.80026941 ], [ -38.86250822, -12.80034257 ], [ -38.86248599, -12.80037375 ], [ -38.86250456, -12.80045714 ], [ -38.86251513, -12.80050353 ], [ -38.86254506, -12.80054478 ], [ -38.86254514, -12.80056224 ], [ -38.86255569, -12.80064987 ], [ -38.86258043, -12.80072539 ], [ -38.86259495, -12.8008132 ], [ -38.86259951, -12.80089106 ], [ -38.86261248, -12.80093999 ], [ -38.86267763, -12.80109014 ], [ -38.8627023, -12.80113753 ], [ -38.8627319, -12.80126759 ], [ -38.86276357, -12.80132602 ], [ -38.86276032, -12.80136988 ], [ -38.86277926, -12.80144304 ], [ -38.86279624, -12.80155654 ], [ -38.86280021, -12.80155754 ], [ -38.86289689, -12.80185148 ], [ -38.8629426, -12.80200831 ], [ -38.86293096, -12.80205858 ], [ -38.86298658, -12.8023072 ], [ -38.86298533, -12.80238939 ], [ -38.86301794, -12.80241853 ], [ -38.86302864, -12.80256666 ], [ -38.86302576, -12.80261169 ], [ -38.86303707, -12.80265591 ], [ -38.863089, -12.80272539 ], [ -38.86316147, -12.80280347 ], [ -38.86321045, -12.80288777 ], [ -38.86325612, -12.80294088 ], [ -38.86332077, -12.80300566 ], [ -38.86339298, -12.80307307 ], [ -38.86345154, -12.80314978 ], [ -38.86351249, -12.80323834 ], [ -38.86362526, -12.8034434 ], [ -38.86366496, -12.80362455 ], [ -38.86366319, -12.80367555 ], [ -38.86367379, -12.80384032 ], [ -38.86370257, -12.80394243 ], [ -38.86374049, -12.80403269 ], [ -38.86373381, -12.8041167 ], [ -38.86376206, -12.80417965 ], [ -38.86372492, -12.80419636 ], [ -38.86376791, -12.80427515 ], [ -38.86383219, -12.80434761 ], [ -38.86389103, -12.80441067 ], [ -38.86393514, -12.80446631 ], [ -38.86399592, -12.80453199 ], [ -38.86409786, -12.80465213 ], [ -38.86416325, -12.80471556 ], [ -38.86421714, -12.80473457 ], [ -38.86443505, -12.80492712 ], [ -38.86448717, -12.80498999 ], [ -38.8645452, -12.80504256 ], [ -38.86459181, -12.80506112 ], [ -38.8646245, -12.80509975 ], [ -38.86469025, -12.80517059 ], [ -38.86472009, -12.80520524 ], [ -38.86475176, -12.80526485 ], [ -38.86481539, -12.80533596 ], [ -38.86487425, -12.80538238 ], [ -38.86493218, -12.80543477 ], [ -38.86498532, -12.8054886 ], [ -38.86499838, -12.8055199 ], [ -38.86508813, -12.80552021 ], [ -38.86524872, -12.80556596 ], [ -38.86532202, -12.80563961 ], [ -38.86539792, -12.80570385 ], [ -38.86546533, -12.80577731 ], [ -38.86552308, -12.80582554 ], [ -38.86563717, -12.80595889 ], [ -38.86564445, -12.80596586 ], [ -38.86571694, -12.80602694 ], [ -38.86578112, -12.80610383 ], [ -38.86578764, -12.80614344 ], [ -38.86584316, -12.80622929 ], [ -38.86588202, -12.80627787 ], [ -38.86594547, -12.80634816 ], [ -38.86598653, -12.80641845 ], [ -38.86605257, -12.80647373 ], [ -38.86606718, -12.80655277 ], [ -38.86610032, -12.80661139 ], [ -38.86613676, -12.80670428 ], [ -38.86620299, -12.80675396 ], [ -38.86621338, -12.80678163 ], [ -38.8662619, -12.80685581 ], [ -38.86629551, -12.80690086 ], [ -38.86634201, -12.80697314 ], [ -38.86637516, -12.80700643 ], [ -38.86648179, -12.80715542 ], [ -38.86652566, -12.80731098 ], [ -38.8667993, -12.80790542 ], [ -38.86682817, -12.80801322 ], [ -38.86679959, -12.8080511 ], [ -38.8668236, -12.80811549 ], [ -38.86686561, -12.80814255 ], [ -38.8668909, -12.80823878 ], [ -38.86694769, -12.80835022 ], [ -38.86698065, -12.80841643 ], [ -38.86700568, -12.80848164 ], [ -38.86703255, -12.80853799 ], [ -38.86702699, -12.80860481 ], [ -38.86703994, -12.80868015 ], [ -38.86706995, -12.80874464 ], [ -38.86709488, -12.80882441 ], [ -38.86708701, -12.80890136 ], [ -38.86712956, -12.80893728 ], [ -38.86718658, -12.80896833 ], [ -38.86714371, -12.80901108 ], [ -38.86717602, -12.80908235 ], [ -38.86718804, -12.80917514 ], [ -38.86721352, -12.80926097 ], [ -38.86725439, -12.80934156 ], [ -38.86727518, -12.80940487 ], [ -38.86729081, -12.8094746 ], [ -38.86732283, -12.80955899 ], [ -38.8673483, -12.8096629 ], [ -38.86738023, -12.80975543 ], [ -38.86741243, -12.80984714 ], [ -38.86743874, -12.80993704 ], [ -38.86745178, -12.81002458 ], [ -38.86745426, -12.81004031 ], [ -38.86751928, -12.81010645 ], [ -38.86749622, -12.81014577 ], [ -38.86753166, -12.81021904 ], [ -38.86754757, -12.81027828 ], [ -38.86756034, -12.81034393 ], [ -38.8675698, -12.81040344 ], [ -38.86757502, -12.81047823 ], [ -38.867589, -12.81052878 ], [ -38.86762187, -12.81057176 ], [ -38.86763244, -12.81061725 ], [ -38.86764318, -12.81070705 ], [ -38.86767106, -12.81129955 ], [ -38.86767097, -12.81148945 ], [ -38.86776901, -12.8118372 ], [ -38.86784188, -12.81206249 ], [ -38.86787826, -12.81225711 ], [ -38.86790425, -12.81244142 ], [ -38.86805005, -12.81274352 ], [ -38.86813859, -12.81295345 ], [ -38.86817471, -12.81313396 ], [ -38.86816944, -12.81334385 ], [ -38.86815885, -12.81350254 ], [ -38.86808567, -12.81388647 ], [ -38.86800206, -12.81429597 ], [ -38.86800195, -12.81451608 ], [ -38.86806958, -12.81488479 ], [ -38.86808493, -12.81512235 ], [ -38.86813175, -12.81529139 ], [ -38.86815768, -12.81556784 ], [ -38.86816279, -12.81567536 ], [ -38.86818877, -12.81584936 ], [ -38.86817809, -12.81620094 ], [ -38.86819362, -12.81644673 ], [ -38.86824561, -12.81660546 ], [ -38.86824033, -12.81682556 ], [ -38.86829221, -12.81700283 ], [ -38.86829728, -12.81718206 ], [ -38.86836493, -12.8174995 ], [ -38.86840123, -12.81787832 ], [ -38.86842714, -12.81820596 ], [ -38.86842709, -12.81828788 ], [ -38.86839569, -12.81843635 ], [ -38.86837948, -12.81894971 ], [ -38.86838447, -12.81944625 ] ] ] ] } },
{ "type": "Feature", "properties": { "gid": 34, "cd_quilomb": null, "cd_sr": "SR-05", "nr_process": "54160.001706/2008-41", "nm_comunid": "JIBÓIA", "nm_municip": "ANTÔNIO GONÇALVES e FILADÉFIA", "cd_uf": "BA", "nr_familia": null, "ob_descric": null, "tp_levanta": "GPS Promark 3 pontos pós-processado", "nr_escalao": "1:15.000", "area_calc_": 2023.8542, "esfera": "FEDERAL", "fase": "RTID", "responsave": "INCRA" }, "geometry": { "type": "MultiPolygon", "coordinates": [ [ [ [ -40.22756558, -10.59850763 ], [ -40.22757312, -10.601383 ], [ -40.22756643, -10.60433073 ], [ -40.22698786, -10.60790459 ], [ -40.22509621, -10.60730019 ], [ -40.2249433, -10.60730498 ], [ -40.22480762, -10.60737269 ], [ -40.22346324, -10.60846202 ], [ -40.22232253, -10.60948307 ], [ -40.21990611, -10.61205331 ], [ -40.22205295, -10.61454503 ], [ -40.22469445, -10.61823245 ], [ -40.22545057, -10.62158594 ], [ -40.22509767, -10.62372025 ], [ -40.2253242, -10.62385542 ], [ -40.22637612, -10.62471527 ], [ -40.23066045, -10.62881691 ], [ -40.23200424, -10.62751728 ], [ -40.23200745, -10.62751601 ], [ -40.23224041, -10.62742421 ], [ -40.23475553, -10.62742385 ], [ -40.23810102, -10.62780624 ], [ -40.23861984, -10.62742278 ], [ -40.24033645, -10.62605389 ], [ -40.2450949, -10.62382843 ], [ -40.24558054, -10.62282239 ], [ -40.24636173, -10.6218393 ], [ -40.24529977, -10.62063761 ], [ -40.24500685, -10.61997038 ], [ -40.24465714, -10.61870896 ], [ -40.24465552, -10.61803681 ], [ -40.24500543, -10.61621505 ], [ -40.24468543, -10.61420115 ], [ -40.24468875, -10.61401925 ], [ -40.24477498, -10.61383946 ], [ -40.24524757, -10.61335432 ], [ -40.2465616, -10.61193343 ], [ -40.24761584, -10.61095869 ], [ -40.24807094, -10.61063654 ], [ -40.24895165, -10.61030395 ], [ -40.24962972, -10.6102117 ], [ -40.25585232, -10.60866779 ], [ -40.25630557, -10.60839593 ], [ -40.25766822, -10.6015622 ], [ -40.25704773, -10.59988359 ], [ -40.25693032, -10.59935943 ], [ -40.2569139, -10.59900096 ], [ -40.2569448, -10.59840907 ], [ -40.25699848, -10.59748647 ], [ -40.25711553, -10.5969617 ], [ -40.25920721, -10.59105361 ], [ -40.26272988, -10.59019454 ], [ -40.26273461, -10.58781747 ], [ -40.26283787, -10.58660001 ], [ -40.26284781, -10.58648288 ], [ -40.26293493, -10.58545569 ], [ -40.26293471, -10.58540093 ], [ -40.26362753, -10.58512843 ], [ -40.26430546, -10.58486183 ], [ -40.26454183, -10.58478109 ], [ -40.26478807, -10.58471821 ], [ -40.26503833, -10.58468473 ], [ -40.26541702, -10.58465767 ], [ -40.26632395, -10.58458356 ], [ -40.26704357, -10.58452915 ], [ -40.26746361, -10.5844988 ], [ -40.26763906, -10.58445638 ], [ -40.26777762, -10.58435568 ], [ -40.26784567, -10.58423026 ], [ -40.26817406, -10.58345082 ], [ -40.26843891, -10.58289294 ], [ -40.26850769, -10.58266265 ], [ -40.26852538, -10.58251482 ], [ -40.26853969, -10.58236882 ], [ -40.26854389, -10.58212206 ], [ -40.26853597, -10.58189454 ], [ -40.26849683, -10.58160267 ], [ -40.26469626, -10.58217188 ], [ -40.26095343, -10.5829831 ], [ -40.26063756, -10.58280919 ], [ -40.26063488, -10.58281157 ], [ -40.25915576, -10.58186667 ], [ -40.25861342, -10.58171026 ], [ -40.25846146, -10.58147527 ], [ -40.25754942, -10.58104882 ], [ -40.25750026, -10.58101743 ], [ -40.25535656, -10.57964895 ], [ -40.2547248, -10.57932834 ], [ -40.25428217, -10.57921384 ], [ -40.25386456, -10.57917339 ], [ -40.25090516, -10.57900343 ], [ -40.24771383, -10.57876849 ], [ -40.24751956, -10.5755814 ], [ -40.24737073, -10.57545822 ], [ -40.2476699, -10.57510788 ], [ -40.24752661, -10.57365129 ], [ -40.241735, -10.57324024 ], [ -40.23858494, -10.57300416 ], [ -40.23717215, -10.57293387 ], [ -40.23279773, -10.57271087 ], [ -40.23278356, -10.57272098 ], [ -40.23288416, -10.57285472 ], [ -40.23251673, -10.57312349 ], [ -40.22942596, -10.57538426 ], [ -40.22513344, -10.57761771 ], [ -40.22207775, -10.57959275 ], [ -40.22086437, -10.58023478 ], [ -40.22016661, -10.58030111 ], [ -40.21921857, -10.58002273 ], [ -40.21849691, -10.57984026 ], [ -40.21764823, -10.57969715 ], [ -40.2165165, -10.57971768 ], [ -40.21599334, -10.57978632 ], [ -40.21327403, -10.58096929 ], [ -40.21226412, -10.58271378 ], [ -40.21062655, -10.5854905 ], [ -40.21171245, -10.58590876 ], [ -40.21421985, -10.59041211 ], [ -40.21485273, -10.59051892 ], [ -40.21578643, -10.59074061 ], [ -40.21737323, -10.5911954 ], [ -40.21876306, -10.59152815 ], [ -40.22048433, -10.59182863 ], [ -40.22143807, -10.5920093 ], [ -40.2224642, -10.59208717 ], [ -40.22331376, -10.59214709 ], [ -40.22330921, -10.59221023 ], [ -40.22334218, -10.59525026 ], [ -40.22335864, -10.59843973 ], [ -40.22349083, -10.59913133 ], [ -40.22472203, -10.59884334 ], [ -40.22756558, -10.59850763 ] ] ] ] } },
{ "type": "Feature", "properties": { "gid": 35, "cd_quilomb": null, "cd_sr": "SR-05", "nr_process": "54160.001114/2008-29", "nm_comunid": "ILHA DE MARÉ", "nm_municip": "SALVADOR", "cd_uf": "BA", "nr_familia": 320, "ob_descric": null, "tp_levanta": "Executado com GPS topográfico pós processado.", "nr_escalao": "1:15.000", "area_calc_": 645.2122, "esfera": "FEDERAL", "fase": "RTID", "responsave": "INCRA" }, "geometry": { "type": "MultiPolygon", "coordinates": [ [ [ [ -38.53593847, -12.74426581 ], [ -38.53593194, -12.74426037 ], [ -38.53590397, -12.74423709 ], [ -38.53589968, -12.74421438 ], [ -38.535896, -12.74421202 ], [ -38.53586509, -12.74419243 ], [ -38.53584649, -12.74418797 ], [ -38.53584262, -12.74418805 ], [ -38.53580577, -12.74418889 ], [ -38.53579637, -12.74419077 ], [ -38.53576025, -12.74419803 ], [ -38.53575306, -12.74420046 ], [ -38.53571821, -12.74421225 ], [ -38.53569011, -12.74421383 ], [ -38.53566821, -12.74420258 ], [ -38.53565783, -12.74418709 ], [ -38.53566044, -12.74416811 ], [ -38.53566656, -12.74414768 ], [ -38.53568209, -12.74411642 ], [ -38.53568215, -12.74408541 ], [ -38.53567776, -12.74406668 ], [ -38.53566686, -12.74403212 ], [ -38.53565872, -12.74400299 ], [ -38.53564892, -12.74396807 ], [ -38.53564313, -12.74396154 ], [ -38.53561905, -12.74393419 ], [ -38.53559705, -12.74392095 ], [ -38.53556568, -12.74390191 ], [ -38.53555435, -12.74389664 ], [ -38.53552104, -12.74388103 ], [ -38.53548791, -12.74386551 ], [ -38.53546167, -12.74385244 ], [ -38.53542872, -12.74383611 ], [ -38.53539586, -12.74381977 ], [ -38.53538721, -12.74381678 ], [ -38.5353525, -12.74380478 ], [ -38.5353178, -12.74379278 ], [ -38.53529366, -12.74379192 ], [ -38.53525682, -12.74379059 ], [ -38.53522271, -12.74380202 ], [ -38.53520862, -12.74380199 ], [ -38.53517463, -12.74379705 ], [ -38.53514655, -12.74378922 ], [ -38.53513027, -12.74377409 ], [ -38.53512351, -12.74374343 ], [ -38.53512035, -12.74370888 ], [ -38.53511467, -12.74369106 ], [ -38.53509611, -12.74366408 ], [ -38.53509446, -12.74366308 ], [ -38.53506317, -12.74364423 ], [ -38.53503179, -12.74362499 ], [ -38.53500943, -12.74361238 ], [ -38.5349775, -12.74359442 ], [ -38.53494557, -12.74357637 ], [ -38.53491354, -12.74355827 ], [ -38.53489026, -12.74354526 ], [ -38.53485833, -12.7435272 ], [ -38.53482639, -12.74350924 ], [ -38.53479446, -12.74349119 ], [ -38.53476244, -12.74347314 ], [ -38.53473051, -12.74345509 ], [ -38.53471946, -12.74344928 ], [ -38.53468697, -12.74343232 ], [ -38.53466112, -12.74341373 ], [ -38.53464115, -12.74340222 ], [ -38.5346095, -12.74338389 ], [ -38.53459773, -12.74336859 ], [ -38.53458129, -12.74334397 ], [ -38.53457194, -12.743318 ], [ -38.53456867, -12.7432943 ], [ -38.53456159, -12.74328371 ], [ -38.53454143, -12.7432758 ], [ -38.53452494, -12.7432774 ], [ -38.53451084, -12.74328235 ], [ -38.53450942, -12.74330387 ], [ -38.5344915, -12.74333042 ], [ -38.5344831, -12.743339 ], [ -38.53448209, -12.74333918 ], [ -38.53444633, -12.74334807 ], [ -38.53443859, -12.74334968 ], [ -38.53440255, -12.74335731 ], [ -38.53439085, -12.74335783 ], [ -38.534354, -12.74335947 ], [ -38.53433853, -12.74336054 ], [ -38.53430177, -12.74336301 ], [ -38.53428886, -12.7433675 ], [ -38.53425411, -12.74337956 ], [ -38.53425171, -12.74338046 ], [ -38.53421733, -12.74339342 ], [ -38.53418996, -12.74339636 ], [ -38.53415929, -12.74339459 ], [ -38.53415589, -12.74339187 ], [ -38.53412719, -12.74336912 ], [ -38.53411422, -12.74335752 ], [ -38.534087, -12.74333306 ], [ -38.53407624, -12.74332137 ], [ -38.5340516, -12.74329457 ], [ -38.53405087, -12.74329376 ], [ -38.53402789, -12.74326532 ], [ -38.53399954, -12.74325044 ], [ -38.53396973, -12.7432332 ], [ -38.53393898, -12.74322429 ], [ -38.53393585, -12.74322374 ], [ -38.53389965, -12.7432168 ], [ -38.53389404, -12.74321562 ], [ -38.53385803, -12.74320823 ], [ -38.53384578, -12.74320667 ], [ -38.53380922, -12.74320208 ], [ -38.53377691, -12.7431909 ], [ -38.53376954, -12.74318809 ], [ -38.53373521, -12.7431751 ], [ -38.53372601, -12.74316649 ], [ -38.53369953, -12.7431414 ], [ -38.53369769, -12.74313931 ], [ -38.53367342, -12.74311214 ], [ -38.53365669, -12.74309231 ], [ -38.53364244, -12.74307357 ], [ -38.53363753, -12.74304155 ], [ -38.53363656, -12.74301541 ], [ -38.53363661, -12.74299163 ], [ -38.53362458, -12.74297045 ], [ -38.53361244, -12.74295623 ], [ -38.53358882, -12.74292843 ], [ -38.5335834, -12.74292073 ], [ -38.53356254, -12.74289094 ], [ -38.53356043, -12.74288922 ], [ -38.53353163, -12.74286657 ], [ -38.53351252, -12.74284085 ], [ -38.53350409, -12.74281398 ], [ -38.5334932, -12.74277942 ], [ -38.53348383, -12.74276294 ], [ -38.53346602, -12.74273126 ], [ -38.53343831, -12.74272118 ], [ -38.5334082, -12.74271344 ], [ -38.53338443, -12.74271159 ], [ -38.53335531, -12.74272049 ], [ -38.53333252, -12.74274124 ], [ -38.53330016, -12.74275502 ], [ -38.5332725, -12.7427651 ], [ -38.53324404, -12.74276695 ], [ -38.53322573, -12.74275417 ], [ -38.53322087, -12.7427424 ], [ -38.53321122, -12.74272593 ], [ -38.5331897, -12.74270627 ], [ -38.53315951, -12.74269618 ], [ -38.53312616, -12.74269503 ], [ -38.53308932, -12.74269379 ], [ -38.53305247, -12.74269246 ], [ -38.53302234, -12.74269793 ], [ -38.5330111, -12.74270098 ], [ -38.53297505, -12.74271077 ], [ -38.53294077, -12.74271985 ], [ -38.53292611, -12.74272633 ], [ -38.53289256, -12.7427411 ], [ -38.5328826, -12.74274307 ], [ -38.53284648, -12.74275042 ], [ -38.53282186, -12.74276205 ], [ -38.53278867, -12.74277781 ], [ -38.53277686, -12.74278801 ], [ -38.53274927, -12.74281192 ], [ -38.53274733, -12.74281472 ], [ -38.53272646, -12.74284453 ], [ -38.53271684, -12.74286377 ], [ -38.53270048, -12.74289621 ], [ -38.53268421, -12.74292864 ], [ -38.53268393, -12.74292936 ], [ -38.53267088, -12.74296316 ], [ -38.53265774, -12.74299696 ], [ -38.53265476, -12.7430106 ], [ -38.53264707, -12.74304595 ], [ -38.53263613, -12.74307233 ], [ -38.53263613, -12.74307423 ], [ -38.53263653, -12.7431104 ], [ -38.53263039, -12.7431415 ], [ -38.53260997, -12.74317167 ], [ -38.53258717, -12.7431983 ], [ -38.53255702, -12.74321561 ], [ -38.53252943, -12.74323753 ], [ -38.53252215, -12.74324141 ], [ -38.53248978, -12.74325871 ], [ -38.53245733, -12.74327593 ], [ -38.53242966, -12.74329442 ], [ -38.53240438, -12.74331517 ], [ -38.53237909, -12.74334063 ], [ -38.53235389, -12.74336617 ], [ -38.53233331, -12.74338684 ], [ -38.53231042, -12.74341348 ], [ -38.53230959, -12.7434142 ], [ -38.53228283, -12.74343902 ], [ -38.53227942, -12.74344173 ], [ -38.532251, -12.74346474 ], [ -38.53222021, -12.74347725 ], [ -38.53219699, -12.74347893 ], [ -38.53216899, -12.74347598 ], [ -38.53216807, -12.74347553 ], [ -38.5321354, -12.74345883 ], [ -38.53211451, -12.74345093 ], [ -38.53211368, -12.74345048 ], [ -38.53208322, -12.74343017 ], [ -38.53205258, -12.74341185 ], [ -38.53203096, -12.74339915 ], [ -38.53200749, -12.74338663 ], [ -38.53198825, -12.74337629 ], [ -38.53196488, -12.74336494 ], [ -38.53193598, -12.74335006 ], [ -38.53191276, -12.74335291 ], [ -38.53191193, -12.74335327 ], [ -38.53187773, -12.74336678 ], [ -38.53185474, -12.74339341 ], [ -38.53184827, -12.7434066 ], [ -38.53183209, -12.74343913 ], [ -38.53182292, -12.74346778 ], [ -38.53182227, -12.74347013 ], [ -38.53181207, -12.74350492 ], [ -38.53180782, -12.74351215 ], [ -38.53178934, -12.74354357 ], [ -38.5317849, -12.74354982 ], [ -38.53176412, -12.74357971 ], [ -38.53176154, -12.74358242 ], [ -38.53173643, -12.74360878 ], [ -38.53171575, -12.74363307 ], [ -38.53169517, -12.74365374 ], [ -38.53167681, -12.74366845 ], [ -38.53165798, -12.7436902 ], [ -38.53163962, -12.74370726 ], [ -38.53161647, -12.74372088 ], [ -38.53159979, -12.74372474 ], [ -38.5315811, -12.7437181 ], [ -38.53156978, -12.74371419 ], [ -38.53155503, -12.7437091 ], [ -38.53153545, -12.74369993 ], [ -38.53151188, -12.74369094 ], [ -38.53148802, -12.74369018 ], [ -38.5314859, -12.7436908 ], [ -38.53145042, -12.74370051 ], [ -38.53143915, -12.74371505 ], [ -38.53142751, -12.74373429 ], [ -38.53141171, -12.74376084 ], [ -38.53139281, -12.74377094 ], [ -38.53136057, -12.74378815 ], [ -38.53133922, -12.74380521 ], [ -38.53131103, -12.74380705 ], [ -38.53129886, -12.74381092 ], [ -38.53126384, -12.74382225 ], [ -38.53123094, -12.74383006 ], [ -38.53122992, -12.74383051 ], [ -38.53119572, -12.74384392 ], [ -38.53117248, -12.74385871 ], [ -38.53115836, -12.74387207 ], [ -38.53115698, -12.74387288 ], [ -38.53112553, -12.74389182 ], [ -38.53110691, -12.7438982 ], [ -38.53108561, -12.74390811 ], [ -38.53106476, -12.74392761 ], [ -38.53105386, -12.74394016 ], [ -38.53102995, -12.74396761 ], [ -38.53101777, -12.74398088 ], [ -38.53099312, -12.74400778 ], [ -38.53096795, -12.74402311 ], [ -38.53093659, -12.74404222 ], [ -38.53091437, -12.74405114 ], [ -38.53088027, -12.74406491 ], [ -38.5308669, -12.74407058 ], [ -38.53083306, -12.7440849 ], [ -38.53083094, -12.74408544 ], [ -38.53079537, -12.74409487 ], [ -38.53075979, -12.7441043 ], [ -38.53075693, -12.74410529 ], [ -38.53072209, -12.74411699 ], [ -38.53071555, -12.74411824 ], [ -38.53067933, -12.74412505 ], [ -38.53066616, -12.7441253 ], [ -38.5306294, -12.74412605 ], [ -38.53062553, -12.74412568 ], [ -38.53058888, -12.74412218 ], [ -38.53058731, -12.74412199 ], [ -38.53055066, -12.74411822 ], [ -38.53052984, -12.74411565 ], [ -38.53049328, -12.74411106 ], [ -38.53048462, -12.74411033 ], [ -38.53044787, -12.74410728 ], [ -38.53043645, -12.74410554 ], [ -38.53039998, -12.74409996 ], [ -38.53037234, -12.74410045 ], [ -38.5303355, -12.7441012 ], [ -38.53030316, -12.7441025 ], [ -38.5302664, -12.74410388 ], [ -38.53025885, -12.74410423 ], [ -38.53022209, -12.74410552 ], [ -38.53018524, -12.74410681 ], [ -38.53016772, -12.74411275 ], [ -38.53013288, -12.74412453 ], [ -38.53012836, -12.7441266 ], [ -38.53009499, -12.74414201 ], [ -38.5300795, -12.74414786 ], [ -38.53004512, -12.74416091 ], [ -38.53003534, -12.74416568 ], [ -38.53000243, -12.74418199 ], [ -38.53000141, -12.74418262 ], [ -38.52997171, -12.74420409 ], [ -38.52997134, -12.74420436 ], [ -38.52994109, -12.74422502 ], [ -38.52993609, -12.74423559 ], [ -38.52992046, -12.74426838 ], [ -38.52991682, -12.7442956 ], [ -38.52991206, -12.74433149 ], [ -38.52990668, -12.74434956 ], [ -38.52989648, -12.74438427 ], [ -38.52989665, -12.74439331 ], [ -38.52989732, -12.74442948 ], [ -38.529898, -12.74446394 ], [ -38.52989762, -12.74446719 ], [ -38.52989396, -12.74450326 ], [ -38.52988981, -12.74450895 ], [ -38.52986838, -12.7445384 ], [ -38.52984503, -12.74456367 ], [ -38.52982029, -12.74459049 ], [ -38.52979459, -12.74461834 ], [ -38.52978743, -12.74462461 ], [ -38.5297603, -12.74464907 ], [ -38.52973907, -12.74467191 ], [ -38.52972569, -12.74468707 ], [ -38.5297015, -12.74471443 ], [ -38.52969512, -12.74472681 ], [ -38.52967848, -12.74475906 ], [ -38.5296746, -12.744768 ], [ -38.52966016, -12.74480126 ], [ -38.52965172, -12.74483199 ], [ -38.52964217, -12.74486696 ], [ -38.52964212, -12.74489579 ], [ -38.52963725, -12.74493948 ], [ -38.52963488, -12.74497564 ], [ -38.52963469, -12.74498016 ], [ -38.52963388, -12.74501859 ], [ -38.52963316, -12.7450525 ], [ -38.52963227, -12.74508858 ], [ -38.52963217, -12.74509283 ], [ -38.52963183, -12.745129 ], [ -38.52963149, -12.74516517 ], [ -38.52963083, -12.74517195 ], [ -38.52962754, -12.74520803 ], [ -38.52962804, -12.74523534 ], [ -38.52961436, -12.74526452 ], [ -38.52958585, -12.74528626 ], [ -38.52955718, -12.74529543 ], [ -38.52953595, -12.74531827 ], [ -38.52952891, -12.74534033 ], [ -38.52951798, -12.74537485 ], [ -38.52951852, -12.74538272 ], [ -38.52952121, -12.7454188 ], [ -38.52952184, -12.74542722 ], [ -38.52952454, -12.74546402 ], [ -38.52952408, -12.74546529 ], [ -38.52951314, -12.74549981 ], [ -38.52948961, -12.74552201 ], [ -38.52948232, -12.74552806 ], [ -38.52945418, -12.74555143 ], [ -38.52943782, -12.74558025 ], [ -38.52943049, -12.74561224 ], [ -38.52942241, -12.7456475 ], [ -38.5294223, -12.74565491 ], [ -38.52942196, -12.74569108 ], [ -38.52942162, -12.74572725 ], [ -38.52941502, -12.74575943 ], [ -38.52939884, -12.74579114 ], [ -38.52939413, -12.74579484 ], [ -38.52936553, -12.74581767 ], [ -38.52933464, -12.74583407 ], [ -38.529301, -12.74584405 ], [ -38.52927456, -12.7458449 ], [ -38.52924563, -12.74584766 ], [ -38.52922166, -12.74585557 ], [ -38.52919307, -12.74587261 ], [ -38.52919224, -12.74587333 ], [ -38.52916456, -12.74589725 ], [ -38.52914812, -12.74592046 ], [ -38.52912697, -12.74595017 ], [ -38.52912362, -12.74597114 ], [ -38.52911775, -12.74600685 ], [ -38.52911197, -12.74604256 ], [ -38.52910606, -12.74605168 ], [ -38.52908619, -12.74608212 ], [ -38.52908472, -12.74608438 ], [ -38.52906513, -12.74611509 ], [ -38.52906393, -12.74611617 ], [ -38.52903662, -12.74614083 ], [ -38.52901505, -12.74614963 ], [ -38.52899596, -12.74616063 ], [ -38.52897943, -12.74618104 ], [ -38.52897601, -12.7461841 ], [ -38.52894852, -12.7462082 ], [ -38.52891993, -12.74622759 ], [ -38.52889569, -12.74622908 ], [ -38.52886385, -12.74621103 ], [ -38.52885964, -12.746198 ], [ -38.52884837, -12.74616353 ], [ -38.52883892, -12.74614416 ], [ -38.52882314, -12.74611182 ], [ -38.52881072, -12.74609971 ], [ -38.5287865, -12.74609696 ], [ -38.52877369, -12.74610064 ], [ -38.5287383, -12.74611071 ], [ -38.52871432, -12.74612468 ], [ -38.52869257, -12.74612853 ], [ -38.52867049, -12.74611447 ], [ -38.52866287, -12.74610081 ], [ -38.52866501, -12.7460877 ], [ -38.528655, -12.74607113 ], [ -38.52865003, -12.74606832 ], [ -38.52861819, -12.74605018 ], [ -38.52861515, -12.74604945 ], [ -38.52857915, -12.74604161 ], [ -38.52854794, -12.74603106 ], [ -38.52851314, -12.74601916 ], [ -38.52847806, -12.74601041 ], [ -38.52844233, -12.74600149 ], [ -38.5284128, -12.74598046 ], [ -38.52840111, -12.74597655 ], [ -38.5283663, -12.74596491 ], [ -38.52833693, -12.74595808 ], [ -38.52832505, -12.74595805 ], [ -38.5282882, -12.74595799 ], [ -38.52826297, -12.74595216 ], [ -38.52822706, -12.74594386 ], [ -38.52822632, -12.74594368 ], [ -38.52819004, -12.74593738 ], [ -38.52815376, -12.74593098 ], [ -38.52813929, -12.74593231 ], [ -38.52810262, -12.74593568 ], [ -38.52809921, -12.74593794 ], [ -38.5280684, -12.74595778 ], [ -38.5280376, -12.74597762 ], [ -38.52802283, -12.7459954 ], [ -38.52799956, -12.74602339 ], [ -38.52799559, -12.74602817 ], [ -38.52797582, -12.74606007 ], [ -38.52796936, -12.74606584 ], [ -38.52794201, -12.7460903 ], [ -38.52791329, -12.74610028 ], [ -38.52788621, -12.74609635 ], [ -38.52788455, -12.7460958 ], [ -38.52784938, -12.74608489 ], [ -38.52781982, -12.74607869 ], [ -38.52781264, -12.74607949 ], [ -38.52777606, -12.74608394 ], [ -38.52774658, -12.74608371 ], [ -38.527744, -12.74608416 ], [ -38.52770769, -12.74609015 ], [ -38.52767342, -12.74609235 ], [ -38.52764173, -12.74609392 ], [ -38.52761729, -12.74610554 ], [ -38.52759544, -12.74611418 ], [ -38.52759295, -12.74611662 ], [ -38.52756674, -12.74614198 ], [ -38.52755401, -12.74615589 ], [ -38.52752945, -12.74618288 ], [ -38.5275049, -12.74620987 ], [ -38.52748034, -12.74623678 ], [ -38.52747434, -12.74624581 ], [ -38.52745402, -12.74627598 ], [ -38.52743759, -12.74629114 ], [ -38.52741074, -12.74631596 ], [ -38.52741018, -12.74631614 ], [ -38.52737635, -12.74633055 ], [ -38.52734251, -12.74634486 ], [ -38.52733218, -12.74635163 ], [ -38.52730147, -12.74637165 ], [ -38.52728072, -12.74638581 ], [ -38.52725058, -12.74640637 ], [ -38.52723681, -12.74641846 ], [ -38.5272095, -12.74644274 ], [ -38.5271917, -12.74645419 ], [ -38.5271608, -12.74647385 ], [ -38.52714724, -12.74648332 ], [ -38.52711726, -12.74650433 ], [ -38.52710997, -12.74650944 ], [ -38.52708101, -12.7465323 ], [ -38.527057, -12.74655902 ], [ -38.52703263, -12.7465862 ], [ -38.52702028, -12.74659196 ], [ -38.526987, -12.74660746 ], [ -38.52695371, -12.74662295 ], [ -38.52692043, -12.74663845 ], [ -38.52689065, -12.74665087 ], [ -38.52685672, -12.74666501 ], [ -38.52683062, -12.74668386 ], [ -38.52680091, -12.74670524 ], [ -38.52679732, -12.74670831 ], [ -38.52676945, -12.74673204 ], [ -38.52676077, -12.74674513 ], [ -38.52674072, -12.74677548 ], [ -38.52674026, -12.74677711 ], [ -38.52672914, -12.74681154 ], [ -38.52672496, -12.74683251 ], [ -38.5267178, -12.74686795 ], [ -38.52671512, -12.74687328 ], [ -38.52669866, -12.74690562 ], [ -38.5266822, -12.74693796 ], [ -38.52668016, -12.74694447 ], [ -38.5266695, -12.74697908 ], [ -38.52665894, -12.7470137 ], [ -38.52665746, -12.7470174 ], [ -38.52664398, -12.74705111 ], [ -38.52663062, -12.74708481 ], [ -38.52662277, -12.74709393 ], [ -38.52659895, -12.74712147 ], [ -38.52657513, -12.7471491 ], [ -38.52656599, -12.74715921 ], [ -38.52654153, -12.74718629 ], [ -38.52651707, -12.74721338 ], [ -38.5265131, -12.74721907 ], [ -38.52649222, -12.74724887 ], [ -38.52647144, -12.74727876 ], [ -38.52646387, -12.7472858 ], [ -38.5264373, -12.7473108 ], [ -38.52641072, -12.7473359 ], [ -38.52641035, -12.74733626 ], [ -38.52638359, -12.74736117 ], [ -38.52635683, -12.74738608 ], [ -38.52633016, -12.7474109 ], [ -38.52631041, -12.74742958 ], [ -38.52628379, -12.74745476 ], [ -38.52626805, -12.7474711 ], [ -38.52624267, -12.74749737 ], [ -38.52623075, -12.74751317 ], [ -38.52620877, -12.74754225 ], [ -38.52619159, -12.74757052 ], [ -38.52617264, -12.74760159 ], [ -38.52616181, -12.74763259 ], [ -38.52614977, -12.74766675 ], [ -38.52613773, -12.74770091 ], [ -38.52612839, -12.74771853 ], [ -38.52611129, -12.7477506 ], [ -38.52609816, -12.74777833 ], [ -38.52608253, -12.74781104 ], [ -38.52608279, -12.7478209 ], [ -38.52608383, -12.74785707 ], [ -38.52608318, -12.74785861 ], [ -38.52606904, -12.74789213 ], [ -38.52606726, -12.74789638 ], [ -38.52605025, -12.74792854 ], [ -38.5260485, -12.74793179 ], [ -38.52603103, -12.74796368 ], [ -38.52602982, -12.74796765 ], [ -38.52601926, -12.74800236 ], [ -38.52600253, -12.74802873 ], [ -38.52598295, -12.74805935 ], [ -38.52597296, -12.74807742 ], [ -38.52595531, -12.74810922 ], [ -38.52593775, -12.74814093 ], [ -38.52592952, -12.748158 ], [ -38.5259137, -12.74819071 ], [ -38.52591175, -12.74819993 ], [ -38.5259045, -12.74823536 ], [ -38.5259033, -12.74823708 ], [ -38.52588261, -12.74826697 ], [ -38.52587587, -12.74827438 ], [ -38.52585141, -12.74830137 ], [ -38.52584551, -12.7483038 ], [ -38.5258114, -12.74831739 ], [ -38.52578997, -12.74834566 ], [ -38.52579006, -12.74834683 ], [ -38.52579055, -12.74838301 ], [ -38.52578906, -12.74838825 ], [ -38.52577877, -12.74842295 ], [ -38.52577609, -12.74842729 ], [ -38.52575697, -12.74845827 ], [ -38.52575235, -12.7484645 ], [ -38.52573074, -12.74849366 ], [ -38.52571365, -12.74851941 ], [ -38.52569666, -12.74854253 ], [ -38.52567452, -12.74855859 ], [ -38.52564739, -12.74857952 ], [ -38.52563785, -12.74860735 ], [ -38.52563545, -12.7486144 ], [ -38.5256235, -12.74864865 ], [ -38.52561999, -12.74865389 ], [ -38.52559976, -12.74868414 ], [ -38.52558275, -12.74871215 ], [ -38.5255822, -12.74871242 ], [ -38.52554809, -12.74872601 ], [ -38.52554477, -12.74872799 ], [ -38.52551351, -12.74874711 ], [ -38.52551304, -12.74874792 ], [ -38.52549622, -12.74878017 ], [ -38.5254793, -12.74881233 ], [ -38.52546247, -12.74884432 ], [ -38.52545258, -12.74886446 ], [ -38.5254366, -12.74889699 ], [ -38.52543132, -12.74890521 ], [ -38.52541201, -12.7489361 ], [ -38.52540822, -12.74894152 ], [ -38.52538762, -12.7489715 ], [ -38.52535856, -12.74899387 ], [ -38.52535238, -12.74899775 ], [ -38.52532139, -12.74901741 ], [ -38.52531697, -12.74901876 ], [ -38.52528157, -12.749029 ], [ -38.52524674, -12.74903681 ], [ -38.52524517, -12.74903789 ], [ -38.52521445, -12.74905791 ], [ -38.52521178, -12.74906035 ], [ -38.52518462, -12.74908507 ], [ -38.52518243, -12.74908769 ], [ -38.52515769, -12.7491145 ], [ -38.52515659, -12.74911504 ], [ -38.52512284, -12.74912963 ], [ -38.5250929, -12.74913139 ], [ -38.52506527, -12.749127 ], [ -38.5250615, -12.74912636 ], [ -38.52502512, -12.74912041 ], [ -38.52499766, -12.74912697 ], [ -38.52496777, -12.74914807 ], [ -38.52494801, -12.74917137 ], [ -38.52494487, -12.74917597 ], [ -38.52492409, -12.74920578 ], [ -38.52491994, -12.74920776 ], [ -38.52488665, -12.74922343 ], [ -38.52488481, -12.74922451 ], [ -38.52485336, -12.74924336 ], [ -38.52482191, -12.74926211 ], [ -38.52482053, -12.74926238 ], [ -38.52478432, -12.74926882 ], [ -38.52477345, -12.74926844 ], [ -38.5247366, -12.74926729 ], [ -38.52473384, -12.74926557 ], [ -38.52470292, -12.74924589 ], [ -38.52469008, -12.74921946 ], [ -38.52466236, -12.74921272 ], [ -38.52465388, -12.74921352 ], [ -38.52461721, -12.74921707 ], [ -38.52460744, -12.74922203 ], [ -38.52457461, -12.74923852 ], [ -38.52457231, -12.74924005 ], [ -38.52454214, -12.74926088 ], [ -38.52452303, -12.74928318 ], [ -38.52449032, -12.74928611 ], [ -38.52447237, -12.74928201 ], [ -38.52443655, -12.74927362 ], [ -38.52443351, -12.74927208 ], [ -38.52440112, -12.74925484 ], [ -38.52439669, -12.74925502 ], [ -38.52435984, -12.74925622 ], [ -38.52432299, -12.74925741 ], [ -38.52431101, -12.74926318 ], [ -38.52427781, -12.74927886 ], [ -38.52427218, -12.74928508 ], [ -38.52424781, -12.74931217 ], [ -38.52422265, -12.74931872 ], [ -38.52420746, -12.74931291 ], [ -38.52420482, -12.74929835 ], [ -38.52419726, -12.74929851 ], [ -38.52417708, -12.74930255 ], [ -38.52415448, -12.74931752 ], [ -38.52412931, -12.74933013 ], [ -38.52412314, -12.74933057 ], [ -38.52408638, -12.74933331 ], [ -38.52405865, -12.74933136 ], [ -38.52402584, -12.74934043 ], [ -38.52400156, -12.74936652 ], [ -38.52399584, -12.74937284 ], [ -38.52397147, -12.74939993 ], [ -38.52396131, -12.74941374 ], [ -38.52393979, -12.74944309 ], [ -38.5239314, -12.74944615 ], [ -38.52389683, -12.74945875 ], [ -38.52388669, -12.74946036 ], [ -38.5238503, -12.74946608 ], [ -38.5238139, -12.7494718 ], [ -38.52381141, -12.74947216 ], [ -38.52377492, -12.74947725 ], [ -38.52374102, -12.74947429 ], [ -38.5237167, -12.74947633 ], [ -38.52371135, -12.74947849 ], [ -38.52367733, -12.74949245 ], [ -38.52366792, -12.74950039 ], [ -38.52363997, -12.74952403 ], [ -38.52361799, -12.7495522 ], [ -38.52361222, -12.74958194 ], [ -38.52361383, -12.74960817 ], [ -38.52363303, -12.74963813 ], [ -38.52365169, -12.74966104 ], [ -38.52366058, -12.7496862 ], [ -38.5236551, -12.74970645 ], [ -38.52363986, -12.74972758 ], [ -38.52363829, -12.74972866 ], [ -38.52360841, -12.74974977 ], [ -38.52359374, -12.74976222 ], [ -38.52356596, -12.74978604 ], [ -38.52356117, -12.74978938 ], [ -38.52353128, -12.74981048 ], [ -38.52352436, -12.74981789 ], [ -38.52349943, -12.74984452 ], [ -38.5234986, -12.74984533 ], [ -38.52347193, -12.74987033 ], [ -38.52345191, -12.74988901 ], [ -38.52342719, -12.74990416 ], [ -38.52340341, -12.74991451 ], [ -38.52337842, -12.74992469 ], [ -38.5233444, -12.74993862 ], [ -38.52334108, -12.74994008 ], [ -38.52330743, -12.74995494 ], [ -38.52327387, -12.7499698 ], [ -38.52324031, -12.74998475 ], [ -38.52320666, -12.74999961 ], [ -38.5231731, -12.75001447 ], [ -38.5231567, -12.75001462 ], [ -38.52311985, -12.75001483 ], [ -38.52311285, -12.75001373 ], [ -38.52307647, -12.75000815 ], [ -38.52306608, -12.75000144 ], [ -38.52303544, -12.74998131 ], [ -38.52301698, -12.74995134 ], [ -38.52301587, -12.74995035 ], [ -38.52298874, -12.74992588 ], [ -38.52298386, -12.74992479 ], [ -38.52294795, -12.74991686 ], [ -38.5229263, -12.74991917 ], [ -38.52288963, -12.74992308 ], [ -38.52287958, -12.74992505 ], [ -38.52284337, -12.74993195 ], [ -38.52282697, -12.74993093 ], [ -38.52279037, -12.74992869 ], [ -38.52278442, -12.74992669 ], [ -38.52274953, -12.74991496 ], [ -38.5227382, -12.74991033 ], [ -38.52270414, -12.74989643 ], [ -38.5227023, -12.74989562 ], [ -38.52266835, -12.74988163 ], [ -38.52266217, -12.74987782 ], [ -38.52263098, -12.74985859 ], [ -38.52259969, -12.74983946 ], [ -38.5225685, -12.74982023 ], [ -38.52253731, -12.7498011 ], [ -38.52250619, -12.74978874 ], [ -38.52249652, -12.74978972 ], [ -38.52246251, -12.74979517 ], [ -38.5224335, -12.74979476 ], [ -38.52241645, -12.74979925 ], [ -38.52240149, -12.74981559 ], [ -38.52239113, -12.74983682 ], [ -38.52237893, -12.74986167 ], [ -38.52237067, -12.74989357 ], [ -38.52236021, -12.7499196 ], [ -38.52234267, -12.74993946 ], [ -38.52233076, -12.74995237 ], [ -38.52232968, -12.74998799 ], [ -38.52231693, -12.75000804 ], [ -38.52229509, -12.75001361 ], [ -38.52228073, -12.75000744 ], [ -38.52227155, -12.74999187 ], [ -38.5222476, -12.74998676 ], [ -38.52222537, -12.75000182 ], [ -38.52221761, -12.75001718 ], [ -38.52221223, -12.75003607 ], [ -38.52220052, -12.75004192 ], [ -38.52218117, -12.75004279 ], [ -38.52216894, -12.75002948 ], [ -38.52216714, -12.75000922 ], [ -38.52216064, -12.7499866 ], [ -38.52215146, -12.74996977 ], [ -38.52212283, -12.74996103 ], [ -38.52209132, -12.74996288 ], [ -38.5220622, -12.74996834 ], [ -38.52204255, -12.74997997 ], [ -38.52201792, -12.74999738 ], [ -38.52198841, -12.75001469 ], [ -38.52197984, -12.75001765 ], [ -38.521945, -12.75002954 ], [ -38.52193716, -12.75003132 ], [ -38.52190131, -12.75003949 ], [ -38.52186491, -12.75004485 ], [ -38.52185625, -12.75004754 ], [ -38.52182113, -12.75005842 ], [ -38.52178916, -12.75007455 ], [ -38.52178288, -12.75008331 ], [ -38.5217617, -12.75011284 ], [ -38.52174046, -12.75014246 ], [ -38.52171922, -12.75017199 ], [ -38.52169009, -12.75017981 ], [ -38.52167084, -12.75017715 ], [ -38.52165428, -12.75016735 ], [ -38.5216426, -12.75015648 ], [ -38.52163821, -12.75014 ], [ -38.52162463, -12.75011115 ], [ -38.52161995, -12.75010119 ], [ -38.52160453, -12.75006843 ], [ -38.52158903, -12.75003557 ], [ -38.52157352, -12.75000272 ], [ -38.52155811, -12.74996987 ], [ -38.52155461, -12.74996525 ], [ -38.52153256, -12.74993628 ], [ -38.52151904, -12.74992368 ], [ -38.52149228, -12.74989886 ], [ -38.52148142, -12.74989061 ], [ -38.52145226, -12.74986858 ], [ -38.52144435, -12.74986305 ], [ -38.52141445, -12.74984184 ], [ -38.52140506, -12.74983757 ], [ -38.52137174, -12.74982223 ], [ -38.52135829, -12.74982329 ], [ -38.52132153, -12.74982621 ], [ -38.52128486, -12.74982912 ], [ -38.52125095, -12.74983575 ], [ -38.52124634, -12.74983746 ], [ -38.52121195, -12.7498506 ], [ -38.52118072, -12.74986194 ], [ -38.52115305, -12.74987039 ], [ -38.52114392, -12.74987318 ], [ -38.5211372, -12.74987217 ], [ -38.52110082, -12.74986659 ], [ -38.52107728, -12.74984729 ], [ -38.52106937, -12.74984022 ], [ -38.52104214, -12.74981593 ], [ -38.52103149, -12.74979892 ], [ -38.5210123, -12.74976804 ], [ -38.52100963, -12.74976433 ], [ -38.52098887, -12.74973445 ], [ -38.52098946, -12.74971438 ], [ -38.52097569, -12.74968922 ], [ -38.52095952, -12.74966649 ], [ -38.52095345, -12.74965979 ], [ -38.5209289, -12.74963289 ], [ -38.5209209, -12.74962844 ], [ -38.52088869, -12.74961093 ], [ -38.52088583, -12.74961011 ], [ -38.52085057, -12.74959965 ], [ -38.52083308, -12.74959392 ], [ -38.52079819, -12.74958228 ], [ -38.52079083, -12.7495773 ], [ -38.52076046, -12.7495569 ], [ -38.52074942, -12.74954865 ], [ -38.52072017, -12.74952671 ], [ -38.5207198, -12.74952635 ], [ -38.52069203, -12.74950261 ], [ -38.52068697, -12.74949627 ], [ -38.52066418, -12.74946783 ], [ -38.52066078, -12.7494633 ], [ -38.52063873, -12.74943424 ], [ -38.5206289, -12.74941704 ], [ -38.520611, -12.74938536 ], [ -38.52059473, -12.74936742 ], [ -38.52059095, -12.74936525 ], [ -38.5205593, -12.74934674 ], [ -38.52055194, -12.74934176 ], [ -38.52052158, -12.74932135 ], [ -38.5205097, -12.74931591 ], [ -38.52047629, -12.74930066 ], [ -38.52047169, -12.74929965 ], [ -38.52043577, -12.74929172 ], [ -38.52040953, -12.74928543 ], [ -38.52038857, -12.74926387 ], [ -38.52038877, -12.74925673 ], [ -38.52038906, -12.74924489 ], [ -38.52038696, -12.74923539 ], [ -38.52037798, -12.74921403 ], [ -38.52036071, -12.74918732 ], [ -38.52034096, -12.74915681 ], [ -38.52034006, -12.74914433 ], [ -38.52033755, -12.74910825 ], [ -38.52033094, -12.74908563 ], [ -38.52033087, -12.749085 ], [ -38.52032697, -12.74904909 ], [ -38.52032633, -12.74904755 ], [ -38.52031119, -12.74901452 ], [ -38.52030719, -12.74898729 ], [ -38.52030131, -12.74898086 ], [ -38.52027694, -12.74895378 ], [ -38.52026848, -12.74894897 ], [ -38.52023655, -12.74893083 ], [ -38.52022145, -12.74892565 ], [ -38.52018674, -12.74891356 ], [ -38.52018306, -12.7489122 ], [ -38.52014873, -12.74889893 ], [ -38.52014367, -12.74889549 ], [ -38.52011349, -12.74887481 ], [ -38.52011257, -12.748874 ], [ -38.52008544, -12.74884953 ], [ -38.52008614, -12.74882241 ], [ -38.52008898, -12.74879067 ], [ -38.52009921, -12.74877903 ], [ -38.52011158, -12.74876494 ], [ -38.52011268, -12.74876386 ], [ -38.52013871, -12.74873813 ], [ -38.52014139, -12.74873687 ], [ -38.52017449, -12.74872084 ], [ -38.5202075, -12.74870489 ], [ -38.5202406, -12.74868886 ], [ -38.52025433, -12.748684 ], [ -38.52028899, -12.74867176 ], [ -38.52029342, -12.74866861 ], [ -38.52032331, -12.74864741 ], [ -38.52033484, -12.74863938 ], [ -38.52036491, -12.74861837 ], [ -38.5203769, -12.74861333 ], [ -38.52041082, -12.7485991 ], [ -38.52044694, -12.74859365 ], [ -38.52045809, -12.74859322 ], [ -38.52049494, -12.74859193 ], [ -38.52049688, -12.74859229 ], [ -38.52053316, -12.74859833 ], [ -38.52055212, -12.74860686 ], [ -38.52058296, -12.7486203 ], [ -38.52058572, -12.74862112 ], [ -38.52062107, -12.7486314 ], [ -38.52064989, -12.74863869 ], [ -38.52065275, -12.74864014 ], [ -38.52068542, -12.74865693 ], [ -38.52071616, -12.74867389 ], [ -38.5207447, -12.74868254 ], [ -38.52074884, -12.74868309 ], [ -38.5207854, -12.74868785 ], [ -38.52082152, -12.74868593 ], [ -38.52085554, -12.74867098 ], [ -38.52087259, -12.74866712 ], [ -38.52090844, -12.74865887 ], [ -38.52094465, -12.7486546 ], [ -38.52097867, -12.74864209 ], [ -38.52099363, -12.74862095 ], [ -38.52099299, -12.74861924 ], [ -38.52098025, -12.7485853 ], [ -38.52097869, -12.74858277 ], [ -38.52095958, -12.7485519 ], [ -38.52095186, -12.74854221 ], [ -38.52092916, -12.74851377 ], [ -38.52091987, -12.7485096 ], [ -38.52088646, -12.74849434 ], [ -38.52085579, -12.74848904 ], [ -38.52081951, -12.74848283 ], [ -38.52080568, -12.74848769 ], [ -38.52077093, -12.74849992 ], [ -38.52074015, -12.7485033 ], [ -38.52070348, -12.7485074 ], [ -38.52067769, -12.7485031 ], [ -38.52064141, -12.74849707 ], [ -38.52064021, -12.7484967 ], [ -38.52060513, -12.74848579 ], [ -38.52057006, -12.74847487 ], [ -38.52054924, -12.74847248 ], [ -38.52051259, -12.74846826 ], [ -38.52049186, -12.74846795 ], [ -38.52045501, -12.74846752 ], [ -38.52043549, -12.74846477 ], [ -38.52039902, -12.74845955 ], [ -38.52036245, -12.74845442 ], [ -38.52032598, -12.74844929 ], [ -38.52030959, -12.748447 ], [ -38.52027312, -12.74844205 ], [ -38.52023665, -12.7484371 ], [ -38.52020009, -12.74843206 ], [ -38.52016362, -12.74842711 ], [ -38.52013065, -12.74842054 ], [ -38.52009446, -12.74841324 ], [ -38.52007579, -12.74839766 ], [ -38.52008576, -12.74838366 ], [ -38.52009249, -12.74838277 ], [ -38.52012907, -12.74837822 ], [ -38.52013202, -12.74837832 ], [ -38.52016887, -12.74837938 ], [ -38.52020571, -12.74838044 ], [ -38.52021916, -12.74838055 ], [ -38.52025601, -12.74838107 ], [ -38.52027425, -12.74838129 ], [ -38.5203111, -12.74838172 ], [ -38.52031745, -12.74838182 ], [ -38.5203543, -12.74838225 ], [ -38.52036877, -12.7483801 ], [ -38.52038602, -12.74836377 ], [ -38.52038863, -12.74834786 ], [ -38.52039441, -12.74831215 ], [ -38.52041666, -12.74828994 ], [ -38.52041749, -12.74828877 ], [ -38.5204391, -12.74825951 ], [ -38.5204465, -12.74824216 ], [ -38.5204422, -12.74822669 ], [ -38.5204399, -12.74822479 ], [ -38.52041166, -12.7482015 ], [ -38.52038138, -12.74818824 ], [ -38.52034769, -12.74817353 ], [ -38.52031869, -12.74816462 ], [ -38.52028352, -12.74815388 ], [ -38.52026049, -12.74815357 ], [ -38.52022364, -12.74815314 ], [ -38.52021627, -12.74815467 ], [ -38.52018024, -12.74816211 ], [ -38.52016152, -12.74816885 ], [ -38.52012695, -12.74818145 ], [ -38.52012281, -12.7481837 ], [ -38.52009053, -12.7482011 ], [ -38.5200767, -12.74820632 ], [ -38.52004222, -12.74821918 ], [ -38.52001882, -12.74822158 ], [ -38.51998215, -12.7482255 ], [ -38.51996907, -12.74822565 ], [ -38.51993222, -12.74822595 ], [ -38.51989537, -12.74822642 ], [ -38.51985852, -12.74822672 ], [ -38.51982167, -12.74822701 ], [ -38.51980446, -12.74822138 ], [ -38.51976947, -12.74820992 ], [ -38.51975559, -12.74819316 ], [ -38.51975349, -12.74818376 ], [ -38.51977056, -12.74817095 ], [ -38.51978513, -12.74816401 ], [ -38.51979981, -12.74814677 ], [ -38.51979292, -12.74813726 ], [ -38.51975728, -12.74812743 ], [ -38.51973103, -12.74812467 ], [ -38.51971289, -12.74812445 ], [ -38.51967604, -12.74812402 ], [ -38.51964352, -12.7481236 ], [ -38.51960667, -12.74812318 ], [ -38.51959535, -12.74812108 ], [ -38.51955906, -12.74811441 ], [ -38.51952323, -12.74811516 ], [ -38.51952129, -12.74811542 ], [ -38.5194848, -12.74812051 ], [ -38.5194719, -12.74812447 ], [ -38.5194366, -12.74813498 ], [ -38.51942562, -12.74814238 ], [ -38.51939527, -12.74816285 ], [ -38.51939112, -12.74816836 ], [ -38.5193696, -12.74819771 ], [ -38.51934808, -12.74822706 ], [ -38.51933496, -12.74824846 ], [ -38.51931601, -12.74827954 ], [ -38.51929707, -12.74831052 ], [ -38.51927803, -12.7483415 ], [ -38.51927562, -12.74834954 ], [ -38.51926506, -12.74838416 ], [ -38.51925449, -12.74841886 ], [ -38.5192481, -12.74843621 ], [ -38.5192356, -12.74847028 ], [ -38.5192231, -12.74850435 ], [ -38.5192106, -12.74853833 ], [ -38.51919709, -12.74857212 ], [ -38.51918366, -12.74860573 ], [ -38.51917024, -12.74863944 ], [ -38.51915673, -12.74867314 ], [ -38.51915654, -12.74867396 ], [ -38.51914607, -12.74870866 ], [ -38.51913559, -12.74874337 ], [ -38.51912521, -12.74877807 ], [ -38.51911474, -12.74881269 ], [ -38.51911242, -12.74882136 ], [ -38.51910295, -12.74885634 ], [ -38.51909349, -12.74889132 ], [ -38.51909067, -12.74892052 ], [ -38.5190871, -12.7489565 ], [ -38.51908354, -12.74899258 ], [ -38.51907997, -12.74902476 ], [ -38.51907595, -12.74906074 ], [ -38.51907182, -12.74909673 ], [ -38.5190678, -12.74913262 ], [ -38.51906315, -12.74915476 ], [ -38.5190558, -12.7491902 ], [ -38.51904837, -12.74922563 ], [ -38.51904093, -12.74926107 ], [ -38.51903349, -12.7492965 ], [ -38.51902606, -12.74933193 ], [ -38.51901871, -12.74936737 ], [ -38.51901128, -12.7494028 ], [ -38.51900384, -12.74943823 ], [ -38.5189964, -12.74947367 ], [ -38.51899427, -12.74947981 ], [ -38.51898251, -12.74951406 ], [ -38.51897074, -12.7495484 ], [ -38.51895889, -12.74958265 ], [ -38.51894712, -12.7496169 ], [ -38.51893003, -12.7496449 ], [ -38.51891099, -12.74967598 ], [ -38.51889205, -12.74970696 ], [ -38.51887128, -12.74972772 ], [ -38.51884544, -12.74975347 ], [ -38.51884276, -12.74975552 ], [ -38.5188137, -12.7497778 ], [ -38.51881186, -12.74977843 ], [ -38.51877747, -12.74979139 ], [ -38.51875582, -12.74979695 ], [ -38.51872926, -12.7498083 ], [ -38.51872871, -12.74980893 ], [ -38.51870461, -12.74983629 ], [ -38.51867767, -12.74985948 ], [ -38.51864872, -12.74987082 ], [ -38.51862237, -12.74987158 ], [ -38.51859891, -12.74985825 ], [ -38.51857784, -12.74984257 ], [ -38.51856416, -12.74982229 ], [ -38.51856039, -12.74981622 ], [ -38.51854129, -12.74978535 ], [ -38.51853651, -12.74977838 ], [ -38.51851593, -12.74974832 ], [ -38.51849496, -12.7497292 ], [ -38.5184689, -12.749724 ], [ -38.51844944, -12.74973672 ], [ -38.51844405, -12.74976022 ], [ -38.51845984, -12.74979352 ], [ -38.51846691, -12.74980393 ], [ -38.5184873, -12.74983408 ], [ -38.51848968, -12.74984385 ], [ -38.51849809, -12.74987904 ], [ -38.51849916, -12.74989614 ], [ -38.51850141, -12.74993222 ], [ -38.51850065, -12.74993566 ], [ -38.51849285, -12.749971 ], [ -38.51848504, -12.75000634 ], [ -38.51847783, -12.75002269 ], [ -38.5184633, -12.75005582 ], [ -38.51844868, -12.7500892 ], [ -38.51843416, -12.75012236 ], [ -38.51841972, -12.75015552 ], [ -38.51840529, -12.75018877 ], [ -38.51839076, -12.75022211 ], [ -38.51837413, -12.75025047 ], [ -38.51835564, -12.75028192 ], [ -38.51834659, -12.750295 ], [ -38.5183259, -12.75032489 ], [ -38.51830116, -12.75035176 ], [ -38.5182959, -12.75035676 ], [ -38.51826941, -12.75038194 ], [ -38.51826314, -12.75038726 ], [ -38.51823518, -12.75041081 ], [ -38.51820804, -12.75043518 ], [ -38.51818684, -12.75044943 ], [ -38.51818389, -12.75045141 ], [ -38.51816212, -12.75046403 ], [ -38.51814036, -12.75047548 ], [ -38.51813778, -12.75047656 ], [ -38.51810412, -12.75049133 ], [ -38.51808197, -12.75051697 ], [ -38.51806729, -12.75053087 ], [ -38.51806411, -12.7505569 ], [ -38.51806322, -12.75058991 ], [ -38.51805075, -12.75060978 ], [ -38.51803388, -12.75061653 ], [ -38.51801231, -12.75062083 ], [ -38.51799095, -12.75061699 ], [ -38.51796968, -12.75060954 ], [ -38.51793653, -12.75060188 ], [ -38.51793423, -12.75060125 ], [ -38.51789869, -12.75059178 ], [ -38.51786554, -12.75058177 ], [ -38.51785127, -12.75057785 ], [ -38.51781582, -12.75056802 ], [ -38.51780007, -12.75056917 ], [ -38.51776331, -12.75057182 ], [ -38.51775916, -12.75057326 ], [ -38.5177245, -12.75058558 ], [ -38.51768984, -12.75059782 ], [ -38.51765517, -12.75061005 ], [ -38.51763627, -12.75062114 ], [ -38.51760454, -12.75063962 ], [ -38.51757291, -12.7506581 ], [ -38.51754128, -12.75067662 ], [ -38.51753971, -12.75067784 ], [ -38.51751083, -12.7507003 ], [ -38.51748184, -12.75072286 ], [ -38.51745317, -12.75074532 ], [ -38.51742439, -12.75076788 ], [ -38.51740104, -12.75079035 ], [ -38.51737474, -12.75081562 ], [ -38.51734843, -12.75084098 ], [ -38.51732674, -12.75086653 ], [ -38.51730328, -12.75089443 ], [ -38.51727974, -12.75092224 ], [ -38.51726875, -12.75093841 ], [ -38.51724833, -12.75096848 ], [ -38.51722782, -12.75099856 ], [ -38.51720741, -12.75102863 ], [ -38.51720205, -12.75103513 ], [ -38.51717878, -12.75106312 ], [ -38.51715535, -12.7510912 ], [ -38.51713216, -12.75111919 ], [ -38.51710889, -12.75114727 ], [ -38.51709864, -12.75116072 ], [ -38.51707647, -12.75118971 ], [ -38.5170544, -12.75121882 ], [ -38.51703233, -12.75124759 ], [ -38.51701016, -12.75127649 ], [ -38.516994, -12.75130033 ], [ -38.51697349, -12.7513305 ], [ -38.51695307, -12.75136057 ], [ -38.51694403, -12.75136996 ], [ -38.51691883, -12.75139641 ], [ -38.51691754, -12.75139758 ], [ -38.5168893, -12.75142095 ], [ -38.5168681, -12.75142959 ], [ -38.51683408, -12.75144346 ], [ -38.51683214, -12.75144454 ], [ -38.51679987, -12.75146202 ], [ -38.51676759, -12.75147941 ], [ -38.51673531, -12.7514969 ], [ -38.51670837, -12.75151439 ], [ -38.51668836, -12.75153054 ], [ -38.51665985, -12.75155355 ], [ -38.51663734, -12.75157186 ], [ -38.51660892, -12.75159496 ], [ -38.51660255, -12.75160399 ], [ -38.51658149, -12.75163361 ], [ -38.51656503, -12.75166577 ], [ -38.51654857, -12.75169812 ], [ -38.51653499, -12.75172007 ], [ -38.51651577, -12.75175096 ], [ -38.51649664, -12.75178185 ], [ -38.51648, -12.75181102 ], [ -38.51646207, -12.75184264 ], [ -38.51644405, -12.75187417 ], [ -38.51643286, -12.75189594 ], [ -38.51641621, -12.75192819 ], [ -38.51641361, -12.75193976 ], [ -38.51640562, -12.75197501 ], [ -38.51641425, -12.75198986 ], [ -38.51641904, -12.75198987 ], [ -38.51642864, -12.75198419 ], [ -38.51643908, -12.75196513 ], [ -38.51643964, -12.75196431 ], [ -38.51646116, -12.75193496 ], [ -38.51647834, -12.75191175 ], [ -38.51649042, -12.75190445 ], [ -38.51652178, -12.75188552 ], [ -38.51652842, -12.75187966 ], [ -38.51655564, -12.75185529 ], [ -38.51658296, -12.75183102 ], [ -38.51659634, -12.7518154 ], [ -38.51662007, -12.75178777 ], [ -38.51663945, -12.75177044 ], [ -38.51665882, -12.75175673 ], [ -38.51666648, -12.75174816 ], [ -38.51669058, -12.7517208 ], [ -38.51671614, -12.75169996 ], [ -38.51674437, -12.75167677 ], [ -38.51677802, -12.75166327 ], [ -38.5167921, -12.75166945 ], [ -38.5167942, -12.75168356 ], [ -38.5167891, -12.75169973 ], [ -38.51677825, -12.75173426 ], [ -38.51677343, -12.75175414 ], [ -38.51676501, -12.75178939 ], [ -38.5167645, -12.75179491 ], [ -38.51676121, -12.75183089 ], [ -38.51675778, -12.75184255 ], [ -38.51674767, -12.75187734 ], [ -38.51673747, -12.75191216 ], [ -38.51673424, -12.7519181 ], [ -38.51671686, -12.75194999 ], [ -38.51669957, -12.75198197 ], [ -38.51668229, -12.75201386 ], [ -38.51667266, -12.75203898 ], [ -38.5166596, -12.75207287 ], [ -38.51664664, -12.75210666 ], [ -38.51663359, -12.75214055 ], [ -38.51662969, -12.75215627 ], [ -38.51662087, -12.75219134 ], [ -38.51661215, -12.7522265 ], [ -38.51661576, -12.75226295 ], [ -38.51661947, -12.75229895 ], [ -38.5166258, -12.75231198 ], [ -38.51664168, -12.75234456 ], [ -38.51665591, -12.75237 ], [ -38.51667363, -12.75240177 ], [ -38.51668153, -12.75241182 ], [ -38.51670395, -12.75244053 ], [ -38.51672628, -12.75246932 ], [ -38.5167443, -12.75249305 ], [ -38.51676626, -12.75252212 ], [ -38.51678822, -12.75255118 ], [ -38.51680274, -12.75256929 ], [ -38.51682544, -12.75259782 ], [ -38.51684823, -12.75262626 ], [ -38.51687093, -12.75265469 ], [ -38.5168747, -12.7526613 ], [ -38.51689233, -12.75269307 ], [ -38.51690995, -12.75272484 ], [ -38.51692767, -12.75275652 ], [ -38.51693528, -12.75277462 ], [ -38.51694932, -12.75280811 ], [ -38.51696335, -12.7528415 ], [ -38.51696389, -12.75284593 ], [ -38.51696843, -12.75288184 ], [ -38.51697306, -12.75291766 ], [ -38.51697302, -12.75293665 ], [ -38.51697296, -12.75297282 ], [ -38.51697289, -12.75300899 ], [ -38.51697166, -12.75302409 ], [ -38.51696884, -12.75306016 ], [ -38.5169679, -12.7530617 ], [ -38.51694905, -12.75309277 ], [ -38.51694001, -12.75310188 ], [ -38.51691444, -12.75312797 ], [ -38.51690041, -12.75314042 ], [ -38.5168731, -12.75316479 ], [ -38.51684874, -12.75318663 ], [ -38.51684467, -12.7531923 ], [ -38.51681681, -12.75321361 ], [ -38.51679735, -12.75322849 ], [ -38.51677297, -12.75325503 ], [ -38.51675773, -12.75327897 ], [ -38.51675736, -12.7532796 ], [ -38.51674256, -12.75331276 ], [ -38.51674066, -12.75334196 ], [ -38.51673829, -12.75337813 ], [ -38.51673819, -12.75337958 ], [ -38.51673739, -12.75341574 ], [ -38.51676018, -12.75344282 ], [ -38.51676525, -12.75344446 ], [ -38.51680032, -12.75345556 ], [ -38.51680631, -12.75345566 ], [ -38.51684316, -12.75345645 ], [ -38.51686432, -12.75346987 ], [ -38.51685883, -12.75350042 ], [ -38.5168366, -12.75351702 ], [ -38.51681244, -12.75352946 ], [ -38.51681096, -12.75353081 ], [ -38.51678328, -12.75355472 ], [ -38.5167614, -12.75357548 ], [ -38.51674126, -12.75360519 ], [ -38.51674052, -12.75360682 ], [ -38.51672609, -12.75364016 ], [ -38.51670412, -12.75366553 ], [ -38.5166815, -12.75369289 ], [ -38.51667808, -12.75369831 ], [ -38.51665867, -12.75372902 ], [ -38.51663918, -12.75375973 ], [ -38.51663686, -12.75376515 ], [ -38.51662289, -12.75379858 ], [ -38.51660891, -12.75383201 ], [ -38.51659505, -12.75385505 ], [ -38.51657629, -12.75388621 ], [ -38.51656907, -12.75390582 ], [ -38.51656158, -12.75391919 ], [ -38.51655778, -12.75393085 ], [ -38.5165596, -12.75394486 ], [ -38.5165628, -12.75395961 ], [ -38.51656249, -12.75397317 ], [ -38.51656181, -12.75399415 ], [ -38.51655743, -12.75402028 ], [ -38.51655454, -12.75403962 ], [ -38.51654666, -12.75406285 ], [ -38.51653438, -12.75408082 ], [ -38.51651921, -12.75410846 ], [ -38.51650046, -12.75413673 ], [ -38.51649704, -12.75414324 ], [ -38.5164803, -12.75417549 ], [ -38.51647261, -12.7541988 ], [ -38.51646254, -12.75421307 ], [ -38.51645985, -12.75422772 ], [ -38.51646314, -12.75424138 ], [ -38.51648053, -12.75425163 ], [ -38.51650389, -12.75426975 ], [ -38.51651318, -12.75428062 ], [ -38.51651259, -12.75429862 ], [ -38.51651219, -12.75431335 ], [ -38.51651161, -12.75433026 ], [ -38.51651969, -12.75434276 ], [ -38.51652888, -12.75435534 ], [ -38.51654268, -12.75436613 ], [ -38.51655186, -12.75438161 ], [ -38.51655487, -12.75439681 ], [ -38.51655687, -12.7544139 ], [ -38.51655537, -12.754428 ], [ -38.51655192, -12.75444717 ], [ -38.51655188, -12.75446833 ], [ -38.5165511, -12.75449111 ], [ -38.51655531, -12.75450695 ], [ -38.51655491, -12.75452286 ], [ -38.51655351, -12.75453452 ], [ -38.51655091, -12.75454157 ], [ -38.51654214, -12.75455358 ], [ -38.51653475, -12.75456279 ], [ -38.51652257, -12.75457371 ], [ -38.5165125, -12.75458626 ], [ -38.51650152, -12.75460008 ], [ -38.51649063, -12.7546063 ], [ -38.51647855, -12.75461658 ], [ -38.51647207, -12.75462986 ], [ -38.51647158, -12.75464804 ], [ -38.51647568, -12.75466857 ], [ -38.51648946, -12.75469066 ], [ -38.51649496, -12.75470243 ], [ -38.51649456, -12.75471888 ], [ -38.51650275, -12.75472613 ], [ -38.51651114, -12.75472515 ], [ -38.51651953, -12.75472065 ], [ -38.5165364, -12.75471462 ], [ -38.51655188, -12.75471148 ], [ -38.51656965, -12.75471477 ], [ -38.51657913, -12.7547203 ], [ -38.51658584, -12.75472918 ], [ -38.51660102, -12.75474132 ], [ -38.51661389, -12.75475283 ], [ -38.51662299, -12.75476343 ], [ -38.51663098, -12.75477664 ], [ -38.51663188, -12.7547884 ], [ -38.51663149, -12.75479943 ], [ -38.51663599, -12.75480894 ], [ -38.51664408, -12.75481917 ], [ -38.51665106, -12.75482759 ], [ -38.51665896, -12.75483936 ], [ -38.51665986, -12.75485238 ], [ -38.51665487, -12.75486042 ], [ -38.5166461, -12.75486891 ], [ -38.51663521, -12.7548763 ], [ -38.51662423, -12.75488903 ], [ -38.5166159, -12.75490638 ], [ -38.51661031, -12.75494145 ], [ -38.51660927, -12.75495447 ], [ -38.51660635, -12.75499055 ], [ -38.51660814, -12.75501768 ], [ -38.51661025, -12.75502293 ], [ -38.51662354, -12.75505668 ], [ -38.51663053, -12.75506266 ], [ -38.51664945, -12.75509181 ], [ -38.51666924, -12.75512223 ], [ -38.51667977, -12.75513627 ], [ -38.51670164, -12.75516542 ], [ -38.51671075, -12.75517313 ], [ -38.51673871, -12.75519669 ], [ -38.51676456, -12.75521265 ], [ -38.51678833, -12.75521559 ], [ -38.516803, -12.75520178 ], [ -38.51681049, -12.75518669 ], [ -38.51681202, -12.75515749 ], [ -38.51681206, -12.75513515 ], [ -38.51681696, -12.7551282 ], [ -38.51682404, -12.75513192 ], [ -38.51682767, -12.75516358 ], [ -38.51683015, -12.75516792 ], [ -38.51684833, -12.75519942 ], [ -38.51685721, -12.75522901 ], [ -38.51685384, -12.75525586 ], [ -38.51686302, -12.75527134 ], [ -38.51687011, -12.75527388 ], [ -38.5168773, -12.75527172 ], [ -38.5168798, -12.7552682 ], [ -38.51690596, -12.75527006 ], [ -38.51692243, -12.75527868 ], [ -38.51691743, -12.75529151 ], [ -38.5168976, -12.75530495 ], [ -38.51688322, -12.75531053 ], [ -38.51686864, -12.75531954 ], [ -38.51685866, -12.75533933 ], [ -38.51685864, -12.75534801 ], [ -38.51685876, -12.75538418 ], [ -38.51685878, -12.75542035 ], [ -38.51686097, -12.75542913 ], [ -38.51686947, -12.75546432 ], [ -38.51687807, -12.75549942 ], [ -38.51688199, -12.75551824 ], [ -38.51688939, -12.75555361 ], [ -38.51689669, -12.75558907 ], [ -38.51689759, -12.755602 ], [ -38.5169001, -12.75563808 ], [ -38.51690261, -12.75567417 ], [ -38.51690512, -12.75571025 ], [ -38.51690474, -12.75571577 ], [ -38.51690228, -12.75575184 ], [ -38.51689981, -12.75578792 ], [ -38.51689735, -12.75582399 ], [ -38.5168972, -12.75585266 ], [ -38.51689695, -12.75588883 ], [ -38.5168967, -12.755925 ], [ -38.51691064, -12.75595631 ], [ -38.5169255, -12.75598943 ], [ -38.51694027, -12.75602256 ], [ -38.51695504, -12.75605568 ], [ -38.51696191, -12.75607513 ], [ -38.51697401, -12.75610934 ], [ -38.51698611, -12.75614345 ], [ -38.51698619, -12.75614589 ], [ -38.51698751, -12.75618206 ], [ -38.51698882, -12.75621824 ], [ -38.51699022, -12.75625441 ], [ -38.51699153, -12.75629049 ], [ -38.51699162, -12.75629357 ], [ -38.51699275, -12.75632965 ], [ -38.51699388, -12.75636582 ], [ -38.51699581, -12.75637035 ], [ -38.51700975, -12.75640383 ], [ -38.5170356, -12.75642332 ], [ -38.51706359, -12.75643033 ], [ -38.51709932, -12.75643935 ], [ -38.51713495, -12.75644828 ], [ -38.51716579, -12.75645973 ], [ -38.51719204, -12.75646276 ], [ -38.51719379, -12.75646249 ], [ -38.51723037, -12.75645786 ], [ -38.51723655, -12.7564557 ], [ -38.5172713, -12.75644364 ], [ -38.51729576, -12.75642316 ], [ -38.51731991, -12.75641317 ], [ -38.51735575, -12.75641296 ], [ -38.51738669, -12.7564208 ], [ -38.51741993, -12.7564299 ], [ -38.5174261, -12.75643009 ], [ -38.51746295, -12.75643106 ], [ -38.51746543, -12.75643052 ], [ -38.51750138, -12.75642263 ], [ -38.51752094, -12.75640558 ], [ -38.51754098, -12.75638011 ], [ -38.51754476, -12.75637632 ], [ -38.51757042, -12.75635033 ], [ -38.51759718, -12.75632985 ], [ -38.51760649, -12.75632634 ], [ -38.51764088, -12.75631335 ], [ -38.51765359, -12.75631069 ], [ -38.51768963, -12.75630316 ], [ -38.51772566, -12.75629554 ], [ -38.51776186, -12.75629769 ], [ -38.51779088, -12.75629964 ], [ -38.51779815, -12.75630119 ], [ -38.51783416, -12.75630903 ], [ -38.5178429, -12.75631339 ], [ -38.51787576, -12.75632981 ], [ -38.51790862, -12.75634624 ], [ -38.51791441, -12.75635077 ], [ -38.51794339, -12.75637307 ], [ -38.51797237, -12.75639546 ], [ -38.51800134, -12.75641776 ], [ -38.51803032, -12.75644015 ], [ -38.51803667, -12.75644504 ], [ -38.51806564, -12.75646734 ], [ -38.51809471, -12.75648973 ], [ -38.51812369, -12.75651202 ], [ -38.51813114, -12.75651846 ], [ -38.51815882, -12.7565422 ], [ -38.5181866, -12.75656603 ], [ -38.51821438, -12.75658986 ], [ -38.51822707, -12.75660237 ], [ -38.518253, -12.7566281 ], [ -38.51827893, -12.75665373 ], [ -38.51830495, -12.75667946 ], [ -38.51832416, -12.75670219 ], [ -38.51834778, -12.75673009 ], [ -38.51836314, -12.75674604 ], [ -38.51838842, -12.75677221 ], [ -38.5184138, -12.75679848 ], [ -38.51843918, -12.75682475 ], [ -38.51846446, -12.75685102 ], [ -38.5184835, -12.7568695 ], [ -38.51850979, -12.75689487 ], [ -38.518536, -12.75692023 ], [ -38.51856221, -12.75694569 ], [ -38.51856911, -12.75695231 ], [ -38.51859541, -12.75697758 ], [ -38.51862171, -12.75700286 ], [ -38.5186481, -12.75702823 ], [ -38.51867024, -12.7570572 ], [ -38.51869239, -12.75708609 ], [ -38.51871454, -12.75711498 ], [ -38.51871912, -12.75712575 ], [ -38.51873334, -12.75715914 ], [ -38.51873292, -12.75718627 ], [ -38.5187278, -12.75721329 ], [ -38.51871062, -12.7572375 ], [ -38.51870702, -12.75724047 ], [ -38.51867888, -12.75726384 ], [ -38.51866365, -12.75727855 ], [ -38.51863735, -12.75730392 ], [ -38.51862886, -12.75731412 ], [ -38.5186055, -12.75734211 ], [ -38.51859043, -12.75737048 ], [ -38.51857258, -12.75740399 ], [ -38.51855603, -12.75743633 ], [ -38.51854796, -12.75746571 ], [ -38.51853813, -12.75750059 ], [ -38.5185381, -12.75751569 ], [ -38.51853766, -12.75755177 ], [ -38.51853723, -12.75758794 ], [ -38.51854179, -12.75761191 ], [ -38.51854854, -12.75764746 ], [ -38.51855529, -12.75768301 ], [ -38.51856213, -12.75771856 ], [ -38.51856386, -12.75772897 ], [ -38.51857006, -12.75776461 ], [ -38.51857616, -12.75780033 ], [ -38.51858236, -12.75783597 ], [ -38.51858361, -12.75785497 ], [ -38.51858603, -12.75789105 ], [ -38.51858845, -12.75792713 ], [ -38.51858842, -12.7579445 ], [ -38.51858835, -12.75798067 ], [ -38.51858837, -12.75801684 ], [ -38.5185884, -12.75805301 ], [ -38.51858833, -12.75808918 ], [ -38.51858835, -12.75812535 ], [ -38.51859714, -12.75815747 ], [ -38.51860674, -12.75819239 ], [ -38.51861364, -12.75820162 ], [ -38.51863523, -12.75823087 ], [ -38.51864856, -12.75824518 ], [ -38.51867338, -12.75827199 ], [ -38.5186948, -12.75829771 ], [ -38.51869433, -12.75830079 ], [ -38.51868948, -12.75833659 ], [ -38.51868845, -12.75834183 ], [ -38.51868166, -12.75837745 ], [ -38.51868157, -12.75837862 ], [ -38.51867754, -12.7584146 ], [ -38.51867351, -12.75845049 ], [ -38.51867254, -12.75847636 ], [ -38.51867127, -12.75851252 ], [ -38.51866991, -12.7585486 ], [ -38.51866581, -12.75857418 ], [ -38.51866022, -12.75860989 ], [ -38.51865453, -12.75864569 ], [ -38.51864893, -12.7586814 ], [ -38.51864032, -12.75870571 ], [ -38.51862837, -12.75873996 ], [ -38.51861633, -12.75877412 ], [ -38.51861306, -12.75878243 ], [ -38.51859976, -12.75881613 ], [ -38.51858643, -12.75884993 ], [ -38.5185855, -12.7588577 ], [ -38.51858128, -12.75889369 ], [ -38.51857707, -12.75892958 ], [ -38.51857285, -12.75896556 ], [ -38.51857359, -12.75896845 ], [ -38.51858199, -12.75900365 ], [ -38.51860112, -12.75902303 ], [ -38.51860572, -12.75902657 ], [ -38.5186346, -12.75904914 ], [ -38.5186358, -12.75904995 ], [ -38.51866579, -12.75907117 ], [ -38.51868462, -12.75910231 ], [ -38.5186916, -12.7591119 ], [ -38.5187131, -12.75914133 ], [ -38.51871266, -12.75917325 ], [ -38.51871303, -12.7591822 ], [ -38.51871453, -12.75921829 ], [ -38.51871807, -12.75924189 ], [ -38.51872344, -12.75927771 ], [ -38.51872301, -12.75931018 ], [ -38.51872257, -12.75934635 ], [ -38.5187099, -12.75937589 ], [ -38.51868084, -12.75939817 ], [ -38.51866148, -12.75940601 ], [ -38.51863973, -12.7594085 ], [ -38.51862277, -12.75941055 ], [ -38.51862213, -12.75941145 ], [ -38.51860061, -12.7594408 ], [ -38.51860048, -12.7594568 ], [ -38.51859996, -12.75949297 ], [ -38.51859208, -12.75951747 ], [ -38.51858096, -12.7595519 ], [ -38.51856984, -12.75958642 ], [ -38.51855809, -12.75961108 ], [ -38.51854255, -12.75964388 ], [ -38.5185182, -12.75966165 ], [ -38.51850613, -12.75966262 ], [ -38.51848928, -12.75965635 ], [ -38.51846514, -12.75965875 ], [ -38.51843829, -12.7596795 ], [ -38.51843312, -12.75968537 ], [ -38.51840893, -12.75971263 ], [ -38.51839904, -12.75972898 ], [ -38.51839858, -12.75972952 ], [ -38.51837449, -12.75975695 ], [ -38.51836405, -12.75977214 ], [ -38.51834345, -12.75980213 ], [ -38.51832285, -12.75983211 ], [ -38.5183222, -12.7598331 ], [ -38.51830068, -12.75986245 ], [ -38.51828349, -12.75989344 ], [ -38.51827979, -12.75989867 ], [ -38.51825882, -12.75992848 ], [ -38.51825346, -12.75993579 ], [ -38.51823185, -12.75996514 ], [ -38.51822592, -12.75998258 ], [ -38.51821425, -12.76001683 ], [ -38.51821342, -12.76001873 ], [ -38.51819769, -12.76005144 ], [ -38.51818206, -12.76008423 ], [ -38.51817641, -12.76010059 ], [ -38.51816446, -12.76013484 ], [ -38.5181627, -12.76014397 ], [ -38.51815581, -12.76017949 ], [ -38.51814893, -12.76021502 ], [ -38.51814586, -12.76022767 ], [ -38.51813723, -12.76026283 ], [ -38.51812859, -12.76029799 ], [ -38.51812757, -12.76030414 ], [ -38.51812133, -12.76033985 ], [ -38.518115, -12.76037546 ], [ -38.51810876, -12.76041108 ], [ -38.51810252, -12.76044679 ], [ -38.5181024, -12.76045917 ], [ -38.51810186, -12.76049534 ], [ -38.51810112, -12.76050592 ], [ -38.51809856, -12.76054209 ], [ -38.518096, -12.76057816 ], [ -38.51809653, -12.76059182 ], [ -38.51809775, -12.7606279 ], [ -38.51809732, -12.76066344 ], [ -38.51809212, -12.76068206 ], [ -38.51808229, -12.76071685 ], [ -38.51807832, -12.7607239 ], [ -38.51806048, -12.7607556 ], [ -38.51804264, -12.76078722 ], [ -38.51803321, -12.76080339 ], [ -38.51801491, -12.76083483 ], [ -38.51799652, -12.76086617 ], [ -38.51798829, -12.76088026 ], [ -38.51797625, -12.7609127 ], [ -38.51796357, -12.76094668 ], [ -38.51795088, -12.76098066 ], [ -38.51794604, -12.76100515 ], [ -38.51793898, -12.76104068 ], [ -38.517932, -12.7610762 ], [ -38.51792502, -12.76111173 ], [ -38.51791924, -12.76114671 ], [ -38.51791328, -12.76118242 ], [ -38.51790741, -12.76121813 ], [ -38.51790154, -12.76125383 ], [ -38.51789746, -12.76126621 ], [ -38.51788625, -12.76130065 ], [ -38.51787504, -12.76133517 ], [ -38.51786382, -12.7613696 ], [ -38.51786169, -12.76137927 ], [ -38.51785388, -12.76141461 ], [ -38.51784598, -12.76144996 ], [ -38.51783818, -12.7614853 ], [ -38.51783132, -12.76150816 ], [ -38.51782093, -12.76154287 ], [ -38.51781055, -12.76157757 ], [ -38.5178087, -12.76158363 ], [ -38.51779822, -12.76161833 ], [ -38.51778774, -12.76165304 ], [ -38.51778654, -12.76165656 ], [ -38.51777459, -12.76169072 ], [ -38.51776264, -12.76172497 ], [ -38.51775136, -12.76174783 ], [ -38.51773545, -12.76178044 ], [ -38.51772979, -12.76180096 ], [ -38.51772015, -12.76183594 ], [ -38.51771826, -12.76185736 ], [ -38.51771497, -12.76189344 ], [ -38.51771168, -12.76192942 ], [ -38.51770775, -12.76195944 ], [ -38.51770298, -12.76199533 ], [ -38.51769831, -12.76203122 ], [ -38.51769567, -12.7620634 ], [ -38.51769275, -12.76209948 ], [ -38.51768991, -12.76213555 ], [ -38.51768618, -12.76216322 ], [ -38.51768132, -12.76219902 ], [ -38.51767646, -12.76223491 ], [ -38.51767618, -12.76223699 ], [ -38.51766975, -12.7622726 ], [ -38.51766342, -12.76230822 ], [ -38.51765038, -12.7623337 ], [ -38.51763383, -12.76236595 ], [ -38.51762797, -12.76239551 ], [ -38.5176209, -12.76243103 ], [ -38.51760603, -12.76245216 ], [ -38.5176001, -12.76246979 ], [ -38.51758843, -12.76250413 ], [ -38.51758832, -12.76251416 ], [ -38.51758788, -12.76255033 ], [ -38.5175911, -12.76255441 ], [ -38.51761408, -12.76258266 ], [ -38.5176405, -12.7625913 ], [ -38.51765745, -12.76259153 ], [ -38.51767938, -12.7625873 ], [ -38.5177156, -12.76258032 ], [ -38.51773736, -12.76257231 ], [ -38.51777137, -12.76256206 ], [ -38.51780758, -12.76256014 ], [ -38.51782193, -12.76257219 ], [ -38.51781692, -12.76259108 ], [ -38.51779954, -12.7626217 ], [ -38.5177974, -12.76263644 ], [ -38.51779208, -12.76267224 ], [ -38.51778685, -12.76270804 ], [ -38.51779907, -12.76272596 ], [ -38.5177998, -12.76272714 ], [ -38.51781854, -12.76275828 ], [ -38.51784496, -12.7627681 ], [ -38.51787617, -12.76277792 ], [ -38.51788621, -12.76278065 ], [ -38.51792175, -12.7627903 ], [ -38.51792948, -12.76279402 ], [ -38.51796262, -12.76280982 ], [ -38.51797475, -12.76282657 ], [ -38.51797524, -12.76285975 ], [ -38.51797198, -12.76287964 ], [ -38.51796629, -12.76291535 ], [ -38.51795197, -12.76293431 ], [ -38.51792374, -12.7629575 ], [ -38.51791201, -12.76297511 ], [ -38.51790767, -12.76297845 ], [ -38.51787879, -12.76300082 ], [ -38.51785499, -12.76301715 ], [ -38.51785066, -12.76302021 ], [ -38.51782086, -12.76304141 ], [ -38.51779106, -12.76306261 ], [ -38.51778922, -12.76306468 ], [ -38.51776493, -12.76309195 ], [ -38.51775711, -12.76309709 ], [ -38.51773907, -12.76312608 ], [ -38.51772762, -12.76314451 ], [ -38.51770849, -12.76317549 ], [ -38.51770322, -12.76318316 ], [ -38.51768262, -12.76321315 ], [ -38.51768114, -12.76321649 ], [ -38.51766634, -12.76324965 ], [ -38.51766292, -12.76325471 ], [ -38.51764278, -12.76328496 ], [ -38.51763696, -12.76329002 ], [ -38.51760956, -12.7633142 ], [ -38.51760834, -12.76332216 ], [ -38.51760293, -12.76335796 ], [ -38.51762001, -12.76338783 ], [ -38.51764404, -12.76339764 ], [ -38.51766081, -12.76339423 ], [ -38.51767726, -12.76336831 ], [ -38.51767911, -12.76336587 ], [ -38.51770081, -12.76333661 ], [ -38.51771495, -12.7633143 ], [ -38.51772224, -12.76330826 ], [ -38.51775048, -12.76328498 ], [ -38.51776845, -12.76327832 ], [ -38.51780293, -12.76326554 ], [ -38.51783398, -12.76326361 ], [ -38.51784603, -12.76327195 ], [ -38.51785585, -12.76329467 ], [ -38.51785385, -12.76332776 ], [ -38.51784433, -12.76334366 ], [ -38.51782575, -12.76337491 ], [ -38.51780188, -12.76338409 ], [ -38.51778022, -12.76338622 ], [ -38.51775653, -12.7633954 ], [ -38.5177376, -12.76341888 ], [ -38.51773039, -12.76343351 ], [ -38.51771414, -12.76346604 ], [ -38.51770391, -12.76349993 ], [ -38.51769344, -12.76353463 ], [ -38.51771051, -12.7635645 ], [ -38.51771825, -12.76356823 ], [ -38.51775147, -12.76358393 ], [ -38.51775599, -12.76358484 ], [ -38.51779218, -12.7635916 ], [ -38.51780927, -12.76361297 ], [ -38.51781182, -12.76362971 ], [ -38.51779769, -12.76364975 ], [ -38.51777407, -12.76366716 ], [ -38.51775035, -12.76369063 ], [ -38.51774618, -12.76370247 ], [ -38.51773414, -12.76373663 ], [ -38.51773429, -12.76375263 ], [ -38.51773469, -12.7637888 ], [ -38.51773937, -12.76379749 ], [ -38.51775672, -12.76382945 ], [ -38.51775781, -12.76383551 ], [ -38.51776429, -12.76387106 ], [ -38.51775511, -12.76390296 ], [ -38.51775224, -12.76390802 ], [ -38.51773403, -12.76393945 ], [ -38.5177271, -12.7639531 ], [ -38.51771064, -12.76398544 ], [ -38.51771071, -12.76399557 ], [ -38.5177111, -12.76403174 ], [ -38.51771173, -12.76404178 ], [ -38.51771406, -12.76407786 ], [ -38.51771498, -12.76407858 ], [ -38.51774312, -12.76410197 ], [ -38.5177697, -12.76412489 ], [ -38.51777703, -12.76414525 ], [ -38.51776529, -12.76416648 ], [ -38.51775827, -12.76417705 ], [ -38.51775841, -12.76419242 ], [ -38.51776338, -12.76420608 ], [ -38.51777575, -12.76424011 ], [ -38.51778604, -12.76425703 ], [ -38.51780505, -12.76428799 ], [ -38.51782397, -12.76431905 ], [ -38.51784289, -12.7643501 ], [ -38.5178619, -12.76438106 ], [ -38.51788082, -12.76441211 ], [ -38.51789737, -12.76442715 ], [ -38.5179245, -12.76445161 ], [ -38.51795026, -12.7644702 ], [ -38.51798007, -12.76449159 ], [ -38.51800701, -12.76450005 ], [ -38.51803361, -12.76451466 ], [ -38.51804847, -12.76451604 ], [ -38.51808513, -12.76451945 ], [ -38.5181218, -12.76452287 ], [ -38.51812815, -12.76452215 ], [ -38.518165, -12.76452222 ], [ -38.51819053, -12.76451965 ], [ -38.5182272, -12.7645161 ], [ -38.51825991, -12.76451417 ], [ -38.51829667, -12.76451206 ], [ -38.5183012, -12.76451261 ], [ -38.51833701, -12.76451756 ], [ -38.51837349, -12.7645226 ], [ -38.51839485, -12.76452635 ], [ -38.51843169, -12.76453293 ], [ -38.51846492, -12.76454854 ], [ -38.5184844, -12.76457371 ], [ -38.51850157, -12.76460576 ], [ -38.51850165, -12.76461001 ], [ -38.51850205, -12.76464618 ], [ -38.51849951, -12.76466932 ], [ -38.51849558, -12.7647053 ], [ -38.51849821, -12.76472457 ], [ -38.51851291, -12.76474937 ], [ -38.51853479, -12.76477121 ], [ -38.51854942, -12.76478245 ], [ -38.5185784, -12.76480483 ], [ -38.51858908, -12.76480829 ], [ -38.51862415, -12.76481957 ], [ -38.51862729, -12.7648203 ], [ -38.51866301, -12.76482931 ], [ -38.51869865, -12.76483833 ], [ -38.51869966, -12.7648386 ], [ -38.5187353, -12.7648478 ], [ -38.51877084, -12.76485709 ], [ -38.5187969, -12.76486238 ], [ -38.51883337, -12.7648695 ], [ -38.51886938, -12.76487653 ], [ -38.51890548, -12.76488356 ], [ -38.5189121, -12.76488945 ], [ -38.51893951, -12.76491364 ], [ -38.51895429, -12.76494242 ], [ -38.51894494, -12.76496483 ], [ -38.5189284, -12.76499446 ], [ -38.51890255, -12.76502019 ], [ -38.51888833, -12.76503978 ], [ -38.51886221, -12.76506099 ], [ -38.51885295, -12.7650881 ], [ -38.51883659, -12.76511755 ], [ -38.51882253, -12.76514944 ], [ -38.51882062, -12.76518407 ], [ -38.51882102, -12.76521482 ], [ -38.51880705, -12.76524662 ], [ -38.51878812, -12.76527019 ], [ -38.51877834, -12.76527831 ], [ -38.5187501, -12.76530159 ], [ -38.51874282, -12.76530329 ], [ -38.51870706, -12.76531209 ], [ -38.5186807, -12.7653181 ], [ -38.51864485, -12.76532635 ], [ -38.51864199, -12.7653268 ], [ -38.51860559, -12.76533243 ], [ -38.51856919, -12.76533815 ], [ -38.51853279, -12.76534378 ], [ -38.51849639, -12.76534941 ], [ -38.51848947, -12.76535238 ], [ -38.51845582, -12.76536697 ], [ -38.51845314, -12.76536769 ], [ -38.51841756, -12.76537703 ], [ -38.5184148, -12.76537775 ], [ -38.51837913, -12.76538654 ], [ -38.51834337, -12.76539534 ], [ -38.51831616, -12.76540885 ], [ -38.51828324, -12.76542507 ], [ -38.51825032, -12.76544138 ], [ -38.51822173, -12.76545905 ], [ -38.51820593, -12.76548624 ], [ -38.51818772, -12.76551767 ], [ -38.51816942, -12.76554911 ], [ -38.51815121, -12.76558054 ], [ -38.5181451, -12.76559364 ], [ -38.51813002, -12.76562662 ], [ -38.51811485, -12.7656596 ], [ -38.51809968, -12.76569258 ], [ -38.51809801, -12.76569881 ], [ -38.51808818, -12.7657337 ], [ -38.51807844, -12.76576859 ], [ -38.51806861, -12.76580338 ], [ -38.51805887, -12.76583827 ], [ -38.51804913, -12.76587259 ], [ -38.51804885, -12.76587551 ], [ -38.51804537, -12.76591149 ], [ -38.5180383, -12.76594747 ], [ -38.51803823, -12.76598346 ], [ -38.51803476, -12.76601953 ], [ -38.51803119, -12.76605551 ], [ -38.51802762, -12.7660915 ], [ -38.51802734, -12.76609466 ], [ -38.51802349, -12.76613064 ], [ -38.51801596, -12.76616662 ], [ -38.51801589, -12.76620261 ], [ -38.51801205, -12.76623859 ], [ -38.51800829, -12.76627457 ], [ -38.51800445, -12.76631056 ], [ -38.5180007, -12.76634654 ], [ -38.51799685, -12.76638252 ], [ -38.5179931, -12.7664185 ], [ -38.51801026, -12.76645091 ], [ -38.51801439, -12.76646321 ], [ -38.51802602, -12.76649751 ], [ -38.51803766, -12.7665318 ], [ -38.51804921, -12.7665594 ], [ -38.51806315, -12.76659288 ], [ -38.51807718, -12.76662637 ], [ -38.51808426, -12.76663823 ], [ -38.51810317, -12.76666928 ], [ -38.51812209, -12.76670033 ], [ -38.51814092, -12.76673147 ], [ -38.51814716, -12.76674332 ], [ -38.51816405, -12.76677546 ], [ -38.51818095, -12.76680768 ], [ -38.51819784, -12.76683981 ], [ -38.51821473, -12.76687194 ], [ -38.51821913, -12.76687928 ], [ -38.51823778, -12.76691051 ], [ -38.51825642, -12.76694174 ], [ -38.51825426, -12.76696298 ], [ -38.51824714, -12.76697599 ], [ -38.51822573, -12.76699494 ], [ -38.5182021, -12.76702139 ], [ -38.5182008, -12.76702736 ], [ -38.51819299, -12.7670627 ], [ -38.5181948, -12.76708061 ], [ -38.51819842, -12.76711661 ], [ -38.51820059, -12.76713515 ], [ -38.51820486, -12.76717105 ], [ -38.51820912, -12.76720705 ], [ -38.51821497, -12.7672294 ], [ -38.51822421, -12.76726441 ], [ -38.51822568, -12.76726785 ], [ -38.5182398, -12.76730133 ], [ -38.51825393, -12.76733472 ], [ -38.51827074, -12.76735989 ], [ -38.51829104, -12.76739013 ], [ -38.51831134, -12.76742051 ], [ -38.51833155, -12.76745052 ], [ -38.51835186, -12.76748067 ], [ -38.51836279, -12.76749914 ], [ -38.51838124, -12.76753046 ], [ -38.5183997, -12.76756169 ], [ -38.51841816, -12.76759301 ], [ -38.51842294, -12.76759772 ], [ -38.51844897, -12.76762336 ], [ -38.51847499, -12.76764891 ], [ -38.51850101, -12.76767454 ], [ -38.51850837, -12.76768134 ], [ -38.51853513, -12.76770626 ], [ -38.5185619, -12.76773108 ], [ -38.51858866, -12.767756 ], [ -38.51861542, -12.76778082 ], [ -38.51864218, -12.76780565 ], [ -38.51866895, -12.76783056 ], [ -38.51867014, -12.76783201 ], [ -38.51869257, -12.76786072 ], [ -38.51871499, -12.76788942 ], [ -38.51873769, -12.76791822 ], [ -38.51876907, -12.76793718 ], [ -38.51880017, -12.76795604 ], [ -38.5188335, -12.76796786 ], [ -38.51886812, -12.76798013 ], [ -38.5188988, -12.76798145 ], [ -38.51893565, -12.76798152 ], [ -38.51895665, -12.767983 ], [ -38.5189934, -12.7679856 ], [ -38.5189993, -12.76798742 ], [ -38.51903447, -12.76799807 ], [ -38.51904918, -12.76801564 ], [ -38.5190519, -12.76803779 ], [ -38.51905227, -12.7680387 ], [ -38.51906676, -12.768072 ], [ -38.51907493, -12.7680854 ], [ -38.51909385, -12.76811645 ], [ -38.519099, -12.76812342 ], [ -38.51912078, -12.76815258 ], [ -38.51913556, -12.76818082 ], [ -38.51912878, -12.76821038 ], [ -38.51911569, -12.76821478 ], [ -38.51908097, -12.76822639 ], [ -38.51907614, -12.76822728 ], [ -38.51903992, -12.768234 ], [ -38.51903282, -12.76823715 ], [ -38.51899926, -12.76825201 ], [ -38.51899815, -12.76825336 ], [ -38.51897552, -12.76828199 ], [ -38.51896951, -12.76829283 ], [ -38.51895204, -12.76832462 ], [ -38.51895549, -12.7683523 ], [ -38.51896012, -12.76838821 ], [ -38.51896258, -12.76840431 ], [ -38.51896795, -12.76844013 ], [ -38.51896744, -12.76846246 ], [ -38.51896664, -12.76849854 ], [ -38.51896583, -12.76853471 ], [ -38.51896503, -12.76857088 ], [ -38.51896413, -12.76860705 ], [ -38.51896332, -12.76864322 ], [ -38.51896613, -12.76867035 ], [ -38.51897929, -12.76867914 ], [ -38.51900984, -12.76869937 ], [ -38.51902375, -12.76869758 ], [ -38.51906033, -12.76869286 ], [ -38.51906927, -12.76869251 ], [ -38.51910613, -12.76869113 ], [ -38.51913034, -12.76870022 ], [ -38.51913785, -12.76872139 ], [ -38.51912371, -12.76874515 ], [ -38.51910461, -12.76876202 ], [ -38.5190903, -12.76877755 ], [ -38.51908342, -12.7688091 ], [ -38.51907921, -12.76884508 ], [ -38.51906754, -12.76887824 ], [ -38.51906448, -12.76888601 ], [ -38.51905124, -12.76891981 ], [ -38.51904616, -12.76892694 ], [ -38.5190252, -12.76895666 ], [ -38.5190256, -12.7689874 ], [ -38.51903092, -12.76899763 ], [ -38.51904781, -12.76902976 ], [ -38.51905645, -12.76904027 ], [ -38.51907962, -12.76906834 ], [ -38.51909929, -12.76909297 ], [ -38.5191071, -12.76910348 ], [ -38.51912869, -12.76913281 ], [ -38.51913346, -12.76914331 ], [ -38.5191486, -12.76917634 ], [ -38.51913189, -12.76919304 ], [ -38.5191307, -12.76919349 ], [ -38.51909594, -12.76920527 ], [ -38.51906461, -12.76920811 ], [ -38.51905687, -12.76920991 ], [ -38.51902111, -12.76921834 ], [ -38.51898535, -12.76922678 ], [ -38.51897278, -12.76922838 ], [ -38.51893558, -12.76923311 ], [ -38.51889909, -12.76923774 ], [ -38.51886251, -12.76924247 ], [ -38.51885771, -12.76924409 ], [ -38.51882296, -12.76925614 ], [ -38.51878811, -12.76926819 ], [ -38.51878664, -12.76926891 ], [ -38.51875381, -12.76928549 ], [ -38.51872107, -12.76930207 ], [ -38.51870602, -12.76931769 ], [ -38.51868064, -12.76934396 ], [ -38.51867822, -12.76935697 ], [ -38.51867161, -12.76939259 ], [ -38.51868159, -12.76942444 ], [ -38.51870134, -12.76945495 ], [ -38.51872279, -12.76946701 ], [ -38.51875472, -12.76948506 ], [ -38.51877599, -12.76949288 ], [ -38.51881042, -12.76950569 ], [ -38.51881869, -12.76951385 ], [ -38.51884463, -12.76953957 ], [ -38.51886181, -12.7695642 ], [ -38.5188742, -12.76958891 ], [ -38.5188889, -12.76960883 ], [ -38.51890388, -12.76962893 ], [ -38.51892575, -12.76965809 ], [ -38.51892575, -12.76965872 ], [ -38.51892863, -12.76969481 ], [ -38.51890729, -12.76972343 ], [ -38.51889983, -12.76972514 ], [ -38.51886398, -12.76973348 ], [ -38.51885255, -12.76973382 ], [ -38.51881579, -12.7697352 ], [ -38.51878925, -12.76973787 ], [ -38.51877837, -12.76974165 ], [ -38.51874362, -12.76975379 ], [ -38.51873993, -12.76975713 ], [ -38.51871261, -12.7697814 ], [ -38.51869838, -12.76980172 ], [ -38.518698, -12.76980778 ], [ -38.51869545, -12.76984386 ], [ -38.51869298, -12.76988002 ], [ -38.51868556, -12.76990678 ], [ -38.51867582, -12.76994166 ], [ -38.51866603, -12.76995819 ], [ -38.51864736, -12.76998936 ], [ -38.51863905, -12.7700001 ], [ -38.51861679, -12.77002891 ], [ -38.51860093, -12.77003629 ], [ -38.51856773, -12.77005197 ], [ -38.5185541, -12.77005212 ], [ -38.51851724, -12.77005251 ], [ -38.5184909, -12.77004938 ], [ -38.51846359, -12.77006977 ], [ -38.51846239, -12.77007113 ], [ -38.51843829, -12.77009848 ], [ -38.51841999, -12.77012964 ], [ -38.51841136, -12.77016399 ], [ -38.51840682, -12.77018035 ], [ -38.51839698, -12.77021524 ], [ -38.51839462, -12.77024552 ], [ -38.51839176, -12.7702816 ], [ -38.51839141, -12.77028937 ], [ -38.51838977, -12.77032554 ], [ -38.51839454, -12.77033866 ], [ -38.51840691, -12.77037269 ], [ -38.51841518, -12.77038427 ], [ -38.51843632, -12.77041388 ], [ -38.51843751, -12.77041732 ], [ -38.51844914, -12.77045161 ], [ -38.51844349, -12.77046951 ], [ -38.51844693, -12.77050152 ], [ -38.51845502, -12.77050914 ], [ -38.5184816, -12.77053432 ], [ -38.51849798, -12.77054231 ], [ -38.51853103, -12.77055847 ], [ -38.51856197, -12.77056404 ], [ -38.51859828, -12.77055886 ], [ -38.5186232, -12.77053738 ], [ -38.51864542, -12.77052404 ], [ -38.51866468, -12.7705238 ], [ -38.51869361, -12.77052105 ], [ -38.51871163, -12.7704936 ], [ -38.51873674, -12.77046959 ], [ -38.51874587, -12.77046337 ], [ -38.51877631, -12.7704429 ], [ -38.51880793, -12.77043192 ], [ -38.5188315, -12.77044227 ], [ -38.51881865, -12.77046151 ], [ -38.51879642, -12.77047603 ], [ -38.51877889, -12.77049282 ], [ -38.51879278, -12.77050451 ], [ -38.51881663, -12.77050781 ], [ -38.51884307, -12.77050749 ], [ -38.51884943, -12.77050723 ], [ -38.51888628, -12.77050567 ], [ -38.51891962, -12.77051116 ], [ -38.5189453, -12.77052748 ], [ -38.51896141, -12.77053502 ], [ -38.51899464, -12.77055063 ], [ -38.51900596, -12.77055273 ], [ -38.51904216, -12.77055958 ], [ -38.51904344, -12.77056057 ], [ -38.51907233, -12.77058296 ], [ -38.51908056, -12.77061499 ], [ -38.51906743, -12.7706401 ], [ -38.51905899, -12.77066848 ], [ -38.5190769, -12.77069808 ], [ -38.51908896, -12.77070688 ], [ -38.51911867, -12.77072827 ], [ -38.51912981, -12.77073544 ], [ -38.51916063, -12.77075511 ], [ -38.51916422, -12.77075928 ], [ -38.51918803, -12.7707869 ], [ -38.51920652, -12.77080213 ], [ -38.51922594, -12.77081311 ], [ -38.51925787, -12.77083116 ], [ -38.51926919, -12.77083642 ], [ -38.51930251, -12.770852 ], [ -38.51932736, -12.77086755 ], [ -38.51935837, -12.77088695 ], [ -38.51936085, -12.77089012 ], [ -38.51938337, -12.77091874 ], [ -38.51940656, -12.77093379 ], [ -38.51943272, -12.77093718 ], [ -38.51943456, -12.77093692 ], [ -38.51947123, -12.77093319 ], [ -38.5194904, -12.77093042 ], [ -38.51952356, -12.7709359 ], [ -38.51954003, -12.77094552 ], [ -38.51954454, -12.77094996 ], [ -38.51957687, -12.77095182 ], [ -38.51961363, -12.77095388 ], [ -38.51963732, -12.77094551 ], [ -38.51967198, -12.77093319 ], [ -38.51967604, -12.7709313 ], [ -38.51970924, -12.77091571 ], [ -38.51974252, -12.77090013 ], [ -38.51976788, -12.77088915 ], [ -38.51980153, -12.77087456 ], [ -38.51983528, -12.77085997 ], [ -38.51986894, -12.77084538 ], [ -38.5198729, -12.77084467 ], [ -38.51990921, -12.77083849 ], [ -38.51994552, -12.77083232 ], [ -38.51998183, -12.77082624 ], [ -38.52000957, -12.7708243 ], [ -38.52004633, -12.77082183 ], [ -38.52006642, -12.77081599 ], [ -38.52010173, -12.77080566 ], [ -38.52011629, -12.77080243 ], [ -38.52015224, -12.77079435 ], [ -38.52015353, -12.77079445 ], [ -38.52019028, -12.77079632 ], [ -38.52020096, -12.77080077 ], [ -38.52023484, -12.77081494 ], [ -38.52025745, -12.77084319 ], [ -38.52027288, -12.77086908 ], [ -38.52028601, -12.77089361 ], [ -38.52028504, -12.77091993 ], [ -38.52028465, -12.77092779 ], [ -38.5202832, -12.77096396 ], [ -38.52026576, -12.77097704 ], [ -38.52023588, -12.77099896 ], [ -38.52020499, -12.7710112 ], [ -38.52019568, -12.77101489 ], [ -38.52016147, -12.77102839 ], [ -38.52013434, -12.77105122 ], [ -38.52010047, -12.77106228 ], [ -38.52008392, -12.77106506 ], [ -38.52004761, -12.77107114 ], [ -38.52003453, -12.77107039 ], [ -38.51999768, -12.77106824 ], [ -38.51999363, -12.7710686 ], [ -38.51995695, -12.77107215 ], [ -38.51995207, -12.77107323 ], [ -38.51991612, -12.77108112 ], [ -38.51988018, -12.77108494 ], [ -38.51987687, -12.77108593 ], [ -38.51984156, -12.77109635 ], [ -38.51983584, -12.77109987 ], [ -38.51980476, -12.77111917 ], [ -38.51978233, -12.77114327 ], [ -38.51976191, -12.77117072 ], [ -38.51975701, -12.77118265 ], [ -38.51974331, -12.77121617 ], [ -38.51974067, -12.77124682 ], [ -38.51973747, -12.7712829 ], [ -38.51973719, -12.77128606 ], [ -38.51973399, -12.77132204 ], [ -38.51973241, -12.77133072 ], [ -38.51972571, -12.77136634 ], [ -38.51971891, -12.77140186 ], [ -38.51971221, -12.77143739 ], [ -38.51971166, -12.77143929 ], [ -38.51970136, -12.77147399 ], [ -38.51969098, -12.77150869 ], [ -38.51968069, -12.7715434 ], [ -38.5196703, -12.7715781 ], [ -38.51965755, -12.77159725 ], [ -38.51963723, -12.77162751 ], [ -38.51962374, -12.77164512 ], [ -38.51960167, -12.77167401 ], [ -38.51958135, -12.77170074 ], [ -38.51955183, -12.77172246 ], [ -38.51953736, -12.77172535 ], [ -38.51950123, -12.77173255 ], [ -38.51949976, -12.77173242 ], [ -38.5194631, -12.77172937 ], [ -38.51942736, -12.77172497 ], [ -38.5194058, -12.77172628 ], [ -38.51938577, -12.77174704 ], [ -38.51937014, -12.77177686 ], [ -38.51937656, -12.77179369 ], [ -38.51939142, -12.77182762 ], [ -38.5193914, -12.77183622 ], [ -38.51939944, -12.7718715 ], [ -38.51939906, -12.77188081 ], [ -38.51939751, -12.77191689 ], [ -38.51939557, -12.77191969 ], [ -38.5193746, -12.7719494 ], [ -38.51935428, -12.77197685 ], [ -38.51933406, -12.77200286 ], [ -38.51933242, -12.77203902 ], [ -38.51933127, -12.77206506 ], [ -38.51934908, -12.77209611 ], [ -38.51934833, -12.77210389 ], [ -38.51934476, -12.77213987 ], [ -38.51933697, -12.77216789 ], [ -38.51932723, -12.77220287 ], [ -38.51931758, -12.77223775 ], [ -38.51930794, -12.77227264 ], [ -38.51929924, -12.7722908 ], [ -38.51928379, -12.7723236 ], [ -38.51926835, -12.77235639 ], [ -38.51924923, -12.7723824 ], [ -38.51924922, -12.77238497 ], [ -38.51922761, -12.77241166 ], [ -38.5192206, -12.77242033 ], [ -38.51919751, -12.77244859 ], [ -38.51917452, -12.77247676 ], [ -38.5191587, -12.77250947 ], [ -38.51914288, -12.77254208 ], [ -38.51912707, -12.77257479 ], [ -38.51911125, -12.77260749 ], [ -38.51911051, -12.77260848 ], [ -38.51908918, -12.77263802 ], [ -38.51906784, -12.77266755 ], [ -38.51906045, -12.77267657 ], [ -38.51903746, -12.77270484 ], [ -38.51902823, -12.77271395 ], [ -38.51900229, -12.77273959 ], [ -38.51900155, -12.77274022 ], [ -38.51897479, -12.77276504 ], [ -38.51894757, -12.77278461 ], [ -38.51894415, -12.7727884 ], [ -38.51891978, -12.77281548 ], [ -38.5189184, -12.77281675 ], [ -38.51889218, -12.7728422 ], [ -38.51888047, -12.77285176 ], [ -38.51885232, -12.77287513 ], [ -38.51882272, -12.77289172 ], [ -38.51879359, -12.77289935 ], [ -38.51875719, -12.77290579 ], [ -38.51873314, -12.77290702 ], [ -38.51870909, -12.77290535 ], [ -38.51867757, -12.77291243 ], [ -38.5186595, -12.77292054 ], [ -38.51862603, -12.77293639 ], [ -38.51862142, -12.77293638 ], [ -38.51858493, -12.77294183 ], [ -38.51854852, -12.77294737 ], [ -38.51851212, -12.77295291 ], [ -38.51850991, -12.77295372 ], [ -38.51847543, -12.77296641 ], [ -38.51846574, -12.77297308 ], [ -38.51843548, -12.77299437 ], [ -38.51841507, -12.77302444 ], [ -38.51840925, -12.77303329 ], [ -38.51838929, -12.77306364 ], [ -38.51836879, -12.77308937 ], [ -38.51834646, -12.77310371 ], [ -38.51832653, -12.77311932 ], [ -38.51832188, -12.77314725 ], [ -38.518316, -12.77318296 ], [ -38.51831004, -12.77321867 ], [ -38.51830208, -12.77323574 ], [ -38.51829862, -12.7732644 ], [ -38.51829441, -12.77330029 ], [ -38.51829477, -12.77330337 ], [ -38.51829894, -12.77333928 ], [ -38.51830311, -12.77337518 ], [ -38.51830473, -12.77339264 ], [ -38.51830808, -12.77342872 ], [ -38.51830804, -12.77344898 ], [ -38.51830788, -12.77348515 ], [ -38.51832449, -12.7735171 ], [ -38.5183384, -12.77354378 ], [ -38.51872949, -12.77362446 ], [ -38.52513939, -12.7749467 ], [ -38.52540112, -12.77406131 ], [ -38.52594733, -12.77249249 ], [ -38.52656049, -12.77133311 ], [ -38.52797666, -12.77193068 ], [ -38.53072234, -12.77154217 ], [ -38.53080421, -12.77153059 ], [ -38.53080609, -12.7715285 ], [ -38.53083046, -12.77150141 ], [ -38.53083166, -12.77150006 ], [ -38.53085603, -12.77147297 ], [ -38.53088031, -12.7714458 ], [ -38.53090469, -12.77141862 ], [ -38.53092906, -12.77139145 ], [ -38.53095334, -12.77136427 ], [ -38.53097771, -12.7713371 ], [ -38.53100208, -12.77131001 ], [ -38.53102858, -12.77128031 ], [ -38.53105295, -12.77125314 ], [ -38.53106532, -12.77123959 ], [ -38.53108988, -12.7712126 ], [ -38.53111434, -12.77118561 ], [ -38.5311389, -12.77115861 ], [ -38.53116345, -12.77113162 ], [ -38.53118801, -12.77110462 ], [ -38.53121257, -12.77107763 ], [ -38.53123712, -12.77105064 ], [ -38.53126159, -12.77102364 ], [ -38.53128614, -12.77099674 ], [ -38.5313107, -12.77096975 ], [ -38.53133525, -12.77094275 ], [ -38.53135122, -12.77092759 ], [ -38.53137771, -12.7709025 ], [ -38.5314042, -12.77087732 ], [ -38.53143068, -12.77085222 ], [ -38.53145054, -12.77082685 ], [ -38.53147298, -12.77079813 ], [ -38.53149542, -12.77076942 ], [ -38.53151786, -12.7707407 ], [ -38.5315403, -12.77071208 ], [ -38.53156274, -12.77068336 ], [ -38.53156987, -12.77066502 ], [ -38.53158209, -12.77063348 ], [ -38.53159523, -12.77059968 ], [ -38.53158284, -12.77057172 ], [ -38.53157637, -12.77053608 ], [ -38.5315698, -12.77050044 ], [ -38.53156561, -12.77047747 ], [ -38.53156985, -12.77047331 ], [ -38.53159089, -12.77045255 ], [ -38.53161701, -12.77042701 ], [ -38.53164304, -12.77040137 ], [ -38.53166907, -12.77037583 ], [ -38.5316951, -12.77035019 ], [ -38.53172112, -12.77032465 ], [ -38.53174724, -12.77029902 ], [ -38.53177327, -12.77027347 ], [ -38.5317993, -12.77024793 ], [ -38.53180567, -12.77024224 ], [ -38.53183307, -12.77021806 ], [ -38.53186057, -12.77019396 ], [ -38.53188798, -12.77016977 ], [ -38.53191539, -12.77014559 ], [ -38.53194279, -12.7701214 ], [ -38.5319702, -12.77009722 ], [ -38.53205242, -12.77002475 ], [ -38.53207983, -12.77000057 ], [ -38.5320969, -12.76998531 ], [ -38.53215134, -12.76993649 ], [ -38.53217866, -12.76991212 ], [ -38.53220588, -12.76988776 ], [ -38.5322331, -12.76986339 ], [ -38.53226033, -12.76983902 ], [ -38.53228755, -12.76981466 ], [ -38.53231477, -12.76979029 ], [ -38.532342, -12.76976592 ], [ -38.53236922, -12.76974155 ], [ -38.53239644, -12.76971719 ], [ -38.53242366, -12.76969282 ], [ -38.53245089, -12.76966845 ], [ -38.53247811, -12.76964409 ], [ -38.53250247, -12.76962351 ], [ -38.53253043, -12.76959987 ], [ -38.53255829, -12.76957632 ], [ -38.53258625, -12.76955268 ], [ -38.53261421, -12.76952913 ], [ -38.53264217, -12.76950557 ], [ -38.53267004, -12.76948193 ], [ -38.53269799, -12.76945838 ], [ -38.53272595, -12.76943474 ], [ -38.53275391, -12.76941119 ], [ -38.53278178, -12.76938754 ], [ -38.53280974, -12.76936399 ], [ -38.53283769, -12.76934035 ], [ -38.53286565, -12.7693168 ], [ -38.53289352, -12.76929325 ], [ -38.53292148, -12.7692696 ], [ -38.53294944, -12.76924605 ], [ -38.53297739, -12.76922241 ], [ -38.53300526, -12.76919886 ], [ -38.53303322, -12.76917521 ], [ -38.53306071, -12.76915465 ], [ -38.53309005, -12.76913263 ], [ -38.53311929, -12.76911071 ], [ -38.53314854, -12.7690887 ], [ -38.53317787, -12.76906678 ], [ -38.53320712, -12.76904477 ], [ -38.53323637, -12.76902284 ], [ -38.5332657, -12.76900083 ], [ -38.53329495, -12.76897891 ], [ -38.53332419, -12.7689569 ], [ -38.53335353, -12.76893498 ], [ -38.53338277, -12.76891296 ], [ -38.53341211, -12.76889104 ], [ -38.53344136, -12.76886903 ], [ -38.5334706, -12.76884711 ], [ -38.53349994, -12.76882519 ], [ -38.53352918, -12.76880317 ], [ -38.53355843, -12.76878125 ], [ -38.53358777, -12.76875924 ], [ -38.53361701, -12.76873732 ], [ -38.53364626, -12.76871531 ], [ -38.53367559, -12.76869338 ], [ -38.53370484, -12.76867137 ], [ -38.53373418, -12.76864945 ], [ -38.53376342, -12.76862744 ], [ -38.53379267, -12.76860552 ], [ -38.533822, -12.7685835 ], [ -38.53385125, -12.76856158 ], [ -38.53388049, -12.76853957 ], [ -38.53390042, -12.76852559 ], [ -38.53393031, -12.76850439 ], [ -38.53396029, -12.76848328 ], [ -38.53399018, -12.76846218 ], [ -38.53402006, -12.76844107 ], [ -38.53404995, -12.76841996 ], [ -38.53407993, -12.76839877 ], [ -38.53410982, -12.76837766 ], [ -38.53413971, -12.76835655 ], [ -38.5341696, -12.76833544 ], [ -38.53419958, -12.76831425 ], [ -38.53422947, -12.76829314 ], [ -38.53425935, -12.76827203 ], [ -38.53428924, -12.76825093 ], [ -38.53431922, -12.76822982 ], [ -38.53434911, -12.76820862 ], [ -38.534379, -12.76818751 ], [ -38.53440889, -12.76816641 ], [ -38.53443887, -12.7681453 ], [ -38.53446876, -12.76812419 ], [ -38.53449864, -12.768103 ], [ -38.53452862, -12.76808189 ], [ -38.53455851, -12.76806078 ], [ -38.5345884, -12.76803967 ], [ -38.53461053, -12.76802904 ], [ -38.53464363, -12.76801319 ], [ -38.53467683, -12.76799733 ], [ -38.53470993, -12.76798147 ], [ -38.53474304, -12.76796562 ], [ -38.53477614, -12.76794976 ], [ -38.53480924, -12.7679339 ], [ -38.53484235, -12.76791805 ], [ -38.53487554, -12.76790219 ], [ -38.53490864, -12.76788633 ], [ -38.53494175, -12.76787048 ], [ -38.53497485, -12.76785462 ], [ -38.53500795, -12.76783867 ], [ -38.53504106, -12.76782282 ], [ -38.53507425, -12.76780696 ], [ -38.53510735, -12.7677911 ], [ -38.53514046, -12.76777525 ], [ -38.53517356, -12.76775939 ], [ -38.53520666, -12.76774353 ], [ -38.53523977, -12.76772768 ], [ -38.53527296, -12.76771182 ], [ -38.5352999, -12.76769261 ], [ -38.53535949, -12.76765012 ], [ -38.53538929, -12.76762883 ], [ -38.53541917, -12.76760754 ], [ -38.53544897, -12.76758635 ], [ -38.53547877, -12.76756506 ], [ -38.53550856, -12.76754377 ], [ -38.53553836, -12.76752257 ], [ -38.53556825, -12.76750128 ], [ -38.53559804, -12.76748 ], [ -38.53562784, -12.7674588 ], [ -38.53565764, -12.76743751 ], [ -38.53568743, -12.76741622 ], [ -38.53571732, -12.76739502 ], [ -38.53574712, -12.76737374 ], [ -38.53577691, -12.76735245 ], [ -38.53580671, -12.76733125 ], [ -38.53583651, -12.76730996 ], [ -38.53586639, -12.76728867 ], [ -38.53589619, -12.76726748 ], [ -38.53592599, -12.76724619 ], [ -38.53595578, -12.7672249 ], [ -38.53598558, -12.7672037 ], [ -38.53599766, -12.76719757 ], [ -38.53603049, -12.76718099 ], [ -38.53606322, -12.7671645 ], [ -38.53609605, -12.76714801 ], [ -38.53612878, -12.76713143 ], [ -38.53616161, -12.76711494 ], [ -38.53619435, -12.76709836 ], [ -38.53622708, -12.76708187 ], [ -38.53625991, -12.76706529 ], [ -38.53629265, -12.7670488 ], [ -38.53632547, -12.76703222 ], [ -38.53635821, -12.76701573 ], [ -38.53639104, -12.76699915 ], [ -38.53642377, -12.76698265 ], [ -38.53645651, -12.76696607 ], [ -38.53648934, -12.76694958 ], [ -38.53652207, -12.766933 ], [ -38.5365549, -12.76691651 ], [ -38.53658764, -12.76689993 ], [ -38.53662046, -12.76688344 ], [ -38.5366532, -12.76686686 ], [ -38.53668593, -12.76685037 ], [ -38.53671876, -12.76683379 ], [ -38.5367515, -12.7668173 ], [ -38.53678432, -12.76680072 ], [ -38.53681706, -12.76678423 ], [ -38.53684989, -12.76676764 ], [ -38.53687323, -12.76674906 ], [ -38.53690183, -12.76672623 ], [ -38.53693043, -12.7667034 ], [ -38.53695903, -12.76668057 ], [ -38.53698763, -12.76665784 ], [ -38.53701624, -12.76663501 ], [ -38.53704484, -12.76661218 ], [ -38.53707344, -12.76658935 ], [ -38.53710204, -12.76656653 ], [ -38.53712574, -12.76655111 ], [ -38.53715637, -12.76653099 ], [ -38.53718708, -12.76651097 ], [ -38.5372177, -12.76649095 ], [ -38.53724842, -12.76647093 ], [ -38.53724746, -12.76643973 ], [ -38.53724642, -12.76640356 ], [ -38.53724529, -12.76636739 ], [ -38.53724425, -12.76633131 ], [ -38.53724312, -12.76629513 ], [ -38.53724372, -12.76626882 ], [ -38.53724443, -12.76623274 ], [ -38.53724514, -12.76619657 ], [ -38.53726877, -12.76617175 ], [ -38.53729397, -12.76614539 ], [ -38.53731908, -12.76611894 ], [ -38.53735381, -12.76611972 ], [ -38.53739066, -12.76612051 ], [ -38.53742751, -12.76612139 ], [ -38.53746159, -12.76612208 ], [ -38.53749844, -12.76612296 ], [ -38.53753529, -12.76612374 ], [ -38.53757214, -12.76612453 ], [ -38.537575, -12.76612544 ], [ -38.53761026, -12.76613581 ], [ -38.53764553, -12.76614627 ], [ -38.53768089, -12.76615673 ], [ -38.53771615, -12.7661671 ], [ -38.53772085, -12.76616847 ], [ -38.53775611, -12.76617893 ], [ -38.53779138, -12.76618939 ], [ -38.53782665, -12.76619976 ], [ -38.53786191, -12.76621022 ], [ -38.53789727, -12.76622068 ], [ -38.53793254, -12.76623105 ], [ -38.53796579, -12.76623174 ], [ -38.53800264, -12.76623244 ], [ -38.53803949, -12.76623323 ], [ -38.53807634, -12.76623393 ], [ -38.53811319, -12.76623462 ], [ -38.53815004, -12.76623541 ], [ -38.53815106, -12.76623523 ], [ -38.53818718, -12.76622815 ], [ -38.5382234, -12.76622116 ], [ -38.53825953, -12.76621408 ], [ -38.53829565, -12.76620709 ], [ -38.53833178, -12.76620001 ], [ -38.53835124, -12.76618648 ], [ -38.53838122, -12.76616555 ], [ -38.5384113, -12.76614463 ], [ -38.53844137, -12.7661237 ], [ -38.53846591, -12.76610439 ], [ -38.53849469, -12.76608175 ], [ -38.53852339, -12.7660591 ], [ -38.53855217, -12.76603654 ], [ -38.53858096, -12.7660139 ], [ -38.53860965, -12.76599125 ], [ -38.53863843, -12.7659686 ], [ -38.53866722, -12.76594605 ], [ -38.53869591, -12.7659234 ], [ -38.53870736, -12.76591067 ], [ -38.53873182, -12.76588358 ], [ -38.53875628, -12.7658565 ], [ -38.53878065, -12.76582941 ], [ -38.53880298, -12.7658046 ], [ -38.53882949, -12.76577533 ], [ -38.53885395, -12.76574825 ], [ -38.53887841, -12.76572116 ], [ -38.53889133, -12.76571151 ], [ -38.53892076, -12.76568977 ], [ -38.53895028, -12.76566803 ], [ -38.53897971, -12.76564629 ], [ -38.53900913, -12.76562455 ], [ -38.53903856, -12.7656028 ], [ -38.53906799, -12.76558106 ], [ -38.53909751, -12.76555932 ], [ -38.53910212, -12.76555598 ], [ -38.53913173, -12.76553451 ], [ -38.53916144, -12.76551304 ], [ -38.53919105, -12.76549148 ], [ -38.53922066, -12.76547001 ], [ -38.53925037, -12.76544854 ], [ -38.53927998, -12.76542707 ], [ -38.5392987, -12.76541752 ], [ -38.53933143, -12.76540076 ], [ -38.53936408, -12.76538409 ], [ -38.53939681, -12.76536733 ], [ -38.53942945, -12.76535065 ], [ -38.53946219, -12.76533398 ], [ -38.53946744, -12.76533263 ], [ -38.53950311, -12.76532356 ], [ -38.53953887, -12.76531449 ], [ -38.53957454, -12.76530542 ], [ -38.53961021, -12.76529635 ], [ -38.53964588, -12.76528728 ], [ -38.53967586, -12.76526934 ], [ -38.53970731, -12.76525049 ], [ -38.53973885, -12.76523174 ], [ -38.5397703, -12.7652129 ], [ -38.53980175, -12.76519405 ], [ -38.5398332, -12.76517521 ], [ -38.53986465, -12.76515636 ], [ -38.53988339, -12.7651308 ], [ -38.53990491, -12.76510145 ], [ -38.53992652, -12.7650721 ], [ -38.53994804, -12.76504275 ], [ -38.53996956, -12.76501349 ], [ -38.53999108, -12.76498414 ], [ -38.5400126, -12.76495479 ], [ -38.54003384, -12.76492878 ], [ -38.54005683, -12.76490052 ], [ -38.54007991, -12.76487235 ], [ -38.5401029, -12.76484408 ], [ -38.54012589, -12.76481582 ], [ -38.54014897, -12.76478765 ], [ -38.54017196, -12.76475938 ], [ -38.54019505, -12.76473112 ], [ -38.54021804, -12.76470286 ], [ -38.54024112, -12.76467468 ], [ -38.54026411, -12.76464642 ], [ -38.5402871, -12.76461816 ], [ -38.54031018, -12.76458998 ], [ -38.54031342, -12.76458475 ], [ -38.54033291, -12.76455403 ], [ -38.54035231, -12.76452332 ], [ -38.54037172, -12.76449252 ], [ -38.54039121, -12.76446181 ], [ -38.54041061, -12.7644311 ], [ -38.54043002, -12.7644003 ], [ -38.54044951, -12.76436959 ], [ -38.54046891, -12.76433888 ], [ -38.54048831, -12.76430816 ], [ -38.54050772, -12.76427736 ], [ -38.54052721, -12.76424665 ], [ -38.54054661, -12.76421594 ], [ -38.54056601, -12.76418523 ], [ -38.54058551, -12.76415443 ], [ -38.54060491, -12.76412372 ], [ -38.54061629, -12.76409778 ], [ -38.54063091, -12.76406462 ], [ -38.54064552, -12.76403137 ], [ -38.54066023, -12.76399821 ], [ -38.54067485, -12.76396496 ], [ -38.54068946, -12.7639318 ], [ -38.54070408, -12.76389855 ], [ -38.54071869, -12.76386539 ], [ -38.54073331, -12.76383213 ], [ -38.54074793, -12.76379897 ], [ -38.54076254, -12.76376581 ], [ -38.54077716, -12.76373256 ], [ -38.54079177, -12.7636994 ], [ -38.54080639, -12.76366615 ], [ -38.54082101, -12.76363299 ], [ -38.54083562, -12.76359974 ], [ -38.54085024, -12.76356657 ], [ -38.54086485, -12.76353332 ], [ -38.54087947, -12.76350016 ], [ -38.54089408, -12.76346691 ], [ -38.5409087, -12.76343375 ], [ -38.54089952, -12.7634133 ], [ -38.54089594, -12.76340768 ], [ -38.54087628, -12.76337709 ], [ -38.54087527, -12.76337591 ], [ -38.54085054, -12.7633491 ], [ -38.54083674, -12.76333515 ], [ -38.54081109, -12.76330924 ], [ -38.54079704, -12.76328381 ], [ -38.54079345, -12.76328 ], [ -38.54076844, -12.76325338 ], [ -38.54074334, -12.76322684 ], [ -38.54073831, -12.76320576 ], [ -38.5407298, -12.76317057 ], [ -38.54071842, -12.76314776 ], [ -38.54070217, -12.76311527 ], [ -38.5406998, -12.76310288 ], [ -38.54069305, -12.76306733 ], [ -38.54069324, -12.76306534 ], [ -38.54069588, -12.76302926 ], [ -38.54069801, -12.76302447 ], [ -38.54071281, -12.7629914 ], [ -38.54072962, -12.76296901 ], [ -38.54073222, -12.76295717 ], [ -38.54071326, -12.76294248 ], [ -38.54068748, -12.76293855 ], [ -38.5406712, -12.76292161 ], [ -38.54066844, -12.76291772 ], [ -38.54064768, -12.76288775 ], [ -38.5406475, -12.76288558 ], [ -38.54064342, -12.76284959 ], [ -38.54063599, -12.76283058 ], [ -38.54062278, -12.76279683 ], [ -38.54061792, -12.76278489 ], [ -38.54060426, -12.76275122 ], [ -38.54061397, -12.76272755 ], [ -38.54064256, -12.76271259 ], [ -38.54067574, -12.76270595 ], [ -38.54068366, -12.76270642 ], [ -38.54072041, -12.76270893 ], [ -38.54072207, -12.76270965 ], [ -38.54075595, -12.76272391 ], [ -38.54076459, -12.76273387 ], [ -38.54078858, -12.76276131 ], [ -38.54080009, -12.76276676 ], [ -38.54083332, -12.76278237 ], [ -38.54083912, -12.7627831 ], [ -38.54087559, -12.76278769 ], [ -38.54089089, -12.7627869 ], [ -38.54092774, -12.76278497 ], [ -38.54094618, -12.76278076 ], [ -38.54098212, -12.76277268 ], [ -38.54099899, -12.76276448 ], [ -38.541032, -12.76274844 ], [ -38.54103929, -12.76274375 ], [ -38.54107019, -12.762724 ], [ -38.54107988, -12.76271633 ], [ -38.54110866, -12.76269369 ], [ -38.54112787, -12.76266894 ], [ -38.54112809, -12.76264869 ], [ -38.54110904, -12.76263527 ], [ -38.54107864, -12.76263241 ], [ -38.54105598, -12.76263527 ], [ -38.54101939, -12.76263982 ], [ -38.54101506, -12.76264071 ], [ -38.54097884, -12.76264752 ], [ -38.54097461, -12.76264842 ], [ -38.54093866, -12.76265641 ], [ -38.54093028, -12.76265567 ], [ -38.54089362, -12.76265208 ], [ -38.54087898, -12.7626497 ], [ -38.5408426, -12.76264367 ], [ -38.54080631, -12.76263764 ], [ -38.54077896, -12.76263316 ], [ -38.54074258, -12.76262713 ], [ -38.54073061, -12.76262331 ], [ -38.54069553, -12.76261213 ], [ -38.54067748, -12.76260866 ], [ -38.54064138, -12.76260172 ], [ -38.54063263, -12.76260017 ], [ -38.54059634, -12.76259387 ], [ -38.54059082, -12.76259078 ], [ -38.5405587, -12.76257301 ], [ -38.5405518, -12.7625673 ], [ -38.54052365, -12.76254392 ], [ -38.5405002, -12.76251856 ], [ -38.54048384, -12.762498 ], [ -38.5404651, -12.76246912 ], [ -38.54046062, -12.76245004 ], [ -38.54046084, -12.7624334 ], [ -38.54047523, -12.76241932 ], [ -38.54049423, -12.76241013 ], [ -38.54052042, -12.76239263 ], [ -38.54052545, -12.76236298 ], [ -38.54052559, -12.7623344 ], [ -38.54051642, -12.76231522 ], [ -38.54050005, -12.7622971 ], [ -38.54049059, -12.76228388 ], [ -38.54049319, -12.7622696 ], [ -38.54050052, -12.76224122 ], [ -38.5405244, -12.76223321 ], [ -38.54055019, -12.76223127 ], [ -38.54057395, -12.76223637 ], [ -38.54058821, -12.76224734 ], [ -38.54059031, -12.76225928 ], [ -38.54058768, -12.76228776 ], [ -38.54059462, -12.76232005 ], [ -38.54060143, -12.76232721 ], [ -38.5406157, -12.76233338 ], [ -38.54062749, -12.76233359 ], [ -38.54064878, -12.76232802 ], [ -38.54067957, -12.76231414 ], [ -38.54070595, -12.76230026 ], [ -38.54071805, -12.76228383 ], [ -38.54071329, -12.76226347 ], [ -38.54069214, -12.762243 ], [ -38.54067705, -12.76223429 ], [ -38.5406453, -12.76221606 ], [ -38.54063133, -12.76219678 ], [ -38.54062177, -12.76218121 ], [ -38.54062708, -12.76215156 ], [ -38.54065786, -12.76214365 ], [ -38.54068394, -12.76214053 ], [ -38.54069813, -12.76213956 ], [ -38.54072183, -12.76212676 ], [ -38.54073394, -12.76210553 ], [ -38.54073657, -12.7620747 ], [ -38.54073667, -12.76207389 ], [ -38.54073949, -12.76203781 ], [ -38.54074172, -12.76203176 ], [ -38.54075394, -12.76199769 ], [ -38.54075455, -12.76196432 ], [ -38.54074529, -12.76194161 ], [ -38.54072654, -12.76191635 ], [ -38.54071019, -12.76188874 ], [ -38.540709, -12.76188684 ], [ -38.54068906, -12.76185633 ], [ -38.54068842, -12.76185344 ], [ -38.54068019, -12.76181816 ], [ -38.54067616, -12.76180694 ], [ -38.54066406, -12.76177273 ], [ -38.5406596, -12.76174063 ], [ -38.54067143, -12.76172301 ], [ -38.54068601, -12.76171011 ], [ -38.54071689, -12.76170112 ], [ -38.54073848, -12.76168352 ], [ -38.54073857, -12.76168343 ], [ -38.54076018, -12.76165417 ], [ -38.5407602, -12.76164404 ], [ -38.54076045, -12.76160787 ], [ -38.54075769, -12.76160091 ], [ -38.5407444, -12.76156724 ], [ -38.54074091, -12.76156082 ], [ -38.54072355, -12.76152887 ], [ -38.54071685, -12.76151791 ], [ -38.54069793, -12.76148687 ], [ -38.540679, -12.76145582 ], [ -38.54067073, -12.76144676 ], [ -38.54064627, -12.76141968 ], [ -38.54061774, -12.76140272 ], [ -38.54058477, -12.76139742 ], [ -38.54058348, -12.76139733 ], [ -38.54054673, -12.76139446 ], [ -38.54053798, -12.76139327 ], [ -38.5405016, -12.76138796 ], [ -38.54049783, -12.76138578 ], [ -38.54046617, -12.76136719 ], [ -38.54044982, -12.76133732 ], [ -38.54044756, -12.76131851 ], [ -38.5404432, -12.7612826 ], [ -38.5404472, -12.76126145 ], [ -38.54045399, -12.76122592 ], [ -38.54046068, -12.7611904 ], [ -38.54047768, -12.76116565 ], [ -38.54049457, -12.76114922 ], [ -38.54051595, -12.76114239 ], [ -38.54051724, -12.76114239 ], [ -38.54055401, -12.76114055 ], [ -38.54057547, -12.76114086 ], [ -38.54060404, -12.7611354 ], [ -38.54063492, -12.76112279 ], [ -38.54064119, -12.76112036 ], [ -38.5406754, -12.76110685 ], [ -38.54067549, -12.76110685 ], [ -38.54070905, -12.76109181 ], [ -38.54073286, -12.76107096 ], [ -38.54074984, -12.76105327 ], [ -38.54076416, -12.76103105 ], [ -38.54078593, -12.76101463 ], [ -38.54081212, -12.76099967 ], [ -38.54083389, -12.76098569 ], [ -38.54085061, -12.76096112 ], [ -38.54085312, -12.76094358 ], [ -38.54085844, -12.76090778 ], [ -38.5408591, -12.760902 ], [ -38.54086349, -12.7608661 ], [ -38.54086629, -12.76084386 ], [ -38.54086963, -12.76083067 ], [ -38.54087854, -12.76079551 ], [ -38.54088032, -12.76077905 ], [ -38.54088416, -12.76074316 ], [ -38.5408881, -12.76070718 ], [ -38.54089194, -12.7606712 ], [ -38.54089117, -12.7606362 ], [ -38.54089032, -12.76060012 ], [ -38.54089078, -12.76059777 ], [ -38.54089785, -12.76056224 ], [ -38.54089831, -12.76056152 ], [ -38.54091734, -12.76053054 ], [ -38.54092501, -12.76051807 ], [ -38.54094405, -12.76048709 ], [ -38.54094777, -12.76046621 ], [ -38.54095401, -12.7604305 ], [ -38.54094485, -12.76040191 ], [ -38.54093095, -12.7603932 ], [ -38.5408999, -12.76039396 ], [ -38.54086406, -12.76039942 ], [ -38.54085503, -12.76039795 ], [ -38.54081874, -12.76039183 ], [ -38.54080958, -12.76036559 ], [ -38.54081471, -12.76033241 ], [ -38.54083862, -12.76030451 ], [ -38.54086048, -12.76029045 ], [ -38.5408749, -12.76026009 ], [ -38.54089199, -12.76023416 ], [ -38.54091116, -12.7602285 ], [ -38.54093263, -12.76022528 ], [ -38.54094703, -12.76021129 ], [ -38.54094743, -12.76019691 ], [ -38.54094706, -12.76019619 ], [ -38.54093312, -12.76016271 ], [ -38.54091684, -12.7601446 ], [ -38.54090249, -12.76013499 ], [ -38.54087181, -12.76013312 ], [ -38.54083827, -12.76013858 ], [ -38.54080932, -12.76014911 ], [ -38.54079732, -12.76016428 ], [ -38.54079011, -12.76017702 ], [ -38.54076146, -12.76017787 ], [ -38.54075428, -12.76017307 ], [ -38.54072805, -12.76015991 ], [ -38.54070449, -12.76014866 ], [ -38.54070384, -12.76014848 ], [ -38.54066867, -12.76013765 ], [ -38.54066452, -12.76013683 ], [ -38.54062842, -12.76012981 ], [ -38.54061746, -12.76012943 ], [ -38.54058071, -12.7601281 ], [ -38.54055067, -12.76012768 ], [ -38.54051382, -12.76012726 ], [ -38.54049816, -12.76012705 ], [ -38.54046131, -12.76012662 ], [ -38.54045063, -12.76012642 ], [ -38.54041378, -12.76012564 ], [ -38.54040568, -12.76012291 ], [ -38.54037087, -12.76011109 ], [ -38.54035691, -12.76009063 ], [ -38.54033817, -12.76006193 ], [ -38.54031193, -12.76004986 ], [ -38.54028808, -12.76004611 ], [ -38.5402812, -12.76002919 ], [ -38.5402908, -12.76001989 ], [ -38.54030509, -12.76001305 ], [ -38.5403147, -12.75999796 ], [ -38.5403198, -12.75998007 ], [ -38.54032223, -12.75996135 ], [ -38.54032733, -12.75993993 ], [ -38.54032964, -12.75993469 ], [ -38.54034417, -12.75990144 ], [ -38.54034491, -12.75990044 ], [ -38.54036606, -12.75987091 ], [ -38.54038067, -12.75984137 ], [ -38.54039277, -12.75982276 ], [ -38.5404054, -12.75981636 ], [ -38.54043823, -12.75979987 ], [ -38.54045233, -12.75979709 ], [ -38.54048845, -12.75978992 ], [ -38.54050375, -12.75978805 ], [ -38.54054033, -12.75978359 ], [ -38.54057691, -12.75977922 ], [ -38.54058557, -12.75977888 ], [ -38.54062233, -12.7597774 ], [ -38.54064058, -12.7597768 ], [ -38.54067734, -12.75977569 ], [ -38.54068785, -12.75977227 ], [ -38.54072287, -12.75976094 ], [ -38.54073791, -12.75974849 ], [ -38.54076605, -12.75972512 ], [ -38.54077722, -12.7597113 ], [ -38.54080003, -12.75968295 ], [ -38.54080764, -12.75964977 ], [ -38.5408054, -12.75961821 ], [ -38.54078435, -12.75958942 ], [ -38.54077443, -12.7595752 ], [ -38.54075366, -12.75954524 ], [ -38.540751, -12.75953972 ], [ -38.54073503, -12.75950714 ], [ -38.54073457, -12.75950632 ], [ -38.5407163, -12.75947482 ], [ -38.54070534, -12.75947082 ], [ -38.54067091, -12.75945801 ], [ -38.54066189, -12.75945411 ], [ -38.5406282, -12.75943949 ], [ -38.54059958, -12.75941928 ], [ -38.54059989, -12.75940128 ], [ -38.54061919, -12.7593769 ], [ -38.54063609, -12.75935134 ], [ -38.54065567, -12.75932533 ], [ -38.54067736, -12.75930213 ], [ -38.54069895, -12.75928363 ], [ -38.54073499, -12.75927582 ], [ -38.54075668, -12.7592538 ], [ -38.54075709, -12.75922993 ], [ -38.54075482, -12.7592112 ], [ -38.54074764, -12.75920522 ], [ -38.5407237, -12.7592003 ], [ -38.54070721, -12.75920199 ], [ -38.54069043, -12.75920531 ], [ -38.5406593, -12.75920498 ], [ -38.54064494, -12.75919781 ], [ -38.54062337, -12.75920112 ], [ -38.54060171, -12.75921021 ], [ -38.54058492, -12.75922294 ], [ -38.54056805, -12.7592286 ], [ -38.54056336, -12.75922498 ], [ -38.54055858, -12.75921674 ], [ -38.5405538, -12.75921085 ], [ -38.54053944, -12.75920721 ], [ -38.54051787, -12.75921405 ], [ -38.54050109, -12.75922198 ], [ -38.54048671, -12.75922304 ], [ -38.54047235, -12.75921704 ], [ -38.54046308, -12.7592012 ], [ -38.54045602, -12.75918003 ], [ -38.54045593, -12.75917985 ], [ -38.54044448, -12.75914547 ], [ -38.54044463, -12.75911273 ], [ -38.54045192, -12.75910235 ], [ -38.5404711, -12.75909668 ], [ -38.54049505, -12.75909573 ], [ -38.54051661, -12.75909595 ], [ -38.54052057, -12.75909614 ], [ -38.54055732, -12.75909756 ], [ -38.5405693, -12.75909532 ], [ -38.54059815, -12.75908868 ], [ -38.54062451, -12.7590842 ], [ -38.54064616, -12.75908098 ], [ -38.54066773, -12.75907415 ], [ -38.54068701, -12.7590627 ], [ -38.5407087, -12.75903597 ], [ -38.54070935, -12.75903543 ], [ -38.54073556, -12.75900997 ], [ -38.54075246, -12.75898794 ], [ -38.54076217, -12.75896462 ], [ -38.54076269, -12.7589337 ], [ -38.54077, -12.75891382 ], [ -38.54079647, -12.7589013 ], [ -38.54083011, -12.7588934 ], [ -38.54085416, -12.75888901 ], [ -38.54087822, -12.75887983 ], [ -38.54088792, -12.75886357 ], [ -38.54089044, -12.75884368 ], [ -38.54088806, -12.75883671 ], [ -38.54086931, -12.75881488 ], [ -38.54084299, -12.75880055 ], [ -38.54081425, -12.75879444 ], [ -38.54078541, -12.75879765 ], [ -38.54075417, -12.75880673 ], [ -38.54072772, -12.75881111 ], [ -38.54071814, -12.75880865 ], [ -38.54071134, -12.75879869 ], [ -38.54070668, -12.7587787 ], [ -38.54070681, -12.75875881 ], [ -38.54071411, -12.75874372 ], [ -38.54073368, -12.75872458 ], [ -38.54075785, -12.75870726 ], [ -38.54077712, -12.75869581 ], [ -38.54079638, -12.75869241 ], [ -38.54081795, -12.75868802 ], [ -38.54083492, -12.75867647 ], [ -38.54084943, -12.75865199 ], [ -38.54085204, -12.75863219 ], [ -38.5408426, -12.7586064 ], [ -38.54083131, -12.75858495 ], [ -38.54081441, -12.75855282 ], [ -38.54078847, -12.75853089 ], [ -38.54079349, -12.75850522 ], [ -38.54081039, -12.75848662 ], [ -38.54082976, -12.75847282 ], [ -38.54084195, -12.75845304 ], [ -38.54085895, -12.7584263 ], [ -38.54085946, -12.7583999 ], [ -38.54085818, -12.75839755 ], [ -38.54084082, -12.75836578 ], [ -38.5408261, -12.75835861 ], [ -38.5408261, -12.75835861 ], [ -38.54080934, -12.75835379 ], [ -38.54077561, -12.75835816 ], [ -38.54074426, -12.75837311 ], [ -38.54072499, -12.75838339 ], [ -38.54070333, -12.75839022 ], [ -38.54067716, -12.75839054 ], [ -38.54066041, -12.75838337 ], [ -38.54063649, -12.75836443 ], [ -38.54063421, -12.75835384 ], [ -38.54064393, -12.75832818 ], [ -38.54065361, -12.75832123 ], [ -38.54067059, -12.7583086 ], [ -38.5406662, -12.75829033 ], [ -38.54065903, -12.75828209 ], [ -38.54065424, -12.75827729 ], [ -38.54063739, -12.75827482 ], [ -38.54061812, -12.75828283 ], [ -38.54058689, -12.7582826 ], [ -38.54057971, -12.75827779 ], [ -38.54056535, -12.75827415 ], [ -38.54053892, -12.75827039 ], [ -38.54052455, -12.7582691 ], [ -38.54049361, -12.75825883 ], [ -38.54047207, -12.75825038 ], [ -38.54045294, -12.75823037 ], [ -38.5404489, -12.75822394 ], [ -38.54042943, -12.75819316 ], [ -38.54042728, -12.75815807 ], [ -38.54043219, -12.75814171 ], [ -38.54043598, -12.75813783 ], [ -38.54046127, -12.75811156 ], [ -38.54048304, -12.75809189 ], [ -38.54051448, -12.75807928 ], [ -38.54051881, -12.75807866 ], [ -38.54055539, -12.75807384 ], [ -38.54057225, -12.75807278 ], [ -38.54060359, -12.75806253 ], [ -38.54062776, -12.75804638 ], [ -38.54063997, -12.75801955 ], [ -38.54064009, -12.758002 ], [ -38.54064272, -12.75797389 ], [ -38.5406622, -12.75795421 ], [ -38.54068157, -12.75793796 ], [ -38.54068898, -12.75791926 ], [ -38.54068421, -12.75790406 ], [ -38.54066306, -12.75788558 ], [ -38.54064142, -12.75787713 ], [ -38.54061812, -12.75787609 ], [ -38.54058127, -12.75787431 ], [ -38.5405717, -12.75786842 ], [ -38.54056464, -12.75784842 ], [ -38.54056955, -12.75783676 ], [ -38.54058413, -12.75782404 ], [ -38.54060588, -12.7578172 ], [ -38.54063721, -12.75781274 ], [ -38.54065158, -12.75781285 ], [ -38.54066605, -12.75781179 ], [ -38.54069498, -12.75780624 ], [ -38.54069988, -12.75779919 ], [ -38.54070477, -12.75779341 ], [ -38.54070967, -12.75778293 ], [ -38.54072915, -12.75776081 ], [ -38.54074385, -12.75773516 ], [ -38.54074876, -12.75771762 ], [ -38.54073931, -12.75769762 ], [ -38.54072018, -12.75768113 ], [ -38.54072518, -12.75766712 ], [ -38.54073976, -12.75765313 ], [ -38.54074955, -12.75763796 ], [ -38.54074276, -12.75761959 ], [ -38.54072852, -12.75759949 ], [ -38.54070461, -12.75757711 ], [ -38.5407144, -12.75756311 ], [ -38.54071931, -12.75755019 ], [ -38.54070508, -12.75752195 ], [ -38.54069204, -12.75749607 ], [ -38.54068395, -12.7574881 ], [ -38.54065986, -12.75746066 ], [ -38.54063861, -12.75744678 ], [ -38.54062437, -12.75742442 ], [ -38.5406244, -12.75740914 ], [ -38.54061504, -12.75738679 ], [ -38.54060214, -12.75737294 ], [ -38.54059841, -12.75736443 ], [ -38.54058644, -12.75735609 ], [ -38.54056719, -12.75735479 ], [ -38.54054544, -12.75735819 ], [ -38.54054102, -12.7573599 ], [ -38.54050673, -12.75737313 ], [ -38.54048975, -12.75738585 ], [ -38.5404705, -12.75738337 ], [ -38.54046812, -12.75737749 ], [ -38.54047102, -12.757352 ], [ -38.54046157, -12.757332 ], [ -38.54044243, -12.75731551 ], [ -38.54042079, -12.75731058 ], [ -38.54040384, -12.75731047 ], [ -38.54037731, -12.75731376 ], [ -38.54034597, -12.75732176 ], [ -38.54032901, -12.75732399 ], [ -38.54029996, -12.75734139 ], [ -38.54028298, -12.75735881 ], [ -38.5402635, -12.75738211 ], [ -38.54024682, -12.75738344 ], [ -38.54023487, -12.75737049 ], [ -38.54023499, -12.75735412 ], [ -38.5402425, -12.75733071 ], [ -38.54024742, -12.75730965 ], [ -38.54025483, -12.75728859 ], [ -38.54026223, -12.75727224 ], [ -38.54027202, -12.75725589 ], [ -38.5402842, -12.75724307 ], [ -38.54029851, -12.75722881 ], [ -38.54029874, -12.75720412 ], [ -38.54029746, -12.75719833 ], [ -38.54028951, -12.75716305 ], [ -38.54028863, -12.75713583 ], [ -38.54028759, -12.75709966 ], [ -38.54028894, -12.75707009 ], [ -38.54029066, -12.75703393 ], [ -38.5402909, -12.75700454 ], [ -38.54028874, -12.75697406 ], [ -38.54027414, -12.75694745 ], [ -38.5402555, -12.75691622 ], [ -38.54024366, -12.75688916 ], [ -38.54024377, -12.75688066 ], [ -38.54024411, -12.75684449 ], [ -38.5402563, -12.7568305 ], [ -38.54026609, -12.75681641 ], [ -38.54026631, -12.75679525 ], [ -38.54026416, -12.75675998 ], [ -38.54026295, -12.75673999 ], [ -38.54025188, -12.75672786 ], [ -38.54022853, -12.75669978 ], [ -38.54020939, -12.7566879 ], [ -38.54018527, -12.75667954 ], [ -38.54016114, -12.75667579 ], [ -38.54013699, -12.75668036 ], [ -38.54012242, -12.75668612 ], [ -38.54011023, -12.75670374 ], [ -38.54009573, -12.75672731 ], [ -38.5400955, -12.75674965 ], [ -38.54009526, -12.75677904 ], [ -38.54009014, -12.75680959 ], [ -38.54008045, -12.7568225 ], [ -38.54007077, -12.75682592 ], [ -38.54004903, -12.7568258 ], [ -38.54003935, -12.75682569 ], [ -38.540025, -12.75681734 ], [ -38.54000588, -12.75679262 ], [ -38.5400061, -12.75677029 ], [ -38.54001114, -12.75673738 ], [ -38.54001392, -12.75672762 ], [ -38.54002356, -12.75669273 ], [ -38.5400214, -12.75666804 ], [ -38.54000716, -12.75664442 ], [ -38.54000192, -12.75664025 ], [ -38.53997358, -12.75661714 ], [ -38.53995926, -12.75659351 ], [ -38.53995622, -12.75658917 ], [ -38.53993546, -12.75655929 ], [ -38.53992113, -12.75653567 ], [ -38.5399044, -12.75651312 ], [ -38.53990194, -12.7565 ], [ -38.53991662, -12.75648249 ], [ -38.53993109, -12.75647899 ], [ -38.53995054, -12.75647088 ], [ -38.53996751, -12.75646042 ], [ -38.53996763, -12.75644387 ], [ -38.53996296, -12.75642741 ], [ -38.53995819, -12.75641908 ], [ -38.5399583, -12.75640615 ], [ -38.53995831, -12.75640145 ], [ -38.53997766, -12.75640157 ], [ -38.53999682, -12.75640269 ], [ -38.54001629, -12.75638401 ], [ -38.5400175, -12.75637903 ], [ -38.54002631, -12.75634271 ], [ -38.54003113, -12.75633086 ], [ -38.54004353, -12.75629679 ], [ -38.54004672, -12.75628803 ], [ -38.54006084, -12.75625441 ], [ -38.5400609, -12.75622141 ], [ -38.54006859, -12.75619547 ], [ -38.54008318, -12.75617424 ], [ -38.54009057, -12.7561625 ], [ -38.54011016, -12.75613188 ], [ -38.5401147, -12.75611977 ], [ -38.54012742, -12.75608579 ], [ -38.54012283, -12.75605504 ], [ -38.54012283, -12.7560545 ], [ -38.54012557, -12.75601842 ], [ -38.54014266, -12.75598771 ], [ -38.54014535, -12.75598039 ], [ -38.54015757, -12.75594623 ], [ -38.54016988, -12.75591216 ], [ -38.54017055, -12.75590095 ], [ -38.54017273, -12.75586487 ], [ -38.54017555, -12.75583295 ], [ -38.5401781, -12.7558033 ], [ -38.54017843, -12.75577246 ], [ -38.54016649, -12.7557511 ], [ -38.54014258, -12.75572854 ], [ -38.54013035, -12.75571541 ], [ -38.54013547, -12.75568694 ], [ -38.54014785, -12.75566806 ], [ -38.54015029, -12.75564319 ], [ -38.54013345, -12.7556324 ], [ -38.54011422, -12.75562044 ], [ -38.54009988, -12.75560142 ], [ -38.54010011, -12.75557773 ], [ -38.54009305, -12.75555873 ], [ -38.5400786, -12.75555029 ], [ -38.54005687, -12.75554311 ], [ -38.54003992, -12.75554426 ], [ -38.5400132, -12.75554421 ], [ -38.54000135, -12.75552629 ], [ -38.54000129, -12.7555073 ], [ -38.54001356, -12.755499 ], [ -38.54003301, -12.75549198 ], [ -38.54004519, -12.75548133 ], [ -38.54005268, -12.75546362 ], [ -38.5400599, -12.75544817 ], [ -38.54007717, -12.75542333 ], [ -38.54009655, -12.75540564 ], [ -38.5401137, -12.75539383 ], [ -38.54012837, -12.75538201 ], [ -38.54012856, -12.75538182 ], [ -38.5401601, -12.75536307 ], [ -38.5401612, -12.75536262 ], [ -38.5401943, -12.75534676 ], [ -38.54022131, -12.75533849 ], [ -38.54022345, -12.75532782 ], [ -38.54022309, -12.75532556 ], [ -38.54021799, -12.75528975 ], [ -38.54020764, -12.75525763 ], [ -38.54019257, -12.75523617 ], [ -38.54017483, -12.75521236 ], [ -38.5401741, -12.75521181 ], [ -38.54014503, -12.75518961 ], [ -38.54011537, -12.75518232 ], [ -38.54010536, -12.75516802 ], [ -38.54010504, -12.75514297 ], [ -38.54010196, -12.75510969 ], [ -38.54010163, -12.75508825 ], [ -38.54011099, -12.7550597 ], [ -38.54011174, -12.75505499 ], [ -38.5401177, -12.75501929 ], [ -38.54011, -12.75499423 ], [ -38.54011182, -12.75495851 ], [ -38.54012632, -12.75493828 ], [ -38.54014809, -12.75492294 ], [ -38.5401702, -12.75491946 ], [ -38.54019207, -12.75490159 ], [ -38.540189, -12.75486822 ], [ -38.54017889, -12.7548503 ], [ -38.54015886, -12.75482395 ], [ -38.54015596, -12.75479898 ], [ -38.54016557, -12.75478227 ], [ -38.54018511, -12.75477272 ], [ -38.54019189, -12.75474298 ], [ -38.54018676, -12.75472986 ], [ -38.54016954, -12.75472621 ], [ -38.54015472, -12.75472022 ], [ -38.54013973, -12.75470338 ], [ -38.54014189, -12.75468186 ], [ -38.54015132, -12.75466533 ], [ -38.54016349, -12.75465811 ], [ -38.5401856, -12.75465462 ], [ -38.54020026, -12.75464986 ], [ -38.54021492, -12.75464156 ], [ -38.54021698, -12.75462375 ], [ -38.54019935, -12.75459379 ], [ -38.54018428, -12.75457098 ], [ -38.54018893, -12.75454946 ], [ -38.54021815, -12.75453894 ], [ -38.54024233, -12.75451257 ], [ -38.54024663, -12.75447921 ], [ -38.54024133, -12.75445289 ], [ -38.54022875, -12.75443243 ], [ -38.5401991, -12.75442279 ], [ -38.54019662, -12.75442288 ], [ -38.54015977, -12.7544239 ], [ -38.54013526, -12.75442621 ], [ -38.54009849, -12.75442958 ], [ -38.54007374, -12.75441634 ], [ -38.54006124, -12.75440076 ], [ -38.54006073, -12.75437571 ], [ -38.54006049, -12.75435654 ], [ -38.5400592, -12.75435573 ], [ -38.54002828, -12.75433614 ], [ -38.54002745, -12.75433551 ], [ -38.53999847, -12.7543133 ], [ -38.53999574, -12.75429648 ], [ -38.540005, -12.75426792 ], [ -38.54002182, -12.75423793 ], [ -38.54002381, -12.75420791 ], [ -38.54001345, -12.75418176 ], [ -38.53999127, -12.75416824 ], [ -38.53997859, -12.7541505 ], [ -38.53995153, -12.75413933 ], [ -38.53992198, -12.75412852 ], [ -38.53991676, -12.75411169 ], [ -38.53991153, -12.75409748 ], [ -38.53989175, -12.75408307 ], [ -38.53987676, -12.75406984 ], [ -38.53987155, -12.75404822 ], [ -38.53987387, -12.75403737 ], [ -38.53988819, -12.75401217 ], [ -38.53990491, -12.75398842 ], [ -38.53991212, -12.75397405 ], [ -38.53992909, -12.75396323 ], [ -38.53995609, -12.75395839 ], [ -38.53997811, -12.75395843 ], [ -38.53999542, -12.75396208 ], [ -38.54002034, -12.75398618 ], [ -38.54003533, -12.7540042 ], [ -38.54006017, -12.75402224 ], [ -38.54006661, -12.75402415 ], [ -38.54010197, -12.75403461 ], [ -38.54013401, -12.75404425 ], [ -38.54016615, -12.75405398 ], [ -38.54020187, -12.75406236 ], [ -38.54023769, -12.75407083 ], [ -38.54023843, -12.75407101 ], [ -38.54027453, -12.75407831 ], [ -38.54030658, -12.7540856 ], [ -38.54033357, -12.75408447 ], [ -38.54035569, -12.75407972 ], [ -38.54036991, -12.75405949 ], [ -38.54036967, -12.75403905 ], [ -38.54036694, -12.75402105 ], [ -38.5403594, -12.75401263 ], [ -38.54034201, -12.75400057 ], [ -38.54032959, -12.75399332 ], [ -38.54032197, -12.75397648 ], [ -38.54033167, -12.75396447 ], [ -38.54034392, -12.75396449 ], [ -38.54035627, -12.75396325 ], [ -38.54036844, -12.7539573 ], [ -38.54038275, -12.75393716 ], [ -38.54037762, -12.75392386 ], [ -38.54038458, -12.75389747 ], [ -38.54041158, -12.75389028 ], [ -38.54043823, -12.75387613 ], [ -38.54045512, -12.75385808 ], [ -38.54045985, -12.75384117 ], [ -38.54045455, -12.75381711 ], [ -38.54044196, -12.75379909 ], [ -38.54042945, -12.75378705 ], [ -38.54040478, -12.75377859 ], [ -38.54038002, -12.7537677 ], [ -38.54036007, -12.75374723 ], [ -38.54035973, -12.75372914 ], [ -38.54038887, -12.75371509 ], [ -38.54041346, -12.75371386 ], [ -38.54044286, -12.75370903 ], [ -38.54046481, -12.7536946 ], [ -38.54046689, -12.75366811 ], [ -38.54047365, -12.75364551 ], [ -38.54048823, -12.75363225 ], [ -38.5405004, -12.75362621 ], [ -38.54052492, -12.75362019 ], [ -38.54054668, -12.7536073 ], [ -38.54055629, -12.75359285 ], [ -38.5405707, -12.75357117 ], [ -38.54057509, -12.75353745 ], [ -38.54057948, -12.75350364 ], [ -38.54056433, -12.75347712 ], [ -38.54054959, -12.75347827 ], [ -38.54053004, -12.75348673 ], [ -38.5405105, -12.75349402 ], [ -38.5404931, -12.75348432 ], [ -38.54049285, -12.75346985 ], [ -38.54050495, -12.75345658 ], [ -38.54052458, -12.75345055 ], [ -38.54053915, -12.75343964 ], [ -38.54054139, -12.75342761 ], [ -38.5405288, -12.75340707 ], [ -38.54050645, -12.75339147 ], [ -38.54048632, -12.75336612 ], [ -38.54048448, -12.7533634 ], [ -38.54046371, -12.75333353 ], [ -38.54046144, -12.75331978 ], [ -38.54045551, -12.75328405 ], [ -38.54046015, -12.75326353 ], [ -38.54044989, -12.75323575 ], [ -38.54042521, -12.75322974 ], [ -38.54040061, -12.75323214 ], [ -38.54039101, -12.75324424 ], [ -38.54038388, -12.75325996 ], [ -38.54037659, -12.75326836 ], [ -38.54037171, -12.753266 ], [ -38.54036417, -12.75325758 ], [ -38.54034662, -12.7532334 ], [ -38.54034498, -12.75322662 ], [ -38.54033656, -12.75319134 ], [ -38.54032815, -12.75315615 ], [ -38.54032365, -12.75314963 ], [ -38.54030316, -12.75311948 ], [ -38.54030026, -12.75309289 ], [ -38.54028768, -12.75307116 ], [ -38.54027029, -12.75305793 ], [ -38.54024553, -12.75304586 ], [ -38.54023311, -12.75303743 ], [ -38.5402182, -12.75302782 ], [ -38.5402081, -12.75301089 ], [ -38.54020769, -12.75298557 ], [ -38.54020918, -12.75297545 ], [ -38.54021431, -12.75293965 ], [ -38.54022367, -12.75290937 ], [ -38.54024056, -12.75288878 ], [ -38.54026491, -12.75287671 ], [ -38.54029403, -12.75286745 ], [ -38.54032583, -12.75286253 ], [ -38.54035283, -12.75285769 ], [ -38.54038462, -12.75285277 ], [ -38.54041631, -12.75285075 ], [ -38.54043603, -12.75285078 ], [ -38.54046542, -12.75284586 ], [ -38.54047477, -12.75282047 ], [ -38.54047427, -12.75279026 ], [ -38.54047377, -12.75276124 ], [ -38.54045862, -12.7527358 ], [ -38.54044098, -12.75270927 ], [ -38.54043583, -12.75270257 ], [ -38.54041359, -12.75267378 ], [ -38.54040376, -12.7526592 ], [ -38.54038343, -12.75262906 ], [ -38.54036564, -12.75259882 ], [ -38.54036522, -12.75257468 ], [ -38.54036489, -12.75255406 ], [ -38.54036431, -12.7525178 ], [ -38.54036391, -12.75248461 ], [ -38.54036589, -12.7524592 ], [ -38.5403779, -12.75243978 ], [ -38.54039726, -12.75243421 ], [ -38.54041688, -12.75243415 ], [ -38.54042442, -12.75244384 ], [ -38.54043193, -12.75246845 ], [ -38.54044264, -12.7525031 ], [ -38.54044794, -12.75252843 ], [ -38.54045076, -12.75254906 ], [ -38.54045351, -12.75255512 ], [ -38.54046837, -12.75258824 ], [ -38.54048354, -12.75260879 ], [ -38.5405059, -12.75262321 ], [ -38.54053305, -12.75263402 ], [ -38.54055523, -12.75264907 ], [ -38.54058016, -12.75266837 ], [ -38.54059506, -12.75267916 ], [ -38.54062471, -12.75268635 ], [ -38.54065152, -12.75268685 ], [ -38.54067347, -12.75267468 ], [ -38.54068547, -12.7526577 ], [ -38.54067528, -12.75264078 ], [ -38.54066286, -12.75263352 ], [ -38.54066039, -12.75261977 ], [ -38.54067237, -12.75261663 ], [ -38.54068464, -12.7526105 ], [ -38.54070658, -12.75260204 ], [ -38.54073085, -12.7525802 ], [ -38.54074525, -12.75256196 ], [ -38.54075221, -12.75253656 ], [ -38.54075401, -12.75250383 ], [ -38.54073414, -12.75249176 ], [ -38.54071443, -12.75248703 ], [ -38.54069731, -12.75247805 ], [ -38.54066526, -12.75247573 ], [ -38.54064563, -12.75247696 ], [ -38.54063098, -12.75248064 ], [ -38.54062352, -12.75247828 ], [ -38.54061847, -12.75246977 ], [ -38.54063305, -12.75245885 ], [ -38.54064248, -12.75243708 ], [ -38.54064342, -12.75242587 ], [ -38.54064653, -12.7523897 ], [ -38.54064586, -12.75235353 ], [ -38.54064513, -12.7523462 ], [ -38.54064124, -12.75231021 ], [ -38.54063734, -12.75227421 ], [ -38.54063569, -12.75226951 ], [ -38.54062368, -12.7522353 ], [ -38.54061168, -12.7522011 ], [ -38.54060509, -12.75217767 ], [ -38.5405952, -12.75214284 ], [ -38.54058541, -12.75210833 ], [ -38.54057854, -12.75208584 ], [ -38.54056773, -12.75205128 ], [ -38.54055692, -12.75201672 ], [ -38.54055336, -12.75200188 ], [ -38.54054494, -12.75196669 ], [ -38.54053653, -12.7519315 ], [ -38.54052794, -12.75189631 ], [ -38.54052034, -12.75186763 ], [ -38.5405111, -12.75183273 ], [ -38.54050177, -12.7517977 ], [ -38.54048919, -12.75177073 ], [ -38.54047384, -12.75173779 ], [ -38.54045815, -12.75171986 ], [ -38.54043397, -12.75169251 ], [ -38.54040462, -12.75167193 ], [ -38.54037463, -12.7516509 ], [ -38.5403669, -12.75164663 ], [ -38.54033487, -12.75162867 ], [ -38.54030293, -12.75161071 ], [ -38.54029374, -12.75160554 ], [ -38.54026281, -12.75158677 ], [ -38.54023203, -12.75156809 ], [ -38.54021394, -12.75156146 ], [ -38.5401796, -12.75154887 ], [ -38.54015798, -12.75153667 ], [ -38.54012558, -12.75151935 ], [ -38.54009328, -12.75150202 ], [ -38.54008711, -12.75149911 ], [ -38.54005388, -12.75148347 ], [ -38.5400389, -12.75146657 ], [ -38.54003626, -12.75144766 ], [ -38.54005555, -12.75142826 ], [ -38.54008218, -12.75142396 ], [ -38.54011893, -12.75142493 ], [ -38.54014593, -12.7514248 ], [ -38.54017754, -12.75141608 ], [ -38.54017758, -12.75139555 ], [ -38.54016197, -12.75136541 ], [ -38.5401572, -12.7513562 ], [ -38.54014178, -12.75132243 ], [ -38.54013177, -12.75130749 ], [ -38.54011174, -12.75127716 ], [ -38.54010143, -12.75126946 ], [ -38.54007218, -12.75124761 ], [ -38.54005745, -12.75124225 ], [ -38.54002293, -12.7512298 ], [ -38.540013, -12.7512146 ], [ -38.53998569, -12.75119058 ], [ -38.53998081, -12.75118714 ], [ -38.53995109, -12.75116584 ], [ -38.53992781, -12.75115115 ], [ -38.5398968, -12.75113158 ], [ -38.53988042, -12.7511234 ], [ -38.53984765, -12.75110697 ], [ -38.53983017, -12.7510969 ], [ -38.53979833, -12.75107867 ], [ -38.53978177, -12.75106743 ], [ -38.53975149, -12.75104688 ], [ -38.5397445, -12.75104187 ], [ -38.53971451, -12.75102092 ], [ -38.53969868, -12.75101357 ], [ -38.53966526, -12.75099832 ], [ -38.5396533, -12.75098989 ], [ -38.5396234, -12.75096877 ], [ -38.53962294, -12.75096823 ], [ -38.53960098, -12.75093916 ], [ -38.53959878, -12.75093202 ], [ -38.53958816, -12.75089736 ], [ -38.53958348, -12.75088723 ], [ -38.53956806, -12.75085438 ], [ -38.53956028, -12.75082552 ], [ -38.53956475, -12.7507993 ], [ -38.5395669, -12.75078357 ], [ -38.53956765, -12.75077643 ], [ -38.53957112, -12.75074044 ], [ -38.53956831, -12.75071268 ], [ -38.5395559, -12.75069991 ], [ -38.53954854, -12.75069754 ], [ -38.5395291, -12.75069886 ], [ -38.53951462, -12.75070743 ], [ -38.53949798, -12.75073534 ], [ -38.53947886, -12.75076533 ], [ -38.53946959, -12.75079552 ], [ -38.53945528, -12.7508162 ], [ -38.53943369, -12.75083443 ], [ -38.53942281, -12.75083767 ], [ -38.53938751, -12.75084817 ], [ -38.53937719, -12.75085061 ], [ -38.53934143, -12.75085932 ], [ -38.53931702, -12.75085955 ], [ -38.53929741, -12.75085155 ], [ -38.53928252, -12.75083362 ], [ -38.53927077, -12.75080973 ], [ -38.5392548, -12.75077715 ], [ -38.53923883, -12.75074457 ], [ -38.53922267, -12.75071199 ], [ -38.5392067, -12.75067977 ], [ -38.53919064, -12.75064682 ], [ -38.53917476, -12.75061424 ], [ -38.53916259, -12.75062037 ], [ -38.5391357, -12.75061372 ], [ -38.53913074, -12.75061019 ], [ -38.5391233, -12.75059697 ], [ -38.53910857, -12.75059107 ], [ -38.53908169, -12.75058198 ], [ -38.53907176, -12.75057002 ], [ -38.53907888, -12.7505543 ], [ -38.53909824, -12.7505481 ], [ -38.53912984, -12.75054417 ], [ -38.53914928, -12.75054403 ], [ -38.53916872, -12.75054261 ], [ -38.53919056, -12.75053885 ], [ -38.5392172, -12.75053103 ], [ -38.53923888, -12.75051425 ], [ -38.53925559, -12.75049122 ], [ -38.53925774, -12.75047314 ], [ -38.53925261, -12.75045658 ], [ -38.53924811, -12.75044934 ], [ -38.53924517, -12.75044463 ], [ -38.53924252, -12.7504326 ], [ -38.5392398, -12.75041126 ], [ -38.5392494, -12.75040268 ], [ -38.5392762, -12.75040219 ], [ -38.5393006, -12.75040919 ], [ -38.53932501, -12.75041258 ], [ -38.53935174, -12.7504063 ], [ -38.53937101, -12.75039286 ], [ -38.53937548, -12.75036637 ], [ -38.53936804, -12.7503546 ], [ -38.5393457, -12.75033196 ], [ -38.53933963, -12.75032354 ], [ -38.53931841, -12.75029407 ], [ -38.53929375, -12.75027399 ], [ -38.53926927, -12.75026581 ], [ -38.53924015, -12.75026992 ], [ -38.53921111, -12.75027864 ], [ -38.53919423, -12.75028964 ], [ -38.53917231, -12.75028988 ], [ -38.5391503, -12.75028288 ], [ -38.53913302, -12.75026404 ], [ -38.53912053, -12.75024159 ], [ -38.53911773, -12.75021392 ], [ -38.53909788, -12.75018666 ], [ -38.53909266, -12.75016775 ], [ -38.53910201, -12.75014118 ], [ -38.5391034, -12.75013811 ], [ -38.53911857, -12.75010513 ], [ -38.53911816, -12.75007629 ], [ -38.53911819, -12.75006091 ], [ -38.53910559, -12.75004778 ], [ -38.53907134, -12.75003633 ], [ -38.53904943, -12.75003059 ], [ -38.53903958, -12.75002488 ], [ -38.53903694, -12.75000805 ], [ -38.53903917, -12.74999603 ], [ -38.53904629, -12.74998393 ], [ -38.53904604, -12.74996973 ], [ -38.53903372, -12.74995551 ], [ -38.53901651, -12.74994382 ], [ -38.53898732, -12.74993698 ], [ -38.53897443, -12.74993461 ], [ -38.53893824, -12.74992804 ], [ -38.53890195, -12.74992146 ], [ -38.5388726, -12.74990378 ], [ -38.53886267, -12.74988965 ], [ -38.53886491, -12.74987401 ], [ -38.53887691, -12.74986544 ], [ -38.53890106, -12.74985563 ], [ -38.5389205, -12.74985422 ], [ -38.53894473, -12.74985272 ], [ -38.53896897, -12.74984761 ], [ -38.53899072, -12.74984141 ], [ -38.53901975, -12.74983386 ], [ -38.53905367, -12.74982135 ], [ -38.53907783, -12.74981262 ], [ -38.53909958, -12.74980398 ], [ -38.53911646, -12.74979316 ], [ -38.53913301, -12.74976299 ], [ -38.53913347, -12.74976181 ], [ -38.53914707, -12.7497282 ], [ -38.53914819, -12.74972087 ], [ -38.53915378, -12.74968507 ], [ -38.53915354, -12.74966708 ], [ -38.53915262, -12.7496659 ], [ -38.53913121, -12.74963648 ], [ -38.53911392, -12.74961755 ], [ -38.53908695, -12.74960475 ], [ -38.5390724, -12.749605 ], [ -38.53904816, -12.74961002 ], [ -38.53902393, -12.74961395 ], [ -38.5390044, -12.74961066 ], [ -38.53900416, -12.74959149 ], [ -38.53902096, -12.7495747 ], [ -38.53903552, -12.74957075 ], [ -38.53906215, -12.74956926 ], [ -38.53907175, -12.74955598 ], [ -38.53906662, -12.7495406 ], [ -38.53907373, -12.74952967 ], [ -38.5390978, -12.7495138 ], [ -38.53910476, -12.74948876 ], [ -38.53910451, -12.74947312 ], [ -38.5390945, -12.7494542 ], [ -38.5390701, -12.74944864 ], [ -38.53905315, -12.74944771 ], [ -38.53903851, -12.74944542 ], [ -38.53903835, -12.74943349 ], [ -38.53904554, -12.74942744 ], [ -38.53907689, -12.74941384 ], [ -38.53909857, -12.74939697 ], [ -38.539108, -12.74937646 ], [ -38.53912967, -12.74936546 ], [ -38.53915142, -12.74936035 ], [ -38.53917814, -12.74935642 ], [ -38.5392023, -12.74934651 ], [ -38.53921181, -12.74933441 ], [ -38.53920685, -12.749325 ], [ -38.53919204, -12.74931204 ], [ -38.53916285, -12.74930774 ], [ -38.53912885, -12.74931057 ], [ -38.53911421, -12.74930594 ], [ -38.53911424, -12.74929174 ], [ -38.53911876, -12.74928325 ], [ -38.53913563, -12.7492783 ], [ -38.53915987, -12.74927202 ], [ -38.53917426, -12.74926101 ], [ -38.53918866, -12.74924413 ], [ -38.53918941, -12.74923915 ], [ -38.53919528, -12.74920344 ], [ -38.53920018, -12.74919387 ], [ -38.53921654, -12.74916143 ], [ -38.53921654, -12.74916062 ], [ -38.53921596, -12.74912445 ], [ -38.5392206, -12.74910646 ], [ -38.53923988, -12.74909546 ], [ -38.53926659, -12.7490975 ], [ -38.53928851, -12.74909835 ], [ -38.53930786, -12.7490945 ], [ -38.53932466, -12.74907635 ], [ -38.53933649, -12.74905476 ], [ -38.53933608, -12.74902853 ], [ -38.53934303, -12.74900811 ], [ -38.5393451, -12.74898424 ], [ -38.53933749, -12.74896289 ], [ -38.53931301, -12.74894774 ], [ -38.53930822, -12.74894593 ], [ -38.53927389, -12.74893284 ], [ -38.53924701, -12.74892249 ], [ -38.53922741, -12.74890853 ], [ -38.53922228, -12.74889306 ], [ -38.53922468, -12.74888827 ], [ -38.53923675, -12.74888576 ], [ -38.53925123, -12.74887593 ], [ -38.53925082, -12.74884979 ], [ -38.53925057, -12.74883542 ], [ -38.53924195, -12.74881551 ], [ -38.53922745, -12.74878229 ], [ -38.53921296, -12.74874908 ], [ -38.5392011, -12.74873667 ], [ -38.5391759, -12.74871032 ], [ -38.5391679, -12.74870117 ], [ -38.53914382, -12.74867382 ], [ -38.53913426, -12.74865933 ], [ -38.53911405, -12.7486291 ], [ -38.53911176, -12.74862195 ], [ -38.53910022, -12.74858766 ], [ -38.53908876, -12.74855327 ], [ -38.53909053, -12.74854451 ], [ -38.53909778, -12.74850907 ], [ -38.53910944, -12.74847789 ], [ -38.53912375, -12.74846228 ], [ -38.53915278, -12.74845591 ], [ -38.53917709, -12.7484602 ], [ -38.53920629, -12.74846106 ], [ -38.53922804, -12.7484583 ], [ -38.53924011, -12.7484557 ], [ -38.5392569, -12.74844234 ], [ -38.53925914, -12.74842806 ], [ -38.53925641, -12.7484078 ], [ -38.53925558, -12.74840671 ], [ -38.53923417, -12.74837729 ], [ -38.53923049, -12.74837366 ], [ -38.53920456, -12.74834794 ], [ -38.5391776, -12.74833053 ], [ -38.53917364, -12.74832925 ], [ -38.53913866, -12.74831798 ], [ -38.53913332, -12.74831689 ], [ -38.53909731, -12.74830923 ], [ -38.53907044, -12.74829652 ], [ -38.53905076, -12.74827659 ], [ -38.53903441, -12.7482479 ], [ -38.5390165, -12.74821631 ], [ -38.53899851, -12.74818472 ], [ -38.53899099, -12.74816346 ], [ -38.53899546, -12.74813959 ], [ -38.53900497, -12.74812749 ], [ -38.53902423, -12.74812002 ], [ -38.53904838, -12.74811256 ], [ -38.53905437, -12.7481107 ], [ -38.53908876, -12.74809716 ], [ -38.53912314, -12.74808402 ], [ -38.53915689, -12.74807043 ], [ -38.5391883, -12.7480675 ], [ -38.53922229, -12.74806828 ], [ -38.5392514, -12.74807131 ], [ -38.5392782, -12.74807688 ], [ -38.53930259, -12.7480847 ], [ -38.53933171, -12.74808438 ], [ -38.53934618, -12.74807817 ], [ -38.53937016, -12.74806112 ], [ -38.5393891, -12.74803104 ], [ -38.53938886, -12.74801449 ], [ -38.53938844, -12.74798836 ], [ -38.53938812, -12.74796087 ], [ -38.53936819, -12.74793163 ], [ -38.53935082, -12.74790456 ], [ -38.53935537, -12.74788549 ], [ -38.53937217, -12.7478696 ], [ -38.53937911, -12.74784945 ], [ -38.53936902, -12.74782592 ], [ -38.53934926, -12.74779993 ], [ -38.5393295, -12.74777304 ], [ -38.53930966, -12.74774606 ], [ -38.53929238, -12.74772243 ], [ -38.5392727, -12.74770259 ], [ -38.53925037, -12.74767344 ], [ -38.53924439, -12.74766746 ], [ -38.53921846, -12.74764182 ], [ -38.53920117, -12.74762316 ], [ -38.53919722, -12.74762044 ], [ -38.53916695, -12.74759986 ], [ -38.53915498, -12.74759831 ], [ -38.53911841, -12.74759372 ], [ -38.53910385, -12.74759614 ], [ -38.53910127, -12.74759667 ], [ -38.53906524, -12.74760394 ], [ -38.53903869, -12.74761149 ], [ -38.53902625, -12.74761445 ], [ -38.5389904, -12.74762298 ], [ -38.53897529, -12.7476272 ], [ -38.5389398, -12.7476369 ], [ -38.53893556, -12.74763852 ], [ -38.53890118, -12.74765176 ], [ -38.53889546, -12.74765347 ], [ -38.53886025, -12.74766426 ], [ -38.53883131, -12.74767189 ], [ -38.53882901, -12.74767225 ], [ -38.5387927, -12.74767852 ], [ -38.53876393, -12.74769809 ], [ -38.53873994, -12.74771731 ], [ -38.53870373, -12.74771806 ], [ -38.53870327, -12.74771797 ], [ -38.53866727, -12.74771031 ], [ -38.53865743, -12.7477008 ], [ -38.53862834, -12.74768727 ], [ -38.53860163, -12.74768406 ], [ -38.53858237, -12.74768909 ], [ -38.53855831, -12.747699 ], [ -38.53855159, -12.74769871 ], [ -38.53851483, -12.74769747 ], [ -38.53849524, -12.74767999 ], [ -38.53848772, -12.74766116 ], [ -38.53848738, -12.74764326 ], [ -38.53847747, -12.74762687 ], [ -38.53845795, -12.74761762 ], [ -38.53843631, -12.74761686 ], [ -38.53840977, -12.7476197 ], [ -38.53837844, -12.74762498 ], [ -38.53834205, -12.74762311 ], [ -38.53832014, -12.74761512 ], [ -38.53831768, -12.74760462 ], [ -38.53832967, -12.74759262 ], [ -38.53833631, -12.74759218 ], [ -38.53837307, -12.74758944 ], [ -38.53839103, -12.7475881 ], [ -38.53842771, -12.74758402 ], [ -38.53846438, -12.74758028 ], [ -38.53850096, -12.74757664 ], [ -38.53853716, -12.74757589 ], [ -38.53856634, -12.74758616 ], [ -38.53858254, -12.7475946 ], [ -38.53861512, -12.74761147 ], [ -38.53863076, -12.74762163 ], [ -38.5386615, -12.74764157 ], [ -38.53868332, -12.74764704 ], [ -38.53868525, -12.74764704 ], [ -38.5387221, -12.74764647 ], [ -38.53872413, -12.74764644 ], [ -38.53875815, -12.7476317 ], [ -38.53879445, -12.74762869 ], [ -38.53883058, -12.74762089 ], [ -38.53883979, -12.74761729 ], [ -38.5388739, -12.7476036 ], [ -38.5388845, -12.74760046 ], [ -38.53891971, -12.74758985 ], [ -38.53893759, -12.74758436 ], [ -38.5389728, -12.74757357 ], [ -38.53900175, -12.74756404 ], [ -38.53903668, -12.74755253 ], [ -38.53907162, -12.7475411 ], [ -38.53909567, -12.74753355 ], [ -38.53911743, -12.74752726 ], [ -38.53914397, -12.74752206 ], [ -38.53917291, -12.74751442 ], [ -38.53919681, -12.7474914 ], [ -38.53921103, -12.74747099 ], [ -38.53921558, -12.74745065 ], [ -38.53921525, -12.74742931 ], [ -38.53921351, -12.74742669 ], [ -38.53919302, -12.74739672 ], [ -38.53917085, -12.74737552 ], [ -38.53914159, -12.74735938 ], [ -38.53910521, -12.74735434 ], [ -38.53908346, -12.7473571 ], [ -38.539057, -12.74737053 ], [ -38.53903054, -12.74738504 ], [ -38.53903044, -12.7473855 ], [ -38.53901896, -12.74741984 ], [ -38.53901929, -12.74743973 ], [ -38.5390197, -12.74746957 ], [ -38.53899828, -12.74749251 ], [ -38.53896926, -12.74749634 ], [ -38.53894479, -12.74747903 ], [ -38.53893238, -12.74746255 ], [ -38.53893243, -12.74743307 ], [ -38.538939, -12.74741735 ], [ -38.53895332, -12.74739721 ], [ -38.53896515, -12.74737679 ], [ -38.53896969, -12.7473588 ], [ -38.53896696, -12.74734108 ], [ -38.53896672, -12.74731974 ], [ -38.53895672, -12.74729856 ], [ -38.53895416, -12.7472858 ], [ -38.53894441, -12.74728217 ], [ -38.53892018, -12.74728267 ], [ -38.53889819, -12.74726762 ], [ -38.53889075, -12.74725576 ], [ -38.53887557, -12.74724145 ], [ -38.53884909, -12.74721635 ], [ -38.53881511, -12.74720743 ], [ -38.53879064, -12.74719129 ], [ -38.53877113, -12.74717969 ], [ -38.53874212, -12.74717448 ], [ -38.53872021, -12.74716649 ], [ -38.53871551, -12.74716648 ], [ -38.53867904, -12.74716117 ], [ -38.53864762, -12.74716301 ], [ -38.53861389, -12.74717073 ], [ -38.53858727, -12.74717096 ], [ -38.53855586, -12.74716701 ], [ -38.53853875, -12.74715541 ], [ -38.53852403, -12.74714598 ], [ -38.53849263, -12.74713851 ], [ -38.5384732, -12.7471363 ], [ -38.53843947, -12.74713932 ], [ -38.53841054, -12.74714117 ], [ -38.53837664, -12.74714156 ], [ -38.53834773, -12.74713401 ], [ -38.53833062, -12.7471224 ], [ -38.53831592, -12.7471014 ], [ -38.53829616, -12.74707559 ], [ -38.53829432, -12.74707287 ], [ -38.53827392, -12.74704282 ], [ -38.53827319, -12.74704173 ], [ -38.53825178, -12.7470123 ], [ -38.53824275, -12.74700912 ], [ -38.53820823, -12.74699668 ], [ -38.53818625, -12.74697701 ], [ -38.53816196, -12.74695979 ], [ -38.53814245, -12.74694945 ], [ -38.53812302, -12.74694363 ], [ -38.53810377, -12.74694179 ], [ -38.53807973, -12.74694346 ], [ -38.538073, -12.74694393 ], [ -38.53803615, -12.74694519 ], [ -38.53801211, -12.74694343 ], [ -38.53799749, -12.74692948 ], [ -38.53799245, -12.74691528 ], [ -38.53798013, -12.74689898 ], [ -38.53795823, -12.74688746 ], [ -38.53793659, -12.746881 ], [ -38.53791743, -12.74688024 ], [ -38.5378979, -12.74688382 ], [ -38.53788379, -12.74689031 ], [ -38.53787419, -12.74690096 ], [ -38.53786452, -12.74690113 ], [ -38.53785734, -12.74690012 ], [ -38.53785595, -12.74689939 ], [ -38.53782319, -12.74688279 ], [ -38.53780644, -12.74687155 ], [ -38.53780571, -12.74687064 ], [ -38.5377843, -12.74684122 ], [ -38.53776942, -12.74681524 ], [ -38.53776946, -12.74679408 ], [ -38.53777135, -12.74677048 ], [ -38.53777111, -12.7467504 ], [ -38.53776129, -12.74672597 ], [ -38.53774632, -12.74670352 ], [ -38.5377389, -12.746679 ], [ -38.53772428, -12.74666279 ], [ -38.53770247, -12.74664901 ], [ -38.53767791, -12.74663025 ], [ -38.53766595, -12.74662118 ], [ -38.5376367, -12.74659925 ], [ -38.53760781, -12.74657759 ], [ -38.5375955, -12.74656246 ], [ -38.53757848, -12.74654516 ], [ -38.53756112, -12.74652162 ], [ -38.53755027, -12.74650894 ], [ -38.53752646, -12.74648123 ], [ -38.53752262, -12.7464654 ], [ -38.53751393, -12.7464303 ], [ -38.53750524, -12.74639511 ], [ -38.53750602, -12.74637521 ], [ -38.53750737, -12.74633905 ], [ -38.53751029, -12.74630261 ], [ -38.53751312, -12.74626653 ], [ -38.53750504, -12.74625142 ], [ -38.53748778, -12.74621947 ], [ -38.53747062, -12.74618752 ], [ -38.53745452, -12.74617175 ], [ -38.53742841, -12.7461463 ], [ -38.53740229, -12.74612075 ], [ -38.53737618, -12.74609521 ], [ -38.53735006, -12.74606975 ], [ -38.53732661, -12.7460443 ], [ -38.53730198, -12.74601749 ], [ -38.53727724, -12.74599068 ], [ -38.53725251, -12.74596387 ], [ -38.53722778, -12.74593697 ], [ -38.53722778, -12.74593697 ], [ -38.53720313, -12.74591016 ], [ -38.53718679, -12.74588545 ], [ -38.53716667, -12.74585512 ], [ -38.53714664, -12.74582479 ], [ -38.53712661, -12.74579447 ], [ -38.5371065, -12.74576414 ], [ -38.53708647, -12.74573372 ], [ -38.53706644, -12.74570339 ], [ -38.53706222, -12.74569705 ], [ -38.5370421, -12.74566673 ], [ -38.53702198, -12.7456364 ], [ -38.53700195, -12.74560607 ], [ -38.53698183, -12.74557574 ], [ -38.53697733, -12.74556877 ], [ -38.53695786, -12.74553808 ], [ -38.53693829, -12.74550748 ], [ -38.53691872, -12.7454768 ], [ -38.53689916, -12.74544611 ], [ -38.53687959, -12.74541542 ], [ -38.5368661, -12.74538628 ], [ -38.53685078, -12.74535342 ], [ -38.53683545, -12.74532048 ], [ -38.53682022, -12.74528763 ], [ -38.5368049, -12.74525469 ], [ -38.53679977, -12.74523641 ], [ -38.53679007, -12.74520149 ], [ -38.53678037, -12.74516657 ], [ -38.53677067, -12.74513174 ], [ -38.53676097, -12.74509682 ], [ -38.53676088, -12.74509546 ], [ -38.53676002, -12.74505929 ], [ -38.53675917, -12.74502321 ], [ -38.53675831, -12.74498704 ], [ -38.53676867, -12.74496336 ], [ -38.53678319, -12.74493011 ], [ -38.53679772, -12.74489686 ], [ -38.5368053, -12.74488304 ], [ -38.53682286, -12.74485115 ], [ -38.53684042, -12.74481935 ], [ -38.53684632, -12.74481402 ], [ -38.53687363, -12.74478975 ], [ -38.53690085, -12.74476538 ], [ -38.5369344, -12.74475848 ], [ -38.53697052, -12.74475112 ], [ -38.53700656, -12.74474379 ], [ -38.53701722, -12.74474162 ], [ -38.53705392, -12.74473499 ], [ -38.53709014, -12.74472836 ], [ -38.53709373, -12.74472647 ], [ -38.53712647, -12.74470924 ], [ -38.5371592, -12.74469313 ], [ -38.53716105, -12.74468554 ], [ -38.53716987, -12.74465038 ], [ -38.53715555, -12.74462114 ], [ -38.53713743, -12.7446042 ], [ -38.53711067, -12.74457929 ], [ -38.53708968, -12.7445731 ], [ -38.53705442, -12.74456273 ], [ -38.53701915, -12.74455236 ], [ -38.53699696, -12.74454952 ], [ -38.53696049, -12.74454484 ], [ -38.53695828, -12.74454403 ], [ -38.53692376, -12.74453121 ], [ -38.53690593, -12.74450785 ], [ -38.53690414, -12.74447683 ], [ -38.53690209, -12.74444066 ], [ -38.53690329, -12.74443714 ], [ -38.53691469, -12.74440279 ], [ -38.53692617, -12.74436836 ], [ -38.53692905, -12.74435507 ], [ -38.53693658, -12.74431964 ], [ -38.5369441, -12.74428421 ], [ -38.53695163, -12.74424886 ], [ -38.53694437, -12.74423737 ], [ -38.53692499, -12.74420668 ], [ -38.53691956, -12.74420314 ], [ -38.53688855, -12.74418355 ], [ -38.53687713, -12.7441857 ], [ -38.53684091, -12.74419242 ], [ -38.5368047, -12.74419905 ], [ -38.5367834, -12.74420878 ], [ -38.53674993, -12.744224 ], [ -38.53671656, -12.74423923 ], [ -38.53668826, -12.74424958 ], [ -38.53665378, -12.74426218 ], [ -38.53661921, -12.74427477 ], [ -38.53661746, -12.74427577 ], [ -38.53658565, -12.74429407 ], [ -38.53655383, -12.74431237 ], [ -38.53652202, -12.74433058 ], [ -38.5364902, -12.74434879 ], [ -38.53645839, -12.74436709 ], [ -38.53642706, -12.74437373 ], [ -38.53640052, -12.74437938 ], [ -38.53636448, -12.744387 ], [ -38.53634826, -12.74439023 ], [ -38.53631214, -12.74439749 ], [ -38.53630836, -12.74439784 ], [ -38.5362716, -12.74440076 ], [ -38.53623587, -12.74439564 ], [ -38.53620346, -12.74438789 ], [ -38.53617713, -12.74437663 ], [ -38.53614712, -12.74436528 ], [ -38.5361148, -12.74435518 ], [ -38.5360987, -12.74434358 ], [ -38.5360804, -12.7443261 ], [ -38.53606661, -12.74431567 ], [ -38.5360459, -12.74430298 ], [ -38.53602169, -12.74429652 ], [ -38.53599618, -12.74429213 ], [ -38.53597067, -12.74428666 ], [ -38.5359692, -12.74428575 ], [ -38.53593847, -12.74426581 ] ] ] ] } },
{ "type": "Feature", "properties": { "gid": 37, "cd_quilomb": 54, "cd_sr": "SR-05", "nr_process": "54160.001634/05-99", "nm_comunid": "CAONGE/DENDE/ENGENHO DA PONTE E OUTRAS", "nm_municip": "CACHOEIRA", "cd_uf": "BA", "nr_familia": 70, "ob_descric": "estudo de delimitação", "tp_levanta": "Gps Topografiico Pro_XR", "nr_escalao": "1:50000", "area_calc_": 1042.0938, "esfera": "FEDERAL", "fase": null, "responsave": "INCRA" }, "geometry": { "type": "MultiPolygon", "coordinates": [ [ [ [ -38.87806682, -12.64323578 ], [ -38.87475061, -12.63066705 ], [ -38.87472615, -12.63057434 ], [ -38.87175448, -12.63132707 ], [ -38.87124883, -12.63176769 ], [ -38.86987206, -12.62615826 ], [ -38.86986991, -12.62614947 ], [ -38.8696518, -12.62526079 ], [ -38.86295615, -12.62631337 ], [ -38.86293797, -12.62631623 ], [ -38.86228662, -12.62641861 ], [ -38.8544763, -12.62843002 ], [ -38.85581494, -12.6354309 ], [ -38.83268474, -12.64127583 ], [ -38.83270955, -12.64138016 ], [ -38.83348047, -12.64462207 ], [ -38.83531421, -12.65159327 ], [ -38.83603836, -12.65437763 ], [ -38.83607096, -12.65452642 ], [ -38.83608729, -12.65463766 ], [ -38.83609731, -12.65475609 ], [ -38.83609941, -12.65490183 ], [ -38.83590396, -12.65698696 ], [ -38.83586275, -12.65731753 ], [ -38.83584773, -12.65765267 ], [ -38.83585914, -12.65798435 ], [ -38.83589733, -12.6583189 ], [ -38.83604331, -12.65901402 ], [ -38.83611477, -12.65936551 ], [ -38.83618081, -12.6597054 ], [ -38.83623159, -12.65997798 ], [ -38.8362893, -12.66030122 ], [ -38.83761393, -12.65993691 ], [ -38.83762553, -12.65993925 ], [ -38.83763728, -12.65994144 ], [ -38.8376529, -12.65995884 ], [ -38.83767759, -12.65996706 ], [ -38.83769002, -12.65996829 ], [ -38.83770251, -12.65996851 ], [ -38.83770355, -12.65996974 ], [ -38.83772341, -12.6599753 ], [ -38.83774715, -12.65997753 ], [ -38.83775805, -12.65998321 ], [ -38.83777986, -12.65999469 ], [ -38.83780109, -12.66000598 ], [ -38.8378114, -12.66001148 ], [ -38.83783282, -12.66002801 ], [ -38.83786204, -12.66003781 ], [ -38.83789329, -12.66004497 ], [ -38.83792765, -12.66004734 ], [ -38.83795645, -12.66005535 ], [ -38.83798248, -12.66006345 ], [ -38.83803899, -12.66009398 ], [ -38.83806355, -12.66011112 ], [ -38.83809267, -12.66012857 ], [ -38.83810588, -12.66013723 ], [ -38.83811909, -12.66014589 ], [ -38.83815292, -12.66015177 ], [ -38.83818573, -12.66016712 ], [ -38.83821328, -12.66018421 ], [ -38.83824411, -12.66019563 ], [ -38.83827464, -12.66021089 ], [ -38.83829736, -12.66023038 ], [ -38.83831108, -12.66025587 ], [ -38.83833748, -12.66026915 ], [ -38.83835943, -12.66027599 ], [ -38.83838106, -12.66028905 ], [ -38.8384013, -12.66030755 ], [ -38.83841919, -12.66033034 ], [ -38.83843709, -12.66035203 ], [ -38.83846591, -12.66035315 ], [ -38.83849593, -12.66035274 ], [ -38.83852784, -12.66035706 ], [ -38.8385627, -12.66036539 ], [ -38.83858557, -12.66038481 ], [ -38.83861681, -12.66039612 ], [ -38.83864499, -12.6604037 ], [ -38.83867867, -12.66041096 ], [ -38.83870766, -12.66042683 ], [ -38.83873816, -12.6604336 ], [ -38.83877329, -12.66043067 ], [ -38.8388005, -12.66042233 ], [ -38.83882894, -12.66043462 ], [ -38.83885924, -12.660436 ], [ -38.83888688, -12.66043641 ], [ -38.83891405, -12.66045205 ], [ -38.83892983, -12.66045689 ], [ -38.8389456, -12.66046174 ], [ -38.83896323, -12.66045975 ], [ -38.83898086, -12.66045775 ], [ -38.83899657, -12.66045232 ], [ -38.83901227, -12.66044689 ], [ -38.83903315, -12.66042019 ], [ -38.83904308, -12.66040676 ], [ -38.83905302, -12.66039333 ], [ -38.83906279, -12.6603613 ], [ -38.83907639, -12.66033174 ], [ -38.83909165, -12.66030297 ], [ -38.83909828, -12.6602709 ], [ -38.83909715, -12.66023926 ], [ -38.83909495, -12.66020814 ], [ -38.83909203, -12.66017805 ], [ -38.83909968, -12.66012422 ], [ -38.83910671, -12.66010983 ], [ -38.83911214, -12.66008338 ], [ -38.83911936, -12.6600512 ], [ -38.83912804, -12.66002248 ], [ -38.83914248, -12.65999421 ], [ -38.83916595, -12.65993573 ], [ -38.83917262, -12.65990397 ], [ -38.839185, -12.65987629 ], [ -38.83919522, -12.65984631 ], [ -38.8392017, -12.65981309 ], [ -38.83921411, -12.65978263 ], [ -38.83921939, -12.65974959 ], [ -38.83923, -12.65972049 ], [ -38.83923796, -12.65968656 ], [ -38.83923854, -12.65965279 ], [ -38.83924086, -12.6596232 ], [ -38.83925002, -12.6595916 ], [ -38.83926691, -12.65956499 ], [ -38.83928577, -12.65954314 ], [ -38.83929435, -12.65951397 ], [ -38.83929847, -12.65948184 ], [ -38.83930119, -12.65946786 ], [ -38.83930391, -12.65945389 ], [ -38.8393175, -12.65942712 ], [ -38.83933466, -12.65940723 ], [ -38.83934568, -12.65939599 ], [ -38.8393567, -12.65938475 ], [ -38.83937061, -12.65935617 ], [ -38.83938965, -12.6593171 ], [ -38.83941136, -12.65927487 ], [ -38.83942807, -12.65924918 ], [ -38.83944643, -12.65922647 ], [ -38.83945754, -12.65921486 ], [ -38.83946866, -12.65920325 ], [ -38.83947924, -12.65919301 ], [ -38.83948983, -12.65918278 ], [ -38.8395161, -12.65917003 ], [ -38.83953593, -12.65915069 ], [ -38.83955602, -12.65913287 ], [ -38.83958284, -12.65913063 ], [ -38.83961344, -12.65913351 ], [ -38.8396454, -12.65913706 ], [ -38.83967808, -12.65914185 ], [ -38.8397073, -12.65915697 ], [ -38.83973509, -12.65916366 ], [ -38.8397511, -12.65917029 ], [ -38.83976711, -12.65917691 ], [ -38.83979632, -12.65919301 ], [ -38.83980938, -12.65920478 ], [ -38.83983349, -12.65922692 ], [ -38.83984455, -12.65923729 ], [ -38.83987698, -12.65924918 ], [ -38.83990366, -12.65926165 ], [ -38.8399203, -12.65926042 ], [ -38.83993693, -12.65925919 ], [ -38.83996772, -12.65925181 ], [ -38.83998398, -12.65925392 ], [ -38.84000024, -12.65925603 ], [ -38.84001575, -12.65925812 ], [ -38.84003125, -12.65926022 ], [ -38.84006114, -12.65925873 ], [ -38.84008818, -12.65925541 ], [ -38.84009967, -12.65925703 ], [ -38.8401105, -12.65927069 ], [ -38.84011406, -12.6592944 ], [ -38.84012174, -12.659323 ], [ -38.84013649, -12.6593488 ], [ -38.84015256, -12.65937669 ], [ -38.84016039, -12.65940518 ], [ -38.84016088, -12.65943018 ], [ -38.84015368, -12.65945731 ], [ -38.84014467, -12.65948494 ], [ -38.84013975, -12.65951343 ], [ -38.84013521, -12.65954284 ], [ -38.84013181, -12.65956996 ], [ -38.84012067, -12.65959481 ], [ -38.84010874, -12.6596188 ], [ -38.84010283, -12.65964987 ], [ -38.84010468, -12.65967933 ], [ -38.84010694, -12.65970968 ], [ -38.84011227, -12.65973895 ], [ -38.84012392, -12.65976932 ], [ -38.84013119, -12.65980212 ], [ -38.84013876, -12.65983334 ], [ -38.84014799, -12.65986334 ], [ -38.84016137, -12.65988842 ], [ -38.84016965, -12.65991499 ], [ -38.84017455, -12.65994499 ], [ -38.84017894, -12.65995782 ], [ -38.84018333, -12.65997064 ], [ -38.84018503, -12.65999976 ], [ -38.84018712, -12.66002911 ], [ -38.84019458, -12.6600482 ], [ -38.84020185, -12.66007241 ], [ -38.8402211, -12.66008825 ], [ -38.8402435, -12.66007903 ], [ -38.84026648, -12.66006836 ], [ -38.84028815, -12.66007912 ], [ -38.84030321, -12.66008817 ], [ -38.84030908, -12.66010323 ], [ -38.84032276, -12.66012601 ], [ -38.84034121, -12.66014958 ], [ -38.84035302, -12.66016939 ], [ -38.84037615, -12.66018404 ], [ -38.84040339, -12.66019645 ], [ -38.84043186, -12.66020767 ], [ -38.84046305, -12.66021153 ], [ -38.84049157, -12.66020806 ], [ -38.84051681, -12.66020392 ], [ -38.84054809, -12.66020375 ], [ -38.84057487, -12.66019901 ], [ -38.84059849, -12.6602037 ], [ -38.84060682, -12.66023229 ], [ -38.84061731, -12.66025995 ], [ -38.84062308, -12.66029092 ], [ -38.8406388, -12.66031788 ], [ -38.84048787, -12.66046525 ], [ -38.84050271, -12.66048535 ], [ -38.84056619, -12.66051157 ], [ -38.84058043, -12.66050601 ], [ -38.84057326, -12.6605004 ], [ -38.84064772, -12.6604886 ], [ -38.84064459, -12.66048661 ], [ -38.84066129, -12.66048446 ], [ -38.84068126, -12.66047578 ], [ -38.84070026, -12.66045551 ], [ -38.84070099, -12.66044196 ], [ -38.84073667, -12.66039148 ], [ -38.84075064, -12.66036762 ], [ -38.84077224, -12.66035098 ], [ -38.84080127, -12.66034998 ], [ -38.8408316, -12.66035752 ], [ -38.84085639, -12.66036753 ], [ -38.84087024, -12.66039057 ], [ -38.84089139, -12.66040954 ], [ -38.84091745, -12.66042316 ], [ -38.84094951, -12.66043091 ], [ -38.84097942, -12.66042643 ], [ -38.84100364, -12.66042767 ], [ -38.84103461, -12.66043269 ], [ -38.84106125, -12.66043341 ], [ -38.84108409, -12.66043385 ], [ -38.84111103, -12.66044003 ], [ -38.84113359, -12.66045485 ], [ -38.84115506, -12.66046179 ], [ -38.84117023, -12.66046508 ], [ -38.84117855, -12.66046288 ], [ -38.84118067, -12.66046154 ], [ -38.84118785, -12.6604515 ], [ -38.84119804, -12.66046244 ], [ -38.84120063, -12.66046493 ], [ -38.84120321, -12.66046741 ], [ -38.84120908, -12.66047845 ], [ -38.84122188, -12.66048963 ], [ -38.84124376, -12.66049651 ], [ -38.84124232, -12.66053336 ], [ -38.84130234, -12.66051477 ], [ -38.8413212, -12.66051051 ], [ -38.84132178, -12.66049381 ], [ -38.84135, -12.6604957 ], [ -38.84136593, -12.66049604 ], [ -38.8413742, -12.6604957 ], [ -38.84138102, -12.66048955 ], [ -38.84139244, -12.66048488 ], [ -38.84139648, -12.66048187 ], [ -38.84141015, -12.66048514 ], [ -38.84141989, -12.66047967 ], [ -38.84142073, -12.66047752 ], [ -38.84142711, -12.66047425 ], [ -38.84142213, -12.66047247 ], [ -38.84142403, -12.66046612 ], [ -38.84144344, -12.66046228 ], [ -38.84145943, -12.6604482 ], [ -38.84145735, -12.66043919 ], [ -38.84145452, -12.66043096 ], [ -38.8414582, -12.66042875 ], [ -38.84147035, -12.66042873 ], [ -38.84148401, -12.66043541 ], [ -38.84150347, -12.66042623 ], [ -38.84153151, -12.66040871 ], [ -38.841569, -12.66036445 ], [ -38.84159349, -12.66034755 ], [ -38.84162399, -12.66034602 ], [ -38.8416458, -12.66034246 ], [ -38.84166652, -12.66032982 ], [ -38.84169619, -12.6603202 ], [ -38.84170684, -12.66029349 ], [ -38.84172332, -12.66027417 ], [ -38.84174879, -12.660265 ], [ -38.84176926, -12.66025173 ], [ -38.8417818, -12.66023962 ], [ -38.84179292, -12.66022686 ], [ -38.84179544, -12.66022054 ], [ -38.84180043, -12.66021366 ], [ -38.84180109, -12.66020494 ], [ -38.84180174, -12.66019622 ], [ -38.84180994, -12.6601854 ], [ -38.84182131, -12.66016753 ], [ -38.84184015, -12.66014912 ], [ -38.84185993, -12.6601266 ], [ -38.8418749, -12.66009859 ], [ -38.84188159, -12.66008495 ], [ -38.84188827, -12.66007131 ], [ -38.84190802, -12.66004447 ], [ -38.84192758, -12.66002352 ], [ -38.84194174, -12.66000345 ], [ -38.84194412, -12.65997925 ], [ -38.841942, -12.65995094 ], [ -38.84194772, -12.65993242 ], [ -38.84195344, -12.65992035 ], [ -38.84196948, -12.65988696 ], [ -38.84198553, -12.65985357 ], [ -38.84200532, -12.65984601 ], [ -38.84202482, -12.65983557 ], [ -38.84204377, -12.65981106 ], [ -38.84205963, -12.65978501 ], [ -38.84207055, -12.65976179 ], [ -38.84207498, -12.65974195 ], [ -38.84207865, -12.65973001 ], [ -38.84208232, -12.65971808 ], [ -38.84209018, -12.65969415 ], [ -38.8420964, -12.65967246 ], [ -38.8421044, -12.65964965 ], [ -38.84212555, -12.659628 ], [ -38.84213305, -12.65961899 ], [ -38.84214055, -12.65960998 ], [ -38.8421437, -12.65958791 ], [ -38.84214929, -12.65957806 ], [ -38.84216174, -12.65956358 ], [ -38.8421792, -12.65954807 ], [ -38.84221017, -12.65952857 ], [ -38.84223831, -12.65951109 ], [ -38.842264, -12.65950109 ], [ -38.84229225, -12.65948726 ], [ -38.84232389, -12.65947804 ], [ -38.84234638, -12.65946198 ], [ -38.84236165, -12.65944096 ], [ -38.84236456, -12.65941741 ], [ -38.84236827, -12.65939187 ], [ -38.8423781, -12.65936497 ], [ -38.84240107, -12.65935271 ], [ -38.84241633, -12.65934626 ], [ -38.84243159, -12.65933981 ], [ -38.84245916, -12.6593256 ], [ -38.84248341, -12.65931336 ], [ -38.84249778, -12.65929162 ], [ -38.84250633, -12.65926728 ], [ -38.842523, -12.6592595 ], [ -38.84254672, -12.65925387 ], [ -38.84257114, -12.65926184 ], [ -38.84259827, -12.65927223 ], [ -38.84263092, -12.65923859 ], [ -38.84263508, -12.65922904 ], [ -38.84264644, -12.65917892 ], [ -38.84267087, -12.65916242 ], [ -38.84270843, -12.65918147 ], [ -38.84270856, -12.65915742 ], [ -38.84270278, -12.65914479 ], [ -38.84269699, -12.65913217 ], [ -38.84270129, -12.65912569 ], [ -38.84269584, -12.65911875 ], [ -38.84271498, -12.65908877 ], [ -38.84273152, -12.65906079 ], [ -38.84273872, -12.65899408 ], [ -38.84276475, -12.65898774 ], [ -38.84283699, -12.65888131 ], [ -38.84284842, -12.65886037 ], [ -38.84286274, -12.65886529 ], [ -38.84287807, -12.65884287 ], [ -38.8428832, -12.6588363 ], [ -38.84295051, -12.65881602 ], [ -38.84296957, -12.6588128 ], [ -38.84295359, -12.6587609 ], [ -38.84294228, -12.65873974 ], [ -38.84293676, -12.65872202 ], [ -38.84294334, -12.65870105 ], [ -38.84294389, -12.65869276 ], [ -38.84299779, -12.65863305 ], [ -38.84305643, -12.65858223 ], [ -38.84306304, -12.65854602 ], [ -38.84312232, -12.65849793 ], [ -38.84310624, -12.65851655 ], [ -38.84314136, -12.65849979 ], [ -38.84315429, -12.65847879 ], [ -38.84318127, -12.6584587 ], [ -38.84321511, -12.65844638 ], [ -38.84325357, -12.65838839 ], [ -38.84325515, -12.65836042 ], [ -38.84327115, -12.65833853 ], [ -38.8432793, -12.6583185 ], [ -38.84327006, -12.65829706 ], [ -38.84326333, -12.65827262 ], [ -38.84327617, -12.65825101 ], [ -38.84327276, -12.65823396 ], [ -38.84328662, -12.65820514 ], [ -38.84330621, -12.65818876 ], [ -38.84332654, -12.65816603 ], [ -38.84334437, -12.65813737 ], [ -38.84335449, -12.6581022 ], [ -38.84337411, -12.65807439 ], [ -38.84339486, -12.65804402 ], [ -38.84341884, -12.65801908 ], [ -38.84342178, -12.65800125 ], [ -38.84342472, -12.65798343 ], [ -38.84342735, -12.65794657 ], [ -38.84343618, -12.65791325 ], [ -38.84344499, -12.65788049 ], [ -38.843453, -12.65784949 ], [ -38.8434532, -12.65781612 ], [ -38.84345958, -12.65778356 ], [ -38.84348613, -12.65775936 ], [ -38.84350957, -12.65773379 ], [ -38.84352681, -12.6577063 ], [ -38.843544, -12.65768502 ], [ -38.84357114, -12.65766954 ], [ -38.84358915, -12.65764017 ], [ -38.8435935, -12.65762052 ], [ -38.84360339, -12.6575923 ], [ -38.84362845, -12.65757519 ], [ -38.8436335, -12.65757027 ], [ -38.84364193, -12.65755203 ], [ -38.84366071, -12.65752307 ], [ -38.84366991, -12.65751213 ], [ -38.84367911, -12.65750118 ], [ -38.84368998, -12.65748914 ], [ -38.84370085, -12.65747709 ], [ -38.84371451, -12.6574467 ], [ -38.84372666, -12.65741465 ], [ -38.84374116, -12.65738431 ], [ -38.84377081, -12.65736921 ], [ -38.84384337, -12.65736477 ], [ -38.84386379, -12.65736467 ], [ -38.84390642, -12.65736272 ], [ -38.8439333, -12.65735467 ], [ -38.843958, -12.65734411 ], [ -38.84396765, -12.65732594 ], [ -38.8441251, -12.65730759 ], [ -38.84442655, -12.65744997 ], [ -38.84478817, -12.65781755 ], [ -38.84498089, -12.65825614 ], [ -38.8452578, -12.65908585 ], [ -38.84546262, -12.65945334 ], [ -38.84569749, -12.66001046 ], [ -38.84593236, -12.66056758 ], [ -38.84630603, -12.66097665 ], [ -38.84667969, -12.66138571 ], [ -38.84710157, -12.66184813 ], [ -38.84725832, -12.66194302 ], [ -38.84742108, -12.66206755 ], [ -38.84758384, -12.66219207 ], [ -38.8479033, -12.66247667 ], [ -38.84822277, -12.66276127 ], [ -38.84859054, -12.66295109 ], [ -38.84895831, -12.66314092 ], [ -38.84945271, -12.6633545 ], [ -38.84995911, -12.66369846 ], [ -38.85055004, -12.66385285 ], [ -38.85096013, -12.66386493 ], [ -38.85137032, -12.6637111 ], [ -38.85162383, -12.66335572 ], [ -38.85173257, -12.66303581 ], [ -38.85184154, -12.66232484 ], [ -38.85187183, -12.66207599 ], [ -38.85190212, -12.66182714 ], [ -38.85183006, -12.66130567 ], [ -38.85174581, -12.66098566 ], [ -38.85166157, -12.66066564 ], [ -38.85145672, -12.66032778 ], [ -38.85125187, -12.65998992 ], [ -38.85105979, -12.65963907 ], [ -38.85087241, -12.6592703 ], [ -38.8507853, -12.65895481 ], [ -38.85087266, -12.65884017 ], [ -38.85096774, -12.65873399 ], [ -38.85116829, -12.65870426 ], [ -38.85140504, -12.65913428 ], [ -38.85190927, -12.65939727 ], [ -38.85243786, -12.65957071 ], [ -38.85310027, -12.65954122 ], [ -38.85352564, -12.65954743 ], [ -38.85415812, -12.65974803 ], [ -38.8545656, -12.659726 ], [ -38.85499575, -12.65965952 ], [ -38.8554715, -12.65899254 ], [ -38.85562525, -12.65804399 ], [ -38.85518811, -12.65706062 ], [ -38.85418278, -12.65618942 ], [ -38.85227478, -12.65545099 ], [ -38.85151243, -12.65483123 ], [ -38.85139947, -12.65443082 ], [ -38.85151291, -12.65400829 ], [ -38.85178473, -12.65367483 ], [ -38.85146838, -12.65271827 ], [ -38.85133271, -12.6524513 ], [ -38.85118915, -12.65220416 ], [ -38.85187691, -12.65226599 ], [ -38.85268954, -12.65263511 ], [ -38.85350246, -12.65251267 ], [ -38.85412773, -12.65251301 ], [ -38.85450303, -12.65226744 ], [ -38.85481601, -12.65165314 ], [ -38.85481639, -12.65097724 ], [ -38.85400393, -12.65030088 ], [ -38.85312874, -12.64999317 ], [ -38.85287881, -12.6496858 ], [ -38.85299104, -12.64937792 ], [ -38.8536294, -12.64919464 ], [ -38.8545048, -12.64913367 ], [ -38.85503489, -12.64913889 ], [ -38.85557831, -12.64951506 ], [ -38.85627244, -12.65042547 ], [ -38.85663447, -12.65112797 ], [ -38.85719743, -12.65260213 ], [ -38.8583451, -12.65440974 ], [ -38.85882826, -12.65483031 ], [ -38.85946658, -12.65535419 ], [ -38.8600906, -12.65543229 ], [ -38.8604621, -12.65507113 ], [ -38.8608461, -12.65470849 ], [ -38.8612301, -12.65434584 ], [ -38.86163039, -12.65350016 ], [ -38.86188106, -12.65245569 ], [ -38.86208627, -12.65140903 ], [ -38.86200662, -12.65099774 ], [ -38.86165685, -12.65061932 ], [ -38.86135598, -12.65040598 ], [ -38.86119436, -12.65042761 ], [ -38.8605693, -12.65005861 ], [ -38.86039127, -12.64970913 ], [ -38.86052446, -12.6493516 ], [ -38.86081501, -12.64920733 ], [ -38.86144545, -12.64858436 ], [ -38.86194586, -12.64821594 ], [ -38.86209791, -12.64771881 ], [ -38.86216891, -12.64758636 ], [ -38.86235151, -12.64758015 ], [ -38.86259376, -12.64774066 ], [ -38.86308717, -12.64792586 ], [ -38.86358058, -12.64811106 ], [ -38.86422991, -12.64857027 ], [ -38.86465854, -12.64889586 ], [ -38.86490897, -12.64901696 ], [ -38.86545651, -12.64928005 ], [ -38.86607194, -12.64938552 ], [ -38.86644706, -12.64944716 ], [ -38.86757282, -12.6488947 ], [ -38.86813589, -12.64821908 ], [ -38.86863641, -12.64760485 ], [ -38.86888688, -12.64686763 ], [ -38.86863726, -12.64594581 ], [ -38.8681376, -12.64490098 ], [ -38.86782538, -12.64410202 ], [ -38.86732553, -12.64342586 ], [ -38.86651307, -12.64274955 ], [ -38.86587765, -12.64271102 ], [ -38.86620089, -12.64188914 ], [ -38.86695115, -12.64195096 ], [ -38.86763897, -12.64182841 ], [ -38.86831838, -12.64209714 ], [ -38.86879373, -12.64256478 ], [ -38.86938769, -12.64361671 ], [ -38.86968461, -12.64425953 ], [ -38.87004087, -12.64513607 ], [ -38.87004052, -12.64583717 ], [ -38.87033759, -12.64618785 ], [ -38.87081304, -12.64648021 ], [ -38.87128871, -12.6463636 ], [ -38.87164553, -12.64613006 ], [ -38.87218081, -12.64566293 ], [ -38.87241879, -12.64531249 ], [ -38.87259737, -12.64484518 ], [ -38.8727165, -12.64437785 ], [ -38.87307372, -12.64332637 ], [ -38.87343076, -12.64262545 ], [ -38.87366876, -12.64221658 ], [ -38.87366894, -12.64186603 ], [ -38.87355024, -12.64145701 ], [ -38.87343157, -12.64098955 ], [ -38.87361015, -12.64052224 ], [ -38.87408588, -12.64023034 ], [ -38.87456144, -12.640289 ], [ -38.87485858, -12.64052283 ], [ -38.87503672, -12.64093188 ], [ -38.87521496, -12.64116567 ], [ -38.8750958, -12.64169144 ], [ -38.87503612, -12.6421588 ], [ -38.87509535, -12.64262623 ], [ -38.87509506, -12.64321048 ], [ -38.87527322, -12.64361953 ], [ -38.87557054, -12.6434444 ], [ -38.87571923, -12.64332762 ], [ -38.87586791, -12.64321084 ], [ -38.8760253, -12.64317411 ], [ -38.8762841, -12.64311371 ], [ -38.8765271, -12.64309941 ], [ -38.87679954, -12.64310968 ], [ -38.8770673, -12.64311976 ], [ -38.87719294, -12.64313435 ], [ -38.87751649, -12.6431719 ], [ -38.87800524, -12.64322863 ], [ -38.87806682, -12.64323578 ] ] ] ] } },
{ "type": "Feature", "properties": { "gid": 38, "cd_quilomb": 95, "cd_sr": "SR-05", "nr_process": "54160.002024/2006-93", "nm_comunid": "SAO FRANCISCO DO PARAGUAÇU", "nm_municip": "CACHOEIRA", "cd_uf": "BA", "nr_familia": 250, "ob_descric": "Estudo de Delimitação", "tp_levanta": null, "nr_escalao": null, "area_calc_": 5130.724, "esfera": "FEDERAL", "fase": null, "responsave": "INCRA" }, "geometry": { "type": "MultiPolygon", "coordinates": [ [ [ [ -38.85792236, -12.71929135 ], [ -38.8543281, -12.71862673 ], [ -38.85120984, -12.71791549 ], [ -38.84792728, -12.71734257 ], [ -38.84661638, -12.71710787 ], [ -38.84530891, -12.71685473 ], [ -38.84316331, -12.71644066 ], [ -38.83749506, -12.71532967 ], [ -38.83512947, -12.7150014 ], [ -38.83482768, -12.71532847 ], [ -38.83577836, -12.71806816 ], [ -38.83697442, -12.72142481 ], [ -38.8379229, -12.72449862 ], [ -38.83899872, -12.72727337 ], [ -38.83699281, -12.72638187 ], [ -38.83288457, -12.72421923 ], [ -38.82990212, -12.72387497 ], [ -38.82696899, -12.72292285 ], [ -38.82454776, -12.72145486 ], [ -38.82284846, -12.72009042 ], [ -38.82172853, -12.71958842 ], [ -38.82142251, -12.71909601 ], [ -38.82132897, -12.71928132 ], [ -38.82039971, -12.7197077 ], [ -38.81940073, -12.71998536 ], [ -38.81943792, -12.72119452 ], [ -38.81798233, -12.72055618 ], [ -38.81708213, -12.72038953 ], [ -38.81636703, -12.72182523 ], [ -38.81545088, -12.72154734 ], [ -38.81518751, -12.72029345 ], [ -38.81436917, -12.72017414 ], [ -38.81383989, -12.72054498 ], [ -38.81283094, -12.7207141 ], [ -38.81192664, -12.72074067 ], [ -38.8108057, -12.7210042 ], [ -38.81063442, -12.72156022 ], [ -38.80984535, -12.72182723 ], [ -38.80952261, -12.72130396 ], [ -38.80962764, -12.71979188 ], [ -38.80853709, -12.72116769 ], [ -38.8092016, -12.72178191 ], [ -38.80895819, -12.72233164 ], [ -38.80845331, -12.72221697 ], [ -38.80842183, -12.72230864 ], [ -38.80832748, -12.72258972 ], [ -38.80824497, -12.72279774 ], [ -38.8081665, -12.72290167 ], [ -38.80804154, -12.72297845 ], [ -38.80857287, -12.72393792 ], [ -38.8091588, -12.72531123 ], [ -38.80995427, -12.73019262 ], [ -38.81077822, -12.73645486 ], [ -38.81106256, -12.7381138 ], [ -38.81699978, -12.77185124 ], [ -38.81823853, -12.77888907 ], [ -38.83710503, -12.78599226 ], [ -38.84267674, -12.80669764 ], [ -38.84479751, -12.80991463 ], [ -38.84684447, -12.81384178 ], [ -38.84814634, -12.81876048 ], [ -38.84922471, -12.8183813 ], [ -38.85032156, -12.8179117 ], [ -38.85089293, -12.81783064 ], [ -38.85281944, -12.81680988 ], [ -38.85305906, -12.81674672 ], [ -38.85347384, -12.81655705 ], [ -38.85398076, -12.81637647 ], [ -38.85417429, -12.8163585 ], [ -38.85710502, -12.81563668 ], [ -38.85744603, -12.81551026 ], [ -38.85853368, -12.81531181 ], [ -38.85857751, -12.81520694 ], [ -38.85857577, -12.8150165 ], [ -38.85849865, -12.8148356 ], [ -38.85845355, -12.81473954 ], [ -38.85842051, -12.81466917 ], [ -38.85834237, -12.81450265 ], [ -38.85823474, -12.81433512 ], [ -38.85818794, -12.81415622 ], [ -38.8581571, -12.8139475 ], [ -38.85818475, -12.81375987 ], [ -38.85824291, -12.81357254 ], [ -38.85827057, -12.81338401 ], [ -38.85820921, -12.81318874 ], [ -38.85803009, -12.81217512 ], [ -38.85778966, -12.81139188 ], [ -38.85724542, -12.81012369 ], [ -38.85679417, -12.80949424 ], [ -38.85648829, -12.80907837 ], [ -38.85632333, -12.80878484 ], [ -38.85622153, -12.80842298 ], [ -38.85621384, -12.80802138 ], [ -38.85626114, -12.80764423 ], [ -38.85630347, -12.80742017 ], [ -38.856311, -12.80729313 ], [ -38.85628254, -12.80710321 ], [ -38.85625132, -12.80691329 ], [ -38.85616203, -12.80675228 ], [ -38.85604418, -12.80659035 ], [ -38.8559254, -12.8064447 ], [ -38.85583611, -12.80628368 ], [ -38.855733, -12.80612357 ], [ -38.85562896, -12.80596255 ], [ -38.8555406, -12.80580244 ], [ -38.85546606, -12.80562607 ], [ -38.85539152, -12.8054505 ], [ -38.85533265, -12.80527504 ], [ -38.85528853, -12.80508512 ], [ -38.85522884, -12.80489518 ], [ -38.85518471, -12.80470616 ], [ -38.85515534, -12.80450087 ], [ -38.85514163, -12.80431097 ], [ -38.85514174, -12.80412197 ], [ -38.85511247, -12.80374125 ], [ -38.85508309, -12.80355133 ], [ -38.85503805, -12.8033605 ], [ -38.85500867, -12.80317149 ], [ -38.85496547, -12.80298157 ], [ -38.85492043, -12.80279074 ], [ -38.85486157, -12.80260081 ], [ -38.85483136, -12.8024118 ], [ -38.85483147, -12.8022219 ], [ -38.85478643, -12.80203197 ], [ -38.85478757, -12.80165127 ], [ -38.85480242, -12.80146228 ], [ -38.85483201, -12.8012724 ], [ -38.85486253, -12.80108161 ], [ -38.85489212, -12.80089263 ], [ -38.8549512, -12.80071813 ], [ -38.85501119, -12.80054183 ], [ -38.855085, -12.80036734 ], [ -38.85515882, -12.80019105 ], [ -38.8552189, -12.80001565 ], [ -38.85530837, -12.79985564 ], [ -38.85536652, -12.79968024 ], [ -38.85542651, -12.79950584 ], [ -38.85551599, -12.79933046 ], [ -38.85553084, -12.79914056 ], [ -38.85551621, -12.79895156 ], [ -38.85545642, -12.79877519 ], [ -38.85536713, -12.79861409 ], [ -38.85524836, -12.79845487 ], [ -38.85515907, -12.79829295 ], [ -38.8551002, -12.79811749 ], [ -38.85507082, -12.79792938 ], [ -38.85504053, -12.79773946 ], [ -38.85501126, -12.7975188 ], [ -38.85501137, -12.79733071 ], [ -38.85499673, -12.7971408 ], [ -38.8550254, -12.79695182 ], [ -38.85507825, -12.79670272 ], [ -38.85509647, -12.79658318 ], [ -38.8551047, -12.79653779 ], [ -38.85511569, -12.7964821 ], [ -38.85512899, -12.79642604 ], [ -38.85514358, -12.79637043 ], [ -38.85515946, -12.79631763 ], [ -38.85517414, -12.79626908 ], [ -38.85518808, -12.79622143 ], [ -38.85520202, -12.79617261 ], [ -38.85521633, -12.79612306 ], [ -38.8552311, -12.79607288 ], [ -38.85524615, -12.7960236 ], [ -38.85526101, -12.79597451 ], [ -38.85527671, -12.79592442 ], [ -38.85529258, -12.79587506 ], [ -38.85530901, -12.79582497 ], [ -38.85532655, -12.79577461 ], [ -38.8553438, -12.79572669 ], [ -38.85536032, -12.7956795 ], [ -38.85537712, -12.79563185 ], [ -38.85539364, -12.79558393 ], [ -38.85541053, -12.79553556 ], [ -38.85542751, -12.79548683 ], [ -38.85544459, -12.79543846 ], [ -38.85546249, -12.79538801 ], [ -38.85548233, -12.7953362 ], [ -38.85550291, -12.79528621 ], [ -38.8555233, -12.79523775 ], [ -38.85554443, -12.79518902 ], [ -38.85556638, -12.79514029 ], [ -38.85558843, -12.79509328 ], [ -38.85561002, -12.79504672 ], [ -38.85563262, -12.79499935 ], [ -38.85565559, -12.79495216 ], [ -38.85567884, -12.7949056 ], [ -38.8557018, -12.7948604 ], [ -38.85572496, -12.79481447 ], [ -38.85574894, -12.79476801 ], [ -38.85577302, -12.79472208 ], [ -38.855797, -12.7946767 ], [ -38.85582098, -12.7946315 ], [ -38.85584496, -12.79458675 ], [ -38.85586959, -12.79454064 ], [ -38.85589495, -12.79449526 ], [ -38.85591894, -12.79445187 ], [ -38.85594246, -12.7944083 ], [ -38.85596616, -12.79436382 ], [ -38.8559906, -12.79431799 ], [ -38.85601578, -12.79427161 ], [ -38.85604096, -12.79422632 ], [ -38.85606596, -12.79418121 ], [ -38.85609234, -12.79413402 ], [ -38.85612084, -12.7940862 ], [ -38.85614961, -12.79404046 ], [ -38.85617728, -12.79399688 ], [ -38.85620402, -12.7939544 ], [ -38.85623049, -12.79391146 ], [ -38.85625871, -12.79386526 ], [ -38.85628961, -12.79381808 ], [ -38.85632124, -12.79377216 ], [ -38.8563536, -12.79372687 ], [ -38.85638689, -12.79368276 ], [ -38.85641963, -12.79364028 ], [ -38.85645236, -12.79359833 ], [ -38.85648574, -12.79355603 ], [ -38.85651939, -12.79351454 ], [ -38.85655323, -12.79347278 ], [ -38.85658974, -12.7934294 ], [ -38.85662745, -12.79338719 ], [ -38.85666553, -12.79334615 ], [ -38.85686459, -12.79312299 ], [ -38.85694454, -12.79300638 ], [ -38.85703308, -12.79284728 ], [ -38.85740477, -12.79220453 ], [ -38.85756897, -12.79185466 ], [ -38.85820691, -12.79125727 ], [ -38.85886418, -12.79068973 ], [ -38.85891949, -12.79064545 ], [ -38.85909738, -12.79052799 ], [ -38.85924669, -12.79044126 ], [ -38.85932138, -12.79035358 ], [ -38.85935097, -12.7901637 ], [ -38.85941642, -12.79009953 ], [ -38.85944039, -12.79007603 ], [ -38.85966158, -12.78998029 ], [ -38.86081628, -12.78961105 ], [ -38.86099876, -12.78952162 ], [ -38.86100153, -12.78951982 ], [ -38.86116282, -12.78943399 ], [ -38.86134068, -12.78937621 ], [ -38.86161921, -12.78920626 ], [ -38.86181181, -12.78898698 ], [ -38.86196951, -12.78871849 ], [ -38.86198225, -12.78867726 ], [ -38.86199259, -12.78863983 ], [ -38.86199933, -12.78860801 ], [ -38.86200276, -12.78857798 ], [ -38.86200388, -12.78854416 ], [ -38.86200326, -12.78850564 ], [ -38.86200135, -12.78846124 ], [ -38.8619999, -12.78841367 ], [ -38.86199891, -12.78836593 ], [ -38.86199848, -12.78831719 ], [ -38.86199896, -12.78826854 ], [ -38.8620001, -12.78822133 ], [ -38.86200123, -12.7881763 ], [ -38.8620019, -12.7881319 ], [ -38.86200229, -12.78808488 ], [ -38.86200351, -12.78803668 ], [ -38.86200501, -12.7879902 ], [ -38.86200642, -12.787943 ], [ -38.86200847, -12.78789417 ], [ -38.86201136, -12.78784479 ], [ -38.86201553, -12.78779406 ], [ -38.8620209, -12.78774451 ], [ -38.86202692, -12.78769614 ], [ -38.86203358, -12.78764866 ], [ -38.86204042, -12.78760228 ], [ -38.86204717, -12.78755689 ], [ -38.86205411, -12.78751077 ], [ -38.8620615, -12.78746411 ], [ -38.86206936, -12.78741737 ], [ -38.86207795, -12.78736953 ], [ -38.86208756, -12.78732125 ], [ -38.862098, -12.78727306 ], [ -38.86210908, -12.7872264 ], [ -38.86212035, -12.7871802 ], [ -38.86213207, -12.78713481 ], [ -38.86214371, -12.78708933 ], [ -38.86215663, -12.78704177 ], [ -38.8621702, -12.78699638 ], [ -38.86218285, -12.78695289 ], [ -38.86219596, -12.78690859 ], [ -38.8622098, -12.78686284 ], [ -38.86222503, -12.78681637 ], [ -38.8622409, -12.78677026 ], [ -38.86225724, -12.78672578 ], [ -38.86227301, -12.78668292 ], [ -38.8622887, -12.78664016 ], [ -38.86230466, -12.78659676 ], [ -38.86232118, -12.78655246 ], [ -38.86233871, -12.7865068 ], [ -38.86235855, -12.78645852 ], [ -38.86238225, -12.7864078 ], [ -38.86240799, -12.78636097 ], [ -38.86243261, -12.78631821 ], [ -38.86245714, -12.78627726 ], [ -38.86248029, -12.78623875 ], [ -38.86250251, -12.78620033 ], [ -38.86252557, -12.78616001 ], [ -38.86254844, -12.78612069 ], [ -38.86257039, -12.78608154 ], [ -38.86259474, -12.78603815 ], [ -38.86261734, -12.78599774 ], [ -38.86263855, -12.78595932 ], [ -38.86266179, -12.78591801 ], [ -38.86268448, -12.78587723 ], [ -38.86270753, -12.78583592 ], [ -38.86273077, -12.7857947 ], [ -38.86275411, -12.78575311 ], [ -38.86277827, -12.7857108 ], [ -38.86280299, -12.78566823 ], [ -38.86282733, -12.78562745 ], [ -38.86285131, -12.78558605 ], [ -38.86287796, -12.78554166 ], [ -38.86290443, -12.78550026 ], [ -38.8629285, -12.78546121 ], [ -38.86295146, -12.78542324 ], [ -38.86297268, -12.78537252 ], [ -38.86306334, -12.78519569 ], [ -38.86315078, -12.78503215 ], [ -38.86326815, -12.78487432 ], [ -38.86338313, -12.78472988 ], [ -38.8635005, -12.78457214 ], [ -38.86360323, -12.78441195 ], [ -38.86370605, -12.78425177 ], [ -38.86382019, -12.78410723 ], [ -38.86394944, -12.78396704 ], [ -38.8640645, -12.78382259 ], [ -38.8643473, -12.7832487 ], [ -38.86456029, -12.78261563 ], [ -38.86484708, -12.78162874 ], [ -38.86495752, -12.78117403 ], [ -38.86496739, -12.78114501 ], [ -38.86502645, -12.78097142 ], [ -38.86508735, -12.78079602 ], [ -38.86517681, -12.7806351 ], [ -38.8652672, -12.78046062 ], [ -38.865341, -12.78028613 ], [ -38.86535589, -12.78000852 ], [ -38.86526759, -12.77971729 ], [ -38.86517923, -12.77954272 ], [ -38.86507521, -12.77938261 ], [ -38.86498592, -12.7792225 ], [ -38.86489664, -12.77904703 ], [ -38.86488293, -12.77884265 ], [ -38.86483696, -12.77865363 ], [ -38.8648085, -12.77846372 ], [ -38.86479386, -12.77827471 ], [ -38.86474974, -12.77808569 ], [ -38.86470469, -12.77789667 ], [ -38.86461541, -12.77773567 ], [ -38.86449663, -12.77759001 ], [ -38.86439353, -12.7774299 ], [ -38.86430516, -12.77726889 ], [ -38.86422971, -12.77709523 ], [ -38.86417083, -12.77691977 ], [ -38.86408155, -12.77675876 ], [ -38.86402176, -12.7765833 ], [ -38.86394906, -12.77640964 ], [ -38.86387453, -12.77623417 ], [ -38.86378718, -12.77606249 ], [ -38.86376711, -12.7760358 ], [ -38.86376251, -12.77602947 ], [ -38.86364374, -12.77588291 ], [ -38.86355537, -12.7757219 ], [ -38.86300587, -12.77473142 ], [ -38.8630059, -12.77467265 ], [ -38.86297744, -12.77448273 ], [ -38.86291765, -12.77430817 ], [ -38.86282953, -12.77369592 ], [ -38.86285906, -12.77360732 ], [ -38.86290339, -12.77341834 ], [ -38.86293389, -12.77322846 ], [ -38.86311381, -12.77274928 ], [ -38.86318853, -12.77257298 ], [ -38.86336733, -12.77245642 ], [ -38.8637396, -12.77235533 ], [ -38.86414132, -12.77231123 ], [ -38.86446936, -12.77223725 ], [ -38.86482163, -12.77213181 ], [ -38.86508439, -12.77197577 ], [ -38.86523885, -12.77189184 ], [ -38.86537821, -12.77161068 ], [ -38.86551696, -12.77125618 ], [ -38.86557031, -12.77107996 ], [ -38.86567268, -12.77088224 ], [ -38.86578666, -12.77067242 ], [ -38.86588026, -12.77051657 ], [ -38.8660116, -12.77041571 ], [ -38.8662087, -12.7701816 ], [ -38.86634422, -12.77001185 ], [ -38.86648404, -12.76974506 ], [ -38.8665489, -12.76955583 ], [ -38.86662924, -12.76938776 ], [ -38.8667222, -12.76921201 ], [ -38.86705761, -12.76858189 ], [ -38.86711095, -12.76840468 ], [ -38.86714993, -12.76821344 ], [ -38.86721885, -12.76803578 ], [ -38.86724263, -12.76783061 ], [ -38.86733731, -12.76753541 ], [ -38.86734544, -12.76733159 ], [ -38.86738133, -12.76721468 ], [ -38.86742729, -12.76706667 ], [ -38.86749621, -12.76688992 ], [ -38.86790689, -12.76624835 ], [ -38.86882516, -12.76516764 ], [ -38.86895531, -12.76503242 ], [ -38.86909938, -12.76489586 ], [ -38.86924473, -12.76477457 ], [ -38.86939018, -12.76465338 ], [ -38.86951896, -12.76450279 ], [ -38.86964912, -12.76436667 ], [ -38.86977844, -12.76423145 ], [ -38.86979457, -12.76421645 ], [ -38.86992242, -12.76409488 ], [ -38.87006694, -12.76397278 ], [ -38.87021137, -12.76385159 ], [ -38.87034162, -12.76371628 ], [ -38.87048614, -12.76359509 ], [ -38.87063187, -12.76345762 ], [ -38.87076119, -12.7633224 ], [ -38.8708744, -12.76317315 ], [ -38.87101975, -12.76305015 ], [ -38.87116373, -12.76291449 ], [ -38.87129305, -12.76277927 ], [ -38.87142275, -12.76262868 ], [ -38.87156673, -12.76249211 ], [ -38.87169551, -12.76234152 ], [ -38.87180919, -12.7621779 ], [ -38.87193787, -12.7620264 ], [ -38.87205155, -12.76186269 ], [ -38.87214948, -12.76169861 ], [ -38.87224832, -12.76153453 ], [ -38.87234716, -12.76137036 ], [ -38.87243091, -12.76119225 ], [ -38.87248415, -12.76101504 ], [ -38.8725374, -12.76083882 ], [ -38.87256071, -12.76064721 ], [ -38.8725703, -12.76045686 ], [ -38.87256413, -12.76026705 ], [ -38.87260377, -12.76001766 ], [ -38.87263547, -12.75981846 ], [ -38.87267791, -12.75970717 ], [ -38.87276201, -12.75954434 ], [ -38.87283184, -12.75936578 ], [ -38.87285423, -12.75917508 ], [ -38.87284198, -12.75879545 ], [ -38.87280025, -12.7584159 ], [ -38.87277851, -12.75822834 ], [ -38.87277234, -12.75803762 ], [ -38.8727506, -12.75784834 ], [ -38.87274351, -12.75765853 ], [ -38.87270795, -12.7574697 ], [ -38.87265756, -12.75728031 ], [ -38.87255985, -12.75702101 ], [ -38.87249527, -12.75684744 ], [ -38.87244405, -12.75665996 ], [ -38.87242222, -12.75646978 ], [ -38.87238574, -12.75628094 ], [ -38.87236483, -12.75609158 ], [ -38.87229362, -12.75571382 ], [ -38.87222766, -12.75552497 ], [ -38.8721921, -12.75533695 ], [ -38.87215553, -12.75514721 ], [ -38.87208957, -12.75496018 ], [ -38.87205493, -12.75477125 ], [ -38.8720331, -12.75458188 ], [ -38.87198666, -12.75405593 ], [ -38.87197677, -12.75374946 ], [ -38.87199208, -12.75334009 ], [ -38.87200067, -12.7531199 ], [ -38.87203264, -12.75273894 ], [ -38.87211584, -12.75254727 ], [ -38.8723212, -12.75196908 ], [ -38.87243486, -12.75164476 ], [ -38.87263659, -12.75077584 ], [ -38.8727674, -12.7502308 ], [ -38.87279125, -12.75005537 ], [ -38.87260175, -12.74969583 ], [ -38.87255144, -12.74953629 ], [ -38.87254146, -12.749229 ], [ -38.87262677, -12.74867173 ], [ -38.87277643, -12.74819841 ], [ -38.87307742, -12.74741462 ], [ -38.87321302, -12.74704583 ], [ -38.87345394, -12.74665737 ], [ -38.87382133, -12.74607509 ], [ -38.8740352, -12.7457907 ], [ -38.87424184, -12.74539789 ], [ -38.87437121, -12.74515234 ], [ -38.87440882, -12.7449177 ], [ -38.87435715, -12.74471484 ], [ -38.87421604, -12.7444849 ], [ -38.87407638, -12.74429928 ], [ -38.87402753, -12.74415511 ], [ -38.87400389, -12.74390705 ], [ -38.87399909, -12.74373261 ], [ -38.87391505, -12.74341309 ], [ -38.87387201, -12.74308273 ], [ -38.87386467, -12.74302729 ], [ -38.87382283, -12.74287119 ], [ -38.87376821, -12.74266806 ], [ -38.87366453, -12.74238651 ], [ -38.87369948, -12.74212672 ], [ -38.87381127, -12.74165781 ], [ -38.87381157, -12.74161666 ], [ -38.87392177, -12.74100623 ], [ -38.87392121, -12.74044873 ], [ -38.87386176, -12.74033196 ], [ -38.87374214, -12.74006876 ], [ -38.87365284, -12.7399385 ], [ -38.87362984, -12.73987428 ], [ -38.87359396, -12.7397775 ], [ -38.87360886, -12.73945649 ], [ -38.87368357, -12.73928109 ], [ -38.87372789, -12.73907674 ], [ -38.87365343, -12.73875568 ], [ -38.87352015, -12.73815698 ], [ -38.87344592, -12.73738378 ], [ -38.87343137, -12.73700487 ], [ -38.87340213, -12.7365084 ], [ -38.87337295, -12.73591065 ], [ -38.8733741, -12.7354576 ], [ -38.87340394, -12.73472876 ], [ -38.87347881, -12.73421787 ], [ -38.87355271, -12.73380916 ], [ -38.87364134, -12.73339956 ], [ -38.87377609, -12.73287514 ], [ -38.87382038, -12.73272866 ], [ -38.87395321, -12.73237786 ], [ -38.87405749, -12.73198455 ], [ -38.87425115, -12.73156143 ], [ -38.87444391, -12.73108948 ], [ -38.87465045, -12.73068446 ], [ -38.87481461, -12.73029117 ], [ -38.87509318, -12.72954164 ], [ -38.87516514, -12.72930927 ], [ -38.87528961, -12.72908687 ], [ -38.87542242, -12.72875325 ], [ -38.87564929, -12.72821712 ], [ -38.87574244, -12.72798476 ], [ -38.87582363, -12.72772165 ], [ -38.87597865, -12.72716558 ], [ -38.87615309, -12.72646755 ], [ -38.87621313, -12.72613118 ], [ -38.87622804, -12.72577318 ], [ -38.87622714, -12.72573429 ], [ -38.87621165, -12.72538342 ], [ -38.87633061, -12.72512123 ], [ -38.87641914, -12.72490243 ], [ -38.87652335, -12.7246538 ], [ -38.87662758, -12.72437714 ], [ -38.87662663, -12.72404888 ], [ -38.87668594, -12.72369081 ], [ -38.87671548, -12.7235597 ], [ -38.8767745, -12.7234277 ], [ -38.87686398, -12.72316549 ], [ -38.87687793, -12.72288788 ], [ -38.87687809, -12.72255239 ], [ -38.87680454, -12.72225937 ], [ -38.87668495, -12.72192382 ], [ -38.87653588, -12.72160273 ], [ -38.8762091, -12.72113596 ], [ -38.875688, -12.72059585 ], [ -38.87532983, -12.72028913 ], [ -38.87455536, -12.71986555 ], [ -38.87412437, -12.71966008 ], [ -38.87354421, -12.71933968 ], [ -38.87312795, -12.71914958 ], [ -38.87251731, -12.71901636 ], [ -38.87217651, -12.71897188 ], [ -38.87172977, -12.7189572 ], [ -38.87117981, -12.71903108 ], [ -38.8711052, -12.71904552 ], [ -38.8707597, -12.7191828 ], [ -38.87034785, -12.71939511 ], [ -38.87007048, -12.71960838 ], [ -38.86985391, -12.71980089 ], [ -38.86963642, -12.72000244 ], [ -38.86959772, -12.72003769 ], [ -38.86952217, -12.72005574 ], [ -38.86946599, -12.72003853 ], [ -38.86943562, -12.71999782 ], [ -38.8694421, -12.71991825 ], [ -38.86947439, -12.71983597 ], [ -38.8695076, -12.71974104 ], [ -38.86965782, -12.71958196 ], [ -38.86975459, -12.71948253 ], [ -38.86982741, -12.71938129 ], [ -38.86981734, -12.71926011 ], [ -38.86976857, -12.71917418 ], [ -38.86966912, -12.71911173 ], [ -38.86956134, -12.7191162 ], [ -38.86944895, -12.71913875 ], [ -38.86943513, -12.71914236 ], [ -38.8693043, -12.7192056 ], [ -38.86929601, -12.71920831 ], [ -38.86916058, -12.71924984 ], [ -38.86907217, -12.71921814 ], [ -38.86905378, -12.71914217 ], [ -38.86908975, -12.71905809 ], [ -38.86914595, -12.71902737 ], [ -38.86923717, -12.71899125 ], [ -38.86926573, -12.71897951 ], [ -38.86944077, -12.71891991 ], [ -38.86967659, -12.71890013 ], [ -38.87009938, -12.71893018 ], [ -38.87057378, -12.71889967 ], [ -38.8709128, -12.7188085 ], [ -38.87132833, -12.71860795 ], [ -38.87152087, -12.71856373 ], [ -38.87171433, -12.71852042 ], [ -38.87190685, -12.71850604 ], [ -38.87210121, -12.71850614 ], [ -38.87229464, -12.7185207 ], [ -38.87248714, -12.7185642 ], [ -38.87268055, -12.7186086 ], [ -38.87287489, -12.71865119 ], [ -38.87305355, -12.71872543 ], [ -38.8732313, -12.7187843 ], [ -38.87339522, -12.71887119 ], [ -38.87356006, -12.71895989 ], [ -38.87373687, -12.71904769 ], [ -38.87406471, -12.71922237 ], [ -38.8742277, -12.71932463 ], [ -38.87440728, -12.71941243 ], [ -38.8745712, -12.71950023 ], [ -38.87473419, -12.71960249 ], [ -38.87489811, -12.71969119 ], [ -38.8750611, -12.71977898 ], [ -38.87523976, -12.71986497 ], [ -38.8754046, -12.71995277 ], [ -38.87556759, -12.7200695 ], [ -38.87573151, -12.72015729 ], [ -38.87589542, -12.72025955 ], [ -38.87604367, -12.72037718 ], [ -38.87619283, -12.72050837 ], [ -38.87631158, -12.72065311 ], [ -38.87643034, -12.72079966 ], [ -38.87652053, -12.72095977 ], [ -38.87672856, -12.72128179 ], [ -38.87677735, -12.7213415 ], [ -38.87693383, -12.72157307 ], [ -38.87716863, -12.72176941 ], [ -38.87740075, -12.72178218 ], [ -38.87755098, -12.72161857 ], [ -38.87762571, -12.72136269 ], [ -38.87761479, -12.72107421 ], [ -38.87762128, -12.72099012 ], [ -38.87766496, -12.72018713 ], [ -38.87751532, -12.71913537 ], [ -38.87749975, -12.71894636 ], [ -38.87743996, -12.7187709 ], [ -38.87718699, -12.71805459 ], [ -38.87697742, -12.71713482 ], [ -38.87691855, -12.71695936 ], [ -38.87671064, -12.7164194 ], [ -38.87668033, -12.71622949 ], [ -38.87656066, -12.71606937 ], [ -38.87642717, -12.71592372 ], [ -38.87626326, -12.71583502 ], [ -38.87600721, -12.71578969 ], [ -38.87572067, -12.71592248 ], [ -38.87542025, -12.71620267 ], [ -38.8752553, -12.71635 ], [ -38.87501578, -12.71639329 ], [ -38.87447413, -12.71645272 ], [ -38.87421715, -12.71643813 ], [ -38.8741978, -12.71643721 ], [ -38.87400529, -12.71642808 ], [ -38.87385426, -12.71637104 ], [ -38.87383496, -12.71628602 ], [ -38.87387369, -12.71618657 ], [ -38.87405796, -12.71609985 ], [ -38.87436659, -12.71597882 ], [ -38.87458125, -12.71591019 ], [ -38.87459231, -12.71590568 ], [ -38.87550992, -12.71553806 ], [ -38.87593002, -12.71540714 ], [ -38.87619531, -12.71538284 ], [ -38.87635747, -12.71529611 ], [ -38.87640911, -12.71517405 ], [ -38.8763668, -12.71505647 ], [ -38.87622038, -12.71496688 ], [ -38.87592102, -12.71497217 ], [ -38.87563177, -12.71499735 ], [ -38.87534346, -12.71500988 ], [ -38.8750883, -12.71502061 ], [ -38.87481751, -12.71499064 ], [ -38.87457718, -12.71482775 ], [ -38.87421521, -12.71475433 ], [ -38.8737943, -12.71467998 ], [ -38.8734185, -12.71464996 ], [ -38.87286205, -12.71483146 ], [ -38.87266398, -12.71488833 ], [ -38.87247421, -12.71493798 ], [ -38.87233325, -12.71498222 ], [ -38.87225127, -12.71499394 ], [ -38.87220431, -12.71496136 ], [ -38.8721896, -12.71489353 ], [ -38.87219827, -12.71487047 ], [ -38.8695782, -12.71478872 ], [ -38.86312455, -12.7125874 ], [ -38.86298345, -12.71273871 ], [ -38.86215961, -12.71375687 ], [ -38.86242556, -12.71439707 ], [ -38.86248246, -12.71444268 ], [ -38.8624444, -12.71617808 ], [ -38.8624562, -12.71702008 ], [ -38.86237111, -12.71783353 ], [ -38.86239479, -12.71799333 ], [ -38.86244887, -12.72020237 ], [ -38.85795809, -12.71929851 ], [ -38.85792236, -12.71929135 ] ] ] ] } },
{ "type": "Feature", "properties": { "gid": 39, "cd_quilomb": null, "cd_sr": "05", "nr_process": null, "nm_comunid": "PITANGA DE PALMARES", "nm_municip": "SIMÕES FILHO", "cd_uf": "BA", "nr_familia": null, "ob_descric": "GLEBA B", "tp_levanta": "GPS PRO-XR", "nr_escalao": "1/10000", "area_calc_": 22.736, "esfera": "FEDERAL", "fase": null, "responsave": null }, "geometry": { "type": "MultiPolygon", "coordinates": [ [ [ [ -38.37660691, -12.67780296 ], [ -38.37703962, -12.67837533 ], [ -38.37788075, -12.67938725 ], [ -38.3780729, -12.67952206 ], [ -38.37896855, -12.67997215 ], [ -38.38072893, -12.67934855 ], [ -38.38169729, -12.67787877 ], [ -38.38222323, -12.67616322 ], [ -38.3818354, -12.67610819 ], [ -38.37608014, -12.67525077 ], [ -38.37622018, -12.67600486 ], [ -38.37629421, -12.67630992 ], [ -38.37639228, -12.67670696 ], [ -38.37658309, -12.6773748 ], [ -38.37648806, -12.67763425 ], [ -38.37660691, -12.67780296 ] ] ] ] } },
{ "type": "Feature", "properties": { "gid": 18, "cd_quilomb": 102, "cd_sr": "SR-05", "nr_process": "54160.003689/2004-52", "nm_comunid": "RIACHO DA SACUTIABA E SACUTIABA", "nm_municip": "WANDERLEY", "cd_uf": "BA", "nr_familia": 206, "ob_descric": "Estudo de Delimitação", "tp_levanta": null, "nr_escalao": null, "area_calc_": 12291.4696, "esfera": "FEDERAL", "fase": null, "responsave": "INCRA" }, "geometry": { "type": "MultiPolygon", "coordinates": [ [ [ [ -43.95352074, -11.44500951 ], [ -43.94385319, -11.44194821 ], [ -43.94106741, -11.43948128 ], [ -43.93401642, -11.44164037 ], [ -43.92851153, -11.43912618 ], [ -43.92593026, -11.44058329 ], [ -43.92424594, -11.44653314 ], [ -43.91517831, -11.44728139 ], [ -43.91152577, -11.44436428 ], [ -43.90616891, -11.44889073 ], [ -43.90138486, -11.44563424 ], [ -43.89732901, -11.4493787 ], [ -43.8936792, -11.44702297 ], [ -43.87764218, -11.45099522 ], [ -43.87731547, -11.45148122 ], [ -43.87712863, -11.45157693 ], [ -43.80422406, -11.48891089 ], [ -43.80417362, -11.48893671 ], [ -43.79002756, -11.49617716 ], [ -43.7944215, -11.52830286 ], [ -43.81793421, -11.53612714 ], [ -43.81802187, -11.53613218 ], [ -43.82436111, -11.5360283 ], [ -43.83545183, -11.53593164 ], [ -43.83872977, -11.53590399 ], [ -43.84332391, -11.53567441 ], [ -43.85736172, -11.53548478 ], [ -43.86742604, -11.53544962 ], [ -43.87741203, -11.53748924 ], [ -43.91055576, -11.51185737 ], [ -43.91061741, -11.51180932 ], [ -43.93692735, -11.49145637 ], [ -43.93699704, -11.49139824 ], [ -43.96684974, -11.46841525 ], [ -43.96980499, -11.46601974 ], [ -43.96501448, -11.46394431 ], [ -43.96079501, -11.46091407 ], [ -43.95858309, -11.45636469 ], [ -43.95575641, -11.45467946 ], [ -43.95209359, -11.45440577 ], [ -43.95044059, -11.4519802 ], [ -43.95352074, -11.44500951 ] ] ] ] } },
{ "type": "Feature", "properties": { "gid": 11, "cd_quilomb": 30, "cd_sr": "SR-05", "nr_process": "54160.001788/2005-81", "nm_comunid": "ARACA/CARIACA/ PATO/ PEDRAS/RETIRO", "nm_municip": "BOM JESUS DA LAPA", "cd_uf": "BA", "nr_familia": 155, "ob_descric": "estudo de delimitação", "tp_levanta": null, "nr_escalao": null, "area_calc_": 18950.299, "esfera": "FEDERAL", "fase": null, "responsave": "INCRA" }, "geometry": { "type": "MultiPolygon", "coordinates": [ [ [ [ -43.26025708, -13.40497844 ], [ -43.27414317, -13.42985137 ], [ -43.2559917, -13.43359765 ], [ -43.25799044, -13.45167003 ], [ -43.29772554, -13.44733377 ], [ -43.30921986, -13.46672166 ], [ -43.31777384, -13.47993366 ], [ -43.32075154, -13.47772748 ], [ -43.3311244, -13.49440508 ], [ -43.33119325, -13.49459852 ], [ -43.33150938, -13.49501696 ], [ -43.33282617, -13.4971336 ], [ -43.34102552, -13.51025997 ], [ -43.3410076, -13.51027332 ], [ -43.34621455, -13.51864224 ], [ -43.34630809, -13.51872845 ], [ -43.34934967, -13.52360319 ], [ -43.35780042, -13.52050441 ], [ -43.3581175, -13.5203917 ], [ -43.37641044, -13.51357987 ], [ -43.41779675, -13.49833334 ], [ -43.42566409, -13.49794173 ], [ -43.43685004, -13.49724652 ], [ -43.43514652, -13.49476209 ], [ -43.43245317, -13.49088059 ], [ -43.42997972, -13.48741246 ], [ -43.42793567, -13.48108884 ], [ -43.42731272, -13.47660161 ], [ -43.42710887, -13.47184012 ], [ -43.42800445, -13.46668859 ], [ -43.42964514, -13.45709976 ], [ -43.42886107, -13.45105928 ], [ -43.42685005, -13.44546816 ], [ -43.42522469, -13.44095097 ], [ -43.42487258, -13.43667514 ], [ -43.42498318, -13.43185532 ], [ -43.42589862, -13.42710994 ], [ -43.42744541, -13.4215489 ], [ -43.42955122, -13.4170859 ], [ -43.4316509, -13.41392405 ], [ -43.4335246, -13.40796254 ], [ -43.43555745, -13.40394827 ], [ -43.43845279, -13.39706169 ], [ -43.44138237, -13.39293077 ], [ -43.44360695, -13.38964137 ], [ -43.44554004, -13.38671472 ], [ -43.44673699, -13.38427021 ], [ -43.44497941, -13.38425563 ], [ -43.4428568, -13.38427898 ], [ -43.40993153, -13.38778979 ], [ -43.39945334, -13.3888531 ], [ -43.37169288, -13.39203966 ], [ -43.36764393, -13.3925096 ], [ -43.36729515, -13.39255833 ], [ -43.33961106, -13.39579699 ], [ -43.30974073, -13.39925247 ], [ -43.26025708, -13.40497844 ] ] ] ] } },
{ "type": "Feature", "properties": { "gid": 12, "cd_quilomb": 31, "cd_sr": "SR-05", "nr_process": "54160.002606/2008-21", "nm_comunid": "MANGAL E BARRO VERMELHO", "nm_municip": "BOM JESUS DA LAPA", "cd_uf": "BA", "nr_familia": 156, "ob_descric": "estudo de delimitação", "tp_levanta": null, "nr_escalao": null, "area_calc_": 9041.9258, "esfera": "FEDERAL", "fase": null, "responsave": "INCRA" }, "geometry": { "type": "MultiPolygon", "coordinates": [ [ [ [ -43.33228665, -12.7116208 ], [ -43.29817325, -12.74172466 ], [ -43.29896394, -12.74328758 ], [ -43.29972586, -12.74534899 ], [ -43.30084241, -12.74904314 ], [ -43.30454273, -12.75535593 ], [ -43.30531336, -12.75650332 ], [ -43.30640173, -12.75862865 ], [ -43.30706344, -12.75957584 ], [ -43.30939078, -12.76318326 ], [ -43.31194031, -12.76563462 ], [ -43.31317162, -12.76652491 ], [ -43.31437873, -12.76820386 ], [ -43.31583612, -12.77058232 ], [ -43.31690507, -12.77178303 ], [ -43.31842947, -12.77363355 ], [ -43.32074283, -12.77612213 ], [ -43.32189272, -12.7772729 ], [ -43.32626598, -12.78314816 ], [ -43.3310238, -12.78761698 ], [ -43.33192935, -12.78828524 ], [ -43.3337815, -12.78992499 ], [ -43.33841993, -12.7945386 ], [ -43.33899662, -12.79537551 ], [ -43.34082739, -12.79839819 ], [ -43.34211158, -12.80090643 ], [ -43.34346785, -12.80480612 ], [ -43.39525627, -12.79204143 ], [ -43.41322458, -12.78768047 ], [ -43.41319725, -12.78758379 ], [ -43.40125253, -12.75471237 ], [ -43.39454783, -12.73652289 ], [ -43.37933145, -12.69616295 ], [ -43.35470743, -12.70812322 ], [ -43.35074655, -12.70881744 ], [ -43.33678809, -12.71094151 ], [ -43.33228665, -12.7116208 ] ] ] ] } },
{ "type": "Feature", "properties": { "gid": 15, "cd_quilomb": 74, "cd_sr": "SR-05", "nr_process": "54160.001500/2006-59", "nm_comunid": "NOVA BATALHINHA", "nm_municip": "BOM JESUS DA LAPA", "cd_uf": "BA", "nr_familia": 20, "ob_descric": "Estudo de delimitação", "tp_levanta": null, "nr_escalao": null, "area_calc_": 7559.5451, "esfera": "FEDERAL", "fase": null, "responsave": "INCRA" }, "geometry": { "type": "MultiPolygon", "coordinates": [ [ [ [ -43.55045005, -13.64629405 ], [ -43.48380062, -13.65998074 ], [ -43.48309416, -13.66012018 ], [ -43.47757218, -13.66114837 ], [ -43.47698023, -13.66125593 ], [ -43.47683966, -13.66128626 ], [ -43.45558748, -13.66492828 ], [ -43.45528325, -13.664983 ], [ -43.45463453, -13.66509157 ], [ -43.45410186, -13.6651823 ], [ -43.44977103, -13.66592497 ], [ -43.44158087, -13.66734423 ], [ -43.4368429, -13.66816815 ], [ -43.43767085, -13.67276645 ], [ -43.44242032, -13.67193746 ], [ -43.44475455, -13.68462917 ], [ -43.4404098, -13.68526919 ], [ -43.43583539, -13.68594054 ], [ -43.43131168, -13.68658021 ], [ -43.4267619, -13.68722783 ], [ -43.42202622, -13.6879028 ], [ -43.41719771, -13.68865719 ], [ -43.4125333, -13.68953881 ], [ -43.40806167, -13.69054947 ], [ -43.40366315, -13.69172205 ], [ -43.39947896, -13.69295517 ], [ -43.39529178, -13.69431059 ], [ -43.39254409, -13.69517694 ], [ -43.39250772, -13.69521624 ], [ -43.39807868, -13.72178865 ], [ -43.43432778, -13.71488099 ], [ -43.45168175, -13.71150755 ], [ -43.4719795, -13.70754464 ], [ -43.47253707, -13.70743365 ], [ -43.48040524, -13.70588049 ], [ -43.48066462, -13.70583906 ], [ -43.48794514, -13.70439718 ], [ -43.4880401, -13.70437875 ], [ -43.48942715, -13.70409164 ], [ -43.49443672, -13.70311613 ], [ -43.49492029, -13.70303082 ], [ -43.54893651, -13.69244508 ], [ -43.54929905, -13.6854224 ], [ -43.55058966, -13.67949522 ], [ -43.55112037, -13.67443724 ], [ -43.55155185, -13.66859215 ], [ -43.55137309, -13.66034985 ], [ -43.55168865, -13.65149759 ], [ -43.55045005, -13.64629405 ] ] ] ] } },
{ "type": "Feature", "properties": { "gid": 16, "cd_quilomb": 106, "cd_sr": "SR-05", "nr_process": "54160.003688/2004-16", "nm_comunid": "FAZENDA JATOBA", "nm_municip": "MUQUEM DO SAO FRANCISCO", "cd_uf": "BA", "nr_familia": 69, "ob_descric": "Estudo de delimitação", "tp_levanta": null, "nr_escalao": null, "area_calc_": 14493.9823, "esfera": "FEDERAL", "fase": null, "responsave": "INCRA" }, "geometry": { "type": "MultiPolygon", "coordinates": [ [ [ [ -43.44622702, -12.53810283 ], [ -43.40507064, -12.52677846 ], [ -43.34664843, -12.50887939 ], [ -43.33605544, -12.50538668 ], [ -43.33437465, -12.50483245 ], [ -43.32186029, -12.50019963 ], [ -43.31765906, -12.50966491 ], [ -43.31763062, -12.51144253 ], [ -43.32118447, -12.51499466 ], [ -43.30732478, -12.53602362 ], [ -43.28201228, -12.57471987 ], [ -43.28199451, -12.57475578 ], [ -43.28187611, -12.5749857 ], [ -43.28175012, -12.57522154 ], [ -43.28157266, -12.57548996 ], [ -43.28139594, -12.57579933 ], [ -43.28125433, -12.57608786 ], [ -43.28101183, -12.57642274 ], [ -43.28078529, -12.57677834 ], [ -43.28057039, -12.57716909 ], [ -43.28031053, -12.57758142 ], [ -43.28007857, -12.57801797 ], [ -43.27981938, -12.57839822 ], [ -43.27958809, -12.57876246 ], [ -43.27938092, -12.5790964 ], [ -43.279155, -12.57947008 ], [ -43.27898233, -12.57979176 ], [ -43.27895138, -12.57987951 ], [ -43.27535802, -12.57821549 ], [ -43.2770161, -12.57479774 ], [ -43.27279562, -12.57295131 ], [ -43.27267586, -12.57319081 ], [ -43.27256844, -12.57343047 ], [ -43.27242174, -12.57372185 ], [ -43.27230337, -12.57394535 ], [ -43.27212179, -12.57431985 ], [ -43.2720477, -12.5744998 ], [ -43.27190244, -12.57482464 ], [ -43.27181896, -12.57503191 ], [ -43.2717677, -12.5751151 ], [ -43.27170727, -12.57523476 ], [ -43.27161219, -12.57542993 ], [ -43.27146026, -12.57567844 ], [ -43.27129023, -12.57601767 ], [ -43.2711697, -12.57631708 ], [ -43.2710348, -12.57657763 ], [ -43.2709601, -12.57680783 ], [ -43.27087376, -12.57690697 ], [ -43.27074785, -12.5770337 ], [ -43.27064875, -12.57736128 ], [ -43.2705002, -12.57765355 ], [ -43.27030593, -12.57808157 ], [ -43.27031011, -12.57825353 ], [ -43.27049572, -12.57835027 ], [ -43.27076036, -12.57849218 ], [ -43.27109545, -12.57865199 ], [ -43.27142835, -12.57879759 ], [ -43.27165116, -12.57887668 ], [ -43.27187951, -12.57894097 ], [ -43.27202587, -12.57907226 ], [ -43.27229511, -12.57921348 ], [ -43.27257286, -12.57934914 ], [ -43.27292087, -12.57946365 ], [ -43.27315201, -12.57963192 ], [ -43.27346514, -12.57976067 ], [ -43.27375356, -12.57991059 ], [ -43.27411762, -12.58007465 ], [ -43.27448719, -12.58025457 ], [ -43.27480861, -12.58038319 ], [ -43.27503642, -12.58051319 ], [ -43.27519918, -12.58060183 ], [ -43.2753821, -12.58070127 ], [ -43.27568479, -12.58083664 ], [ -43.27591664, -12.58095627 ], [ -43.27606449, -12.58102972 ], [ -43.27616993, -12.58108843 ], [ -43.27631656, -12.58113846 ], [ -43.27667245, -12.58131494 ], [ -43.276892, -12.58142898 ], [ -43.277099, -12.58152025 ], [ -43.27731413, -12.58162062 ], [ -43.27748215, -12.58170676 ], [ -43.27764632, -12.58179071 ], [ -43.27145809, -12.59174467 ], [ -43.27144943, -12.59184166 ], [ -43.27140807, -12.59215071 ], [ -43.27137079, -12.59241261 ], [ -43.27134699, -12.59264033 ], [ -43.27128909, -12.5929727 ], [ -43.27125165, -12.59329922 ], [ -43.27121573, -12.59357894 ], [ -43.27114848, -12.59390473 ], [ -43.27108716, -12.59429266 ], [ -43.27102662, -12.59475815 ], [ -43.27097343, -12.59516964 ], [ -43.27090527, -12.59554839 ], [ -43.2708709, -12.59581528 ], [ -43.27081389, -12.59620676 ], [ -43.27076454, -12.59651224 ], [ -43.27070708, -12.59690029 ], [ -43.27066007, -12.59733721 ], [ -43.27059792, -12.59767099 ], [ -43.27054583, -12.59800031 ], [ -43.2705175, -12.59832826 ], [ -43.2704882, -12.59855314 ], [ -43.27044197, -12.59881778 ], [ -43.2703783, -12.59917207 ], [ -43.2702999, -12.59955465 ], [ -43.27024889, -12.599929 ], [ -43.27021042, -12.60027215 ], [ -43.27017242, -12.60057201 ], [ -43.27008611, -12.6011599 ], [ -43.27003117, -12.60155655 ], [ -43.26997167, -12.60196239 ], [ -43.26989451, -12.60251627 ], [ -43.2698245, -12.60292267 ], [ -43.26976901, -12.60327873 ], [ -43.2697169, -12.60367955 ], [ -43.26965854, -12.60413394 ], [ -43.26959852, -12.60451998 ], [ -43.26954434, -12.60489846 ], [ -43.26949566, -12.60525474 ], [ -43.26944339, -12.60559681 ], [ -43.26938315, -12.60597354 ], [ -43.26933642, -12.60631311 ], [ -43.26930489, -12.60660912 ], [ -43.26924647, -12.60693497 ], [ -43.26919047, -12.60729699 ], [ -43.26915816, -12.6076278 ], [ -43.2691089, -12.60780917 ], [ -43.26902613, -12.6079096 ], [ -43.24220961, -12.60986504 ], [ -43.19277236, -12.61361135 ], [ -43.19258194, -12.61387346 ], [ -43.19206612, -12.6146568 ], [ -43.19150263, -12.61613202 ], [ -43.19103312, -12.61723836 ], [ -43.19079775, -12.61825283 ], [ -43.19074933, -12.61949815 ], [ -43.19046639, -12.62111221 ], [ -43.18980923, -12.62254113 ], [ -43.18985408, -12.62401722 ], [ -43.18985235, -12.62530877 ], [ -43.18989896, -12.6254472 ], [ -43.19022509, -12.62655478 ], [ -43.19078494, -12.62789325 ], [ -43.1908773, -12.62881594 ], [ -43.19125028, -12.62992356 ], [ -43.19129584, -12.6308001 ], [ -43.19171587, -12.63172319 ], [ -43.19171491, -12.63246121 ], [ -43.19176066, -12.63324546 ], [ -43.1919932, -12.63435286 ], [ -43.19199277, -12.63467572 ], [ -43.19199172, -12.63541383 ], [ -43.19199148, -12.63564441 ], [ -43.19194339, -12.63656686 ], [ -43.19245751, -12.63712118 ], [ -43.1925973, -12.63758266 ], [ -43.19259649, -12.63818229 ], [ -43.19254868, -12.63892026 ], [ -43.19236008, -12.63998087 ], [ -43.19235942, -12.64044212 ], [ -43.19245212, -12.64113423 ], [ -43.19245035, -12.64247188 ], [ -43.19286972, -12.64385631 ], [ -43.19319625, -12.64468712 ], [ -43.19319578, -12.64505609 ], [ -43.19310136, -12.64565563 ], [ -43.19305336, -12.64657808 ], [ -43.19337946, -12.64773175 ], [ -43.19403326, -12.64879365 ], [ -43.19403273, -12.6492088 ], [ -43.19421881, -12.65003938 ], [ -43.19459201, -12.65096243 ], [ -43.19482475, -12.65197763 ], [ -43.19496436, -12.6525313 ], [ -43.19501107, -12.65266982 ], [ -43.19519715, -12.65350031 ], [ -43.19524281, -12.65437685 ], [ -43.19542861, -12.65539191 ], [ -43.19575459, -12.65668397 ], [ -43.1958474, -12.65728369 ], [ -43.19617433, -12.65783773 ], [ -43.19659474, -12.65843805 ], [ -43.19687506, -12.65885357 ], [ -43.19706171, -12.65931518 ], [ -43.19771574, -12.66028479 ], [ -43.19822953, -12.66111587 ], [ -43.19888327, -12.66227004 ], [ -43.19972492, -12.66296314 ], [ -43.20042562, -12.66402516 ], [ -43.20098695, -12.66430275 ], [ -43.20159522, -12.66448818 ], [ -43.20187555, -12.6649037 ], [ -43.2023903, -12.66499675 ], [ -43.20309168, -12.66559742 ], [ -43.20351254, -12.66587487 ], [ -43.20393321, -12.6663367 ], [ -43.20435397, -12.66679863 ], [ -43.2049147, -12.66749136 ], [ -43.20519448, -12.66786845 ], [ -43.23092882, -12.65608865 ], [ -43.243215, -12.6504485 ], [ -43.26227572, -12.64171264 ], [ -43.29325768, -12.62750784 ], [ -43.28900216, -12.61838045 ], [ -43.28884678, -12.6181746 ], [ -43.29190139, -12.61621553 ], [ -43.33965829, -12.58557555 ], [ -43.40090667, -12.54624927 ], [ -43.40725847, -12.54216896 ], [ -43.42341479, -12.54630244 ], [ -43.44364392, -12.55147642 ], [ -43.44622702, -12.53810283 ] ] ] ] } },
{ "type": "Feature", "properties": { "gid": 17, "cd_quilomb": 105, "cd_sr": "SR-05", "nr_process": "54160.005093/2005-78", "nm_comunid": "LAGOA DAS PIRANHAS", "nm_municip": "BOM JESUS DA LAPA", "cd_uf": "BA", "nr_familia": 81, "ob_descric": "Estudo de delimitação", "tp_levanta": null, "nr_escalao": null, "area_calc_": 9952.9905, "esfera": "FEDERAL", "fase": null, "responsave": "INCRA" }, "geometry": { "type": "MultiPolygon", "coordinates": [ [ [ [ -43.45491662, -13.16691565 ], [ -43.45506848, -13.17003046 ], [ -43.45482411, -13.17236754 ], [ -43.45421317, -13.17501557 ], [ -43.45332748, -13.17767389 ], [ -43.45284136, -13.17873097 ], [ -43.45115195, -13.18170797 ], [ -43.45058082, -13.18314651 ], [ -43.44975235, -13.18475239 ], [ -43.44929855, -13.18576825 ], [ -43.44858181, -13.18699535 ], [ -43.44776519, -13.18817161 ], [ -43.44574519, -13.19053351 ], [ -43.44461487, -13.1918461 ], [ -43.44398595, -13.19264287 ], [ -43.44328425, -13.19334444 ], [ -43.44232288, -13.19435216 ], [ -43.44114415, -13.19545741 ], [ -43.44014467, -13.19624049 ], [ -43.43975738, -13.1964523 ], [ -43.43899624, -13.19684054 ], [ -43.43680644, -13.19797484 ], [ -43.43580084, -13.19863411 ], [ -43.43483623, -13.19944313 ], [ -43.43391354, -13.20033731 ], [ -43.4332324, -13.20103081 ], [ -43.43261073, -13.20146854 ], [ -43.43216617, -13.20190475 ], [ -43.43142278, -13.20296386 ], [ -43.43068059, -13.20413355 ], [ -43.42963026, -13.20660045 ], [ -43.42899307, -13.20849152 ], [ -43.42874106, -13.21000494 ], [ -43.42868224, -13.21100546 ], [ -43.42893978, -13.21272874 ], [ -43.42897236, -13.21343356 ], [ -43.42926218, -13.21445405 ], [ -43.42971185, -13.21554313 ], [ -43.42974961, -13.21700311 ], [ -43.42949404, -13.21871501 ], [ -43.42919508, -13.220619 ], [ -43.42892385, -13.22167764 ], [ -43.42876844, -13.223024 ], [ -43.42876926, -13.22405071 ], [ -43.42868359, -13.22705024 ], [ -43.42894493, -13.22899707 ], [ -43.42957464, -13.23116649 ], [ -43.43038992, -13.23301945 ], [ -43.4311002, -13.23521206 ], [ -43.47027446, -13.23787785 ], [ -43.4704278, -13.23788617 ], [ -43.49567656, -13.23951458 ], [ -43.4994075, -13.23975612 ], [ -43.51524179, -13.24079467 ], [ -43.51599782, -13.2326679 ], [ -43.51689114, -13.22358313 ], [ -43.51767496, -13.2163085 ], [ -43.51852113, -13.20986367 ], [ -43.51891651, -13.20721883 ], [ -43.5195043, -13.20223589 ], [ -43.52008211, -13.19794361 ], [ -43.52060099, -13.1941106 ], [ -43.52060463, -13.19408371 ], [ -43.52127059, -13.18916394 ], [ -43.52226219, -13.18343326 ], [ -43.52295801, -13.18005596 ], [ -43.5231707, -13.17920436 ], [ -43.52345504, -13.17866804 ], [ -43.52404993, -13.17807842 ], [ -43.52607265, -13.17617343 ], [ -43.5266986, -13.17556778 ], [ -43.5268929, -13.17529729 ], [ -43.52702089, -13.17501382 ], [ -43.52708103, -13.17466118 ], [ -43.52706378, -13.17393735 ], [ -43.5267506, -13.16773606 ], [ -43.52677794, -13.16723182 ], [ -43.52692823, -13.16674566 ], [ -43.52722928, -13.16626079 ], [ -43.53759911, -13.15209627 ], [ -43.53761561, -13.15207448 ], [ -43.5386031, -13.15065729 ], [ -43.53942544, -13.1490574 ], [ -43.53889001, -13.14882711 ], [ -43.53808314, -13.14866448 ], [ -43.53698383, -13.14863012 ], [ -43.53622817, -13.14856447 ], [ -43.53548571, -13.1483016 ], [ -43.53470008, -13.14771046 ], [ -43.5337443, -13.14642972 ], [ -43.53309566, -13.14579577 ], [ -43.53229349, -13.1452745 ], [ -43.53056828, -13.14444866 ], [ -43.5296398, -13.1440444 ], [ -43.52830714, -13.14381729 ], [ -43.52743796, -13.14359593 ], [ -43.52660722, -13.14302281 ], [ -43.52517595, -13.14176154 ], [ -43.52362366, -13.14081418 ], [ -43.52291027, -13.13983408 ], [ -43.52190416, -13.13678394 ], [ -43.52103522, -13.13365031 ], [ -43.51960837, -13.13090365 ], [ -43.51858743, -13.12977364 ], [ -43.51740734, -13.12902539 ], [ -43.51549525, -13.12865437 ], [ -43.5131333, -13.12846606 ], [ -43.51146428, -13.1284972 ], [ -43.50933773, -13.12922576 ], [ -43.50695148, -13.12999054 ], [ -43.50488989, -13.13042038 ], [ -43.50223429, -13.13040027 ], [ -43.4998003, -13.13048277 ], [ -43.49791336, -13.13100564 ], [ -43.49661811, -13.13162629 ], [ -43.49514582, -13.13265634 ], [ -43.49390893, -13.13405451 ], [ -43.49294314, -13.13536787 ], [ -43.49216141, -13.13615053 ], [ -43.49130684, -13.13666112 ], [ -43.49018304, -13.13697478 ], [ -43.48891778, -13.13685552 ], [ -43.48736217, -13.1364319 ], [ -43.48417394, -13.13537187 ], [ -43.47967219, -13.13367606 ], [ -43.47729868, -13.13306021 ], [ -43.47564174, -13.1328435 ], [ -43.47408498, -13.13289279 ], [ -43.47124784, -13.13374845 ], [ -43.46979634, -13.13406249 ], [ -43.467938, -13.13406287 ], [ -43.46580729, -13.13341177 ], [ -43.46471801, -13.13274919 ], [ -43.46377251, -13.13197914 ], [ -43.4629268, -13.13372166 ], [ -43.46230467, -13.13594954 ], [ -43.46163163, -13.13836362 ], [ -43.46093599, -13.14071868 ], [ -43.45967298, -13.14343401 ], [ -43.45813932, -13.14601 ], [ -43.45628561, -13.14857117 ], [ -43.45534191, -13.15034393 ], [ -43.45482538, -13.15202687 ], [ -43.45435097, -13.15408952 ], [ -43.45408363, -13.15690242 ], [ -43.45422309, -13.15930503 ], [ -43.45427419, -13.16226385 ], [ -43.45479536, -13.1650866 ], [ -43.45491662, -13.16691565 ] ] ] ] } },
{ "type": "Feature", "properties": { "gid": 23, "cd_quilomb": 103, "cd_sr": "SR-05", "nr_process": "54160003690/2004-87", "nm_comunid": "PARATECA E PAU DARCO", "nm_municip": "MALHADA", "cd_uf": "BA", "nr_familia": 500, "ob_descric": "Estudo de Delimitação", "tp_levanta": null, "nr_escalao": null, "area_calc_": 41604.6922, "esfera": "FEDERAL", "fase": null, "responsave": "INCRA" }, "geometry": { "type": "MultiPolygon", "coordinates": [ [ [ [ -43.67908817, -14.13544821 ], [ -43.66745891, -14.08354384 ], [ -43.65963381, -14.05735449 ], [ -43.65762423, -14.01838298 ], [ -43.65541004, -14.01129684 ], [ -43.65186806, -14.0034057 ], [ -43.65066471, -14.00199722 ], [ -43.63374421, -13.98532462 ], [ -43.6272417, -13.97324434 ], [ -43.6285156, -13.95168855 ], [ -43.618307, -13.92095069 ], [ -43.61121957, -13.89732206 ], [ -43.61040456, -13.89496831 ], [ -43.60959566, -13.8900644 ], [ -43.60990731, -13.87957129 ], [ -43.61054619, -13.87535155 ], [ -43.61846093, -13.84954142 ], [ -43.61774981, -13.84430306 ], [ -43.61587479, -13.83945554 ], [ -43.61292782, -13.83656025 ], [ -43.60226051, -13.82758467 ], [ -43.59311877, -13.82271716 ], [ -43.58598933, -13.81427157 ], [ -43.51806016, -13.79192355 ], [ -43.51556699, -13.79563608 ], [ -43.51286204, -13.801761 ], [ -43.50973929, -13.80461275 ], [ -43.51098292, -13.80865833 ], [ -43.51217432, -13.81254779 ], [ -43.5120146, -13.81409585 ], [ -43.51123682, -13.81543086 ], [ -43.50898514, -13.81680559 ], [ -43.50611957, -13.81768782 ], [ -43.50271995, -13.81763488 ], [ -43.49961829, -13.81728054 ], [ -43.48554486, -13.8934754 ], [ -43.48419992, -13.89384929 ], [ -43.44258256, -13.90541445 ], [ -43.46038259, -13.94101509 ], [ -43.50331091, -13.92907832 ], [ -43.53683483, -13.92840984 ], [ -43.53634525, -13.94526425 ], [ -43.53635763, -13.94530191 ], [ -43.53638407, -13.94537668 ], [ -43.53641218, -13.94545086 ], [ -43.53644194, -13.94552443 ], [ -43.53647335, -13.94559734 ], [ -43.53650638, -13.94566956 ], [ -43.53654101, -13.94574106 ], [ -43.53657725, -13.94581181 ], [ -43.54442253, -13.96071692 ], [ -43.54446717, -13.96080356 ], [ -43.54451026, -13.96089093 ], [ -43.5445518, -13.96097902 ], [ -43.54459177, -13.9610678 ], [ -43.54463017, -13.96115724 ], [ -43.54466697, -13.96124732 ], [ -43.54470217, -13.96133801 ], [ -43.54473576, -13.96142927 ], [ -43.54476773, -13.9615211 ], [ -43.54479806, -13.96161344 ], [ -43.54482675, -13.96170629 ], [ -43.5448538, -13.96179961 ], [ -43.54487918, -13.96189337 ], [ -43.5449029, -13.96198755 ], [ -43.54492495, -13.96208211 ], [ -43.54765762, -13.9742865 ], [ -43.54767421, -13.97435641 ], [ -43.54769257, -13.9744259 ], [ -43.54771269, -13.97449493 ], [ -43.54773455, -13.97456344 ], [ -43.54775815, -13.9746314 ], [ -43.54778347, -13.97469877 ], [ -43.54781049, -13.97476551 ], [ -43.5478392, -13.97483157 ], [ -43.54786957, -13.97489692 ], [ -43.5479016, -13.97496151 ], [ -43.54793526, -13.9750253 ], [ -43.54797053, -13.97508826 ], [ -43.54800739, -13.97515035 ], [ -43.54804581, -13.97521152 ], [ -43.54808577, -13.97527175 ], [ -43.54812726, -13.97533098 ], [ -43.54817023, -13.9753892 ], [ -43.54821467, -13.97544635 ], [ -43.54826055, -13.97550241 ], [ -43.54828419, -13.97552988 ], [ -43.54830784, -13.97555735 ], [ -43.54835651, -13.97561112 ], [ -43.54840653, -13.97566369 ], [ -43.54845787, -13.97571504 ], [ -43.54851049, -13.97576513 ], [ -43.54856438, -13.97581392 ], [ -43.55866862, -13.98473794 ], [ -43.55870234, -13.98476894 ], [ -43.55873477, -13.98480123 ], [ -43.55876584, -13.98483476 ], [ -43.55879551, -13.98486949 ], [ -43.55882374, -13.98490534 ], [ -43.55885048, -13.98494227 ], [ -43.55887568, -13.98498021 ], [ -43.55889931, -13.98501911 ], [ -43.55892132, -13.9850589 ], [ -43.55894168, -13.98509952 ], [ -43.55896037, -13.9851409 ], [ -43.55897734, -13.98518298 ], [ -43.55899258, -13.98522568 ], [ -43.55900605, -13.98526895 ], [ -43.55901774, -13.98531271 ], [ -43.55902762, -13.9853569 ], [ -43.55903569, -13.98540143 ], [ -43.55904193, -13.98544624 ], [ -43.55904632, -13.98549126 ], [ -43.55904887, -13.98553642 ], [ -43.55904956, -13.98558164 ], [ -43.5590484, -13.98562685 ], [ -43.55904539, -13.98567198 ], [ -43.55904053, -13.98571696 ], [ -43.55903383, -13.98576171 ], [ -43.55902531, -13.98580616 ], [ -43.55901496, -13.98585024 ], [ -43.55900282, -13.98589388 ], [ -43.5589889, -13.98593702 ], [ -43.55506068, -13.99731394 ], [ -43.55504112, -13.99737327 ], [ -43.55502325, -13.99743311 ], [ -43.55500707, -13.9974934 ], [ -43.5549926, -13.99755411 ], [ -43.55497985, -13.99761519 ], [ -43.55496884, -13.99767658 ], [ -43.55495956, -13.99773825 ], [ -43.55495202, -13.99780014 ], [ -43.55494624, -13.99786221 ], [ -43.55494221, -13.99792442 ], [ -43.55493994, -13.99798671 ], [ -43.55493943, -13.99804904 ], [ -43.55494068, -13.99811135 ], [ -43.5549437, -13.99817361 ], [ -43.55494847, -13.99823577 ], [ -43.55495499, -13.99829777 ], [ -43.55496326, -13.99835958 ], [ -43.55497328, -13.99842113 ], [ -43.55498503, -13.9984824 ], [ -43.5549985, -13.99854332 ], [ -43.5570479, -14.00723071 ], [ -43.55706617, -14.00730414 ], [ -43.55708624, -14.00737712 ], [ -43.55710808, -14.00744961 ], [ -43.55713169, -14.00752157 ], [ -43.55715705, -14.00759296 ], [ -43.55718415, -14.00766374 ], [ -43.55721298, -14.00773387 ], [ -43.55722825, -14.00776858 ], [ -43.55724351, -14.0078033 ], [ -43.55727574, -14.007872 ], [ -43.55730963, -14.00793993 ], [ -43.55734518, -14.00800705 ], [ -43.55738236, -14.00807332 ], [ -43.55742115, -14.00813871 ], [ -43.55746153, -14.00820317 ], [ -43.55750347, -14.00826667 ], [ -43.55754696, -14.00832918 ], [ -43.55759196, -14.00839065 ], [ -43.55763846, -14.00845106 ], [ -43.55768642, -14.00851036 ], [ -43.55982427, -14.01109058 ], [ -43.55985039, -14.01112349 ], [ -43.55987508, -14.01115744 ], [ -43.55989829, -14.01119238 ], [ -43.55991998, -14.01122823 ], [ -43.55994012, -14.01126493 ], [ -43.55995866, -14.01130243 ], [ -43.55997558, -14.01134065 ], [ -43.55999085, -14.01137953 ], [ -43.56000443, -14.011419 ], [ -43.56001632, -14.01145899 ], [ -43.56002647, -14.01149943 ], [ -43.56003489, -14.01154025 ], [ -43.56004154, -14.01158138 ], [ -43.56004643, -14.01162275 ], [ -43.56004954, -14.01166428 ], [ -43.56005086, -14.0117059 ], [ -43.5600504, -14.01174754 ], [ -43.56004815, -14.01178912 ], [ -43.56004413, -14.01183057 ], [ -43.56004123, -14.0118512 ], [ -43.56003833, -14.01187182 ], [ -43.56003076, -14.0119128 ], [ -43.56002145, -14.01195344 ], [ -43.5600104, -14.01199366 ], [ -43.55999763, -14.01203339 ], [ -43.55998317, -14.01207256 ], [ -43.55996705, -14.01211111 ], [ -43.55994929, -14.01214896 ], [ -43.55992992, -14.01218606 ], [ -43.55990897, -14.01222233 ], [ -43.55988649, -14.01225772 ], [ -43.55822873, -14.01474884 ], [ -43.55819933, -14.01479468 ], [ -43.55817149, -14.01484145 ], [ -43.55814527, -14.0148891 ], [ -43.55812068, -14.01493757 ], [ -43.55809776, -14.01498682 ], [ -43.55807652, -14.01503678 ], [ -43.558057, -14.0150874 ], [ -43.55803921, -14.01513863 ], [ -43.55802318, -14.01519041 ], [ -43.55800892, -14.01524268 ], [ -43.55799644, -14.01529538 ], [ -43.55798577, -14.01534846 ], [ -43.55797691, -14.01540186 ], [ -43.55796987, -14.01545551 ], [ -43.55796466, -14.01550937 ], [ -43.55796129, -14.01556336 ], [ -43.55795976, -14.01561743 ], [ -43.55796007, -14.01567152 ], [ -43.55796222, -14.01572558 ], [ -43.55796622, -14.01577953 ], [ -43.55797204, -14.01583332 ], [ -43.55797969, -14.0158869 ], [ -43.55798917, -14.01594019 ], [ -43.56015047, -14.02700394 ], [ -43.56016187, -14.02706714 ], [ -43.56017142, -14.02713063 ], [ -43.56017912, -14.02719436 ], [ -43.56018497, -14.02725828 ], [ -43.56018896, -14.02732233 ], [ -43.56019108, -14.02738646 ], [ -43.56019133, -14.02745063 ], [ -43.56018972, -14.02751479 ], [ -43.56018625, -14.02757887 ], [ -43.56018091, -14.02764282 ], [ -43.56017371, -14.02770661 ], [ -43.56016466, -14.02777017 ], [ -43.56015377, -14.02783345 ], [ -43.56014104, -14.02789641 ], [ -43.56012649, -14.02795898 ], [ -43.56011012, -14.02802113 ], [ -43.56009195, -14.0280828 ], [ -43.56007199, -14.02814394 ], [ -43.56005026, -14.02820451 ], [ -43.56002679, -14.02826444 ], [ -43.55903401, -14.0306948 ], [ -43.55901445, -14.0307451 ], [ -43.55899659, -14.030796 ], [ -43.55898047, -14.03084745 ], [ -43.55896611, -14.0308994 ], [ -43.55895351, -14.03095178 ], [ -43.55894269, -14.03100453 ], [ -43.55893366, -14.03105761 ], [ -43.55892643, -14.03111095 ], [ -43.55892102, -14.0311645 ], [ -43.55891742, -14.03121819 ], [ -43.55891564, -14.03127196 ], [ -43.55891568, -14.03132577 ], [ -43.55891755, -14.03137954 ], [ -43.55892123, -14.03143322 ], [ -43.55892674, -14.03148676 ], [ -43.55893405, -14.03154009 ], [ -43.55894316, -14.03159315 ], [ -43.55895406, -14.03164589 ], [ -43.55896675, -14.03169825 ], [ -43.5589812, -14.03175017 ], [ -43.5589974, -14.0318016 ], [ -43.55901533, -14.03185248 ], [ -43.55903498, -14.03190275 ], [ -43.55905632, -14.03195235 ], [ -43.55907933, -14.03200125 ], [ -43.55910397, -14.03204937 ], [ -43.55913024, -14.03209667 ], [ -43.55915809, -14.03214309 ], [ -43.5591875, -14.0321886 ], [ -43.55921844, -14.03223312 ], [ -43.55925086, -14.03227663 ], [ -43.55928475, -14.03231906 ], [ -43.55932005, -14.03236038 ], [ -43.55935672, -14.03240054 ], [ -43.55939474, -14.03243949 ], [ -43.56029452, -14.03333109 ], [ -43.56033949, -14.03337693 ], [ -43.56038313, -14.03342398 ], [ -43.56104926, -14.03694144 ], [ -43.56103477, -14.04006303 ], [ -43.5552447, -14.04257924 ], [ -43.555229, -14.04260037 ], [ -43.55519915, -14.04264366 ], [ -43.55517087, -14.04268795 ], [ -43.55514419, -14.04273317 ], [ -43.55511915, -14.04277928 ], [ -43.55509577, -14.04282622 ], [ -43.5550741, -14.04287393 ], [ -43.55505414, -14.04292235 ], [ -43.55503593, -14.04297142 ], [ -43.5550195, -14.04302108 ], [ -43.55500485, -14.04307127 ], [ -43.55499201, -14.04312193 ], [ -43.55498099, -14.043173 ], [ -43.55497181, -14.04322442 ], [ -43.55496448, -14.04327612 ], [ -43.55495901, -14.04332803 ], [ -43.5549554, -14.0433801 ], [ -43.55495365, -14.04343226 ], [ -43.55495378, -14.04348445 ], [ -43.55504147, -14.0477855 ], [ -43.55504401, -14.0478664 ], [ -43.55504834, -14.04794722 ], [ -43.55505445, -14.04802793 ], [ -43.55506235, -14.04810849 ], [ -43.55507202, -14.04818887 ], [ -43.55508347, -14.04826903 ], [ -43.55509669, -14.04834893 ], [ -43.55511167, -14.04842853 ], [ -43.5551284, -14.04850779 ], [ -43.55514689, -14.04858669 ], [ -43.55516711, -14.04866517 ], [ -43.55518906, -14.04874322 ], [ -43.55521273, -14.04882078 ], [ -43.55523811, -14.04889783 ], [ -43.55526519, -14.04897432 ], [ -43.55529395, -14.04905022 ], [ -43.55530917, -14.04908787 ], [ -43.56106503, -14.05526609 ], [ -43.56594816, -14.06034767 ], [ -43.56601671, -14.06042031 ], [ -43.5660839, -14.06049417 ], [ -43.56614969, -14.06056921 ], [ -43.56621408, -14.0606454 ], [ -43.56627703, -14.06072273 ], [ -43.56633853, -14.06080116 ], [ -43.56639855, -14.06088067 ], [ -43.56645708, -14.06096124 ], [ -43.5665141, -14.06104283 ], [ -43.56656959, -14.06112542 ], [ -43.56662353, -14.06120899 ], [ -43.5666759, -14.0612935 ], [ -43.56672668, -14.06137893 ], [ -43.56677586, -14.06146525 ], [ -43.56682343, -14.06155243 ], [ -43.56686936, -14.06164044 ], [ -43.56691363, -14.06172925 ], [ -43.56695625, -14.06181883 ], [ -43.56699719, -14.06190916 ], [ -43.56703643, -14.0620002 ], [ -43.56886378, -14.06634916 ], [ -43.56895425, -14.06656668 ], [ -43.5690431, -14.06678483 ], [ -43.56913034, -14.0670036 ], [ -43.56921597, -14.06722298 ], [ -43.56929997, -14.06744295 ], [ -43.56938234, -14.06766351 ], [ -43.56946309, -14.06788465 ], [ -43.5695422, -14.06810635 ], [ -43.56961967, -14.06832859 ], [ -43.56969549, -14.06855138 ], [ -43.56976967, -14.0687747 ], [ -43.57224825, -14.0763305 ], [ -43.57226618, -14.07638815 ], [ -43.57228232, -14.0764463 ], [ -43.57229664, -14.0765049 ], [ -43.57230913, -14.0765639 ], [ -43.57231979, -14.07662324 ], [ -43.57232861, -14.07668287 ], [ -43.57233556, -14.07674273 ], [ -43.57234066, -14.07680277 ], [ -43.57234389, -14.07686293 ], [ -43.57234526, -14.07692316 ], [ -43.57234475, -14.07698341 ], [ -43.57234238, -14.07704361 ], [ -43.57233814, -14.07710371 ], [ -43.57233203, -14.07716366 ], [ -43.57232407, -14.07722341 ], [ -43.57231426, -14.07728289 ], [ -43.57230261, -14.07734205 ], [ -43.57228912, -14.07740084 ], [ -43.57227382, -14.0774592 ], [ -43.57225671, -14.07751709 ], [ -43.57223782, -14.07757444 ], [ -43.57221716, -14.07763121 ], [ -43.57219474, -14.07768734 ], [ -43.57217059, -14.07774278 ], [ -43.57214473, -14.07779749 ], [ -43.57211719, -14.0778514 ], [ -43.57208798, -14.07790448 ], [ -43.57205715, -14.07795666 ], [ -43.5720247, -14.07800792 ], [ -43.57199068, -14.07805818 ], [ -43.57195512, -14.07810742 ], [ -43.56968674, -14.08114865 ], [ -43.56966207, -14.08118325 ], [ -43.56963892, -14.08121883 ], [ -43.56961734, -14.08125534 ], [ -43.56959736, -14.08129271 ], [ -43.56957903, -14.08133088 ], [ -43.56956237, -14.08136976 ], [ -43.56954741, -14.08140931 ], [ -43.56953418, -14.08144943 ], [ -43.5695227, -14.08149007 ], [ -43.56951301, -14.08153114 ], [ -43.5695051, -14.08157258 ], [ -43.569499, -14.08161431 ], [ -43.56949472, -14.08165626 ], [ -43.56949226, -14.08169834 ], [ -43.56949163, -14.08174049 ], [ -43.56949283, -14.08178262 ], [ -43.56949586, -14.08182467 ], [ -43.56950072, -14.08186655 ], [ -43.56950739, -14.0819082 ], [ -43.56951586, -14.08194953 ], [ -43.56952612, -14.08199048 ], [ -43.56953814, -14.08203096 ], [ -43.56955192, -14.08207091 ], [ -43.56956741, -14.08211026 ], [ -43.56958461, -14.08214892 ], [ -43.56960346, -14.08218685 ], [ -43.56962395, -14.08222395 ], [ -43.56964602, -14.08226018 ], [ -43.56966965, -14.08229546 ], [ -43.5696948, -14.08232973 ], [ -43.5697214, -14.08236293 ], [ -43.56974943, -14.082395 ], [ -43.56977882, -14.08242588 ], [ -43.56980953, -14.08245552 ], [ -43.57428026, -14.08659194 ], [ -43.57433207, -14.08664113 ], [ -43.57438255, -14.08669163 ], [ -43.57443166, -14.08674339 ], [ -43.57447938, -14.08679638 ], [ -43.57452567, -14.08685056 ], [ -43.57457051, -14.0869059 ], [ -43.57461385, -14.08696236 ], [ -43.57465567, -14.0870199 ], [ -43.57469594, -14.08707848 ], [ -43.57473464, -14.08713807 ], [ -43.57477174, -14.08719862 ], [ -43.57480722, -14.08726009 ], [ -43.57484104, -14.08732244 ], [ -43.57487319, -14.08738562 ], [ -43.57490364, -14.08744961 ], [ -43.57493238, -14.08751434 ], [ -43.57495939, -14.08757978 ], [ -43.57498464, -14.08764589 ], [ -43.57500812, -14.08771261 ], [ -43.57502981, -14.08777991 ], [ -43.57893327, -14.10046221 ], [ -43.57895262, -14.10052203 ], [ -43.57897366, -14.10058131 ], [ -43.57899638, -14.10064 ], [ -43.57902076, -14.10069804 ], [ -43.57904678, -14.10075541 ], [ -43.57907442, -14.10081204 ], [ -43.57910366, -14.10086791 ], [ -43.57913448, -14.10092296 ], [ -43.57916685, -14.10097716 ], [ -43.57920076, -14.10103045 ], [ -43.57923616, -14.10108281 ], [ -43.57927304, -14.10113419 ], [ -43.57931137, -14.10118455 ], [ -43.57935112, -14.10123385 ], [ -43.57939225, -14.10128206 ], [ -43.57943474, -14.10132913 ], [ -43.57947855, -14.10137503 ], [ -43.57952365, -14.10141973 ], [ -43.57957, -14.10146319 ], [ -43.57961757, -14.10150538 ], [ -43.57966633, -14.10154626 ], [ -43.57971622, -14.10158581 ], [ -43.57976723, -14.10162398 ], [ -43.57981929, -14.10166076 ], [ -43.57987239, -14.10169612 ], [ -43.57992647, -14.10173002 ], [ -43.57998149, -14.10176245 ], [ -43.5813912, -14.10256748 ], [ -43.58147853, -14.10261841 ], [ -43.58156489, -14.10267088 ], [ -43.58165025, -14.10272489 ], [ -43.58173459, -14.10278042 ], [ -43.58181787, -14.10283744 ], [ -43.58190006, -14.10289594 ], [ -43.58198115, -14.1029559 ], [ -43.5820611, -14.1030173 ], [ -43.58213988, -14.10308012 ], [ -43.58221747, -14.10314433 ], [ -43.58229384, -14.10320992 ], [ -43.58236897, -14.10327687 ], [ -43.58244283, -14.10334514 ], [ -43.5825154, -14.10341473 ], [ -43.58258666, -14.10348559 ], [ -43.58265657, -14.10355772 ], [ -43.58272511, -14.10363109 ], [ -43.58279227, -14.10370567 ], [ -43.58285802, -14.10378143 ], [ -43.58292234, -14.10385836 ], [ -43.5829852, -14.10393642 ], [ -43.58304659, -14.1040156 ], [ -43.58310648, -14.10409585 ], [ -43.58316486, -14.10417717 ], [ -43.58322171, -14.10425951 ], [ -43.583277, -14.10434286 ], [ -43.58333071, -14.10442718 ], [ -43.58338284, -14.10451244 ], [ -43.58343336, -14.10459862 ], [ -43.58348225, -14.10468569 ], [ -43.5835295, -14.10477362 ], [ -43.58964252, -14.11640569 ], [ -43.58970772, -14.11653158 ], [ -43.58977135, -14.11665823 ], [ -43.58983343, -14.11678562 ], [ -43.58989393, -14.11691373 ], [ -43.58995286, -14.11704253 ], [ -43.59001019, -14.11717202 ], [ -43.59006593, -14.11730217 ], [ -43.59012006, -14.11743296 ], [ -43.59017258, -14.11756438 ], [ -43.59022348, -14.11769641 ], [ -43.59027276, -14.11782902 ], [ -43.59032039, -14.1179622 ], [ -43.59036639, -14.11809592 ], [ -43.59041074, -14.11823018 ], [ -43.59045343, -14.11836495 ], [ -43.59049446, -14.1185002 ], [ -43.59053383, -14.11863593 ], [ -43.59057152, -14.11877211 ], [ -43.59060753, -14.11890872 ], [ -43.59492159, -14.13568624 ], [ -43.67908817, -14.13544821 ] ] ] ] } },
{ "type": "Feature", "properties": { "gid": 30, "cd_quilomb": 104, "cd_sr": "SR-05", "nr_process": "54160.003687/2004-87", "nm_comunid": "LAGOA DO PEIXE", "nm_municip": "BOM JESUS DA LAPA", "cd_uf": "BA", "nr_familia": 150, "ob_descric": "Estudo de Delimitação", "tp_levanta": null, "nr_escalao": null, "area_calc_": 6704.0292, "esfera": "FEDERAL", "fase": null, "responsave": "INCRA" }, "geometry": { "type": "MultiPolygon", "coordinates": [ [ [ [ -43.45636105, -13.34233016 ], [ -43.44602138, -13.34235802 ], [ -43.40647572, -13.34239189 ], [ -43.38398312, -13.34322573 ], [ -43.34415519, -13.35347208 ], [ -43.33782214, -13.35217417 ], [ -43.33385167, -13.35272796 ], [ -43.33416606, -13.3581352 ], [ -43.30530928, -13.38132613 ], [ -43.29970061, -13.38331318 ], [ -43.27922946, -13.39286421 ], [ -43.27918392, -13.39927086 ], [ -43.31146391, -13.39901128 ], [ -43.35140951, -13.39443032 ], [ -43.35092416, -13.38854839 ], [ -43.37499749, -13.38376856 ], [ -43.4409256, -13.37350173 ], [ -43.44919917, -13.37545213 ], [ -43.45145645, -13.3727172 ], [ -43.45772103, -13.35789119 ], [ -43.45686738, -13.35421895 ], [ -43.45760781, -13.35181915 ], [ -43.45636105, -13.34233016 ] ] ] ] } },
{ "type": "Feature", "properties": { "gid": 36, "cd_quilomb": null, "cd_sr": "SR-05", "nr_process": "54160.001688/2008-05", "nm_comunid": "BARRA DO PARATECA", "nm_municip": "CARINHANHA", "cd_uf": "BA", "nr_familia": 404, "ob_descric": null, "tp_levanta": null, "nr_escalao": null, "area_calc_": 8098.929, "esfera": "FEDERAL", "fase": "RTID", "responsave": "INCRA" }, "geometry": { "type": "MultiPolygon", "coordinates": [ [ [ [ -43.63134058, -13.93130028 ], [ -43.63133303, -13.93124528 ], [ -43.63128329, -13.93088265 ], [ -43.63097775, -13.93090614 ], [ -43.63093856, -13.93090915 ], [ -43.62737763, -13.9311828 ], [ -43.62741607, -13.93174958 ], [ -43.62721666, -13.93310516 ], [ -43.62696527, -13.93406511 ], [ -43.62691467, -13.93557954 ], [ -43.62665821, -13.9376462 ], [ -43.62682671, -13.93926515 ], [ -43.62722303, -13.94350687 ], [ -43.62821953, -13.9484608 ], [ -43.62951131, -13.95359239 ], [ -43.63015949, -13.95722669 ], [ -43.63093, -13.95908616 ], [ -43.63125119, -13.96057734 ], [ -43.63275703, -13.96493267 ], [ -43.6349195, -13.97044395 ], [ -43.63722426, -13.97557645 ], [ -43.63879483, -13.980346 ], [ -43.64022751, -13.98350168 ], [ -43.641603, -13.98530375 ], [ -43.64307592, -13.9879831 ], [ -43.6475379, -13.99351649 ], [ -43.65401756, -14.00036395 ], [ -43.65665283, -14.00454745 ], [ -43.65718631, -14.00607189 ], [ -43.65843511, -14.00900806 ], [ -43.65948944, -14.01339458 ], [ -43.66029348, -14.01635694 ], [ -43.66058329, -14.01901833 ], [ -43.66120796, -14.02109551 ], [ -43.6616487, -14.0235019 ], [ -43.66186479, -14.02745699 ], [ -43.66222707, -14.02742371 ], [ -43.66235795, -14.02741169 ], [ -43.66959456, -14.02667716 ], [ -43.67784245, -14.02583055 ], [ -43.68472566, -14.02505965 ], [ -43.68487426, -14.02586774 ], [ -43.68500873, -14.02666893 ], [ -43.68521514, -14.02786999 ], [ -43.69003289, -14.02706104 ], [ -43.69471407, -14.02624961 ], [ -43.70365876, -14.0246917 ], [ -43.70619976, -14.02462948 ], [ -43.71161123, -14.02452097 ], [ -43.71588445, -14.02506345 ], [ -43.72174282, -14.02490158 ], [ -43.72094838, -14.01986077 ], [ -43.72021793, -14.01525073 ], [ -43.71936905, -14.01010184 ], [ -43.71871081, -14.00607473 ], [ -43.71799773, -14.00152321 ], [ -43.71734114, -13.99743016 ], [ -43.71645446, -13.99187145 ], [ -43.71580812, -13.98794827 ], [ -43.71501812, -13.98283468 ], [ -43.71444671, -13.97919432 ], [ -43.71374576, -13.97475127 ], [ -43.71283306, -13.96903916 ], [ -43.71226832, -13.96551201 ], [ -43.7116274, -13.96142009 ], [ -43.71081011, -13.95632122 ], [ -43.7099307, -13.95072134 ], [ -43.70857374, -13.94222659 ], [ -43.70771177, -13.93681278 ], [ -43.70483456, -13.93388592 ], [ -43.69902816, -13.9336673 ], [ -43.69515922, -13.93353054 ], [ -43.68804197, -13.93328659 ], [ -43.68186676, -13.93307285 ], [ -43.67638597, -13.93287292 ], [ -43.67587725, -13.93285568 ], [ -43.63134058, -13.93130028 ] ] ] ] } }
]
}
