{
"type": "FeatureCollection",
"name": "uc_municipais",
"crs": { "type": "name", "properties": { "name": "urn:ogc:def:crs:EPSG::4674" } },
"features": [
{ "type": "Feature", "properties": { "gid": 1, "area_decre": 5675.8, "area_geo": 5675.8204, "ato_vigent": "Decreto nº 024 de 19/02/2011", "bioma": "Mata Atlântica", "categoria": "Refúgio de Vida Silvestre", "grupo": "Proteção Integral", "id": 1, "municipio": "Amargosa", "nome_uc": "Refúgio de Vida Silvestre de Amargosa", "observacao": "Uma das áreas que compõem a UC está inserida em uma pequena porção no município de Brejões, pois houve alteração dos limites municipais e à época da criação toda a área da UC ainda pertencia a Amargosa", "org_gestor": "Secretaria Municipal de Agricultura e Meio Ambiente de Amargosa", "snuc": "Sim" }, "geometry": { "type": "MultiPolygon", "coordinates": [ [ [ [ -39.58144781, -13.01770358 ], [ -39.58169919, -13.01845614 ], [ -39.58154389, -13.0190173 ], [ -39.58151156, -13.01950975 ], [ -39.58171411, -13.02023146 ], [ -39.58149394, -13.02101724 ], [ -39.5816295, -13.02150647 ], [ -39.58138031, -13.02169531 ], [ -39.58163275, -13.02289975 ], [ -39.58312366, -13.0281683 ], [ -39.58337228, -13.0277347 ], [ -39.58363768, -13.02679223 ], [ -39.58369419, -13.02579467 ], [ -39.58409198, -13.02526709 ], [ -39.58411541, -13.02526653 ], [ -39.58484409, -13.02483184 ], [ -39.58572452, -13.02360601 ], [ -39.5862982, -13.02258799 ], [ -39.58725601, -13.02160676 ], [ -39.58753335, -13.02106962 ], [ -39.58766207, -13.02017797 ], [ -39.58800822, -13.01953436 ], [ -39.58837726, -13.01924653 ], [ -39.5883764, -13.01888402 ], [ -39.58744928, -13.01767774 ], [ -39.58383515, -13.01819152 ], [ -39.5829649, -13.01825912 ], [ -39.58197365, -13.01819751 ], [ -39.58236067, -13.01755473 ], [ -39.58262768, -13.01720947 ], [ -39.58312546, -13.01712409 ], [ -39.58393262, -13.01658092 ], [ -39.58428668, -13.01621278 ], [ -39.58451566, -13.01579503 ], [ -39.5841307, -13.01540051 ], [ -39.58329437, -13.01533785 ], [ -39.58309469, -13.0157794 ], [ -39.5805708, -13.0166078 ], [ -39.58144781, -13.01770358 ] ] ], [ [ [ -39.68272267, -13.00117822 ], [ -39.68285848, -13.00188103 ], [ -39.68268566, -13.0024672 ], [ -39.68213928, -13.00300586 ], [ -39.68200237, -13.00350934 ], [ -39.68181856, -13.00373859 ], [ -39.68156968, -13.00442828 ], [ -39.68088911, -13.00510004 ], [ -39.68008398, -13.00540592 ], [ -39.67956594, -13.00544759 ], [ -39.67905467, -13.00598999 ], [ -39.67877259, -13.0090628 ], [ -39.67937692, -13.01087669 ], [ -39.67843634, -13.011947 ], [ -39.67477763, -13.01241665 ], [ -39.67240345, -13.01361908 ], [ -39.67143742, -13.0150019 ], [ -39.67013355, -13.01871678 ], [ -39.66854382, -13.02083736 ], [ -39.66710628, -13.02139319 ], [ -39.6658847, -13.02081353 ], [ -39.66466663, -13.02155282 ], [ -39.66454387, -13.02244267 ], [ -39.66514045, -13.02326933 ], [ -39.66510991, -13.02354547 ], [ -39.66188571, -13.02278688 ], [ -39.66173874, -13.0263454 ], [ -39.65998865, -13.02702468 ], [ -39.6596494, -13.02886597 ], [ -39.65968774, -13.03040514 ], [ -39.65921284, -13.03072725 ], [ -39.65774052, -13.03121785 ], [ -39.65749875, -13.0319859 ], [ -39.65225786, -13.03145619 ], [ -39.65071791, -13.03230503 ], [ -39.65028094, -13.03866568 ], [ -39.65156364, -13.03857795 ], [ -39.65060025, -13.04090869 ], [ -39.64977971, -13.04208161 ], [ -39.64977751, -13.04212707 ], [ -39.64912072, -13.04204289 ], [ -39.64722169, -13.04310307 ], [ -39.64668606, -13.04312082 ], [ -39.64614522, -13.04113625 ], [ -39.64532337, -13.04077546 ], [ -39.64512243, -13.03969862 ], [ -39.64523642, -13.03926749 ], [ -39.64392762, -13.03807263 ], [ -39.64335809, -13.03792633 ], [ -39.64186729, -13.03755254 ], [ -39.63930106, -13.03757937 ], [ -39.63677936, -13.03792617 ], [ -39.63664708, -13.03816829 ], [ -39.63689552, -13.03967501 ], [ -39.63892691, -13.04155418 ], [ -39.63658307, -13.04439826 ], [ -39.63526194, -13.04547144 ], [ -39.63391201, -13.04226495 ], [ -39.63283122, -13.04098619 ], [ -39.63237912, -13.04073779 ], [ -39.63168213, -13.04094301 ], [ -39.63104742, -13.04179716 ], [ -39.63172064, -13.04322341 ], [ -39.63124501, -13.04425463 ], [ -39.6275866, -13.04410259 ], [ -39.62676746, -13.0447253 ], [ -39.62526082, -13.04872137 ], [ -39.62702374, -13.05151268 ], [ -39.62475199, -13.05570726 ], [ -39.62659393, -13.05666019 ], [ -39.62704864, -13.05685947 ], [ -39.62811776, -13.05754708 ], [ -39.62886883, -13.05819093 ], [ -39.62936914, -13.05845689 ], [ -39.63064075, -13.058387 ], [ -39.63141279, -13.05834059 ], [ -39.63193546, -13.0584729 ], [ -39.63266378, -13.05909453 ], [ -39.63325448, -13.05918214 ], [ -39.63377786, -13.05893546 ], [ -39.63421647, -13.05860203 ], [ -39.63449257, -13.05855212 ], [ -39.63480965, -13.05891902 ], [ -39.63498017, -13.05877641 ], [ -39.63535106, -13.05856143 ], [ -39.63589183, -13.05831325 ], [ -39.63677599, -13.05817815 ], [ -39.6378029, -13.05831758 ], [ -39.63801314, -13.05833539 ], [ -39.63825914, -13.05835135 ], [ -39.63861172, -13.05836613 ], [ -39.63922903, -13.05840539 ], [ -39.63946485, -13.05843843 ], [ -39.64019677, -13.06003981 ], [ -39.64176505, -13.06370357 ], [ -39.64251046, -13.0660399 ], [ -39.64248616, -13.06775895 ], [ -39.64383599, -13.06913038 ], [ -39.64400794, -13.07054141 ], [ -39.64315075, -13.07168004 ], [ -39.63954814, -13.07181657 ], [ -39.63898499, -13.07324847 ], [ -39.63925958, -13.07448824 ], [ -39.64045375, -13.07487668 ], [ -39.63913564, -13.07735259 ], [ -39.63959522, -13.07735146 ], [ -39.64012128, -13.07767196 ], [ -39.64037557, -13.07833875 ], [ -39.64060099, -13.0786183 ], [ -39.64081607, -13.07903119 ], [ -39.6410145, -13.07966475 ], [ -39.64114248, -13.08005895 ], [ -39.64119457, -13.08026625 ], [ -39.64129747, -13.08051236 ], [ -39.64137731, -13.0807459 ], [ -39.64146654, -13.08100692 ], [ -39.64158118, -13.08134228 ], [ -39.64169445, -13.08159181 ], [ -39.64177355, -13.08176605 ], [ -39.6414646, -13.08199279 ], [ -39.63974233, -13.08205267 ], [ -39.63622802, -13.07954602 ], [ -39.63549915, -13.07950198 ], [ -39.63514793, -13.07815809 ], [ -39.63514332, -13.07635879 ], [ -39.6348646, -13.07597937 ], [ -39.63423982, -13.07556256 ], [ -39.63422852, -13.07372835 ], [ -39.6336292, -13.0721801 ], [ -39.63384182, -13.07108145 ], [ -39.63404851, -13.07103871 ], [ -39.63428941, -13.07085531 ], [ -39.6349829, -13.07049054 ], [ -39.63534954, -13.06903735 ], [ -39.63550885, -13.06797043 ], [ -39.63694583, -13.06869304 ], [ -39.6376855, -13.06828276 ], [ -39.63814582, -13.06726048 ], [ -39.63821065, -13.06546765 ], [ -39.63767536, -13.06433436 ], [ -39.63601024, -13.06490577 ], [ -39.63569058, -13.06522912 ], [ -39.63504144, -13.06622429 ], [ -39.63427759, -13.06622616 ], [ -39.63390613, -13.06579592 ], [ -39.63123725, -13.06305671 ], [ -39.6313508, -13.06219414 ], [ -39.63023711, -13.06115302 ], [ -39.62938224, -13.06176779 ], [ -39.6295681, -13.06203964 ], [ -39.62994023, -13.06274219 ], [ -39.63026429, -13.0627414 ], [ -39.63057161, -13.06295413 ], [ -39.63065272, -13.06327665 ], [ -39.63073021, -13.06392025 ], [ -39.63057049, -13.06482832 ], [ -39.63273749, -13.07045066 ], [ -39.63338395, -13.07061798 ], [ -39.63304775, -13.07285999 ], [ -39.63244722, -13.07439727 ], [ -39.63240775, -13.07551754 ], [ -39.6319455, -13.07608688 ], [ -39.63120861, -13.07502802 ], [ -39.62978716, -13.07567736 ], [ -39.62756378, -13.077901 ], [ -39.62667338, -13.0775008 ], [ -39.62667407, -13.07730628 ], [ -39.62664568, -13.07716888 ], [ -39.62641341, -13.07599489 ], [ -39.62641334, -13.07559884 ], [ -39.62649775, -13.07505701 ], [ -39.62692314, -13.07367071 ], [ -39.6272138, -13.0730418 ], [ -39.62387021, -13.0718302 ], [ -39.62385865, -13.07176872 ], [ -39.62447737, -13.06790621 ], [ -39.62449206, -13.06638796 ], [ -39.62465041, -13.06510054 ], [ -39.62499217, -13.06446609 ], [ -39.62562982, -13.06101923 ], [ -39.6251412, -13.05947596 ], [ -39.62421094, -13.05900299 ], [ -39.62231475, -13.0599382 ], [ -39.62192876, -13.06210886 ], [ -39.62226174, -13.06296783 ], [ -39.62209153, -13.0636467 ], [ -39.6138785, -13.06245325 ], [ -39.61377981, -13.06338411 ], [ -39.61608418, -13.06413106 ], [ -39.61699311, -13.0702977 ], [ -39.617256, -13.07224748 ], [ -39.61664563, -13.07301196 ], [ -39.61674062, -13.0735247 ], [ -39.61751167, -13.07408444 ], [ -39.61779105, -13.07576981 ], [ -39.61722348, -13.07596209 ], [ -39.61333165, -13.07425528 ], [ -39.61231146, -13.07541661 ], [ -39.6087221, -13.07651714 ], [ -39.60709241, -13.07946283 ], [ -39.60768537, -13.08021918 ], [ -39.6097125, -13.0817299 ], [ -39.61258195, -13.08368434 ], [ -39.6133623, -13.08418495 ], [ -39.61331056, -13.08513964 ], [ -39.61123619, -13.08541838 ], [ -39.61003904, -13.08542121 ], [ -39.60968501, -13.08423929 ], [ -39.60805721, -13.08279951 ], [ -39.60576233, -13.08310212 ], [ -39.60460635, -13.08312606 ], [ -39.60416902, -13.08379208 ], [ -39.6036534, -13.08508417 ], [ -39.60392952, -13.086397 ], [ -39.60643925, -13.08800336 ], [ -39.61539339, -13.08932084 ], [ -39.61695192, -13.08916006 ], [ -39.61714629, -13.08708637 ], [ -39.61719866, -13.08599124 ], [ -39.61693997, -13.08492518 ], [ -39.61690656, -13.08436054 ], [ -39.61706526, -13.08382682 ], [ -39.61851654, -13.0841637 ], [ -39.62157714, -13.08183987 ], [ -39.62188465, -13.08106697 ], [ -39.62244379, -13.07978528 ], [ -39.62486266, -13.08031266 ], [ -39.62472002, -13.08045317 ], [ -39.62441276, -13.08106318 ], [ -39.62427127, -13.08178202 ], [ -39.62370197, -13.08269376 ], [ -39.62338184, -13.08318251 ], [ -39.62272034, -13.0841924 ], [ -39.62247149, -13.08512107 ], [ -39.62262782, -13.08582148 ], [ -39.62338581, -13.08622686 ], [ -39.62431885, -13.08662163 ], [ -39.62872356, -13.08724972 ], [ -39.63152203, -13.08828104 ], [ -39.63150801, -13.0903645 ], [ -39.63207307, -13.09189996 ], [ -39.63249472, -13.09354089 ], [ -39.6269044, -13.0951654 ], [ -39.62695036, -13.09647075 ], [ -39.63140752, -13.09638015 ], [ -39.63178754, -13.09636457 ], [ -39.63609606, -13.09431475 ], [ -39.64701718, -13.08911843 ], [ -39.64914978, -13.08810366 ], [ -39.65160001, -13.08694372 ], [ -39.6519077, -13.08714372 ], [ -39.65227902, -13.08732453 ], [ -39.65261821, -13.08756597 ], [ -39.65311365, -13.08795803 ], [ -39.65330059, -13.08816916 ], [ -39.65348497, -13.08850235 ], [ -39.65357897, -13.08883485 ], [ -39.6541681, -13.0897403 ], [ -39.65469604, -13.09091893 ], [ -39.65519324, -13.09197656 ], [ -39.65575293, -13.09327813 ], [ -39.65588234, -13.09381847 ], [ -39.65629884, -13.09540289 ], [ -39.65672666, -13.09720621 ], [ -39.6567181, -13.09735107 ], [ -39.65666726, -13.09750385 ], [ -39.65657619, -13.0979571 ], [ -39.65584194, -13.09938042 ], [ -39.65535356, -13.10062225 ], [ -39.655084, -13.10263751 ], [ -39.65481344, -13.1042739 ], [ -39.65450925, -13.10539409 ], [ -39.65418128, -13.10573039 ], [ -39.65350241, -13.10646314 ], [ -39.65249027, -13.10741146 ], [ -39.65242427, -13.10765314 ], [ -39.65241413, -13.10795538 ], [ -39.65245279, -13.10812105 ], [ -39.6525153, -13.10839387 ], [ -39.6529508, -13.10912068 ], [ -39.66622669, -13.10250362 ], [ -39.66324258, -13.10192662 ], [ -39.66284481, -13.10075932 ], [ -39.66281317, -13.10026155 ], [ -39.66236333, -13.09932001 ], [ -39.66242891, -13.09874983 ], [ -39.66227012, -13.09791715 ], [ -39.6618437, -13.0971554 ], [ -39.66164001, -13.09711964 ], [ -39.66016501, -13.09686067 ], [ -39.65909675, -13.09538542 ], [ -39.65894022, -13.09516925 ], [ -39.65668957, -13.09009133 ], [ -39.66191129, -13.08808233 ], [ -39.66237988, -13.08926131 ], [ -39.66251884, -13.08982871 ], [ -39.66402911, -13.08939909 ], [ -39.6665409, -13.08670196 ], [ -39.66304018, -13.08440407 ], [ -39.66416775, -13.08217888 ], [ -39.66674694, -13.08113765 ], [ -39.66698439, -13.08139636 ], [ -39.66733449, -13.08158444 ], [ -39.66759668, -13.08166966 ], [ -39.66832208, -13.08249474 ], [ -39.66934969, -13.08373 ], [ -39.66992438, -13.08438516 ], [ -39.67007957, -13.08455224 ], [ -39.67023285, -13.08471726 ], [ -39.67038785, -13.08507221 ], [ -39.67104853, -13.08549729 ], [ -39.671607, -13.08587635 ], [ -39.6715335, -13.08620965 ], [ -39.67152131, -13.0867295 ], [ -39.67179821, -13.08715208 ], [ -39.67330052, -13.08847737 ], [ -39.67398828, -13.08889564 ], [ -39.67431396, -13.08865487 ], [ -39.67487078, -13.08854323 ], [ -39.67590675, -13.08896026 ], [ -39.67597897, -13.08927488 ], [ -39.67597746, -13.09035659 ], [ -39.67612695, -13.09119834 ], [ -39.67712782, -13.09182533 ], [ -39.67791377, -13.09236414 ], [ -39.67837372, -13.09249143 ], [ -39.67902117, -13.09258989 ], [ -39.68009161, -13.09318478 ], [ -39.68120213, -13.09412322 ], [ -39.68156588, -13.09486223 ], [ -39.68413653, -13.0935806 ], [ -39.6925422, -13.08938425 ], [ -39.69420855, -13.08936131 ], [ -39.69447878, -13.08866426 ], [ -39.6954824, -13.08577073 ], [ -39.69583828, -13.0821826 ], [ -39.69667315, -13.08053448 ], [ -39.69657701, -13.07966515 ], [ -39.69367795, -13.07903099 ], [ -39.69371671, -13.07870018 ], [ -39.69388269, -13.07724225 ], [ -39.69289151, -13.07612497 ], [ -39.69273609, -13.07574593 ], [ -39.69308959, -13.07442216 ], [ -39.69436031, -13.07467164 ], [ -39.69529616, -13.07478669 ], [ -39.69600777, -13.07529934 ], [ -39.69742902, -13.07562846 ], [ -39.69912662, -13.07600106 ], [ -39.70085812, -13.07625482 ], [ -39.70456633, -13.07730413 ], [ -39.70567262, -13.07684649 ], [ -39.70559617, -13.0761318 ], [ -39.70632361, -13.07548786 ], [ -39.70999396, -13.0735902 ], [ -39.71075991, -13.07286796 ], [ -39.71325297, -13.07010665 ], [ -39.71345112, -13.06982843 ], [ -39.71339902, -13.06957675 ], [ -39.71291059, -13.06945218 ], [ -39.71147206, -13.06945614 ], [ -39.71068759, -13.0691754 ], [ -39.71191785, -13.06750724 ], [ -39.71262517, -13.06718177 ], [ -39.71293318, -13.06626343 ], [ -39.71345632, -13.06565662 ], [ -39.71339101, -13.06441579 ], [ -39.71092221, -13.06484635 ], [ -39.71125672, -13.06305958 ], [ -39.71313523, -13.06135937 ], [ -39.71214325, -13.05996975 ], [ -39.70742564, -13.06216203 ], [ -39.70678312, -13.06422205 ], [ -39.70557787, -13.06383185 ], [ -39.70437314, -13.06362326 ], [ -39.70382331, -13.06571329 ], [ -39.702346, -13.06738208 ], [ -39.69839426, -13.06751386 ], [ -39.6978012, -13.06703974 ], [ -39.69786542, -13.06695369 ], [ -39.69795102, -13.06523971 ], [ -39.70107971, -13.06316293 ], [ -39.70279498, -13.06221276 ], [ -39.70300294, -13.06114848 ], [ -39.70391021, -13.05990641 ], [ -39.70526613, -13.05966041 ], [ -39.70652267, -13.0588342 ], [ -39.70706147, -13.05753264 ], [ -39.70765735, -13.05510813 ], [ -39.70525742, -13.0552346 ], [ -39.70035668, -13.05411423 ], [ -39.69844871, -13.05291901 ], [ -39.69640939, -13.05339132 ], [ -39.69592858, -13.05172542 ], [ -39.69387577, -13.05216116 ], [ -39.69379451, -13.05544115 ], [ -39.68956007, -13.06226394 ], [ -39.68494892, -13.06096055 ], [ -39.68258857, -13.05750974 ], [ -39.68538293, -13.05439986 ], [ -39.68330362, -13.054494 ], [ -39.67996294, -13.05621656 ], [ -39.6744788, -13.05528503 ], [ -39.67332934, -13.0543884 ], [ -39.67259727, -13.0541632 ], [ -39.67177622, -13.05275793 ], [ -39.67134071, -13.05162924 ], [ -39.67126349, -13.05103899 ], [ -39.67129508, -13.04941584 ], [ -39.67136931, -13.04889934 ], [ -39.67151835, -13.04841882 ], [ -39.6719359, -13.04739401 ], [ -39.67364345, -13.04741723 ], [ -39.67370274, -13.0497223 ], [ -39.67435266, -13.05101824 ], [ -39.67462069, -13.05241426 ], [ -39.6750444, -13.05274796 ], [ -39.67592201, -13.05255435 ], [ -39.67611418, -13.05223307 ], [ -39.67574378, -13.04966357 ], [ -39.67584717, -13.04895145 ], [ -39.67608936, -13.04831311 ], [ -39.67618429, -13.04734034 ], [ -39.67619765, -13.04627213 ], [ -39.67644152, -13.04625555 ], [ -39.67658926, -13.04676534 ], [ -39.67686926, -13.04807192 ], [ -39.67698556, -13.04898036 ], [ -39.67753901, -13.04918617 ], [ -39.67792898, -13.04907355 ], [ -39.68082641, -13.04527524 ], [ -39.68089765, -13.04431917 ], [ -39.68149657, -13.0438526 ], [ -39.68201817, -13.04347166 ], [ -39.68252119, -13.04337544 ], [ -39.68315924, -13.04310806 ], [ -39.68367449, -13.0431481 ], [ -39.684893, -13.04324964 ], [ -39.6854108, -13.04308046 ], [ -39.6862222, -13.04190126 ], [ -39.68628565, -13.04158581 ], [ -39.68583163, -13.04019978 ], [ -39.68460285, -13.03772282 ], [ -39.68301486, -13.03713849 ], [ -39.68174808, -13.03642719 ], [ -39.68015671, -13.03460274 ], [ -39.67970424, -13.03376318 ], [ -39.67891106, -13.03376526 ], [ -39.67824312, -13.0325269 ], [ -39.67693854, -13.03366532 ], [ -39.67608265, -13.03425608 ], [ -39.67508799, -13.03435308 ], [ -39.67501125, -13.03403267 ], [ -39.67510864, -13.0321428 ], [ -39.67529076, -13.03125783 ], [ -39.67613752, -13.02974796 ], [ -39.67677406, -13.02916333 ], [ -39.67886227, -13.02899454 ], [ -39.67954045, -13.02864097 ], [ -39.67967982, -13.02806267 ], [ -39.67951603, -13.0274226 ], [ -39.67920448, -13.0267402 ], [ -39.67866093, -13.02564051 ], [ -39.67825166, -13.02512954 ], [ -39.67807446, -13.02466799 ], [ -39.6780272, -13.02350262 ], [ -39.6789982, -13.02207207 ], [ -39.68170607, -13.02138175 ], [ -39.68285128, -13.02120874 ], [ -39.68295924, -13.02184039 ], [ -39.6830447, -13.02251693 ], [ -39.6839568, -13.02338752 ], [ -39.68434563, -13.02401278 ], [ -39.68496599, -13.02437173 ], [ -39.68508306, -13.02471303 ], [ -39.68537653, -13.02585095 ], [ -39.68839723, -13.02694099 ], [ -39.690216, -13.02874841 ], [ -39.69098032, -13.03028764 ], [ -39.69232812, -13.03043648 ], [ -39.69558563, -13.02781946 ], [ -39.69575165, -13.02541396 ], [ -39.69533156, -13.02343346 ], [ -39.69437901, -13.02253835 ], [ -39.6942387, -13.02177656 ], [ -39.693763, -13.02167961 ], [ -39.69277574, -13.02145285 ], [ -39.69250535, -13.02186099 ], [ -39.69211457, -13.02228237 ], [ -39.69127116, -13.02290312 ], [ -39.68997517, -13.02287191 ], [ -39.68901595, -13.0195548 ], [ -39.68834047, -13.01889605 ], [ -39.68887632, -13.01824531 ], [ -39.68948245, -13.01761843 ], [ -39.6898449, -13.01742396 ], [ -39.69010706, -13.01739614 ], [ -39.69068641, -13.01739755 ], [ -39.69111364, -13.01736724 ], [ -39.69115051, -13.01702987 ], [ -39.69127811, -13.01648519 ], [ -39.69132064, -13.01619211 ], [ -39.69125302, -13.01584407 ], [ -39.69119267, -13.01560562 ], [ -39.69110657, -13.01548016 ], [ -39.69102114, -13.01526971 ], [ -39.69080835, -13.01468435 ], [ -39.69051036, -13.01363625 ], [ -39.69016139, -13.01275224 ], [ -39.68987186, -13.0121686 ], [ -39.6896789, -13.01195934 ], [ -39.68880943, -13.01112073 ], [ -39.68788851, -13.01043416 ], [ -39.68771802, -13.01013713 ], [ -39.6871667, -13.00917741 ], [ -39.68691209, -13.00799956 ], [ -39.68670322, -13.00662423 ], [ -39.68687566, -13.00528463 ], [ -39.68704833, -13.00402822 ], [ -39.68702448, -13.00341945 ], [ -39.68620433, -13.00272992 ], [ -39.68549042, -13.00168266 ], [ -39.6852193, -13.00158776 ], [ -39.68483496, -13.00165626 ], [ -39.68445021, -13.00164291 ], [ -39.68430936, -13.00156839 ], [ -39.68438644, -13.00075145 ], [ -39.68341923, -13.00057917 ], [ -39.68307117, -13.00085341 ], [ -39.68287737, -13.00091261 ], [ -39.68272267, -13.00117822 ] ], [ [ -39.68847177, -13.02265573 ], [ -39.68824959, -13.0235201 ], [ -39.68901047, -13.02382295 ], [ -39.68735828, -13.02602915 ], [ -39.68625473, -13.02464073 ], [ -39.68574623, -13.02400097 ], [ -39.68529717, -13.0240191 ], [ -39.68519648, -13.02372586 ], [ -39.68449932, -13.02359485 ], [ -39.68436326, -13.02338645 ], [ -39.68463267, -13.02281639 ], [ -39.68486431, -13.02258804 ], [ -39.68503103, -13.02146231 ], [ -39.68649657, -13.02047608 ], [ -39.68711654, -13.01979696 ], [ -39.68851559, -13.01975938 ], [ -39.68886573, -13.02145215 ], [ -39.68847177, -13.02265573 ] ], [ [ -39.65846926, -13.03765657 ], [ -39.65938282, -13.03939842 ], [ -39.65812026, -13.04302164 ], [ -39.6581525, -13.04358442 ], [ -39.65852244, -13.04391517 ], [ -39.65885063, -13.04396459 ], [ -39.66207264, -13.04188316 ], [ -39.66229399, -13.04221152 ], [ -39.66245754, -13.04256188 ], [ -39.66242565, -13.04280112 ], [ -39.6622148, -13.04300893 ], [ -39.66260857, -13.04431533 ], [ -39.66226486, -13.04482567 ], [ -39.6650023, -13.04929061 ], [ -39.66058661, -13.05035749 ], [ -39.66040567, -13.05067325 ], [ -39.65991277, -13.04993362 ], [ -39.65887801, -13.04933369 ], [ -39.65812331, -13.0494727 ], [ -39.65776215, -13.05018983 ], [ -39.65721821, -13.05090071 ], [ -39.65737473, -13.05192846 ], [ -39.65668962, -13.05194391 ], [ -39.65613161, -13.05243884 ], [ -39.65509941, -13.05340107 ], [ -39.65510629, -13.05524199 ], [ -39.65544637, -13.05635079 ], [ -39.65572049, -13.05649293 ], [ -39.65573569, -13.0569588 ], [ -39.6561697, -13.05722491 ], [ -39.6565829, -13.05755274 ], [ -39.65651453, -13.05812845 ], [ -39.65665597, -13.05842539 ], [ -39.65675473, -13.05934593 ], [ -39.6566093, -13.05960816 ], [ -39.65668049, -13.06010129 ], [ -39.65632509, -13.06049274 ], [ -39.65593305, -13.06024022 ], [ -39.65538427, -13.06019936 ], [ -39.6553447, -13.05975525 ], [ -39.65510395, -13.05949421 ], [ -39.65383811, -13.06022437 ], [ -39.65220181, -13.05943685 ], [ -39.65264698, -13.0588327 ], [ -39.65167202, -13.05794579 ], [ -39.64984849, -13.05844335 ], [ -39.64807352, -13.05779203 ], [ -39.64712895, -13.05639219 ], [ -39.64798607, -13.05526581 ], [ -39.65007565, -13.05327393 ], [ -39.65018229, -13.05269809 ], [ -39.65331565, -13.05159964 ], [ -39.65351756, -13.05200809 ], [ -39.65442871, -13.05186947 ], [ -39.6547672, -13.05133848 ], [ -39.65425614, -13.05087023 ], [ -39.65375707, -13.0490842 ], [ -39.65389253, -13.04772067 ], [ -39.65433912, -13.04717426 ], [ -39.65484806, -13.04683975 ], [ -39.65423236, -13.04404876 ], [ -39.6527072, -13.04348736 ], [ -39.65286737, -13.04175085 ], [ -39.65208178, -13.04054159 ], [ -39.65277415, -13.03968252 ], [ -39.65285039, -13.03904577 ], [ -39.65747419, -13.03972046 ], [ -39.65846926, -13.03765657 ] ], [ [ -39.66355645, -13.06128444 ], [ -39.66820714, -13.05743444 ], [ -39.66982194, -13.05930342 ], [ -39.66995598, -13.06062624 ], [ -39.6695531, -13.06298056 ], [ -39.67151752, -13.06495515 ], [ -39.67260969, -13.06351909 ], [ -39.67407387, -13.06290972 ], [ -39.67576136, -13.06278712 ], [ -39.67714995, -13.06358127 ], [ -39.67672984, -13.06426197 ], [ -39.67604089, -13.06582979 ], [ -39.6769012, -13.06804635 ], [ -39.67711685, -13.06943576 ], [ -39.67687057, -13.06980716 ], [ -39.67329751, -13.06707455 ], [ -39.67218353, -13.06696604 ], [ -39.67082068, -13.06728152 ], [ -39.67127916, -13.06872862 ], [ -39.67018862, -13.06888742 ], [ -39.66968752, -13.06848766 ], [ -39.66832388, -13.06851347 ], [ -39.66834787, -13.06898131 ], [ -39.6694173, -13.06942417 ], [ -39.67061545, -13.07122222 ], [ -39.6722443, -13.07262535 ], [ -39.67308371, -13.07328841 ], [ -39.67256861, -13.073601 ], [ -39.67239039, -13.07400804 ], [ -39.67265206, -13.07467277 ], [ -39.67205752, -13.07539203 ], [ -39.66890714, -13.07718991 ], [ -39.66814869, -13.07797567 ], [ -39.66803729, -13.07841772 ], [ -39.66783885, -13.07841823 ], [ -39.66790534, -13.07737071 ], [ -39.66807185, -13.07651121 ], [ -39.66787058, -13.07546125 ], [ -39.66731087, -13.07394534 ], [ -39.66685341, -13.07355745 ], [ -39.66544138, -13.07469755 ], [ -39.66309813, -13.07526444 ], [ -39.66038716, -13.07282412 ], [ -39.6593048, -13.07260255 ], [ -39.65797484, -13.07315658 ], [ -39.65683419, -13.07513674 ], [ -39.65657827, -13.07510113 ], [ -39.65578897, -13.07467366 ], [ -39.65622267, -13.07282376 ], [ -39.65680657, -13.07274463 ], [ -39.65784007, -13.07191799 ], [ -39.65952027, -13.07157528 ], [ -39.66049204, -13.07011606 ], [ -39.6605029, -13.0685563 ], [ -39.65871277, -13.06705999 ], [ -39.65763516, -13.06822518 ], [ -39.65765329, -13.06940229 ], [ -39.65729582, -13.07044793 ], [ -39.65759792, -13.07116817 ], [ -39.65592644, -13.07209389 ], [ -39.65440715, -13.06913426 ], [ -39.65190452, -13.06914059 ], [ -39.65051792, -13.07057524 ], [ -39.65211181, -13.0743652 ], [ -39.65215078, -13.07529595 ], [ -39.65240869, -13.07581805 ], [ -39.65463998, -13.0777477 ], [ -39.65356802, -13.07902323 ], [ -39.64989234, -13.07806759 ], [ -39.64795629, -13.07830433 ], [ -39.64566889, -13.0764947 ], [ -39.6438208, -13.07383331 ], [ -39.64500586, -13.07319685 ], [ -39.64611547, -13.07260473 ], [ -39.64732253, -13.07243951 ], [ -39.64905258, -13.06902568 ], [ -39.64811246, -13.06703001 ], [ -39.64553197, -13.06698147 ], [ -39.64433571, -13.06714943 ], [ -39.64336065, -13.06557077 ], [ -39.6433391, -13.06394027 ], [ -39.64376773, -13.06408195 ], [ -39.64409884, -13.06399017 ], [ -39.64466777, -13.06361195 ], [ -39.64505206, -13.063585 ], [ -39.64581665, -13.06268187 ], [ -39.64659008, -13.06258193 ], [ -39.6482817, -13.06332693 ], [ -39.64891999, -13.06397655 ], [ -39.64999994, -13.06416378 ], [ -39.65110501, -13.0633741 ], [ -39.65237421, -13.06185138 ], [ -39.65346964, -13.06125968 ], [ -39.65495707, -13.06117452 ], [ -39.65543941, -13.0612144 ], [ -39.65608856, -13.06090443 ], [ -39.65646867, -13.06193121 ], [ -39.65688201, -13.06194269 ], [ -39.65773461, -13.06229113 ], [ -39.65852847, -13.06226521 ], [ -39.65906938, -13.06235601 ], [ -39.66038726, -13.06290575 ], [ -39.66109187, -13.06267349 ], [ -39.66228896, -13.0620021 ], [ -39.66355645, -13.06128444 ] ], [ [ -39.68540149, -13.08235933 ], [ -39.68209137, -13.07744835 ], [ -39.6825314, -13.0764343 ], [ -39.68218094, -13.07514127 ], [ -39.68180263, -13.07425963 ], [ -39.6818716, -13.07390811 ], [ -39.68145008, -13.07320654 ], [ -39.68124033, -13.07252242 ], [ -39.68069193, -13.0717707 ], [ -39.68070662, -13.07090035 ], [ -39.68082236, -13.07057359 ], [ -39.68082943, -13.07055361 ], [ -39.68085829, -13.07055247 ], [ -39.68160073, -13.06977111 ], [ -39.68118826, -13.06854673 ], [ -39.68154996, -13.06783277 ], [ -39.68354953, -13.06719878 ], [ -39.68475798, -13.06822974 ], [ -39.68732389, -13.06967076 ], [ -39.68662006, -13.07206105 ], [ -39.68594544, -13.07257007 ], [ -39.68543005, -13.07488318 ], [ -39.68809522, -13.07786652 ], [ -39.6866805, -13.08225947 ], [ -39.68540149, -13.08235933 ] ], [ [ -39.64599354, -13.08100392 ], [ -39.64643582, -13.0825423 ], [ -39.64549217, -13.08469181 ], [ -39.64255515, -13.08513911 ], [ -39.64227887, -13.08433344 ], [ -39.64234297, -13.0832507 ], [ -39.64284915, -13.08304056 ], [ -39.64258484, -13.08230808 ], [ -39.64249143, -13.08170379 ], [ -39.64281815, -13.08120135 ], [ -39.64271228, -13.08085434 ], [ -39.64255126, -13.08060769 ], [ -39.64296467, -13.08044653 ], [ -39.64344921, -13.07988114 ], [ -39.64383309, -13.07995541 ], [ -39.64462525, -13.07965253 ], [ -39.64499825, -13.07925161 ], [ -39.6466133, -13.08057275 ], [ -39.64599354, -13.08100392 ] ], [ [ -39.65780914, -13.05284049 ], [ -39.65855081, -13.05250124 ], [ -39.6599075, -13.05263487 ], [ -39.66178818, -13.05367514 ], [ -39.66270953, -13.05504446 ], [ -39.66126925, -13.05653782 ], [ -39.65990103, -13.05685105 ], [ -39.65908148, -13.05584575 ], [ -39.65613653, -13.05430321 ], [ -39.65644162, -13.05334283 ], [ -39.65780914, -13.05284049 ] ], [ [ -39.66539811, -13.05341514 ], [ -39.66386973, -13.05190599 ], [ -39.66533024, -13.05053922 ], [ -39.66653488, -13.05183124 ], [ -39.66797588, -13.05140782 ], [ -39.66844026, -13.05164969 ], [ -39.66870302, -13.05204063 ], [ -39.66967979, -13.05210789 ], [ -39.66954682, -13.05306614 ], [ -39.66867175, -13.05397033 ], [ -39.66846832, -13.0551477 ], [ -39.66708458, -13.05601147 ], [ -39.66563892, -13.0555646 ], [ -39.66430682, -13.05461858 ], [ -39.66539811, -13.05341514 ] ], [ [ -39.67016519, -13.0433392 ], [ -39.66801773, -13.04200549 ], [ -39.66779019, -13.04205391 ], [ -39.66640497, -13.04095734 ], [ -39.6664019, -13.03980938 ], [ -39.66671478, -13.03942099 ], [ -39.66842407, -13.03950751 ], [ -39.6695216, -13.03973585 ], [ -39.67128644, -13.04031425 ], [ -39.6728888, -13.04146597 ], [ -39.67339126, -13.04151492 ], [ -39.6738317, -13.04137306 ], [ -39.67502664, -13.03971151 ], [ -39.67582218, -13.03846195 ], [ -39.67650143, -13.03847976 ], [ -39.67676975, -13.03898275 ], [ -39.67709444, -13.03925571 ], [ -39.67785561, -13.0398004 ], [ -39.67830684, -13.04017756 ], [ -39.67840554, -13.04077464 ], [ -39.67864072, -13.04099306 ], [ -39.6773513, -13.04160574 ], [ -39.67535857, -13.04319771 ], [ -39.67341128, -13.0449957 ], [ -39.67190584, -13.04523773 ], [ -39.67127627, -13.04499808 ], [ -39.66893495, -13.04476836 ], [ -39.66927394, -13.04350099 ], [ -39.67016519, -13.0433392 ] ] ], [ [ [ -39.78385178, -12.9944458 ], [ -39.78367614, -12.99456318 ], [ -39.78346151, -12.99464129 ], [ -39.78262557, -12.99492986 ], [ -39.7817044, -12.99521856 ], [ -39.78110987, -12.9954925 ], [ -39.78088863, -12.99559444 ], [ -39.78070092, -12.99571945 ], [ -39.78015591, -12.99608242 ], [ -39.77976569, -12.9963423 ], [ -39.77954796, -12.9964873 ], [ -39.77908606, -12.99690331 ], [ -39.7788639, -12.99710129 ], [ -39.77872215, -12.99722762 ], [ -39.77690042, -13.00300421 ], [ -39.77401463, -13.0083523 ], [ -39.77450874, -13.01031535 ], [ -39.77589895, -13.01134383 ], [ -39.77762403, -13.01267354 ], [ -39.77847738, -13.01450957 ], [ -39.78129815, -13.01301511 ], [ -39.78181414, -13.01374395 ], [ -39.78271148, -13.01321234 ], [ -39.78464708, -13.01612808 ], [ -39.7861455, -13.01886883 ], [ -39.78853159, -13.01800526 ], [ -39.79128274, -13.0181841 ], [ -39.79191886, -13.01842443 ], [ -39.79374783, -13.01861901 ], [ -39.79421321, -13.01841741 ], [ -39.79557113, -13.01848749 ], [ -39.79650789, -13.01851421 ], [ -39.79772819, -13.01830456 ], [ -39.799167, -13.01842606 ], [ -39.80081251, -13.01892471 ], [ -39.80282827, -13.01915233 ], [ -39.80330445, -13.01904293 ], [ -39.80433847, -13.0210798 ], [ -39.81083163, -13.01903377 ], [ -39.81172214, -13.02019028 ], [ -39.81305664, -13.02153861 ], [ -39.81376769, -13.02158133 ], [ -39.81488222, -13.02240235 ], [ -39.81722493, -13.02265672 ], [ -39.81832098, -13.02210573 ], [ -39.81965247, -13.02033291 ], [ -39.81990418, -13.01726505 ], [ -39.8169853, -13.01239851 ], [ -39.81797897, -13.01080826 ], [ -39.81808237, -13.01021866 ], [ -39.81858769, -13.00965647 ], [ -39.81876831, -13.009545 ], [ -39.81965243, -13.00813003 ], [ -39.81959526, -13.00319604 ], [ -39.81478101, -12.99914369 ], [ -39.80701903, -13.00009151 ], [ -39.80796201, -12.99782184 ], [ -39.80839561, -12.99688861 ], [ -39.80846883, -12.99570463 ], [ -39.80782113, -12.99396881 ], [ -39.80516893, -12.99186141 ], [ -39.80387732, -12.98954829 ], [ -39.80179127, -12.98776652 ], [ -39.80060591, -12.98653606 ], [ -39.80027026, -12.98644176 ], [ -39.79974579, -12.98663268 ], [ -39.79908023, -12.98687497 ], [ -39.79867787, -12.98701427 ], [ -39.79806075, -12.98721832 ], [ -39.79713973, -12.98752285 ], [ -39.79621221, -12.9878659 ], [ -39.79580028, -12.9880687 ], [ -39.79486428, -12.98844543 ], [ -39.79385593, -12.98888608 ], [ -39.79254202, -12.98942909 ], [ -39.79103078, -12.98999459 ], [ -39.79069576, -12.99008568 ], [ -39.79038669, -12.99016971 ], [ -39.79010585, -12.99024606 ], [ -39.78981832, -12.99037358 ], [ -39.78936993, -12.99057245 ], [ -39.78819675, -12.99109501 ], [ -39.78756173, -12.99139362 ], [ -39.78744677, -12.99144767 ], [ -39.78694392, -12.99169021 ], [ -39.78640632, -12.99195949 ], [ -39.78606952, -12.99212818 ], [ -39.78508694, -12.99281744 ], [ -39.7847539, -12.99323099 ], [ -39.78467488, -12.99332616 ], [ -39.78461253, -12.99344922 ], [ -39.78438221, -12.9939037 ], [ -39.78415923, -12.99420063 ], [ -39.78407461, -12.99431332 ], [ -39.78385178, -12.9944458 ] ] ] ] } },
{ "type": "Feature", "properties": { "gid": 2, "area_decre": 0.0, "area_geo": 701.7327, "ato_vigent": "Lei Complementar nº 1128 de 09/08/2011", "bioma": "Cerrado", "categoria": "Área de Proteção Ambiental", "grupo": "Uso Sustentável", "id": 2, "municipio": "Carinhanha", "nome_uc": "Área de Proteção Ambiental Municipal Pontal/Periperi", "observacao": null, "org_gestor": "Conselho da Cidade e Conselho Consultivo", "snuc": "Sim" }, "geometry": { "type": "MultiPolygon", "coordinates": [ [ [ [ -43.78670532, -14.30334286 ], [ -43.76683031, -14.31507387 ], [ -43.78229142, -14.33794332 ], [ -43.78437446, -14.33680593 ], [ -43.78960142, -14.33552185 ], [ -43.79039635, -14.3359779 ], [ -43.79275985, -14.32920092 ], [ -43.79585667, -14.31353226 ], [ -43.78670532, -14.30334286 ] ] ] ] } },
{ "type": "Feature", "properties": { "gid": 3, "area_decre": 10000.0, "area_geo": 9138.7837, "ato_vigent": "Lei nº 3427 de 15/08/2009", "bioma": "Mata Atlântica", "categoria": "Área de Relevante Interesse Ecológico", "grupo": "Uso Sustentável", "id": 3, "municipio": "Ilhéus", "nome_uc": "Área de Relevante Interesse Ecológico Corredor Ecológico Lagoa Encantada / Serra do Conduru", "observacao": null, "org_gestor": "Prefeitura Municipal de Ilhéus", "snuc": "Sim" }, "geometry": { "type": "MultiPolygon", "coordinates": [ [ [ [ -39.04407883, -14.51883888 ], [ -39.04378891, -14.52062035 ], [ -39.04336929, -14.52256966 ], [ -39.04295921, -14.52455902 ], [ -39.04254913, -14.52649879 ], [ -39.0421505, -14.52840042 ], [ -39.04175949, -14.53030968 ], [ -39.04134941, -14.53227043 ], [ -39.04093933, -14.53418922 ], [ -39.04073906, -14.53580856 ], [ -39.04094887, -14.5373497 ], [ -39.04151917, -14.53897858 ], [ -39.04208946, -14.54071045 ], [ -39.04259872, -14.54257965 ], [ -39.04312897, -14.54454994 ], [ -39.04365921, -14.54648972 ], [ -39.04417038, -14.54837036 ], [ -39.04471016, -14.55033875 ], [ -39.04525948, -14.55237007 ], [ -39.0457592, -14.5542202 ], [ -39.04616928, -14.55599976 ], [ -39.04641914, -14.55778885 ], [ -39.04685974, -14.55957031 ], [ -39.04738998, -14.56134033 ], [ -39.04797935, -14.56312943 ], [ -39.04874992, -14.56486893 ], [ -39.04961014, -14.56657982 ], [ -39.05043983, -14.56831932 ], [ -39.05102921, -14.57012939 ], [ -39.05150986, -14.57178879 ], [ -39.0522995, -14.57324028 ], [ -39.05311966, -14.57474899 ], [ -39.05340004, -14.57633972 ], [ -39.05348969, -14.57793999 ], [ -39.05382919, -14.57958984 ], [ -39.0543499, -14.58128929 ], [ -39.05521965, -14.58275986 ], [ -39.0564003, -14.58395958 ], [ -39.05699921, -14.58535957 ], [ -39.0573101, -14.58705902 ], [ -39.05766869, -14.58890915 ], [ -39.05787659, -14.59000015 ], [ -39.17000008, -14.59000015 ], [ -39.17000008, -14.56369972 ], [ -39.14138603, -14.54209518 ], [ -39.1413002, -14.54187012 ], [ -39.14122963, -14.54174423 ], [ -39.14111519, -14.54160309 ], [ -39.14094353, -14.54146385 ], [ -39.14082909, -14.54142189 ], [ -39.14071465, -14.54139519 ], [ -39.14042854, -14.54139519 ], [ -39.14017105, -14.54140854 ], [ -39.1398716, -14.54140854 ], [ -39.13975716, -14.54139519 ], [ -39.13954353, -14.54132462 ], [ -39.13944435, -14.54125404 ], [ -39.13935661, -14.54112816 ], [ -39.13931274, -14.54098701 ], [ -39.13927078, -14.54076385 ], [ -39.13928413, -14.54063797 ], [ -39.13931274, -14.54051018 ], [ -39.13936996, -14.54042625 ], [ -39.13944244, -14.54037094 ], [ -39.13951302, -14.54034233 ], [ -39.13964081, -14.54031372 ], [ -39.13975525, -14.54031372 ], [ -39.1398983, -14.54028702 ], [ -39.13996887, -14.54027367 ], [ -39.14004135, -14.54021645 ], [ -39.14006996, -14.54018784 ], [ -39.14006805, -14.54010391 ], [ -39.13999748, -14.54003334 ], [ -39.13991165, -14.53999138 ], [ -39.13979721, -14.53992271 ], [ -39.13971138, -14.53980827 ], [ -39.13966942, -14.53972435 ], [ -39.13964081, -14.53954315 ], [ -39.13966942, -14.53947258 ], [ -39.13972473, -14.53936005 ], [ -39.13979721, -14.53927612 ], [ -39.13989639, -14.53923416 ], [ -39.13998222, -14.53923416 ], [ -39.14012527, -14.53927612 ], [ -39.14028168, -14.53936005 ], [ -39.14036751, -14.53945923 ], [ -39.14045334, -14.53957176 ], [ -39.1406002, -14.53984261 ], [ -39.14082909, -14.54006577 ], [ -39.14095688, -14.5401783 ], [ -39.14115906, -14.54030418 ], [ -39.14140129, -14.54037476 ], [ -39.14167213, -14.54040337 ], [ -39.14195824, -14.54043198 ], [ -39.14221573, -14.54047394 ], [ -39.14240074, -14.5405159 ], [ -39.14255714, -14.5405426 ], [ -39.14280128, -14.5405426 ], [ -39.1429863, -14.54052925 ], [ -39.14308548, -14.5405159 ], [ -39.14318657, -14.54050064 ], [ -39.14330101, -14.54044533 ], [ -39.14335632, -14.5403595 ], [ -39.14344215, -14.54009438 ], [ -39.14344215, -14.53991127 ], [ -39.14347076, -14.5396862 ], [ -39.14351273, -14.53954697 ], [ -39.14362717, -14.53939247 ], [ -39.14378357, -14.53927994 ], [ -39.14389801, -14.53922272 ], [ -39.14401245, -14.53912544 ], [ -39.14408302, -14.53902817 ], [ -39.14414024, -14.53886032 ], [ -39.14418221, -14.53856468 ], [ -39.14418221, -14.53824234 ], [ -39.14415359, -14.5379467 ], [ -39.14412308, -14.53770828 ], [ -39.14403915, -14.53738785 ], [ -39.14399529, -14.53713417 ], [ -39.14395142, -14.53664207 ], [ -39.14396477, -14.5365448 ], [ -39.14399338, -14.53636169 ], [ -39.14406395, -14.53612328 ], [ -39.14417839, -14.53588676 ], [ -39.14434814, -14.53539658 ], [ -39.14443398, -14.5351429 ], [ -39.14446259, -14.53489113 ], [ -39.14446068, -14.53468132 ], [ -39.14441872, -14.53445625 ], [ -39.14433289, -14.53427315 ], [ -39.14426041, -14.53416061 ], [ -39.14411736, -14.53404999 ], [ -39.14403152, -14.53399277 ], [ -39.14394569, -14.53395081 ], [ -39.1438179, -14.53393745 ], [ -39.1436615, -14.53393745 ], [ -39.14347649, -14.53395081 ], [ -39.14330292, -14.53395081 ], [ -39.14319038, -14.53389549 ], [ -39.14310265, -14.53383827 ], [ -39.14303207, -14.53376961 ], [ -39.14297485, -14.53368378 ], [ -39.14293289, -14.5335865 ], [ -39.14288902, -14.53348732 ], [ -39.14284515, -14.53339005 ], [ -39.14281654, -14.5332489 ], [ -39.14280319, -14.53312302 ], [ -39.14280319, -14.53309631 ], [ -39.14280319, -14.53296852 ], [ -39.1428318, -14.53275871 ], [ -39.14287567, -14.53235435 ], [ -39.14291763, -14.53196335 ], [ -39.14295959, -14.53173828 ], [ -39.14301682, -14.53149986 ], [ -39.14307213, -14.53124619 ], [ -39.14317131, -14.53097916 ], [ -39.1432724, -14.530756 ], [ -39.1434288, -14.53051758 ], [ -39.14355659, -14.53039169 ], [ -39.14369965, -14.53029251 ], [ -39.14382744, -14.53020859 ], [ -39.14395714, -14.53013802 ], [ -39.14408493, -14.53009605 ], [ -39.14424324, -14.5300827 ], [ -39.1445694, -14.5300827 ], [ -39.14471245, -14.53010941 ], [ -39.14491272, -14.53013802 ], [ -39.14508438, -14.53013802 ], [ -39.14512825, -14.53012276 ], [ -39.14518356, -14.53009605 ], [ -39.14521217, -14.53005409 ], [ -39.14524078, -14.52999687 ], [ -39.14525414, -14.52989578 ], [ -39.07365417, -14.52025414 ], [ -39.07320786, -14.51980019 ], [ -39.07272911, -14.51924896 ], [ -39.07216454, -14.51891136 ], [ -39.07172966, -14.51886749 ], [ -39.07116508, -14.5188694 ], [ -39.07068634, -14.51848793 ], [ -39.07016373, -14.51844597 ], [ -39.06951141, -14.51840401 ], [ -39.06899071, -14.51819229 ], [ -39.06816292, -14.51755714 ], [ -39.06690216, -14.51687813 ], [ -39.0656414, -14.5161171 ], [ -39.06520653, -14.5156517 ], [ -39.06459808, -14.51535416 ], [ -39.06368446, -14.51497459 ], [ -39.06264114, -14.51429558 ], [ -39.06190109, -14.51366043 ], [ -39.06107521, -14.51281357 ], [ -39.06029129, -14.51201057 ], [ -39.05959511, -14.51136398 ], [ -39.05946541, -14.51095009 ], [ -39.05942535, -14.50983238 ], [ -39.0592804, -14.50878525 ], [ -39.05908012, -14.50764847 ], [ -39.05884361, -14.50722885 ], [ -39.05860329, -14.50694275 ], [ -39.05789185, -14.50640297 ], [ -39.0568409, -14.50570679 ], [ -39.05637741, -14.50531769 ], [ -39.05581284, -14.50489426 ], [ -39.05476952, -14.50468254 ], [ -39.05381203, -14.50464058 ], [ -39.05268097, -14.50464058 ], [ -39.05172539, -14.50430298 ], [ -39.05085564, -14.5032444 ], [ -39.05050659, -14.50265121 ], [ -39.04987144, -14.5021286 ], [ -39.04916, -14.50201607 ], [ -39.04846382, -14.50167656 ], [ -39.04775238, -14.50144768 ], [ -39.04724312, -14.50093269 ], [ -39.04622841, -14.49939156 ], [ -39.04561996, -14.49887085 ], [ -39.04490471, -14.49804878 ], [ -39.04432106, -14.49757004 ], [ -39.0435257, -14.49728775 ], [ -39.04285431, -14.49720001 ], [ -39.04214859, -14.49760628 ], [ -39.04172325, -14.49815369 ], [ -39.04168892, -14.49947929 ], [ -39.0416317, -14.50032043 ], [ -39.04163361, -14.50086784 ], [ -39.04157066, -14.50102997 ], [ -39.0414505, -14.501091 ], [ -39.04144478, -14.5011425 ], [ -39.0414238, -14.50118446 ], [ -39.04140091, -14.50121498 ], [ -39.04139137, -14.50126457 ], [ -39.04138756, -14.50133324 ], [ -39.04138756, -14.50139618 ], [ -39.04140472, -14.50145912 ], [ -39.04144287, -14.5014782 ], [ -39.04146767, -14.50150871 ], [ -39.04146385, -14.50156212 ], [ -39.04144669, -14.50160408 ], [ -39.04141617, -14.50164604 ], [ -39.04137993, -14.50167847 ], [ -39.04132462, -14.50172806 ], [ -39.0412693, -14.50174904 ], [ -39.04207039, -14.50242996 ], [ -39.04306984, -14.50319862 ], [ -39.04368973, -14.50440025 ], [ -39.04380989, -14.50595856 ], [ -39.04388046, -14.50774002 ], [ -39.04395866, -14.50959969 ], [ -39.04398918, -14.51144028 ], [ -39.0440197, -14.51327896 ], [ -39.04405975, -14.51513863 ], [ -39.04409981, -14.51708984 ], [ -39.04407883, -14.51883888 ] ] ] ] } },
{ "type": "Feature", "properties": { "gid": 4, "area_decre": 0.0, "area_geo": 776.6828, "ato_vigent": "Decreto nº 37 de 06/06/2011", "bioma": "Marinho", "categoria": "Parque Municipal", "grupo": null, "id": 5, "municipio": "Ilhéus", "nome_uc": "Parque Municipal Marinho dos Ilhéus", "observacao": null, "org_gestor": "Prefeitura Municipal de Ilhéus", "snuc": "Não" }, "geometry": { "type": "MultiPolygon", "coordinates": [ [ [ [ -39.02554001, -14.7682984 ], [ -39.01915089, -14.76607609 ], [ -39.01387291, -14.76413166 ], [ -39.00831706, -14.77524293 ], [ -39.00831704, -14.80163219 ], [ -39.00831708, -14.80524341 ], [ -39.02554005, -14.80524341 ], [ -39.02554001, -14.7682984 ] ] ] ] } },
{ "type": "Feature", "properties": { "gid": 5, "area_decre": 253.0, "area_geo": 253.838, "ato_vigent": "Lei nº 367 de 12/09/2008", "bioma": "Mata Atlântica", "categoria": "Parque Natural Municipal", "grupo": "Proteção Integral", "id": 6, "municipio": "Mata de São João", "nome_uc": "Parque Natural Municipal da Restinga de Praia do Forte", "observacao": null, "org_gestor": "Prefeitura Municipal de Mata de São Jõao", "snuc": "Sim" }, "geometry": { "type": "MultiPolygon", "coordinates": [ [ [ [ -38.00425183, -12.56919336 ], [ -38.00425896, -12.56920499 ], [ -38.00439929, -12.56940677 ], [ -38.0045489, -12.56957284 ], [ -38.00466235, -12.56967616 ], [ -38.00483493, -12.56980658 ], [ -38.00498933, -12.5699235 ], [ -38.00511635, -12.57004924 ], [ -38.00528057, -12.57024055 ], [ -38.00543443, -12.57047368 ], [ -38.00554296, -12.57065297 ], [ -38.00563307, -12.5708724 ], [ -38.00570065, -12.57103809 ], [ -38.00577765, -12.57125163 ], [ -38.00588124, -12.57151135 ], [ -38.00597656, -12.57169129 ], [ -38.00601218, -12.5717712 ], [ -38.00609812, -12.57191015 ], [ -38.00622604, -12.57211898 ], [ -38.00637074, -12.57236101 ], [ -38.00645218, -12.57248654 ], [ -38.00655211, -12.57255851 ], [ -38.00666118, -12.57262606 ], [ -38.00671095, -12.57270227 ], [ -38.00678815, -12.57284362 ], [ -38.00697819, -12.57313502 ], [ -38.00715918, -12.57341298 ], [ -38.00729046, -12.57360131 ], [ -38.00740846, -12.57370912 ], [ -38.00754466, -12.57382149 ], [ -38.00760005, -12.57389594 ], [ -38.00774931, -12.57413799 ], [ -38.00788044, -12.57435761 ], [ -38.00796157, -12.57455018 ], [ -38.00799767, -12.57462633 ], [ -38.00792058, -12.57476625 ], [ -38.00788482, -12.57485618 ], [ -38.00789151, -12.5749359 ], [ -38.00792643, -12.57502269 ], [ -38.00800736, -12.57509236 ], [ -38.00813792, -12.5751276 ], [ -38.0082366, -12.57518003 ], [ -38.00830339, -12.5752531 ], [ -38.00833477, -12.57533986 ], [ -38.00834146, -12.57541959 ], [ -38.00831374, -12.57550153 ], [ -38.00830689, -12.57555332 ], [ -38.00834713, -12.57563361 ], [ -38.00844026, -12.57576539 ], [ -38.00852629, -12.57598251 ], [ -38.00862616, -12.57620362 ], [ -38.0087192, -12.5763551 ], [ -38.00873203, -12.57647337 ], [ -38.00879161, -12.57661813 ], [ -38.00887123, -12.57677611 ], [ -38.00898436, -12.57692768 ], [ -38.00909774, -12.57702671 ], [ -38.00925805, -12.57711282 ], [ -38.00947188, -12.57721232 ], [ -38.00978932, -12.5773355 ], [ -38.01015674, -12.57752764 ], [ -38.01057097, -12.57773312 ], [ -38.01085828, -12.57787235 ], [ -38.01109236, -12.5779391 ], [ -38.01141356, -12.5779931 ], [ -38.01153395, -12.57802649 ], [ -38.01167433, -12.57807967 ], [ -38.01201572, -12.57811407 ], [ -38.01226337, -12.57814147 ], [ -38.01250786, -12.5781678 ], [ -38.01257495, -12.57814184 ], [ -38.0126421, -12.57810274 ], [ -38.01278268, -12.57811652 ], [ -38.01299025, -12.57812403 ], [ -38.01320454, -12.57812501 ], [ -38.01329845, -12.5780926 ], [ -38.01336567, -12.57804036 ], [ -38.01340632, -12.57794204 ], [ -38.01344011, -12.57787652 ], [ -38.01352742, -12.57782437 ], [ -38.01376943, -12.57762845 ], [ -38.01396429, -12.57749142 ], [ -38.01416579, -12.57736756 ], [ -38.0144007, -12.57725698 ], [ -38.01465549, -12.57719246 ], [ -38.01492026, -12.57715129 ], [ -38.01494181, -12.57714928 ], [ -38.01496773, -12.57703913 ], [ -38.01497692, -12.57692467 ], [ -38.01499711, -12.57680912 ], [ -38.01505239, -12.5766189 ], [ -38.01510457, -12.57639518 ], [ -38.01514058, -12.57620596 ], [ -38.01516115, -12.57602246 ], [ -38.01514981, -12.57584313 ], [ -38.01510175, -12.57570816 ], [ -38.0150607, -12.57558961 ], [ -38.01500097, -12.57543619 ], [ -38.01489176, -12.57526848 ], [ -38.01477444, -12.57514625 ], [ -38.01466524, -12.57507754 ], [ -38.01449756, -12.57498359 ], [ -38.0142786, -12.57488011 ], [ -38.01389557, -12.57491895 ], [ -38.01363636, -12.57506498 ], [ -38.01352786, -12.57512723 ], [ -38.0134111, -12.57517698 ], [ -38.01326906, -12.57519553 ], [ -38.01318459, -12.57519834 ], [ -38.01311636, -12.57516169 ], [ -38.01302874, -12.57508796 ], [ -38.01292429, -12.57495006 ], [ -38.01283194, -12.57483831 ], [ -38.01291576, -12.57471991 ], [ -38.01293231, -12.57456489 ], [ -38.01292881, -12.57448927 ], [ -38.01292982, -12.57448746 ], [ -38.01299837, -12.57439667 ], [ -38.01308528, -12.5742617 ], [ -38.01313816, -12.57412871 ], [ -38.01316781, -12.57397289 ], [ -38.01319741, -12.57387305 ], [ -38.01322874, -12.57362021 ], [ -38.01314346, -12.57335287 ], [ -38.01299932, -12.57319359 ], [ -38.01289262, -12.57310183 ], [ -38.01281644, -12.57299116 ], [ -38.01269592, -12.57288975 ], [ -38.01261735, -12.57281198 ], [ -38.01261741, -12.5728118 ], [ -38.01265599, -12.5727432 ], [ -38.01273008, -12.57264725 ], [ -38.01278648, -12.5726029 ], [ -38.01284276, -12.57257562 ], [ -38.0129065, -12.57254962 ], [ -38.01296769, -12.57254468 ], [ -38.0131321, -12.57254543 ], [ -38.01329734, -12.57244336 ], [ -38.0134382, -12.57226445 ], [ -38.01346531, -12.57207599 ], [ -38.0134809, -12.57188176 ], [ -38.01339303, -12.57160424 ], [ -38.0131106, -12.57152227 ], [ -38.01293956, -12.57154084 ], [ -38.01284601, -12.57154041 ], [ -38.01276464, -12.5715331 ], [ -38.01268527, -12.57151253 ], [ -38.01267957, -12.57150935 ], [ -38.01260558, -12.57142194 ], [ -38.01253537, -12.57133781 ], [ -38.01249783, -12.57125203 ], [ -38.01239817, -12.57105428 ], [ -38.01231405, -12.5709606 ], [ -38.01226393, -12.57087025 ], [ -38.01216233, -12.5707382 ], [ -38.01208815, -12.57066045 ], [ -38.01204979, -12.57059582 ], [ -38.0119553, -12.57045541 ], [ -38.01184441, -12.57035855 ], [ -38.01169179, -12.5702208 ], [ -38.01150974, -12.57004575 ], [ -38.01127024, -12.56985403 ], [ -38.01115, -12.56974416 ], [ -38.01098713, -12.56958295 ], [ -38.01074302, -12.56955059 ], [ -38.01053313, -12.56957534 ], [ -38.01039198, -12.56971249 ], [ -38.01033276, -12.56980588 ], [ -38.01031037, -12.56984265 ], [ -38.01026322, -12.56982469 ], [ -38.0101359, -12.56977515 ], [ -38.00997629, -12.56972964 ], [ -38.00982754, -12.56969391 ], [ -38.00982714, -12.56969387 ], [ -38.00985959, -12.56967534 ], [ -38.0098667, -12.56967654 ], [ -38.00998401, -12.56968283 ], [ -38.01018109, -12.56969293 ], [ -38.01044609, -12.56952142 ], [ -38.01048849, -12.56929859 ], [ -38.01046794, -12.56920935 ], [ -38.01046819, -12.56912251 ], [ -38.01046283, -12.56898032 ], [ -38.01042665, -12.56877047 ], [ -38.01033747, -12.56858063 ], [ -38.01021179, -12.56842049 ], [ -38.01012983, -12.56834784 ], [ -38.01007201, -12.56827275 ], [ -38.0100523, -12.56824672 ], [ -38.01005237, -12.56823156 ], [ -38.01006655, -12.56815306 ], [ -38.01012505, -12.56804528 ], [ -38.01014324, -12.56776818 ], [ -38.01008623, -12.56759781 ], [ -38.01002752, -12.56747642 ], [ -38.00999343, -12.56736592 ], [ -38.00994944, -12.56722641 ], [ -38.00994497, -12.56708515 ], [ -38.00989604, -12.56693894 ], [ -38.00981759, -12.56682236 ], [ -38.00966221, -12.56671244 ], [ -38.00949472, -12.56672133 ], [ -38.00944458, -12.56671837 ], [ -38.00941121, -12.56671028 ], [ -38.00933019, -12.56657779 ], [ -38.00924045, -12.56640868 ], [ -38.00918058, -12.56625988 ], [ -38.00910416, -12.56611516 ], [ -38.00901549, -12.56601388 ], [ -38.00890837, -12.56589775 ], [ -38.00882573, -12.56580631 ], [ -38.00869742, -12.56565811 ], [ -38.0085239, -12.56549619 ], [ -38.00849743, -12.56545309 ], [ -38.00843665, -12.56533249 ], [ -38.00841824, -12.5652801 ], [ -38.00839296, -12.56519946 ], [ -38.00831175, -12.56505451 ], [ -38.00821236, -12.5649856 ], [ -38.00800602, -12.56486871 ], [ -38.00793339, -12.56489806 ], [ -38.00786884, -12.56483097 ], [ -38.00781815, -12.56477242 ], [ -38.00775816, -12.56465836 ], [ -38.00766793, -12.56447931 ], [ -38.00756512, -12.56436299 ], [ -38.00745675, -12.56421271 ], [ -38.00735796, -12.56413324 ], [ -38.00729472, -12.56404111 ], [ -38.00729285, -12.56403555 ], [ -38.00728678, -12.56393319 ], [ -38.00726631, -12.56367044 ], [ -38.00721641, -12.56350874 ], [ -38.00710724, -12.56337903 ], [ -38.0069456, -12.56331021 ], [ -38.0067994, -12.56326359 ], [ -38.00669754, -12.5632085 ], [ -38.0066257, -12.56315767 ], [ -38.00659198, -12.56310085 ], [ -38.0064993, -12.56294583 ], [ -38.00643893, -12.56280954 ], [ -38.00632965, -12.56253396 ], [ -38.0062503, -12.56234671 ], [ -38.00612475, -12.56216496 ], [ -38.00599756, -12.56198018 ], [ -38.00582272, -12.56172908 ], [ -38.00563135, -12.56149019 ], [ -38.00542968, -12.56117429 ], [ -38.00524519, -12.56085004 ], [ -38.00502658, -12.56049173 ], [ -38.00487001, -12.56020572 ], [ -38.00480487, -12.56008298 ], [ -38.00477029, -12.55990919 ], [ -38.00471, -12.55964158 ], [ -38.00460682, -12.55925492 ], [ -38.00447602, -12.5588339 ], [ -38.00435115, -12.55850268 ], [ -38.00428481, -12.55826608 ], [ -38.00415363, -12.55806185 ], [ -38.0040883, -12.55792566 ], [ -38.00403274, -12.55770336 ], [ -38.00388748, -12.55757553 ], [ -38.00378592, -12.55749509 ], [ -38.00365045, -12.55740881 ], [ -38.00351671, -12.55733083 ], [ -38.00349792, -12.55731636 ], [ -38.00340576, -12.55715472 ], [ -38.00329165, -12.55700696 ], [ -38.00313687, -12.55676387 ], [ -38.00293038, -12.55641181 ], [ -38.00284097, -12.55624716 ], [ -38.00259403, -12.55608407 ], [ -38.00252466, -12.55607997 ], [ -38.00253326, -12.55597671 ], [ -38.00253409, -12.55580147 ], [ -38.00250046, -12.55570942 ], [ -38.00246829, -12.55562141 ], [ -38.00229398, -12.55540884 ], [ -38.00210993, -12.55530839 ], [ -38.00190463, -12.55529972 ], [ -38.0018116, -12.55530362 ], [ -38.00174913, -12.55530716 ], [ -38.00169475, -12.55530691 ], [ -38.0015757, -12.5552646 ], [ -38.00153142, -12.55526439 ], [ -38.00153218, -12.55510505 ], [ -38.00144526, -12.55487814 ], [ -38.00138338, -12.5547321 ], [ -38.00131216, -12.55446518 ], [ -38.00122768, -12.55431863 ], [ -38.00117506, -12.55422471 ], [ -38.00111108, -12.55414552 ], [ -38.00105867, -12.55404152 ], [ -38.00092751, -12.5538373 ], [ -38.00065213, -12.55378689 ], [ -38.00044574, -12.55384369 ], [ -38.0003467, -12.55396395 ], [ -38.00027927, -12.55406679 ], [ -38.00013418, -12.55428345 ], [ -38.00010846, -12.55446614 ], [ -38.00008691, -12.55459602 ], [ -38.00008037, -12.55461355 ], [ -37.99998677, -12.55454967 ], [ -37.99986349, -12.5544581 ], [ -37.99984693, -12.55444171 ], [ -37.99982444, -12.55439332 ], [ -37.99977378, -12.55430226 ], [ -37.99973846, -12.55422244 ], [ -37.99966366, -12.5541166 ], [ -37.99955986, -12.55401383 ], [ -37.99947764, -12.55393598 ], [ -37.99941804, -12.5538851 ], [ -37.99941154, -12.55385909 ], [ -37.99941035, -12.55384678 ], [ -37.99941516, -12.55381368 ], [ -37.99944152, -12.55374246 ], [ -37.99948087, -12.55360767 ], [ -37.99949558, -12.55346553 ], [ -37.99949004, -12.55331857 ], [ -37.99943093, -12.55318514 ], [ -37.99938, -12.55308405 ], [ -37.99930454, -12.55299813 ], [ -37.99927758, -12.55295716 ], [ -37.99925768, -12.5529137 ], [ -37.99934922, -12.55288295 ], [ -37.99935284, -12.55287943 ], [ -37.99945463, -12.55286255 ], [ -37.99958659, -12.55283505 ], [ -37.99971069, -12.55275473 ], [ -37.99984484, -12.55266489 ], [ -37.99997938, -12.55249067 ], [ -37.99991551, -12.55221329 ], [ -37.99971715, -12.55209533 ], [ -37.99965092, -12.55209502 ], [ -37.99972057, -12.55202413 ], [ -37.99979084, -12.551871 ], [ -37.99979096, -12.55184601 ], [ -37.99986489, -12.55178071 ], [ -37.99987508, -12.55175647 ], [ -38.00009022, -12.55168086 ], [ -37.99998681, -12.55148365 ], [ -37.99853341, -12.55029203 ], [ -37.99797315, -12.54940707 ], [ -37.99662329, -12.54739372 ], [ -37.99526089, -12.54615441 ], [ -37.99439621, -12.54501362 ], [ -37.99291777, -12.54238881 ], [ -37.99226673, -12.54131517 ], [ -37.99144247, -12.54059258 ], [ -37.99052853, -12.53978387 ], [ -37.98989461, -12.53865767 ], [ -37.98787865, -12.53309964 ], [ -37.985454, -12.52897727 ], [ -37.98412722, -12.52622696 ], [ -37.98030984, -12.51824858 ], [ -37.976626, -12.51257147 ], [ -37.97427371, -12.50981049 ], [ -37.97364349, -12.51025506 ], [ -37.97368788, -12.51046213 ], [ -37.97375509, -12.51065745 ], [ -37.97378282, -12.51079687 ], [ -37.97388459, -12.51089206 ], [ -37.97408289, -12.51099327 ], [ -37.97419638, -12.51101609 ], [ -37.97434367, -12.51109478 ], [ -37.97447425, -12.51110654 ], [ -37.97457651, -12.51110145 ], [ -37.9746448, -12.51107391 ], [ -37.97471877, -12.5110464 ], [ -37.97477543, -12.51107452 ], [ -37.97480984, -12.51113869 ], [ -37.97479272, -12.51115532 ], [ -37.97473011, -12.51118289 ], [ -37.97471299, -12.51119952 ], [ -37.97471832, -12.51127197 ], [ -37.97475792, -12.51130559 ], [ -37.97480343, -12.51128909 ], [ -37.974883, -12.51127832 ], [ -37.97492268, -12.51129522 ], [ -37.97493942, -12.51135658 ], [ -37.97489361, -12.51143437 ], [ -37.97489312, -12.51153465 ], [ -37.97494343, -12.51170203 ], [ -37.97501661, -12.51183609 ], [ -37.97508423, -12.51194784 ], [ -37.9752259, -12.51201536 ], [ -37.97533357, -12.51206601 ], [ -37.97550366, -12.51212809 ], [ -37.97561704, -12.51217319 ], [ -37.9756507, -12.5122374 ], [ -37.97561071, -12.51227625 ], [ -37.97556709, -12.51231863 ], [ -37.97556325, -12.51236475 ], [ -37.97560639, -12.51242173 ], [ -37.97568236, -12.51242208 ], [ -37.97574024, -12.51242235 ], [ -37.9757979, -12.51246876 ], [ -37.9758521, -12.51248321 ], [ -37.97588097, -12.51249754 ], [ -37.97589169, -12.51252598 ], [ -37.97586981, -12.51256136 ], [ -37.97584421, -12.51261802 ], [ -37.97585479, -12.51267485 ], [ -37.97591591, -12.51275321 ], [ -37.97595539, -12.51281727 ], [ -37.97599902, -12.51292267 ], [ -37.97605282, -12.51301874 ], [ -37.9761031, -12.5130935 ], [ -37.97618584, -12.5131897 ], [ -37.97619651, -12.51322879 ], [ -37.97619253, -12.51330329 ], [ -37.97620143, -12.51339055 ], [ -37.97550052, -12.51388582 ], [ -37.97965167, -12.51929703 ], [ -37.98351068, -12.52688106 ], [ -37.98763233, -12.5359163 ], [ -37.98804841, -12.53682838 ], [ -37.98847059, -12.53783176 ], [ -37.9891911, -12.53925672 ], [ -37.99038737, -12.54079492 ], [ -37.9914772, -12.54259108 ], [ -37.99174088, -12.54295759 ], [ -37.99185884, -12.54350206 ], [ -37.99212944, -12.54423904 ], [ -37.99321985, -12.54579775 ], [ -37.99380757, -12.54624817 ], [ -37.99438703, -12.54691576 ], [ -37.99539406, -12.5477119 ], [ -37.99651528, -12.54912375 ], [ -37.9967953, -12.54967623 ], [ -37.99726328, -12.55031268 ], [ -37.99791652, -12.55142955 ], [ -37.99757144, -12.55169214 ], [ -37.99700224, -12.55264256 ], [ -37.99692844, -12.55337849 ], [ -37.99726074, -12.55422002 ], [ -37.99710363, -12.55502432 ], [ -37.99710262, -12.55537656 ], [ -37.99775707, -12.55591953 ], [ -37.99780348, -12.55603023 ], [ -37.99782087, -12.55609198 ], [ -37.99784491, -12.55618472 ], [ -37.9978824, -12.55625913 ], [ -37.99789749, -12.55629788 ], [ -37.99789586, -12.55631909 ], [ -37.99787905, -12.55643846 ], [ -37.99791566, -12.55657967 ], [ -37.99795755, -12.55667267 ], [ -37.99797925, -12.55676355 ], [ -37.99801196, -12.5568996 ], [ -37.99804112, -12.55701905 ], [ -37.99810017, -12.5572192 ], [ -37.99812324, -12.55733252 ], [ -37.99816769, -12.55747136 ], [ -37.99823714, -12.55765302 ], [ -37.99826902, -12.55774372 ], [ -37.99831583, -12.55790125 ], [ -37.9983582, -12.55807324 ], [ -37.99838845, -12.55821962 ], [ -37.99841985, -12.55830713 ], [ -37.99843403, -12.55834715 ], [ -37.99842569, -12.55836642 ], [ -37.99835046, -12.55847479 ], [ -37.99827882, -12.55861696 ], [ -37.99823387, -12.55875332 ], [ -37.99820485, -12.55886227 ], [ -37.99817448, -12.5590444 ], [ -37.99816035, -12.55923371 ], [ -37.99813946, -12.55941284 ], [ -37.99811163, -12.55968561 ], [ -37.99809764, -12.55992944 ], [ -37.99809089, -12.56000064 ], [ -37.99807471, -12.5600996 ], [ -37.99804495, -12.56024777 ], [ -37.99804105, -12.56042217 ], [ -37.99804382, -12.56055972 ], [ -37.99807434, -12.56068534 ], [ -37.99811608, -12.56083475 ], [ -37.99820043, -12.56096979 ], [ -37.99827596, -12.56109889 ], [ -37.99830643, -12.56114454 ], [ -37.9983448, -12.56122983 ], [ -37.99838684, -12.56135549 ], [ -37.99844087, -12.5615388 ], [ -37.99853712, -12.56175318 ], [ -37.99865625, -12.56196116 ], [ -37.99876684, -12.56214945 ], [ -37.99879391, -12.56220797 ], [ -37.99881496, -12.56229041 ], [ -37.99883792, -12.56243194 ], [ -37.99885593, -12.56254093 ], [ -37.99888993, -12.56273521 ], [ -37.99893499, -12.56286078 ], [ -37.99897366, -12.56297247 ], [ -37.9990328, -12.56305057 ], [ -37.99909921, -12.56317317 ], [ -37.99922633, -12.56341798 ], [ -37.99935347, -12.56364275 ], [ -37.99946503, -12.56382901 ], [ -37.99956873, -12.56399346 ], [ -37.99971771, -12.56414095 ], [ -37.99984035, -12.56422379 ], [ -37.99990414, -12.56429065 ], [ -37.99997142, -12.56438395 ], [ -38.00006025, -12.56453493 ], [ -38.00018194, -12.56466401 ], [ -38.00034113, -12.56477192 ], [ -38.00047295, -12.56482388 ], [ -38.00055092, -12.56485755 ], [ -38.00067044, -12.5649365 ], [ -38.00080159, -12.56504048 ], [ -38.00097823, -12.56522387 ], [ -38.00117599, -12.56541487 ], [ -38.00137291, -12.56557572 ], [ -38.00153943, -12.56569567 ], [ -38.0017642, -12.56582934 ], [ -38.00191345, -12.56594161 ], [ -38.00203965, -12.56604238 ], [ -38.00220877, -12.5662098 ], [ -38.00229644, -12.56630899 ], [ -38.00239794, -12.56642776 ], [ -38.00249478, -12.56653296 ], [ -38.00258858, -12.56668084 ], [ -38.00276814, -12.56690945 ], [ -38.00287772, -12.56701277 ], [ -38.00301036, -12.5671392 ], [ -38.00313372, -12.56723378 ], [ -38.00318958, -12.56730717 ], [ -38.00326605, -12.56739665 ], [ -38.00329863, -12.56747614 ], [ -38.00336292, -12.56763806 ], [ -38.0034147, -12.56779281 ], [ -38.00348685, -12.56791384 ], [ -38.00357376, -12.56806705 ], [ -38.00362163, -12.56813398 ], [ -38.00363175, -12.56819973 ], [ -38.00363539, -12.56836498 ], [ -38.00365654, -12.56854301 ], [ -38.00370754, -12.56874134 ], [ -38.00378158, -12.56889886 ], [ -38.00389174, -12.56913185 ], [ -38.00399725, -12.56930391 ], [ -38.00425183, -12.56919336 ] ] ] ] } },
{ "type": "Feature", "properties": { "gid": 7, "area_decre": 96.0, "area_geo": 119.3127, "ato_vigent": "Decreto nº 548 de 14/12/2001", "bioma": "Caatinga", "categoria": "Parque Natural Municipal", "grupo": "Proteção Integral", "id": 8, "municipio": "Palmeiras", "nome_uc": "Parque Natural Municipal do Morro do Pai Inácio", "observacao": null, "org_gestor": "Prefeitura Municipal de Palmeiras", "snuc": "Sim" }, "geometry": { "type": "MultiPolygon", "coordinates": [ [ [ [ -41.47788955, -12.45947947 ], [ -41.47798367, -12.45583735 ], [ -41.47871941, -12.45392414 ], [ -41.47902995, -12.45080409 ], [ -41.47867572, -12.45029232 ], [ -41.47771422, -12.4506987 ], [ -41.47759961, -12.45024798 ], [ -41.47185574, -12.45437555 ], [ -41.46662582, -12.4555076 ], [ -41.46619251, -12.45732768 ], [ -41.46539621, -12.45868123 ], [ -41.46617542, -12.46038181 ], [ -41.46685586, -12.46136046 ], [ -41.46814924, -12.46104144 ], [ -41.472501, -12.46231176 ], [ -41.4737533, -12.4625081 ], [ -41.47585304, -12.46190156 ], [ -41.47585304, -12.46190156 ], [ -41.47788955, -12.45947947 ] ] ] ] } },
{ "type": "Feature", "properties": { "gid": 8, "area_decre": 572.9, "area_geo": 572.2505, "ato_vigent": "Lei nº 156 de 10/03/2015", "bioma": "Caatinga", "categoria": "Área de Proteção Ambiental", "grupo": "Uso Sustentável", "id": 9, "municipio": "Paramirim", "nome_uc": "Área de Proteção Ambiental da Canabrava", "observacao": null, "org_gestor": "Prefeitura Municipal de Paramirim", "snuc": "Sim" }, "geometry": { "type": "MultiPolygon", "coordinates": [ [ [ [ -42.20432454, -13.52647865 ], [ -42.18780417, -13.5261309 ], [ -42.18762031, -13.55512342 ], [ -42.20398763, -13.55530725 ], [ -42.20432454, -13.52647865 ] ] ] ] } },
{ "type": "Feature", "properties": { "gid": 9, "area_decre": 193.72, "area_geo": 172.8062, "ato_vigent": "Lei nº 156 de 10/03/2015", "bioma": "Caatinga", "categoria": "Área de Proteção Ambiental", "grupo": "Uso Sustentável", "id": 11, "municipio": "Paramirim", "nome_uc": "Área de Proteção Ambiental da Pedra Branca", "observacao": "Uma pequena porção desta APA está sobrepondo com a APA da Barragem. A Prefeitura de Paramirim já foi orientada pelo INEMA a refinar as poligonais para acabar com a sobreposição das UC.", "org_gestor": "Prefeitura Municipal de Paramirim", "snuc": "Sim" }, "geometry": { "type": "MultiPolygon", "coordinates": [ [ [ [ -42.2372721, -13.38851072 ], [ -42.23601265, -13.38410898 ], [ -42.22985818, -13.38404156 ], [ -42.22382156, -13.38765088 ], [ -42.21833199, -13.39556371 ], [ -42.23300496, -13.39517415 ], [ -42.2372721, -13.38851072 ] ] ] ] } },
{ "type": "Feature", "properties": { "gid": 10, "area_decre": 408.67, "area_geo": 409.2629, "ato_vigent": "Lei nº 156 de 10/03/2015", "bioma": "Caatinga", "categoria": "Área de Proteção Ambiental", "grupo": "Uso Sustentável", "id": 12, "municipio": "Paramirim", "nome_uc": "Área de Proteção Ambiental da Pedra do Queixinho", "observacao": null, "org_gestor": "Prefeitura Municipal de Paramirim", "snuc": "Sim" }, "geometry": { "type": "MultiPolygon", "coordinates": [ [ [ [ -42.21360389, -13.62391613 ], [ -42.20495787, -13.63082802 ], [ -42.20154991, -13.63819766 ], [ -42.20400217, -13.64601306 ], [ -42.21830263, -13.64226089 ], [ -42.2282568, -13.63145005 ], [ -42.21360389, -13.62391613 ] ] ] ] } },
{ "type": "Feature", "properties": { "gid": 11, "area_decre": 187.55, "area_geo": 187.8339, "ato_vigent": "Lei nº 156 de 10/03/2015", "bioma": "Caatinga", "categoria": "Área de Proteção Ambiental", "grupo": "Uso Sustentável", "id": 13, "municipio": "Paramirim", "nome_uc": "Área de Proteção Ambiental dos Pequiseiros", "observacao": "Parte da área desta APA está inserida no município de Érico Cardoso. A Prefeitura já foi orientada pelo INEMA a alterar os vértices definidores da poligonal da APA, de modo a esta UC se adequar integralmente aos limites municipais de Paramirim", "org_gestor": "Prefeitura Municipal de Paramirim", "snuc": "Sim" }, "geometry": { "type": "MultiPolygon", "coordinates": [ [ [ [ -42.19454568, -13.30504666 ], [ -42.1872437, -13.3073023 ], [ -42.18814223, -13.32019082 ], [ -42.19653149, -13.31931488 ], [ -42.20177135, -13.30894443 ], [ -42.19454568, -13.30504666 ] ] ] ] } },
{ "type": "Feature", "properties": { "gid": 12, "area_decre": 1349.0, "area_geo": 1387.0703, "ato_vigent": "Lei nº 156 de 10/03/2015", "bioma": "Caatinga", "categoria": "Área de Proteção Ambiental", "grupo": "Uso Sustentável", "id": 14, "municipio": "Paramirim", "nome_uc": "Área de Proteção Ambiental do Morro de Santana", "observacao": null, "org_gestor": "Prefeitura Municipal de Paramirim", "snuc": "Sim" }, "geometry": { "type": "MultiPolygon", "coordinates": [ [ [ [ -42.31303852, -13.49532118 ], [ -42.28079847, -13.49497358 ], [ -42.28039166, -13.53084013 ], [ -42.31263652, -13.53118869 ], [ -42.31303852, -13.49532118 ] ] ] ] } },
{ "type": "Feature", "properties": { "gid": 13, "area_decre": 14371.02, "area_geo": 14438.3695, "ato_vigent": "Lei nº 156 de 10/03/2015", "bioma": "Caatinga", "categoria": "Área de Proteção Ambiental", "grupo": "Uso Sustentável", "id": 15, "municipio": "Paramirim", "nome_uc": "Área de Proteção Ambiental da Gameleira", "observacao": "Parte da área desta APA está inserida no município de Érico Cardoso e está sobrepondo em parte com a APA da Barragem. A prefeitura foi orientada a alterar os vértices da poligonal desta APA.", "org_gestor": "Prefeitura Municipal de Paramirim", "snuc": "Sim" }, "geometry": { "type": "MultiPolygon", "coordinates": [ [ [ [ -42.16560804, -13.50228206 ], [ -42.15256179, -13.51092868 ], [ -42.12521235, -13.51061621 ], [ -42.10758508, -13.53443798 ], [ -42.09880906, -13.5330618 ], [ -42.09838551, -13.51425775 ], [ -42.09214932, -13.51832762 ], [ -42.0903656, -13.53782266 ], [ -42.06574633, -13.57361854 ], [ -42.04340521, -13.58267408 ], [ -42.02766758, -13.61708772 ], [ -42.04267396, -13.64150942 ], [ -42.04769139, -13.63755825 ], [ -42.05359652, -13.66048903 ], [ -42.11184755, -13.63289624 ], [ -42.13860428, -13.6091489 ], [ -42.15535635, -13.57030755 ], [ -42.18396303, -13.5336689 ], [ -42.16560804, -13.50228206 ] ] ] ] } },
{ "type": "Feature", "properties": { "gid": 14, "area_decre": 6852.85, "area_geo": 6863.0546, "ato_vigent": "Lei nº 156 de 10/03/2015", "bioma": "Caatinga", "categoria": "Área de Proteção Ambiental", "grupo": "Uso Sustentável", "id": 16, "municipio": "Paramirim", "nome_uc": "Área de Proteção Ambiental da Barragem", "observacao": "Parte da área desta APA está inserida no município de Érico Cardoso e está sobrepondo em parte com a APA da Pedra Branca. A prefeitura foi orientada a alterar os vértices da poligonal desta APA.", "org_gestor": "Prefeitura Municipal de Paramirim", "snuc": "Sim" }, "geometry": { "type": "MultiPolygon", "coordinates": [ [ [ [ -42.2320527, -13.39471143 ], [ -42.20665903, -13.39514865 ], [ -42.18504775, -13.42717216 ], [ -42.17478934, -13.42753521 ], [ -42.16529335, -13.46686106 ], [ -42.15210138, -13.48798117 ], [ -42.12521235, -13.51061621 ], [ -42.15256178, -13.51092913 ], [ -42.17224679, -13.49848547 ], [ -42.19007248, -13.49868595 ], [ -42.21261863, -13.49200694 ], [ -42.22278094, -13.45794342 ], [ -42.23509273, -13.4277265 ], [ -42.2320527, -13.39471143 ] ] ] ] } },
{ "type": "Feature", "properties": { "gid": 15, "area_decre": 1750.0, "area_geo": 1527.9213, "ato_vigent": "Lei nº 260 de 16/12/1997", "bioma": "Marinho", "categoria": "Parque Natural Municipal", "grupo": "Proteção Integral", "id": 17, "municipio": "Porto Seguro", "nome_uc": "Parque Natural Municipal Marinho do Recife de Fora", "observacao": null, "org_gestor": "Prefeitura Municipal de Porto Seguro", "snuc": "Sim" }, "geometry": { "type": "MultiPolygon", "coordinates": [ [ [ [ -38.99601967, -16.43029067 ], [ -38.99601968, -16.38773281 ], [ -38.96562036, -16.38773281 ], [ -38.96562036, -16.43029067 ], [ -38.99601967, -16.43029067 ] ] ] ] } },
{ "type": "Feature", "properties": { "gid": 16, "area_decre": 0.0, "area_geo": 4375.5986, "ato_vigent": "Decreto nº 01 de 19/01/2002", "bioma": "Caatinga", "categoria": "Parque Natural Municipal", "grupo": "Proteção Integral", "id": 18, "municipio": "Rio de Contas", "nome_uc": "Parque Municipal Natural da Serra das Almas", "observacao": null, "org_gestor": "Prefeitura Municipal de Rio de Contas", "snuc": "Sim" }, "geometry": { "type": "MultiPolygon", "coordinates": [ [ [ [ -41.94924167, -13.46236427 ], [ -41.94921438, -13.46241898 ], [ -41.94885454, -13.46242321 ], [ -41.94802321, -13.46243296 ], [ -41.94782853, -13.46243525 ], [ -41.94752572, -13.46257518 ], [ -41.94725091, -13.46274097 ], [ -41.94694915, -13.46304256 ], [ -41.94681375, -13.46328891 ], [ -41.94662198, -13.46345373 ], [ -41.94651192, -13.46350921 ], [ -41.94634525, -13.46353826 ], [ -41.94620652, -13.46351279 ], [ -41.94604043, -13.46351474 ], [ -41.94587502, -13.46357087 ], [ -41.94565399, -13.46368274 ], [ -41.94551791, -13.463874 ], [ -41.94543719, -13.46406461 ], [ -41.94535648, -13.46425613 ], [ -41.94519305, -13.46447481 ], [ -41.94513835, -13.46452964 ], [ -41.94502862, -13.46461221 ], [ -41.94469687, -13.46472538 ], [ -41.94439372, -13.46483731 ], [ -41.94406361, -13.46508504 ], [ -41.9437898, -13.46533301 ], [ -41.943572, -13.46563361 ], [ -41.94324773, -13.46597896 ], [ -41.94326551, -13.466152 ], [ -41.94316886, -13.46654963 ], [ -41.94290965, -13.46685974 ], [ -41.94223772, -13.46730295 ], [ -41.94146333, -13.46766877 ], [ -41.94067611, -13.46781617 ], [ -41.93956492, -13.46795833 ], [ -41.93910085, -13.46804325 ], [ -41.93873698, -13.46809628 ], [ -41.93838516, -13.46822955 ], [ -41.93802323, -13.46844151 ], [ -41.93757168, -13.46872045 ], [ -41.93724988, -13.46896898 ], [ -41.93692762, -13.46918048 ], [ -41.93659201, -13.46935601 ], [ -41.93594812, -13.46975461 ], [ -41.93547696, -13.47009068 ], [ -41.93505268, -13.47056348 ], [ -41.93488237, -13.47074882 ], [ -41.93464618, -13.47105595 ], [ -41.93453601, -13.47133 ], [ -41.93453939, -13.47160633 ], [ -41.93454004, -13.472794 ], [ -41.93466321, -13.47366141 ], [ -41.93492446, -13.47419756 ], [ -41.93531671, -13.47518285 ], [ -41.9354907, -13.47552583 ], [ -41.93576781, -13.47622616 ], [ -41.93588713, -13.47677751 ], [ -41.93605412, -13.4777555 ], [ -41.93607478, -13.47823846 ], [ -41.93600626, -13.47844609 ], [ -41.9358731, -13.47856795 ], [ -41.93583833, -13.47859978 ], [ -41.93564171, -13.47867163 ], [ -41.93541564, -13.47867427 ], [ -41.93527395, -13.47863438 ], [ -41.93500467, -13.47849935 ], [ -41.93462138, -13.4783241 ], [ -41.93426713, -13.4782596 ], [ -41.93384359, -13.47826455 ], [ -41.9335333, -13.47832327 ], [ -41.93331, -13.47847761 ], [ -41.93318419, -13.47860372 ], [ -41.93297415, -13.47878591 ], [ -41.93277785, -13.47888394 ], [ -41.93246739, -13.47892912 ], [ -41.93162485, -13.47885767 ], [ -41.93122891, -13.47877921 ], [ -41.93053516, -13.47864912 ], [ -41.92988538, -13.47864316 ], [ -41.92923526, -13.4786092 ], [ -41.92861459, -13.47864445 ], [ -41.9284178, -13.47870184 ], [ -41.92806741, -13.4789543 ], [ -41.92762122, -13.47937316 ], [ -41.92702909, -13.48000868 ], [ -41.92658064, -13.48031829 ], [ -41.92599117, -13.48064218 ], [ -41.92554112, -13.48074406 ], [ -41.92510465, -13.48090089 ], [ -41.9245724, -13.48122501 ], [ -41.92387488, -13.48192317 ], [ -41.92323067, -13.48260355 ], [ -41.92278422, -13.48307751 ], [ -41.92249254, -13.48345392 ], [ -41.92223023, -13.48396818 ], [ -41.92209111, -13.48445651 ], [ -41.92201338, -13.48472938 ], [ -41.92199661, -13.48562734 ], [ -41.92200215, -13.48608248 ], [ -41.92227828, -13.48678013 ], [ -41.92263717, -13.4873007 ], [ -41.9228115, -13.48767168 ], [ -41.92288532, -13.48797429 ], [ -41.922861, -13.48825095 ], [ -41.92279196, -13.48841704 ], [ -41.92269524, -13.48858435 ], [ -41.92248627, -13.48878007 ], [ -41.9220503, -13.48897843 ], [ -41.92152967, -13.48912178 ], [ -41.92086735, -13.48922614 ], [ -41.92047442, -13.4893969 ], [ -41.92005408, -13.48959146 ], [ -41.91950263, -13.4898571 ], [ -41.91906943, -13.48998046 ], [ -41.91885194, -13.49000647 ], [ -41.91836903, -13.48998861 ], [ -41.91742519, -13.48978734 ], [ -41.91669971, -13.4896305 ], [ -41.9161916, -13.48958944 ], [ -41.91537152, -13.48962246 ], [ -41.91472144, -13.48974743 ], [ -41.91409709, -13.49001481 ], [ -41.91306466, -13.49049827 ], [ -41.91232199, -13.49097926 ], [ -41.91136503, -13.49167499 ], [ -41.91073348, -13.49226308 ], [ -41.91039974, -13.49259752 ], [ -41.91001771, -13.49290814 ], [ -41.9097291, -13.49300632 ], [ -41.90948703, -13.49298565 ], [ -41.90931701, -13.49289279 ], [ -41.90907301, -13.4926364 ], [ -41.90870834, -13.49247535 ], [ -41.9083466, -13.49247955 ], [ -41.90805769, -13.49255335 ], [ -41.90757648, -13.49267724 ], [ -41.9070967, -13.49291854 ], [ -41.90656944, -13.49327871 ], [ -41.90623598, -13.49363663 ], [ -41.90604682, -13.49394591 ], [ -41.90590793, -13.49444247 ], [ -41.9057719, -13.49517563 ], [ -41.90565816, -13.49576764 ], [ -41.90522288, -13.4964835 ], [ -41.90453718, -13.49755722 ], [ -41.90423363, -13.49802317 ], [ -41.90374332, -13.49854006 ], [ -41.90346521, -13.49882057 ], [ -41.90343219, -13.49891398 ], [ -41.9034284, -13.49913531 ], [ -41.90347882, -13.499412 ], [ -41.90360211, -13.49960838 ], [ -41.90383214, -13.49977822 ], [ -41.90431867, -13.50024586 ], [ -41.90447671, -13.5004915 ], [ -41.90468064, -13.50071674 ], [ -41.90496376, -13.50100158 ], [ -41.90529264, -13.50125518 ], [ -41.9056219, -13.50153948 ], [ -41.9059039, -13.50180898 ], [ -41.90617151, -13.50210935 ], [ -41.90655023, -13.50259087 ], [ -41.90701625, -13.50311654 ], [ -41.90740678, -13.50335407 ], [ -41.90770283, -13.50348701 ], [ -41.90793742, -13.50357551 ], [ -41.90837208, -13.50364634 ], [ -41.90882317, -13.50370161 ], [ -41.90939756, -13.50372565 ], [ -41.90997158, -13.50371898 ], [ -41.91076174, -13.50364929 ], [ -41.91151923, -13.50339753 ], [ -41.91216689, -13.50307118 ], [ -41.91284503, -13.5026695 ], [ -41.91339837, -13.50225302 ], [ -41.91401485, -13.50186651 ], [ -41.91460013, -13.50149572 ], [ -41.91507761, -13.5012174 ], [ -41.91549271, -13.50089375 ], [ -41.91579911, -13.50058762 ], [ -41.91610507, -13.50024536 ], [ -41.9165989, -13.4998684 ], [ -41.91708487, -13.49952947 ], [ -41.91767444, -13.4989807 ], [ -41.9182405, -13.49824523 ], [ -41.91895277, -13.49723711 ], [ -41.91941672, -13.49645406 ], [ -41.91970171, -13.49620959 ], [ -41.91993615, -13.49598287 ], [ -41.92009102, -13.49589165 ], [ -41.92032763, -13.49584374 ], [ -41.92053772, -13.4958151 ], [ -41.92068331, -13.49579534 ], [ -41.92089229, -13.49567639 ], [ -41.92107337, -13.49553971 ], [ -41.92130049, -13.49539436 ], [ -41.92160952, -13.49522909 ], [ -41.92184603, -13.49517304 ], [ -41.92201176, -13.49521537 ], [ -41.92228802, -13.49539188 ], [ -41.92242591, -13.49549775 ], [ -41.92253648, -13.49555878 ], [ -41.92274753, -13.49560961 ], [ -41.92291223, -13.49564382 ], [ -41.92315141, -13.49573044 ], [ -41.92332599, -13.49581782 ], [ -41.92354856, -13.49605728 ], [ -41.92383731, -13.49650098 ], [ -41.92396067, -13.49692946 ], [ -41.9240553, -13.4971966 ], [ -41.92417598, -13.49732977 ], [ -41.92427799, -13.49744509 ], [ -41.92434444, -13.49759605 ], [ -41.92437208, -13.49781971 ], [ -41.92441977, -13.49817321 ], [ -41.92440193, -13.49852746 ], [ -41.9244289, -13.49892274 ], [ -41.92447491, -13.49921393 ], [ -41.92447508, -13.49974089 ], [ -41.92442194, -13.50024508 ], [ -41.92448625, -13.50067515 ], [ -41.9245383, -13.50131038 ], [ -41.92454439, -13.50137454 ], [ -41.92458912, -13.50184537 ], [ -41.92463606, -13.50206159 ], [ -41.92471288, -13.50230636 ], [ -41.92481835, -13.50247854 ], [ -41.92498363, -13.50263557 ], [ -41.92519176, -13.50274875 ], [ -41.92539918, -13.50280413 ], [ -41.92571053, -13.50282939 ], [ -41.92610955, -13.50285364 ], [ -41.92667174, -13.50286152 ], [ -41.9269975, -13.50285771 ], [ -41.92721951, -13.50289847 ], [ -41.92754581, -13.50293801 ], [ -41.92785712, -13.50303553 ], [ -41.92815982, -13.50310876 ], [ -41.9287236, -13.50324668 ], [ -41.92930161, -13.50334108 ], [ -41.92959872, -13.50340986 ], [ -41.92988033, -13.50349327 ], [ -41.93017758, -13.50364876 ], [ -41.9304754, -13.50377533 ], [ -41.93075735, -13.50388764 ], [ -41.93099576, -13.503986 ], [ -41.93129213, -13.50406924 ], [ -41.9315435, -13.5040952 ], [ -41.93178084, -13.50410688 ], [ -41.93194379, -13.50414832 ], [ -41.93212257, -13.50427629 ], [ -41.93254028, -13.50454596 ], [ -41.93277936, -13.50477438 ], [ -41.93291529, -13.5049462 ], [ -41.93303553, -13.5051182 ], [ -41.93318566, -13.50531875 ], [ -41.93335056, -13.50551913 ], [ -41.93347062, -13.50567668 ], [ -41.93367986, -13.50580429 ], [ -41.93393175, -13.5058736 ], [ -41.93421354, -13.50597145 ], [ -41.93437741, -13.50601288 ], [ -41.93452595, -13.5060834 ], [ -41.93465973, -13.50615408 ], [ -41.9347645, -13.50626846 ], [ -41.93479544, -13.50638371 ], [ -41.93479155, -13.50641285 ], [ -41.93519843, -13.5063546 ], [ -41.9359483, -13.50616156 ], [ -41.9366631, -13.50596984 ], [ -41.93733464, -13.50570992 ], [ -41.9373872, -13.51060546 ], [ -41.93723989, -13.51093685 ], [ -41.93702469, -13.51130245 ], [ -41.93689298, -13.51155146 ], [ -41.93640639, -13.51221558 ], [ -41.93607589, -13.51281284 ], [ -41.93587882, -13.513227 ], [ -41.93571337, -13.51350983 ], [ -41.93554671, -13.51369332 ], [ -41.93528046, -13.51396017 ], [ -41.93494773, -13.51437591 ], [ -41.93463476, -13.51497387 ], [ -41.93450366, -13.51527255 ], [ -41.93442117, -13.51547131 ], [ -41.93438956, -13.51560355 ], [ -41.93439199, -13.51580132 ], [ -41.9343936, -13.51593316 ], [ -41.93446178, -13.51599829 ], [ -41.93459793, -13.5161123 ], [ -41.93473329, -13.51616039 ], [ -41.93488616, -13.51620737 ], [ -41.93502131, -13.5162392 ], [ -41.93524156, -13.51628629 ], [ -41.93534216, -13.51628511 ], [ -41.93546009, -13.51626747 ], [ -41.93564569, -13.51619846 ], [ -41.9358468, -13.51611391 ], [ -41.93603109, -13.51601331 ], [ -41.93621579, -13.51594521 ], [ -41.93646805, -13.51589258 ], [ -41.93662032, -13.51589079 ], [ -41.93677188, -13.51590527 ], [ -41.93694117, -13.5159367 ], [ -41.93725401, -13.51608205 ], [ -41.93744032, -13.5161458 ], [ -41.93767739, -13.51620895 ], [ -41.93789631, -13.51622264 ], [ -41.93808253, -13.51620419 ], [ -41.93830065, -13.51615196 ], [ -41.93856944, -13.51601694 ], [ -41.93888725, -13.51581541 ], [ -41.93940668, -13.51549591 ], [ -41.9398098, -13.5153259 ], [ -41.94046539, -13.51512041 ], [ -41.94100405, -13.51501473 ], [ -41.9413405, -13.51497826 ], [ -41.94166146, -13.51495823 ], [ -41.9419817, -13.51495447 ], [ -41.94225291, -13.51501721 ], [ -41.94237185, -13.51508175 ], [ -41.94237867, -13.51509039 ], [ -41.94242342, -13.51514707 ], [ -41.94249241, -13.51527812 ], [ -41.94249403, -13.51540997 ], [ -41.94244509, -13.51555866 ], [ -41.94226263, -13.51580828 ], [ -41.94191128, -13.51605987 ], [ -41.94139084, -13.5162972 ], [ -41.94081943, -13.51651797 ], [ -41.94033213, -13.51667271 ], [ -41.93996275, -13.51680892 ], [ -41.9394423, -13.51704534 ], [ -41.93912489, -13.51728027 ], [ -41.93875673, -13.51751581 ], [ -41.93840496, -13.51773399 ], [ -41.93820374, -13.51788447 ], [ -41.93719167, -13.51860173 ], [ -41.93675713, -13.51892023 ], [ -41.93638997, -13.51923794 ], [ -41.93607255, -13.51947197 ], [ -41.93570225, -13.51960908 ], [ -41.93526427, -13.51964673 ], [ -41.93496043, -13.51963404 ], [ -41.93447069, -13.51959011 ], [ -41.93411508, -13.51949493 ], [ -41.93372573, -13.51943356 ], [ -41.93340548, -13.51943732 ], [ -41.93316922, -13.51944009 ], [ -41.93296699, -13.51950839 ], [ -41.93281645, -13.51957699 ], [ -41.93270013, -13.51972647 ], [ -41.93260083, -13.51990917 ], [ -41.93256983, -13.52009107 ], [ -41.93257164, -13.52023917 ], [ -41.93259048, -13.52042049 ], [ -41.93266007, -13.52060121 ], [ -41.93278002, -13.52074793 ], [ -41.93296774, -13.52092727 ], [ -41.93313866, -13.52109054 ], [ -41.93324179, -13.5212212 ], [ -41.93329324, -13.52135246 ], [ -41.93327925, -13.52156668 ], [ -41.93326486, -13.52174838 ], [ -41.93319971, -13.52193068 ], [ -41.93311703, -13.52211319 ], [ -41.93300051, -13.52224642 ], [ -41.93288379, -13.52236339 ], [ -41.93264934, -13.52251426 ], [ -41.93248258, -13.52261557 ], [ -41.93223079, -13.5227829 ], [ -41.93194671, -13.52295151 ], [ -41.93055781, -13.522975 ], [ -41.93027291, -13.52322762 ], [ -41.92970252, -13.52360912 ], [ -41.92916366, -13.52392792 ], [ -41.92862197, -13.52409051 ], [ -41.92836746, -13.52418652 ], [ -41.92805042, -13.52437809 ], [ -41.9277349, -13.52469338 ], [ -41.92738992, -13.52516617 ], [ -41.9271054, -13.52567709 ], [ -41.9268158, -13.52615013 ], [ -41.92605201, -13.52709837 ], [ -41.92583315, -13.52731769 ], [ -41.92524777, -13.52775807 ], [ -41.92470018, -13.52827025 ], [ -41.9242629, -13.52874502 ], [ -41.92382606, -13.52925591 ], [ -41.92287767, -13.5302063 ], [ -41.92232963, -13.53068236 ], [ -41.92192882, -13.53112057 ], [ -41.92178467, -13.53141127 ], [ -41.92156933, -13.53191957 ], [ -41.92150079, -13.5323539 ], [ -41.92153845, -13.53264157 ], [ -41.92167001, -13.53298325 ], [ -41.92196293, -13.53338535 ], [ -41.92222088, -13.5335702 ], [ -41.92241231, -13.53359867 ], [ -41.92266835, -13.53362729 ], [ -41.92295556, -13.53356161 ], [ -41.92314623, -13.53352777 ], [ -41.9233382, -13.53352553 ], [ -41.92359425, -13.53355414 ], [ -41.92372199, -13.53358336 ], [ -41.92523663, -13.53462778 ], [ -41.92549344, -13.53471871 ], [ -41.92574987, -13.53477802 ], [ -41.92606959, -13.53480499 ], [ -41.92680427, -13.53479639 ], [ -41.92702878, -13.53488769 ], [ -41.92715859, -13.53501081 ], [ -41.92719188, -13.53516667 ], [ -41.92719494, -13.53541682 ], [ -41.92712007, -13.53593702 ], [ -41.92683091, -13.53644619 ], [ -41.92665206, -13.53691793 ], [ -41.92647365, -13.5374258 ], [ -41.92633216, -13.53793324 ], [ -41.92634408, -13.53890853 ], [ -41.92642411, -13.53941338 ], [ -41.92657665, -13.53980899 ], [ -41.92687731, -13.54023899 ], [ -41.92753087, -13.54091775 ], [ -41.9277879, -13.5411017 ], [ -41.92813995, -13.54112918 ], [ -41.92839485, -13.54106388 ], [ -41.92874499, -13.54093514 ], [ -41.92924413, -13.5405364 ], [ -41.92957242, -13.54020741 ], [ -41.92982688, -13.53987929 ], [ -41.93000616, -13.53944366 ], [ -41.93041135, -13.53876062 ], [ -41.93088387, -13.53822402 ], [ -41.93126401, -13.53790796 ], [ -41.93151853, -13.53781105 ], [ -41.93170958, -13.53780881 ], [ -41.93179429, -13.53784072 ], [ -41.93187002, -13.53786924 ], [ -41.93196754, -13.53799274 ], [ -41.93203429, -13.53824213 ], [ -41.93197481, -13.53858604 ], [ -41.93194709, -13.53896118 ], [ -41.9319513, -13.53930434 ], [ -41.93201859, -13.53952212 ], [ -41.93227617, -13.53967534 ], [ -41.93243623, -13.53970508 ], [ -41.93301125, -13.53969833 ], [ -41.93326675, -13.53975765 ], [ -41.93349219, -13.53984893 ], [ -41.93358894, -13.53991012 ], [ -41.93371861, -13.54009555 ], [ -41.93368861, -13.54028376 ], [ -41.93366916, -13.5403166 ], [ -41.93359545, -13.54044111 ], [ -41.93337423, -13.54069298 ], [ -41.93301655, -13.54103406 ], [ -41.93246851, -13.54151014 ], [ -41.93224965, -13.54172947 ], [ -41.93199874, -13.54234658 ], [ -41.93181901, -13.54274608 ], [ -41.9317556, -13.54284437 ], [ -41.93159707, -13.54294016 ], [ -41.93140509, -13.54294241 ], [ -41.93127657, -13.54284999 ], [ -41.93114767, -13.54272686 ], [ -41.93098455, -13.54244789 ], [ -41.93088549, -13.54219887 ], [ -41.93072237, -13.54191989 ], [ -41.93049617, -13.5417663 ], [ -41.93024013, -13.5417386 ], [ -41.92982723, -13.54186807 ], [ -41.92954079, -13.54199607 ], [ -41.92922411, -13.54221835 ], [ -41.92890705, -13.54240993 ], [ -41.92826987, -13.54254204 ], [ -41.92801535, -13.54263895 ], [ -41.9277922, -13.54273459 ], [ -41.92754051, -13.54298772 ], [ -41.92735121, -13.54320851 ], [ -41.92725941, -13.54355279 ], [ -41.92710814, -13.54424188 ], [ -41.92701598, -13.54455546 ], [ -41.92676374, -13.5448393 ], [ -41.92657459, -13.54499777 ], [ -41.92638642, -13.54531157 ], [ -41.92601598, -13.54634644 ], [ -41.92592229, -13.54653539 ], [ -41.92579436, -13.5465676 ], [ -41.92569929, -13.54656871 ], [ -41.92550789, -13.54632633 ], [ -41.92550426, -13.54632172 ], [ -41.9254075, -13.54626054 ], [ -41.92486477, -13.54626689 ], [ -41.92451233, -13.54620779 ], [ -41.92438382, -13.54611627 ], [ -41.92431648, -13.54598836 ], [ -41.92428553, -13.54592956 ], [ -41.92425094, -13.54574301 ], [ -41.92424329, -13.5451181 ], [ -41.92430393, -13.54486811 ], [ -41.92433318, -13.54461759 ], [ -41.92433051, -13.54439905 ], [ -41.92423184, -13.54418163 ], [ -41.92410256, -13.5440269 ], [ -41.92400389, -13.54380948 ], [ -41.92400122, -13.54359094 ], [ -41.9240611, -13.54327865 ], [ -41.92437434, -13.54277462 ], [ -41.92459427, -13.54249115 ], [ -41.92471952, -13.54224041 ], [ -41.92477824, -13.54183329 ], [ -41.9248052, -13.54139584 ], [ -41.92473754, -13.54114735 ], [ -41.92460863, -13.54102332 ], [ -41.92422483, -13.54096549 ], [ -41.92400055, -13.54096812 ], [ -41.92371159, -13.54081525 ], [ -41.92358177, -13.54069213 ], [ -41.92338727, -13.54041351 ], [ -41.92332016, -13.54013341 ], [ -41.9233171, -13.53988326 ], [ -41.92350615, -13.53933914 ], [ -41.92357469, -13.53890482 ], [ -41.92360455, -13.53832643 ], [ -41.92360102, -13.53803745 ], [ -41.92311269, -13.53735675 ], [ -41.92273908, -13.53699984 ], [ -41.92210793, -13.5367182 ], [ -41.92155326, -13.53665243 ], [ -41.92092652, -13.53673201 ], [ -41.92052129, -13.536809 ], [ -41.91993235, -13.53696039 ], [ -41.91864282, -13.53719222 ], [ -41.91577192, -13.53794827 ], [ -41.91518252, -13.53806353 ], [ -41.91459269, -13.53814266 ], [ -41.91400198, -13.53814955 ], [ -41.91352114, -13.5380829 ], [ -41.91241004, -13.53780683 ], [ -41.91177977, -13.53759741 ], [ -41.91125982, -13.53735057 ], [ -41.91070207, -13.53703192 ], [ -41.91036628, -13.53674681 ], [ -41.90999182, -13.53631764 ], [ -41.90984018, -13.53599425 ], [ -41.9097979, -13.53562895 ], [ -41.90985854, -13.53537806 ], [ -41.90995226, -13.53519001 ], [ -41.91020526, -13.53496849 ], [ -41.9104908, -13.53484053 ], [ -41.91090309, -13.53458555 ], [ -41.91100186, -13.53443356 ], [ -41.91107467, -13.53419608 ], [ -41.91105631, -13.53405269 ], [ -41.91108444, -13.53370915 ], [ -41.91117816, -13.53352109 ], [ -41.9113363, -13.53339371 ], [ -41.91165489, -13.53332768 ], [ -41.91210102, -13.53319784 ], [ -41.91235348, -13.53300704 ], [ -41.91263945, -13.53238502 ], [ -41.91285305, -13.53173224 ], [ -41.91288602, -13.53140671 ], [ -41.91298974, -13.53082746 ], [ -41.91305654, -13.53024864 ], [ -41.91319718, -13.52966896 ], [ -41.91330091, -13.52908971 ], [ -41.91336727, -13.52847477 ], [ -41.91321345, -13.52797078 ], [ -41.91306182, -13.5276474 ], [ -41.91283767, -13.52743324 ], [ -41.91254108, -13.5274096 ], [ -41.91228581, -13.52744418 ], [ -41.91209551, -13.52750872 ], [ -41.91184023, -13.5275424 ], [ -41.91168094, -13.52757586 ], [ -41.91142529, -13.52757884 ], [ -41.91110556, -13.52755095 ], [ -41.91091207, -13.52742856 ], [ -41.91081381, -13.52724275 ], [ -41.91067734, -13.52649469 ], [ -41.91067088, -13.52596368 ], [ -41.91054145, -13.52587126 ], [ -41.91025556, -13.52596852 ], [ -41.9100341, -13.52612735 ], [ -41.90968587, -13.52641229 ], [ -41.90908654, -13.52707498 ], [ -41.90892876, -13.52723306 ], [ -41.90877061, -13.52735954 ], [ -41.908644, -13.52742334 ], [ -41.90842064, -13.52742593 ], [ -41.90813193, -13.52736697 ], [ -41.90800304, -13.52724383 ], [ -41.90787248, -13.52705838 ], [ -41.90764648, -13.52684244 ], [ -41.90748528, -13.52671877 ], [ -41.90722887, -13.52665943 ], [ -41.90706958, -13.52669289 ], [ -41.9070059, -13.52669363 ], [ -41.90666447, -13.52685476 ], [ -41.90604256, -13.52733164 ], [ -41.90520396, -13.52820845 ], [ -41.90465632, -13.5287206 ], [ -41.90407132, -13.52919706 ], [ -41.90348588, -13.52963739 ], [ -41.90319173, -13.52989189 ], [ -41.90305686, -13.53011203 ], [ -41.9029962, -13.53036201 ], [ -41.90303174, -13.53070482 ], [ -41.90313, -13.53089154 ], [ -41.9032927, -13.53113893 ], [ -41.9033598, -13.53141995 ], [ -41.90333069, -13.53160725 ], [ -41.90320656, -13.53195191 ], [ -41.90301815, -13.53217267 ], [ -41.90279652, -13.53239381 ], [ -41.90270281, -13.53258277 ], [ -41.90260964, -13.5327401 ], [ -41.90251591, -13.53292815 ], [ -41.90253769, -13.53365858 ], [ -41.90250691, -13.53416473 ], [ -41.90188804, -13.53489447 ], [ -41.90137773, -13.53544231 ], [ -41.90075667, -13.53599144 ], [ -41.89968563, -13.53726834 ], [ -41.89936967, -13.5375529 ], [ -41.89918089, -13.53774295 ], [ -41.89889481, -13.53790253 ], [ -41.89864064, -13.53803012 ], [ -41.89845185, -13.53821927 ], [ -41.89826176, -13.53837773 ], [ -41.89819996, -13.53853469 ], [ -41.89816917, -13.53865969 ], [ -41.89817144, -13.53884753 ], [ -41.89823739, -13.53903373 ], [ -41.89839859, -13.5391574 ], [ -41.89862439, -13.53927943 ], [ -41.89891182, -13.5393068 ], [ -41.89910343, -13.53927387 ], [ -41.89942166, -13.53917625 ], [ -41.89970757, -13.539079 ], [ -41.89986688, -13.53904644 ], [ -41.90009154, -13.53907454 ], [ -41.9002845, -13.53922856 ], [ -41.90038238, -13.53938367 ], [ -41.90038379, -13.53949974 ], [ -41.90038428, -13.5395399 ], [ -41.90019511, -13.53969835 ], [ -41.9000377, -13.53988714 ], [ -41.89984874, -13.54013952 ], [ -41.89962727, -13.54029834 ], [ -41.8989585, -13.54049306 ], [ -41.89854543, -13.54068572 ], [ -41.89832395, -13.54084454 ], [ -41.89822984, -13.54100098 ], [ -41.89798257, -13.54169751 ], [ -41.89791442, -13.54183456 ], [ -41.89779512, -13.54207451 ], [ -41.89757289, -13.54217102 ], [ -41.89734952, -13.54217361 ], [ -41.89677258, -13.54202405 ], [ -41.89632415, -13.54196602 ], [ -41.89571681, -13.54197306 ], [ -41.89546282, -13.54203923 ], [ -41.89504897, -13.54216866 ], [ -41.89394228, -13.5431741 ], [ -41.89324855, -13.54390108 ], [ -41.89267992, -13.54443785 ], [ -41.89205138, -13.54528871 ], [ -41.8903329, -13.54731191 ], [ -41.8899663, -13.54753292 ], [ -41.88979042, -13.54825752 ], [ -41.88957501, -13.5487658 ], [ -41.88938483, -13.5489183 ], [ -41.88920928, -13.54905906 ], [ -41.88799565, -13.54947051 ], [ -41.88737146, -13.54976675 ], [ -41.88619824, -13.55046675 ], [ -41.88575909, -13.55079698 ], [ -41.88477401, -13.55178834 ], [ -41.88294288, -13.55358881 ], [ -41.88272084, -13.55377924 ], [ -41.88246757, -13.55390681 ], [ -41.88221188, -13.55390976 ], [ -41.88208207, -13.55378661 ], [ -41.88195815, -13.55357972 ], [ -41.88195205, -13.55356954 ], [ -41.8818519, -13.55322657 ], [ -41.88184663, -13.55278948 ], [ -41.88187405, -13.55238362 ], [ -41.88205722, -13.55172578 ], [ -41.88202424, -13.55151751 ], [ -41.88190287, -13.55140511 ], [ -41.88174543, -13.55136357 ], [ -41.88168245, -13.55134714 ], [ -41.88157815, -13.55134834 ], [ -41.88147292, -13.55134956 ], [ -41.8813691, -13.5513914 ], [ -41.88120326, -13.55149538 ], [ -41.88087303, -13.55182525 ], [ -41.8802739, -13.55236324 ], [ -41.87974538, -13.55301514 ], [ -41.87943687, -13.5533854 ], [ -41.87896376, -13.55396259 ], [ -41.8785928, -13.55443653 ], [ -41.87799315, -13.55493299 ], [ -41.87726944, -13.55555371 ], [ -41.87664924, -13.55603053 ], [ -41.87629803, -13.55638141 ], [ -41.87569738, -13.55679568 ], [ -41.87520057, -13.55716901 ], [ -41.87480732, -13.55747972 ], [ -41.87420816, -13.55801771 ], [ -41.87379417, -13.55836932 ], [ -41.87352523, -13.55857654 ], [ -41.87333882, -13.55865997 ], [ -41.87317199, -13.55868267 ], [ -41.87294237, -13.55870518 ], [ -41.87283806, -13.55870638 ], [ -41.87269105, -13.5586882 ], [ -41.87258674, -13.5586894 ], [ -41.8724607, -13.55864931 ], [ -41.8723972, -13.55858952 ], [ -41.87231313, -13.5585083 ], [ -41.87211836, -13.55826636 ], [ -41.87210132, -13.55824519 ], [ -41.8719521, -13.55804368 ], [ -41.87186632, -13.55781977 ], [ -41.87169556, -13.55751554 ], [ -41.8716301, -13.5572923 ], [ -41.87156315, -13.55694533 ], [ -41.87151843, -13.5566812 ], [ -41.87151401, -13.55631364 ], [ -41.87150959, -13.55594608 ], [ -41.87148445, -13.55562031 ], [ -41.87133467, -13.55529507 ], [ -41.87129166, -13.55517363 ], [ -41.87103837, -13.55499229 ], [ -41.87086983, -13.55487229 ], [ -41.87055616, -13.55481448 ], [ -41.87026257, -13.55473657 ], [ -41.87009524, -13.55471772 ], [ -41.86981529, -13.55477693 ], [ -41.86971196, -13.55485941 ], [ -41.8695666, -13.55490173 ], [ -41.86944131, -13.55492394 ], [ -41.86931601, -13.55494525 ], [ -41.86921747, -13.55492766 ], [ -41.86921146, -13.55492658 ], [ -41.86910666, -13.55488714 ], [ -41.86904339, -13.55484632 ], [ -41.8689799, -13.55478653 ], [ -41.86893713, -13.55468496 ], [ -41.86889486, -13.55462403 ], [ -41.86883061, -13.55450193 ], [ -41.86876613, -13.55435996 ], [ -41.8687649, -13.55425791 ], [ -41.86876294, -13.55409445 ], [ -41.86878222, -13.55393165 ], [ -41.86878051, -13.55378896 ], [ -41.86879836, -13.55358463 ], [ -41.86891852, -13.55313435 ], [ -41.86899737, -13.55270441 ], [ -41.86901621, -13.55258226 ], [ -41.86899369, -13.55239826 ], [ -41.86897075, -13.55225582 ], [ -41.86890602, -13.55209308 ], [ -41.86884179, -13.55197188 ], [ -41.8688378, -13.55196523 ], [ -41.86297435, -13.55203321 ], [ -41.86285189, -13.55219327 ], [ -41.86235908, -13.55274808 ], [ -41.86143731, -13.55394819 ], [ -41.8611138, -13.55437913 ], [ -41.86094576, -13.55468634 ], [ -41.86031347, -13.55569887 ], [ -41.8599146, -13.55631312 ], [ -41.85947178, -13.55711213 ], [ -41.859151, -13.55777154 ], [ -41.85898496, -13.55824674 ], [ -41.85889446, -13.55847629 ], [ -41.85888261, -13.55879707 ], [ -41.85890177, -13.55908679 ], [ -41.8589826, -13.55928367 ], [ -41.85906289, -13.55951217 ], [ -41.85906544, -13.5597253 ], [ -41.85895602, -13.55999391 ], [ -41.85875585, -13.56024007 ], [ -41.85869968, -13.56028966 ], [ -41.85849365, -13.56047159 ], [ -41.85815244, -13.56065885 ], [ -41.85779517, -13.56081559 ], [ -41.85754665, -13.56095572 ], [ -41.85729942, -13.56112656 ], [ -41.85711457, -13.56134183 ], [ -41.85690108, -13.56178686 ], [ -41.85653651, -13.56264549 ], [ -41.85606402, -13.56382148 ], [ -41.85570017, -13.56474061 ], [ -41.85530311, -13.56550838 ], [ -41.8549659, -13.56603069 ], [ -41.8545838, -13.56673687 ], [ -41.85406202, -13.56773007 ], [ -41.8539093, -13.56800731 ], [ -41.85380199, -13.56822169 ], [ -41.85377444, -13.56854266 ], [ -41.8537624, -13.56877131 ], [ -41.8538102, -13.56890805 ], [ -41.85392097, -13.56898356 ], [ -41.85409304, -13.5690114 ], [ -41.85437277, -13.56893233 ], [ -41.85468334, -13.56880684 ], [ -41.85504099, -13.56868081 ], [ -41.855322, -13.56863153 ], [ -41.85557107, -13.56861332 ], [ -41.85577471, -13.56865705 ], [ -41.85593218, -13.56877719 ], [ -41.85598146, -13.56895998 ], [ -41.85597906, -13.56901694 ], [ -41.85596923, -13.56925005 ], [ -41.85586412, -13.569571 ], [ -41.85566468, -13.56987857 ], [ -41.85548167, -13.57024738 ], [ -41.8553313, -13.57072149 ], [ -41.85528879, -13.57110404 ], [ -41.85529455, -13.5715854 ], [ -41.85539126, -13.57187422 ], [ -41.8554878, -13.57207183 ], [ -41.85553743, -13.5723612 ], [ -41.85553084, -13.57242779 ], [ -41.85551025, -13.57263609 ], [ -41.85541846, -13.57283585 ], [ -41.85521701, -13.57297545 ], [ -41.85501354, -13.57294707 ], [ -41.85471593, -13.57284389 ], [ -41.85452633, -13.57266271 ], [ -41.85438473, -13.57255775 ], [ -41.85422798, -13.57249812 ], [ -41.85391614, -13.57251705 ], [ -41.85360519, -13.57268861 ], [ -41.85334297, -13.57292012 ], [ -41.85274116, -13.57355295 ], [ -41.852447, -13.57373876 ], [ -41.8522871, -13.57379694 ], [ -41.85222912, -13.57381803 ], [ -41.85201107, -13.57380517 ], [ -41.85190103, -13.57379107 ], [ -41.85182258, -13.5737161 ], [ -41.85175816, -13.57357955 ], [ -41.85174009, -13.57338104 ], [ -41.85179995, -13.57313649 ], [ -41.85185945, -13.57286122 ], [ -41.85187057, -13.5725558 ], [ -41.85185252, -13.57228143 ], [ -41.85180361, -13.57212934 ], [ -41.85173974, -13.57203794 ], [ -41.85161457, -13.57199421 ], [ -41.85147443, -13.57201117 ], [ -41.85125837, -13.57224216 ], [ -41.85103063, -13.57280928 ], [ -41.85057078, -13.57350099 ], [ -41.85006349, -13.57416344 ], [ -41.84971019, -13.57465522 ], [ -41.84873136, -13.57572771 ], [ -41.84779156, -13.57682142 ], [ -41.84708407, -13.57765325 ], [ -41.84617205, -13.57875567 ], [ -41.84558844, -13.57960144 ], [ -41.84525139, -13.58014 ], [ -41.84494516, -13.58063124 ], [ -41.8447643, -13.58118248 ], [ -41.84473637, -13.58147273 ], [ -41.8447584, -13.58200358 ], [ -41.84490164, -13.58224582 ], [ -41.84518613, -13.58248645 ], [ -41.8454697, -13.58272799 ], [ -41.84562755, -13.58287883 ], [ -41.84580145, -13.5830593 ], [ -41.84592901, -13.58322584 ], [ -41.84594615, -13.58342436 ], [ -41.84590272, -13.58365337 ], [ -41.84581201, -13.58394434 ], [ -41.8455974, -13.58422138 ], [ -41.84533516, -13.58452967 ], [ -41.84507492, -13.58492916 ], [ -41.84486377, -13.58557286 ], [ -41.84465133, -13.5861091 ], [ -41.84427946, -13.58667064 ], [ -41.84394166, -13.58714779 ], [ -41.84350914, -13.58757996 ], [ -41.84289232, -13.58819759 ], [ -41.84221179, -13.58873917 ], [ -41.84166996, -13.58914187 ], [ -41.8411117, -13.58948424 ], [ -41.84080074, -13.58957901 ], [ -41.84029655, -13.58965431 ], [ -41.83995273, -13.58962752 ], [ -41.83982736, -13.58956753 ], [ -41.83974762, -13.58946186 ], [ -41.83973139, -13.58934011 ], [ -41.83975968, -13.58915643 ], [ -41.83980494, -13.58900327 ], [ -41.83981918, -13.58888117 ], [ -41.839865, -13.58877406 ], [ -41.83986392, -13.58868285 ], [ -41.83984712, -13.58859091 ], [ -41.83976792, -13.58853129 ], [ -41.83962741, -13.58851754 ], [ -41.83953453, -13.58854931 ], [ -41.83937921, -13.58868837 ], [ -41.83925566, -13.58878101 ], [ -41.83911678, -13.58890453 ], [ -41.8388987, -13.58896843 ], [ -41.83861803, -13.58897163 ], [ -41.83843062, -13.58897377 ], [ -41.83816454, -13.58896144 ], [ -41.83794737, -13.58902444 ], [ -41.83777693, -13.58913386 ], [ -41.82188432, -13.59861789 ], [ -41.82186403, -13.60500951 ], [ -41.81735131, -13.60505974 ], [ -41.81721806, -13.61209094 ], [ -41.81752047, -13.6123273 ], [ -41.81814639, -13.61264027 ], [ -41.81858738, -13.61264027 ], [ -41.81900352, -13.61258152 ], [ -41.81962583, -13.6124411 ], [ -41.81995302, -13.61228463 ], [ -41.82023753, -13.6120428 ], [ -41.82047543, -13.61180343 ], [ -41.82113733, -13.61124082 ], [ -41.82232874, -13.61064512 ], [ -41.82299065, -13.61004941 ], [ -41.8232885, -13.60951989 ], [ -41.82335468, -13.60905657 ], [ -41.82361944, -13.60846087 ], [ -41.82414896, -13.60793136 ], [ -41.82491012, -13.60753421 ], [ -41.82565086, -13.60735881 ], [ -41.82678226, -13.6070542 ], [ -41.8274529, -13.60687108 ], [ -41.82893625, -13.60616214 ], [ -41.82993711, -13.60566172 ], [ -41.83154717, -13.60496547 ], [ -41.83226518, -13.60457385 ], [ -41.83278735, -13.60424747 ], [ -41.83311373, -13.60396462 ], [ -41.8334836, -13.603573 ], [ -41.83387524, -13.60322487 ], [ -41.83472379, -13.60283324 ], [ -41.83535475, -13.60250686 ], [ -41.83605099, -13.60204996 ], [ -41.83679075, -13.6015713 ], [ -41.83709536, -13.60117966 ], [ -41.83729118, -13.60063572 ], [ -41.8373347, -13.60000475 ], [ -41.83757403, -13.59933026 ], [ -41.83785688, -13.59885159 ], [ -41.8383573, -13.59845995 ], [ -41.838923, -13.59811184 ], [ -41.83935815, -13.59776371 ], [ -41.83972804, -13.59743735 ], [ -41.84016319, -13.59665407 ], [ -41.84088119, -13.59578377 ], [ -41.84151215, -13.59495698 ], [ -41.84192556, -13.5944348 ], [ -41.842513, -13.59376031 ], [ -41.84317433, -13.59336074 ], [ -41.84405774, -13.59295585 ], [ -41.84453626, -13.59258776 ], [ -41.84507664, -13.59201613 ], [ -41.84578775, -13.59133625 ], [ -41.84619266, -13.59082092 ], [ -41.84707607, -13.58982709 ], [ -41.84795948, -13.58898049 ], [ -41.84862203, -13.58831793 ], [ -41.8493582, -13.58780261 ], [ -41.84983672, -13.58721367 ], [ -41.85038884, -13.58629345 ], [ -41.85056086, -13.58540048 ], [ -41.85079376, -13.58460025 ], [ -41.85090418, -13.58371685 ], [ -41.85134588, -13.58209727 ], [ -41.8514931, -13.58139789 ], [ -41.85123545, -13.58080895 ], [ -41.8506097, -13.58033044 ], [ -41.85013118, -13.57999916 ], [ -41.85010379, -13.57960607 ], [ -41.85057289, -13.57944702 ], [ -41.85156674, -13.57963107 ], [ -41.85204525, -13.57963107 ], [ -41.85267099, -13.57963107 ], [ -41.85337035, -13.57929979 ], [ -41.8543642, -13.57893171 ], [ -41.85521079, -13.57837958 ], [ -41.85565251, -13.57782744 ], [ -41.85576293, -13.57705445 ], [ -41.85620463, -13.57617105 ], [ -41.85671995, -13.57547169 ], [ -41.8572417, -13.5747237 ], [ -41.85797146, -13.57392571 ], [ -41.85863401, -13.57307912 ], [ -41.85929656, -13.57204847 ], [ -41.85973828, -13.57149633 ], [ -41.86047444, -13.57142272 ], [ -41.86121063, -13.5717908 ], [ -41.86165232, -13.57186442 ], [ -41.86249894, -13.57138591 ], [ -41.86305106, -13.57064974 ], [ -41.86360319, -13.57002399 ], [ -41.86433937, -13.56932462 ], [ -41.86518597, -13.56855164 ], [ -41.86592213, -13.56822036 ], [ -41.86695279, -13.56814675 ], [ -41.86768883, -13.56811415 ], [ -41.86827791, -13.56774184 ], [ -41.86927174, -13.56744737 ], [ -41.87033919, -13.56733694 ], [ -41.87107536, -13.56685844 ], [ -41.87190866, -13.56585272 ], [ -41.87229006, -13.56512843 ], [ -41.87302624, -13.56391373 ], [ -41.87365198, -13.56269905 ], [ -41.87424091, -13.56159479 ], [ -41.87519794, -13.56067456 ], [ -41.87600773, -13.5603801 ], [ -41.87676569, -13.56031606 ], [ -41.87755371, -13.56104265 ], [ -41.87814264, -13.5616316 ], [ -41.87884201, -13.5616684 ], [ -41.87932052, -13.56141074 ], [ -41.88057203, -13.56078499 ], [ -41.88230203, -13.55993839 ], [ -41.88414247, -13.55898137 ], [ -41.88609334, -13.55750901 ], [ -41.88712399, -13.55647837 ], [ -41.88749206, -13.55585261 ], [ -41.88818582, -13.5552599 ], [ -41.88859616, -13.55521371 ], [ -41.88880723, -13.55530417 ], [ -41.88892784, -13.55553033 ], [ -41.88897308, -13.5558771 ], [ -41.88913891, -13.55620878 ], [ -41.88938014, -13.55648016 ], [ -41.88971185, -13.55661585 ], [ -41.8900119, -13.55663241 ], [ -41.89034507, -13.55652539 ], [ -41.89081244, -13.55622385 ], [ -41.89115922, -13.5558017 ], [ -41.8914306, -13.55531924 ], [ -41.89180752, -13.55473124 ], [ -41.89233521, -13.55418848 ], [ -41.89289305, -13.55387187 ], [ -41.89352629, -13.5536457 ], [ -41.89424997, -13.55360049 ], [ -41.89492844, -13.55347986 ], [ -41.89524504, -13.55325372 ], [ -41.89544106, -13.55275618 ], [ -41.89557674, -13.5522888 ], [ -41.89591747, -13.55199279 ], [ -41.89643924, -13.55145031 ], [ -41.89688663, -13.5513108 ], [ -41.89753275, -13.551239 ], [ -41.89839421, -13.55141847 ], [ -41.89907622, -13.55141847 ], [ -41.89943518, -13.55123901 ], [ -41.90011718, -13.55091595 ], [ -41.90101454, -13.55066469 ], [ -41.90292289, -13.54950128 ], [ -41.90428095, -13.5490486 ], [ -41.90584478, -13.54867822 ], [ -41.90650324, -13.54834898 ], [ -41.90744977, -13.54818438 ], [ -41.90822695, -13.5483084 ], [ -41.90851976, -13.54806092 ], [ -41.90921936, -13.54801976 ], [ -41.91000128, -13.5480609 ], [ -41.91103011, -13.54793745 ], [ -41.91177088, -13.54752593 ], [ -41.91284087, -13.54694977 ], [ -41.91366394, -13.54707324 ], [ -41.91432239, -13.54760823 ], [ -41.91465163, -13.54810207 ], [ -41.91473392, -13.54867821 ], [ -41.91477509, -13.54933667 ], [ -41.915022, -13.54991283 ], [ -41.91513839, -13.55040632 ], [ -41.91559815, -13.55057128 ], [ -41.91613314, -13.55077705 ], [ -41.91699737, -13.55077703 ], [ -41.91761467, -13.55085935 ], [ -41.9185612, -13.55057127 ], [ -41.91946657, -13.55036551 ], [ -41.92074234, -13.55011858 ], [ -41.92201807, -13.54991282 ], [ -41.92267653, -13.5502832 ], [ -41.92333499, -13.55077704 ], [ -41.92382884, -13.55147665 ], [ -41.92391113, -13.55238202 ], [ -41.92440498, -13.55287586 ], [ -41.9251869, -13.55308164 ], [ -41.92592765, -13.55332855 ], [ -41.92691181, -13.55352455 ], [ -41.92753265, -13.55341086 ], [ -41.92814994, -13.55320509 ], [ -41.92913763, -13.55279357 ], [ -41.93020761, -13.5520528 ], [ -41.9312776, -13.55122973 ], [ -41.93263567, -13.54999513 ], [ -41.93395258, -13.54847246 ], [ -41.93621602, -13.54600325 ], [ -41.93786215, -13.54402787 ], [ -41.93831484, -13.54345173 ], [ -41.93905561, -13.54316366 ], [ -41.93971406, -13.54324596 ], [ -41.94041366, -13.54369865 ], [ -41.94098981, -13.54398672 ], [ -41.9414425, -13.54390441 ], [ -41.9420598, -13.54349287 ], [ -41.94337672, -13.54287559 ], [ -41.94428209, -13.54221713 ], [ -41.94485825, -13.54155868 ], [ -41.94555784, -13.53999483 ], [ -41.94617515, -13.53793717 ], [ -41.94625745, -13.53694949 ], [ -41.94629861, -13.53612642 ], [ -41.94633975, -13.53579719 ], [ -41.94679245, -13.53555027 ], [ -41.9475332, -13.5352622 ], [ -41.94847975, -13.53497412 ], [ -41.94983781, -13.53435683 ], [ -41.95082549, -13.53382182 ], [ -41.95193663, -13.53345144 ], [ -41.95292431, -13.5328753 ], [ -41.95338119, -13.53256216 ], [ -41.95362392, -13.53205222 ], [ -41.9541589, -13.53098223 ], [ -41.95510545, -13.52991224 ], [ -41.95576389, -13.5293361 ], [ -41.95634003, -13.52933609 ], [ -41.95716311, -13.52954187 ], [ -41.95745119, -13.52995339 ], [ -41.95806849, -13.53011802 ], [ -41.95864464, -13.53011801 ], [ -41.96037373, -13.52930397 ], [ -41.96131962, -13.52875996 ], [ -41.96222454, -13.52849 ], [ -41.96288159, -13.52802973 ], [ -41.96423627, -13.52691561 ], [ -41.96478087, -13.52671799 ], [ -41.9659975, -13.52674013 ], [ -41.96677799, -13.52700634 ], [ -41.96808881, -13.52745389 ], [ -41.9500966, -13.46158954 ], [ -41.94924167, -13.46236427 ] ] ] ] } },
{ "type": "Feature", "properties": { "gid": 17, "area_decre": 7487.1, "area_geo": 7487.0975, "ato_vigent": "Decreto nº 54 de 12/11/2015", "bioma": "Mata Atlântica", "categoria": "Área de Proteção Ambiental", "grupo": "Uso Sustentável", "id": 20, "municipio": "Pau Brasil", "nome_uc": "Área de Proteção Ambiental Vale das Cascatas", "observacao": null, "org_gestor": "Prefeitura Municipal de Pau Brasil", "snuc": "Sim" }, "geometry": { "type": "MultiPolygon", "coordinates": [ [ [ [ -39.61942831, -15.35482885 ], [ -39.61841941, -15.3551815 ], [ -39.61798712, -15.3551827 ], [ -39.6178421, -15.35497337 ], [ -39.61733517, -15.35462491 ], [ -39.6169744, -15.35455539 ], [ -39.61625555, -15.35532763 ], [ -39.61596777, -15.3556792 ], [ -39.61560885, -15.3562398 ], [ -39.61510531, -15.35673208 ], [ -39.61416937, -15.35750491 ], [ -39.6132328, -15.35806801 ], [ -39.61215274, -15.35863148 ], [ -39.61128669, -15.358774 ], [ -39.61056629, -15.35870545 ], [ -39.60962747, -15.35849828 ], [ -39.60861671, -15.35822078 ], [ -39.60457141, -15.35697065 ], [ -39.60247685, -15.35627567 ], [ -39.60074405, -15.35600099 ], [ -39.59980737, -15.35621325 ], [ -39.59937534, -15.3566348 ], [ -39.59923334, -15.35747594 ], [ -39.59923654, -15.35859607 ], [ -39.59895171, -15.35999811 ], [ -39.59859394, -15.36097906 ], [ -39.59794913, -15.36259182 ], [ -39.5983119, -15.36336111 ], [ -39.59903598, -15.36405981 ], [ -39.59982125, -15.36497529 ], [ -39.60015141, -15.36639921 ], [ -39.60075623, -15.36871828 ], [ -39.60070548, -15.37019563 ], [ -39.60025021, -15.37194711 ], [ -39.5993535, -15.37442483 ], [ -39.59921127, -15.37519545 ], [ -39.59921447, -15.37631646 ], [ -39.59943398, -15.37715575 ], [ -39.59972403, -15.37757535 ], [ -39.60044663, -15.37806431 ], [ -39.60124272, -15.37883242 ], [ -39.60160532, -15.37953206 ], [ -39.60160733, -15.38023179 ], [ -39.60153801, -15.38107276 ], [ -39.6011788, -15.38156373 ], [ -39.60045746, -15.38184591 ], [ -39.59973626, -15.38184786 ], [ -39.59814809, -15.38171201 ], [ -39.59641588, -15.38171666 ], [ -39.59461351, -15.382282 ], [ -39.59338813, -15.38291539 ], [ -39.59259542, -15.38333788 ], [ -39.59209256, -15.38410948 ], [ -39.59209398, -15.38494391 ], [ -39.59213552, -15.38496655 ], [ -39.59083755, -15.3853478 ], [ -39.58917567, -15.38609386 ], [ -39.58782134, -15.38701446 ], [ -39.58659492, -15.38767977 ], [ -39.5851519, -15.38873675 ], [ -39.58448016, -15.390565 ], [ -39.58414782, -15.39189933 ], [ -39.58426295, -15.39439197 ], [ -39.58426295, -15.39643908 ], [ -39.58457223, -15.3978478 ], [ -39.58400816, -15.39951446 ], [ -39.58357142, -15.40132293 ], [ -39.5832688, -15.4028478 ], [ -39.58303964, -15.40414193 ], [ -39.58310749, -15.40585901 ], [ -39.58239525, -15.40681344 ], [ -39.58165138, -15.40701446 ], [ -39.58035207, -15.40727025 ], [ -39.57868263, -15.4078478 ], [ -39.57842962, -15.4096678 ], [ -39.57852325, -15.41118113 ], [ -39.57841081, -15.412829 ], [ -39.57842962, -15.41449633 ], [ -39.57807133, -15.41544913 ], [ -39.57779909, -15.41618113 ], [ -39.57759628, -15.41741878 ], [ -39.57759628, -15.41865982 ], [ -39.57770429, -15.4203478 ], [ -39.57720458, -15.42162276 ], [ -39.57739732, -15.42264883 ], [ -39.57742454, -15.42368113 ], [ -39.57727571, -15.42451446 ], [ -39.57676295, -15.42520595 ], [ -39.57676921, -15.42618113 ], [ -39.57773152, -15.42701446 ], [ -39.57855613, -15.4278478 ], [ -39.57932547, -15.42868113 ], [ -39.5806785, -15.42951446 ], [ -39.5822181, -15.42996961 ], [ -39.58272789, -15.43131274 ], [ -39.58277368, -15.43219186 ], [ -39.58299137, -15.43368113 ], [ -39.58342962, -15.43510503 ], [ -39.58342962, -15.43609505 ], [ -39.58402644, -15.43701446 ], [ -39.58453002, -15.43868113 ], [ -39.58555974, -15.43951446 ], [ -39.58611646, -15.44136797 ], [ -39.58676295, -15.4428161 ], [ -39.58829066, -15.44354217 ], [ -39.58902225, -15.44451446 ], [ -39.59001431, -15.44618113 ], [ -39.59074185, -15.44701446 ], [ -39.59130536, -15.44822354 ], [ -39.59184583, -15.44951446 ], [ -39.59236267, -15.45011419 ], [ -39.59295469, -15.4507062 ], [ -39.59365061, -15.45140213 ], [ -39.59459838, -15.45234989 ], [ -39.59525329, -15.45383814 ], [ -39.59509628, -15.45447666 ], [ -39.5951917, -15.45544321 ], [ -39.61363926, -15.47053284 ], [ -39.61363714, -15.47053619 ], [ -39.61378877, -15.47037633 ], [ -39.61411258, -15.47017383 ], [ -39.61466572, -15.46997793 ], [ -39.6149424, -15.4699175 ], [ -39.61509578, -15.4697679 ], [ -39.61521816, -15.46954426 ], [ -39.61527983, -15.46927559 ], [ -39.61529382, -15.46896275 ], [ -39.61533946, -15.46863446 ], [ -39.61538439, -15.46838121 ], [ -39.61547592, -15.46812691 ], [ -39.61562889, -15.46784352 ], [ -39.61584352, -15.46760426 ], [ -39.61631965, -15.46721601 ], [ -39.61695602, -15.46679928 ], [ -39.61721757, -15.46666475 ], [ -39.61772357, -15.46629269 ], [ -39.61823022, -15.4658266 ], [ -39.61892082, -15.46515387 ], [ -39.61936578, -15.46463099 ], [ -39.62019434, -15.46364508 ], [ -39.62082229, -15.46291195 ], [ -39.62157588, -15.46210976 ], [ -39.62179014, -15.46175116 ], [ -39.62211199, -15.46121326 ], [ -39.62235607, -15.46054177 ], [ -39.62256859, -15.45960188 ], [ -39.62259833, -15.45925916 ], [ -39.62256668, -15.45896092 ], [ -39.62248962, -15.4587523 ], [ -39.62231939, -15.45855931 ], [ -39.62211836, -15.45835104 ], [ -39.6219492, -15.45820235 ], [ -39.62217304, -15.45793232 ], [ -39.62227609, -15.4577919 ], [ -39.6224826, -15.45765029 ], [ -39.62270968, -15.45753032 ], [ -39.6227898, -15.45750277 ], [ -39.62312312, -15.45738813 ], [ -39.62378376, -15.45730672 ], [ -39.62434199, -15.45726537 ], [ -39.62490033, -15.45726379 ], [ -39.62541796, -15.45736178 ], [ -39.62583143, -15.45754142 ], [ -39.6264113, -15.4578797 ], [ -39.62732233, -15.45829841 ], [ -39.62819246, -15.4587561 ], [ -39.62926889, -15.45931355 ], [ -39.62993186, -15.45969227 ], [ -39.63065647, -15.46011058 ], [ -39.63140276, -15.4606093 ], [ -39.63189975, -15.46096859 ], [ -39.63252165, -15.46132753 ], [ -39.63297682, -15.46172672 ], [ -39.63359915, -15.46222578 ], [ -39.63415872, -15.46262467 ], [ -39.63465554, -15.46292339 ], [ -39.63523507, -15.46314231 ], [ -39.63602161, -15.46338053 ], [ -39.63651775, -15.46345866 ], [ -39.6368079, -15.46353829 ], [ -39.63722115, -15.46363745 ], [ -39.63784196, -15.46363566 ], [ -39.63785554, -15.4630228 ], [ -39.63812358, -15.46301694 ], [ -39.63822771, -15.46300541 ], [ -39.63829128, -15.46297717 ], [ -39.63858638, -15.46296509 ], [ -39.63882933, -15.46293072 ], [ -39.63902609, -15.46293015 ], [ -39.63923442, -15.46292955 ], [ -39.63949477, -15.46290635 ], [ -39.63971462, -15.46288888 ], [ -39.63958492, -15.46179856 ], [ -39.63946106, -15.46166421 ], [ -39.63925091, -15.46065457 ], [ -39.63843259, -15.45827558 ], [ -39.63859412, -15.45838402 ], [ -39.63887719, -15.45857786 ], [ -39.64020877, -15.45889124 ], [ -39.64124273, -15.45911174 ], [ -39.64274564, -15.45953996 ], [ -39.64325104, -15.45950966 ], [ -39.64318884, -15.45776066 ], [ -39.64292014, -15.45555419 ], [ -39.64257392, -15.45276055 ], [ -39.64363426, -15.45195453 ], [ -39.64446453, -15.45143493 ], [ -39.64496549, -15.45134038 ], [ -39.64835562, -15.45091674 ], [ -39.64835307, -15.45091786 ], [ -39.6483704, -15.4509549 ], [ -39.64843246, -15.45113101 ], [ -39.64844793, -15.45130815 ], [ -39.64846334, -15.45146993 ], [ -39.64846389, -15.45164622 ], [ -39.64844958, -15.45183792 ], [ -39.64840528, -15.45228012 ], [ -39.64840704, -15.45254771 ], [ -39.64843831, -15.45271035 ], [ -39.64848425, -15.4527979 ], [ -39.64856003, -15.45288628 ], [ -39.64869737, -15.45298894 ], [ -39.64897182, -15.45312103 ], [ -39.64913894, -15.45320913 ], [ -39.64923051, -15.45328209 ], [ -39.64929133, -15.45335604 ], [ -39.64935312, -15.45344356 ], [ -39.64944493, -15.45359064 ], [ -39.64968903, -15.45385572 ], [ -39.65017679, -15.45423669 ], [ -39.65049644, -15.45451601 ], [ -39.65071026, -15.45463291 ], [ -39.65093779, -15.45466207 ], [ -39.65102908, -15.45464643 ], [ -39.65116592, -15.45458727 ], [ -39.65125695, -15.45448394 ], [ -39.65137766, -15.45433623 ], [ -39.65157416, -15.45398217 ], [ -39.65174093, -15.45365804 ], [ -39.65193748, -15.45331845 ], [ -39.65208853, -15.45303775 ], [ -39.652225, -15.45286106 ], [ -39.65247159, -15.45272744 ], [ -39.65257518, -15.4526847 ], [ -39.65265033, -15.45265369 ], [ -39.65292333, -15.45262305 ], [ -39.65324314, -15.45265194 ], [ -39.65353213, -15.45266556 ], [ -39.65371712, -15.45270216 ], [ -39.65397329, -15.45275285 ], [ -39.65418581, -15.45275222 ], [ -39.65430764, -15.45266327 ], [ -39.65442835, -15.45251555 ], [ -39.65453415, -15.45236788 ], [ -39.65470156, -15.45224987 ], [ -39.65483848, -15.45221963 ], [ -39.65499027, -15.45217488 ], [ -39.65514216, -15.45215997 ], [ -39.65529418, -15.45218935 ], [ -39.65544644, -15.45229196 ], [ -39.65565951, -15.45246762 ], [ -39.65587343, -15.45261435 ], [ -39.65628443, -15.45289338 ], [ -39.65645276, -15.45306917 ], [ -39.6565744, -15.45321617 ], [ -39.65668301, -15.45337043 ], [ -39.6567014, -15.45328992 ], [ -39.65674757, -15.45315237 ], [ -39.65688896, -15.45306064 ], [ -39.6570305, -15.45301502 ], [ -39.65721871, -15.45299096 ], [ -39.65743137, -15.45303644 ], [ -39.6576905, -15.45303567 ], [ -39.65776112, -15.45296675 ], [ -39.65787842, -15.4529212 ], [ -39.65790237, -15.45282892 ], [ -39.65801902, -15.45257725 ], [ -39.65816143, -15.45221883 ], [ -39.65830196, -15.45185318 ], [ -39.65844284, -15.45160144 ], [ -39.65865291, -15.45112077 ], [ -39.65874675, -15.45073176 ], [ -39.6588163, -15.45061764 ], [ -39.65884018, -15.45050366 ], [ -39.65876883, -15.45034386 ], [ -39.65867469, -15.45034414 ], [ -39.65843894, -15.45036744 ], [ -39.65820313, -15.45036814 ], [ -39.65815523, -15.45025438 ], [ -39.6581535, -15.44970563 ], [ -39.65812861, -15.44920306 ], [ -39.65807985, -15.44881537 ], [ -39.65793659, -15.44831315 ], [ -39.65781814, -15.44799348 ], [ -39.65769631, -15.4477832 ], [ -39.65750752, -15.44762374 ], [ -39.65727092, -15.44737312 ], [ -39.65712845, -15.44712222 ], [ -39.65700907, -15.44680345 ], [ -39.65686754, -15.44655255 ], [ -39.6565355, -15.44618739 ], [ -39.65636995, -15.44600527 ], [ -39.65611033, -15.44584602 ], [ -39.65573234, -15.44568713 ], [ -39.65544971, -15.44562016 ], [ -39.65523705, -15.44557468 ], [ -39.65509516, -15.44550639 ], [ -39.65497751, -15.44543894 ], [ -39.65490646, -15.44537044 ], [ -39.65488158, -15.44516439 ], [ -39.6549051, -15.44493651 ], [ -39.65487993, -15.44463915 ], [ -39.65487871, -15.44425132 ], [ -39.65492575, -15.44409117 ], [ -39.65504369, -15.44395341 ], [ -39.65523168, -15.44386155 ], [ -39.6554672, -15.44376954 ], [ -39.65565533, -15.44372288 ], [ -39.65582023, -15.44369979 ], [ -39.65593846, -15.44365424 ], [ -39.65603246, -15.44360786 ], [ -39.65612609, -15.44344756 ], [ -39.65618109, -15.44315449 ], [ -39.65615729, -15.44299455 ], [ -39.65617973, -15.44272056 ], [ -39.65627336, -15.44256027 ], [ -39.65676864, -15.44237619 ], [ -39.6571449, -15.44228376 ], [ -39.65733368, -15.44214579 ], [ -39.65756869, -15.44189377 ], [ -39.65775589, -15.44155059 ], [ -39.65791978, -15.44120747 ], [ -39.65813164, -15.44100163 ], [ -39.65853213, -15.44090913 ], [ -39.6588853, -15.44088458 ], [ -39.65907429, -15.44081621 ], [ -39.65928644, -15.44070077 ], [ -39.6594266, -15.44051774 ], [ -39.65952123, -15.44038095 ], [ -39.65959049, -15.44017462 ], [ -39.65966053, -15.43992309 ], [ -39.65970669, -15.43948901 ], [ -39.65977615, -15.43905487 ], [ -39.66001088, -15.43871154 ], [ -39.66036318, -15.43841397 ], [ -39.66064601, -15.43825311 ], [ -39.66092776, -15.43804615 ], [ -39.66099824, -15.43793203 ], [ -39.66109302, -15.43784044 ], [ -39.66111581, -15.43768036 ], [ -39.66111429, -15.43720032 ], [ -39.66118455, -15.4370175 ], [ -39.66123071, -15.43688085 ], [ -39.66137188, -15.43672042 ], [ -39.66148981, -15.43658265 ], [ -39.66155927, -15.43644503 ], [ -39.66155877, -15.43628592 ], [ -39.66153503, -15.43614858 ], [ -39.66144061, -15.43605755 ], [ -39.66127521, -15.43592063 ], [ -39.66116863, -15.43581789 ], [ -39.66103024, -15.43567727 ], [ -39.66096914, -15.43551201 ], [ -39.66095764, -15.43511698 ], [ -39.66102811, -15.43500196 ], [ -39.66117964, -15.43488127 ], [ -39.66146744, -15.43481623 ], [ -39.66163961, -15.43473797 ], [ -39.66189169, -15.43458082 ], [ -39.66210814, -15.43435416 ], [ -39.66222426, -15.43423448 ], [ -39.6622844, -15.43409689 ], [ -39.66227875, -15.43378411 ], [ -39.66225232, -15.43367842 ], [ -39.66207576, -15.43354967 ], [ -39.66154528, -15.4332041 ], [ -39.66135643, -15.43302204 ], [ -39.6612139, -15.43274854 ], [ -39.66104749, -15.4322916 ], [ -39.66090467, -15.43192679 ], [ -39.66038416, -15.43119697 ], [ -39.66005279, -15.43074142 ], [ -39.65974493, -15.4303536 ], [ -39.65955473, -15.43003504 ], [ -39.65929477, -15.42976098 ], [ -39.65915274, -15.4296475 ], [ -39.65908141, -15.42948769 ], [ -39.65915181, -15.42935097 ], [ -39.65934057, -15.429213 ], [ -39.65966992, -15.42902941 ], [ -39.6600468, -15.42884567 ], [ -39.66037593, -15.42859337 ], [ -39.66058677, -15.42836402 ], [ -39.66091611, -15.4278839 ], [ -39.66118438, -15.4275459 ], [ -39.6617022, -15.42713302 ], [ -39.66214918, -15.42672035 ], [ -39.66247787, -15.42633153 ], [ -39.66278275, -15.42578187 ], [ -39.66313336, -15.42495905 ], [ -39.66346103, -15.42424931 ], [ -39.66400133, -15.42358504 ], [ -39.66432928, -15.4229675 ], [ -39.66456311, -15.42235025 ], [ -39.66486747, -15.42164148 ], [ -39.66512503, -15.42116066 ], [ -39.66529012, -15.42090884 ], [ -39.66557199, -15.42074798 ], [ -39.66599574, -15.42065541 ], [ -39.66653799, -15.42060858 ], [ -39.66748069, -15.42046833 ], [ -39.6681643, -15.42032886 ], [ -39.66904286, -15.42023943 ], [ -39.66918444, -15.4202155 ], [ -39.66927805, -15.42005611 ], [ -39.66937159, -15.41987231 ], [ -39.6694181, -15.41955304 ], [ -39.66936962, -15.41925576 ], [ -39.66927396, -15.41877691 ], [ -39.66922416, -15.41806829 ], [ -39.66927001, -15.41754291 ], [ -39.66941027, -15.41710855 ], [ -39.66973835, -15.41653621 ], [ -39.66992572, -15.41626172 ], [ -39.67006672, -15.41605608 ], [ -39.67018456, -15.41589571 ], [ -39.67023042, -15.41566685 ], [ -39.67020639, -15.4154382 ], [ -39.67008816, -15.41518723 ], [ -39.66980332, -15.41470895 ], [ -39.66958989, -15.41441217 ], [ -39.66942428, -15.41420745 ], [ -39.66930584, -15.41388777 ], [ -39.66925707, -15.41350009 ], [ -39.6692559, -15.41313396 ], [ -39.66930306, -15.41301991 ], [ -39.66949101, -15.41292803 ], [ -39.66965582, -15.41288143 ], [ -39.66986815, -15.41283559 ], [ -39.67005632, -15.41281242 ], [ -39.6701503, -15.41276603 ], [ -39.67026821, -15.41262826 ], [ -39.67029115, -15.41251428 ], [ -39.67029218, -15.41251199 ], [ -39.6609285, -15.40851964 ], [ -39.63509025, -15.38990499 ], [ -39.62564699, -15.35212265 ], [ -39.62442713, -15.35088243 ], [ -39.62418039, -15.35124368 ], [ -39.62317338, -15.3522274 ], [ -39.62144476, -15.35335234 ], [ -39.62000513, -15.35454698 ], [ -39.61942831, -15.35482885 ] ] ] ] } },
{ "type": "Feature", "properties": { "gid": 18, "area_decre": 1470.2553, "area_geo": 1218.4988, "ato_vigent": "Decreto nº 73 de 22/12/2011", "bioma": "Cerrado", "categoria": "Área de Proteção Ambiental", "grupo": "Uso Sustentável", "id": 21, "municipio": "Barra", "nome_uc": "Área de Proteção Ambiental Alto dos Pilões", "observacao": "A poligonal enviada não corresponde em alguns vértices as coordenadas existentes no decreto de criação", "org_gestor": "Prefeitura Municipal de Barra", "snuc": "Sim" }, "geometry": { "type": "MultiPolygon", "coordinates": [ [ [ [ -43.12403627, -11.06785627 ], [ -43.12418376, -11.06895593 ], [ -43.12429369, -11.06948563 ], [ -43.12441553, -11.06976107 ], [ -43.12454637, -11.07024004 ], [ -43.12466679, -11.07073928 ], [ -43.12494791, -11.07188046 ], [ -43.12516899, -11.07274658 ], [ -43.12543178, -11.07353157 ], [ -43.12541818, -11.07405033 ], [ -43.12539396, -11.0746199 ], [ -43.12535581, -11.07575909 ], [ -43.12545556, -11.07626838 ], [ -43.12558525, -11.07693047 ], [ -43.12574816, -11.07722651 ], [ -43.12589015, -11.07757329 ], [ -43.12605235, -11.07798123 ], [ -43.12621403, -11.07847057 ], [ -43.12638524, -11.07908204 ], [ -43.1264321, -11.07923813 ], [ -43.13094917, -11.07732765 ], [ -43.13259516, -11.07655097 ], [ -43.13390527, -11.0759768 ], [ -43.13470237, -11.07590304 ], [ -43.13514866, -11.07587432 ], [ -43.13565868, -11.07584599 ], [ -43.13648715, -11.07585111 ], [ -43.13739517, -11.07587245 ], [ -43.1389566, -11.07586635 ], [ -43.1398013, -11.07582434 ], [ -43.1405498, -11.07587616 ], [ -43.14059024, -11.07704098 ], [ -43.14059803, -11.07833149 ], [ -43.14062353, -11.07933883 ], [ -43.14063419, -11.08017298 ], [ -43.14066288, -11.08067675 ], [ -43.14024039, -11.08198034 ], [ -43.14010577, -11.0831126 ], [ -43.14017986, -11.08399435 ], [ -43.14036677, -11.08467221 ], [ -43.14063474, -11.08513024 ], [ -43.14110805, -11.08587282 ], [ -43.14132852, -11.08628334 ], [ -43.14153445, -11.08647346 ], [ -43.14120555, -11.08809238 ], [ -43.14082476, -11.09004573 ], [ -43.14114185, -11.09009592 ], [ -43.14365395, -11.09052135 ], [ -43.14584898, -11.09089659 ], [ -43.14831212, -11.0913458 ], [ -43.15394935, -11.09217111 ], [ -43.15379744, -11.09292916 ], [ -43.15402613, -11.09296286 ], [ -43.15489173, -11.09311349 ], [ -43.15539794, -11.09321348 ], [ -43.15519942, -11.09358368 ], [ -43.15473617, -11.09445287 ], [ -43.15422336, -11.09540249 ], [ -43.15387597, -11.0960463 ], [ -43.15362849, -11.09640006 ], [ -43.15328343, -11.09667247 ], [ -43.15303748, -11.096784 ], [ -43.15267759, -11.09681409 ], [ -43.1524159, -11.09682863 ], [ -43.15220305, -11.09687577 ], [ -43.15193811, -11.09740705 ], [ -43.15165823, -11.09771215 ], [ -43.15133053, -11.09782318 ], [ -43.15102122, -11.09761135 ], [ -43.15070844, -11.09794855 ], [ -43.15030337, -11.09815012 ], [ -43.15034557, -11.09829587 ], [ -43.15044314, -11.09854119 ], [ -43.15050454, -11.09862722 ], [ -43.15059072, -11.0987134 ], [ -43.15058995, -11.09883576 ], [ -43.15063865, -11.09897066 ], [ -43.15075015, -11.09897134 ], [ -43.15091059, -11.09907021 ], [ -43.15110749, -11.09927944 ], [ -43.15129232, -11.09943964 ], [ -43.15147753, -11.09953867 ], [ -43.15167428, -11.09977236 ], [ -43.15183349, -11.10006701 ], [ -43.15216529, -11.10049731 ], [ -43.15232495, -11.10071854 ], [ -43.15247254, -11.10089075 ], [ -43.15263113, -11.10128328 ], [ -43.15281619, -11.10140677 ], [ -43.15295131, -11.10159114 ], [ -43.15364345, -11.10185234 ], [ -43.15416255, -11.10205131 ], [ -43.15494188, -11.10223962 ], [ -43.15585818, -11.10231865 ], [ -43.15621791, -11.10224744 ], [ -43.15641735, -11.10205288 ], [ -43.15676447, -11.1020183 ], [ -43.15728525, -11.10194807 ], [ -43.15776894, -11.10186537 ], [ -43.1583519, -11.10175881 ], [ -43.15869932, -11.10167528 ], [ -43.15900919, -11.1016527 ], [ -43.15933183, -11.10156902 ], [ -43.15971603, -11.1015469 ], [ -43.16014964, -11.10154955 ], [ -43.16074383, -11.10162659 ], [ -43.1612887, -11.10166663 ], [ -43.16177155, -11.10171852 ], [ -43.16236613, -11.10173438 ], [ -43.16275034, -11.10171226 ], [ -43.16317094, -11.10181271 ], [ -43.16351698, -11.10194942 ], [ -43.16377714, -11.10195101 ], [ -43.16405887, -11.10246664 ], [ -43.16431659, -11.10285978 ], [ -43.16468626, -11.10318017 ], [ -43.16505716, -11.10330479 ], [ -43.16567576, -11.10344316 ], [ -43.16636831, -11.10364316 ], [ -43.16733333, -11.10385705 ], [ -43.16800141, -11.10400795 ], [ -43.1688047, -11.10433097 ], [ -43.1691867, -11.10466368 ], [ -43.16949382, -11.10508158 ], [ -43.16983759, -11.10558535 ], [ -43.17011902, -11.10614993 ], [ -43.17019464, -11.10656753 ], [ -43.17035882, -11.10686131 ], [ -43.1703743, -11.10700025 ], [ -43.17047173, -11.10727626 ], [ -43.17058148, -11.10756459 ], [ -43.17071617, -11.10782858 ], [ -43.1708934, -11.10822748 ], [ -43.17108355, -11.10854078 ], [ -43.17124934, -11.1087866 ], [ -43.17137837, -11.10896487 ], [ -43.17152576, -11.10917998 ], [ -43.17163034, -11.10930302 ], [ -43.17177414, -11.10939383 ], [ -43.17183583, -11.10950422 ], [ -43.17187153, -11.10951773 ], [ -43.17191352, -11.10960464 ], [ -43.172123, -11.10980176 ], [ -43.17238851, -11.10995639 ], [ -43.17264794, -11.11009261 ], [ -43.17288269, -11.11021032 ], [ -43.17324769, -11.11031046 ], [ -43.17360061, -11.11036157 ], [ -43.17394101, -11.11043096 ], [ -43.17413312, -11.11043212 ], [ -43.17419077, -11.11039588 ], [ -43.17421903, -11.11040658 ], [ -43.17467521, -11.11040934 ], [ -43.17533975, -11.11024093 ], [ -43.17603953, -11.110021 ], [ -43.17680893, -11.10983597 ], [ -43.17738595, -11.10970151 ], [ -43.17806752, -11.10960217 ], [ -43.17845132, -11.10965623 ], [ -43.17901003, -11.10965961 ], [ -43.17967306, -11.1097326 ], [ -43.18038881, -11.10975417 ], [ -43.18080762, -11.10979119 ], [ -43.18145449, -11.10965714 ], [ -43.18215394, -11.10948893 ], [ -43.18248781, -11.10914606 ], [ -43.18325679, -11.10902999 ], [ -43.18371074, -11.10903273 ], [ -43.18400755, -11.10903452 ], [ -43.18442658, -11.10903705 ], [ -43.18482794, -11.10907396 ], [ -43.185282, -11.10905945 ], [ -43.18564866, -11.10906166 ], [ -43.18599774, -11.10908101 ], [ -43.1862244, -11.10913411 ], [ -43.186399, -11.10913516 ], [ -43.18652164, -11.10906692 ], [ -43.18678364, -11.10905125 ], [ -43.18699337, -11.10901803 ], [ -43.18723792, -11.10900226 ], [ -43.18767505, -11.10890142 ], [ -43.1881817, -11.10885274 ], [ -43.18860084, -11.10883802 ], [ -43.18884044, -11.10874765 ], [ -43.17555987, -11.0912673 ], [ -43.17518002, -11.09092678 ], [ -43.17222696, -11.08925678 ], [ -43.16882607, -11.08759704 ], [ -43.16642298, -11.08645068 ], [ -43.16568773, -11.08608197 ], [ -43.16487386, -11.08564773 ], [ -43.16399398, -11.08523911 ], [ -43.16321866, -11.0849612 ], [ -43.1625482, -11.08476199 ], [ -43.1619625, -11.08458419 ], [ -43.16110278, -11.08451359 ], [ -43.16040846, -11.08444401 ], [ -43.16037701, -11.0841824 ], [ -43.16011603, -11.08359262 ], [ -43.15965759, -11.08283826 ], [ -43.15946665, -11.08162805 ], [ -43.15907581, -11.08064536 ], [ -43.15864738, -11.08038133 ], [ -43.15828512, -11.08011771 ], [ -43.15795451, -11.08008302 ], [ -43.15732657, -11.07998115 ], [ -43.15696329, -11.0798809 ], [ -43.15670089, -11.07951985 ], [ -43.15643869, -11.07912613 ], [ -43.15637376, -11.07892967 ], [ -43.15637805, -11.07824349 ], [ -43.15608401, -11.07765351 ], [ -43.15582263, -11.07712908 ], [ -43.1554955, -11.0765389 ], [ -43.15533337, -11.07601508 ], [ -43.15513653, -11.07575247 ], [ -43.15480633, -11.07565242 ], [ -43.1545084, -11.07568327 ], [ -43.15427601, -11.07581256 ], [ -43.15387883, -11.07584281 ], [ -43.15371548, -11.07551504 ], [ -43.15328625, -11.07538171 ], [ -43.15269161, -11.07524736 ], [ -43.15186766, -11.07475217 ], [ -43.15127467, -11.07435642 ], [ -43.15028492, -11.07392556 ], [ -43.14942667, -11.07362621 ], [ -43.14893149, -11.07345979 ], [ -43.14840507, -11.07299909 ], [ -43.14784661, -11.0723748 ], [ -43.14659407, -11.07164823 ], [ -43.14553427, -11.07183779 ], [ -43.14454145, -11.07189704 ], [ -43.14311652, -11.0722804 ], [ -43.14245079, -11.07292984 ], [ -43.14175219, -11.07354639 ], [ -43.14125206, -11.07416417 ], [ -43.14092126, -11.07416213 ], [ -43.14039403, -11.07383212 ], [ -43.13986949, -11.07307733 ], [ -43.13957383, -11.07274874 ], [ -43.13921098, -11.07258312 ], [ -43.13891594, -11.07215651 ], [ -43.13832359, -11.07166271 ], [ -43.13792766, -11.07149689 ], [ -43.13736778, -11.07110131 ], [ -43.13707295, -11.07064203 ], [ -43.13714097, -11.07034836 ], [ -43.13787203, -11.06983004 ], [ -43.13800683, -11.06943876 ], [ -43.13804446, -11.0687201 ], [ -43.13778333, -11.06816299 ], [ -43.13738885, -11.06776844 ], [ -43.1368941, -11.06753666 ], [ -43.13656392, -11.06743659 ], [ -43.13626579, -11.06750011 ], [ -43.13586759, -11.06769371 ], [ -43.13550186, -11.06798554 ], [ -43.13517065, -11.06804885 ], [ -43.13457521, -11.06804517 ], [ -43.1337813, -11.06804026 ], [ -43.1327213, -11.06826245 ], [ -43.13166234, -11.06832125 ], [ -43.13090233, -11.06818585 ], [ -43.13031083, -11.06756133 ], [ -43.12945657, -11.06664111 ], [ -43.12866847, -11.06572129 ], [ -43.1278837, -11.06427867 ], [ -43.12742516, -11.06355695 ], [ -43.1273983, -11.06257649 ], [ -43.12783601, -11.06137018 ], [ -43.1282708, -11.06062132 ], [ -43.12860594, -11.05993719 ], [ -43.12880856, -11.05928492 ], [ -43.12891174, -11.05866471 ], [ -43.1288183, -11.05774919 ], [ -43.12845859, -11.05709343 ], [ -43.12796635, -11.05646954 ], [ -43.12737468, -11.0558777 ], [ -43.12661657, -11.05544821 ], [ -43.12605694, -11.05501995 ], [ -43.12519816, -11.05481857 ], [ -43.12361062, -11.05477605 ], [ -43.12040684, -11.0540046 ], [ -43.11655, -11.05315919 ], [ -43.11664167, -11.05328258 ], [ -43.11715244, -11.05393686 ], [ -43.1176625, -11.05470305 ], [ -43.11829679, -11.05536827 ], [ -43.11877687, -11.05599184 ], [ -43.11929762, -11.05669705 ], [ -43.11948202, -11.05685079 ], [ -43.1198803, -11.05738229 ], [ -43.12010531, -11.05762785 ], [ -43.12031964, -11.05793439 ], [ -43.12056609, -11.05804783 ], [ -43.12083127, -11.05845642 ], [ -43.1213223, -11.05897832 ], [ -43.12166993, -11.05937724 ], [ -43.12195427, -11.06000976 ], [ -43.12218681, -11.06069283 ], [ -43.12269313, -11.06204905 ], [ -43.12277105, -11.0627515 ], [ -43.12298377, -11.06331237 ], [ -43.12318612, -11.06388334 ], [ -43.12338814, -11.06450517 ], [ -43.12345719, -11.06498376 ], [ -43.12358629, -11.0657374 ], [ -43.12361414, -11.06621572 ], [ -43.12372452, -11.06667421 ], [ -43.12393788, -11.06713335 ], [ -43.12403627, -11.06785627 ] ] ] ] } },
{ "type": "Feature", "properties": { "gid": 19, "area_decre": 189.0, "area_geo": 155.4425, "ato_vigent": "Decreto nº 23 de 04/06/1993", "bioma": "Mata Atlântica", "categoria": "Área de Proteção Ambiental", "grupo": "Uso Sustentável", "id": 22, "municipio": "Candeias", "nome_uc": "Área de Proteção Ambiental da Lagoa da CCC", "observacao": "De acordo com o decreto, a poligonal está referenciada a base SICAR/Conder, escala 1: 10.000", "org_gestor": "Prefeitura Municipal de Candeias", "snuc": "Sim" }, "geometry": { "type": "MultiPolygon", "coordinates": [ [ [ [ -38.54100167, -12.66491524 ], [ -38.54164792, -12.66401209 ], [ -38.54399624, -12.66401612 ], [ -38.54570328, -12.66212007 ], [ -38.54515314, -12.66076272 ], [ -38.54644767, -12.65778083 ], [ -38.5424927, -12.65506125 ], [ -38.53991424, -12.6550568 ], [ -38.539548, -12.65388062 ], [ -38.53734671, -12.64899374 ], [ -38.538918, -12.64574108 ], [ -38.5343192, -12.64274898 ], [ -38.53385648, -12.64401416 ], [ -38.53366772, -12.64654579 ], [ -38.53144978, -12.6508824 ], [ -38.53126099, -12.65341403 ], [ -38.53273372, -12.65377832 ], [ -38.5337452, -12.65459394 ], [ -38.53457432, -12.65441454 ], [ -38.53779037, -12.6583085 ], [ -38.53898541, -12.65948613 ], [ -38.53925973, -12.66057173 ], [ -38.53851912, -12.6627407 ], [ -38.53916147, -12.66400779 ], [ -38.54100167, -12.66491524 ] ] ] ] } },
{ "type": "Feature", "properties": { "gid": 20, "area_decre": 100.0, "area_geo": 99.9998, "ato_vigent": "Lei nº 651 de 11/09/2003", "bioma": "Caatinga", "categoria": "Parque Natural Municipal", "grupo": "Protecao Integral", "id": 19, "municipio": "Jacobina", "nome_uc": "Parque Natural Municipal da Macaqueiras", "observacao": "O memorial descritivo da UC não apontou o Datum utilizado. Assumiu-se SAD69", "org_gestor": "Prefeitura Municipal de Jacobina", "snuc": "Sim" }, "geometry": { "type": "MultiPolygon", "coordinates": [ [ [ [ -40.50622358, -11.17405575 ], [ -40.50851251, -11.17404459 ], [ -40.50726802, -11.16365568 ], [ -40.50445966, -11.15146405 ], [ -40.50393184, -11.13790568 ], [ -40.501643, -11.13791678 ], [ -40.50217081, -11.15147516 ], [ -40.50498191, -11.16366681 ], [ -40.50622358, -11.17405575 ] ] ] ] } },
{ "type": "Feature", "properties": { "gid": 21, "area_decre": 1300.0, "area_geo": 1083.2583, "ato_vigent": "Decreto nº 9480 de 16/06/1999", "bioma": "Mata Atlântica", "categoria": "Parque Municipal", "grupo": null, "id": 23, "municipio": "Vitória da Conquista", "nome_uc": "Parque Municipal da Serra do Periperi", "observacao": "O memorial descritivo da UC não apontou o Datum utilizado. Assumiu-se SAD69", "org_gestor": "Prefeitura Municipal de Vitória da Conquista", "snuc": "Não" }, "geometry": { "type": "MultiPolygon", "coordinates": [ [ [ [ -40.88163276, -14.83038355 ], [ -40.88184514, -14.82378471 ], [ -40.88082115, -14.82246462 ], [ -40.87968275, -14.82080205 ], [ -40.8691411, -14.8199661 ], [ -40.86632769, -14.81904003 ], [ -40.85049367, -14.81742366 ], [ -40.8489999, -14.81764352 ], [ -40.84921282, -14.82521505 ], [ -40.83922897, -14.82555715 ], [ -40.8391468, -14.82902813 ], [ -40.83984004, -14.82970943 ], [ -40.8388319, -14.83024165 ], [ -40.83856074, -14.83003596 ], [ -40.83721879, -14.83064315 ], [ -40.83682269, -14.83104395 ], [ -40.8355191, -14.83179542 ], [ -40.83496346, -14.83090516 ], [ -40.83610997, -14.83025436 ], [ -40.83383767, -14.82960372 ], [ -40.83108878, -14.82972503 ], [ -40.82735344, -14.82964628 ], [ -40.81258063, -14.83842101 ], [ -40.80423752, -14.84065562 ], [ -40.80122863, -14.84754769 ], [ -40.80765411, -14.84930473 ], [ -40.81098721, -14.850128 ], [ -40.8157261, -14.84794873 ], [ -40.81784712, -14.84604315 ], [ -40.81677004, -14.84501236 ], [ -40.81887011, -14.84504998 ], [ -40.82070545, -14.84564999 ], [ -40.82051808, -14.84102433 ], [ -40.82415848, -14.8419444 ], [ -40.82485699, -14.84214671 ], [ -40.8263804, -14.8432191 ], [ -40.82685814, -14.84368524 ], [ -40.82744358, -14.84369866 ], [ -40.82676787, -14.83957396 ], [ -40.82694408, -14.83953641 ], [ -40.82873874, -14.84303767 ], [ -40.83063814, -14.84241705 ], [ -40.82935233, -14.83977031 ], [ -40.83067801, -14.83832282 ], [ -40.83230034, -14.83680066 ], [ -40.83272721, -14.83674303 ], [ -40.83308404, -14.8360895 ], [ -40.83313711, -14.83577277 ], [ -40.83323687, -14.83548278 ], [ -40.83364478, -14.83538012 ], [ -40.83364318, -14.83519035 ], [ -40.83487942, -14.83526182 ], [ -40.83536905, -14.83713768 ], [ -40.83566239, -14.8388705 ], [ -40.83575849, -14.8392493 ], [ -40.83600293, -14.83959077 ], [ -40.83750231, -14.84111514 ], [ -40.83822592, -14.84318793 ], [ -40.83846569, -14.84517422 ], [ -40.83891162, -14.84517066 ], [ -40.83930197, -14.84298954 ], [ -40.8391707, -14.84064993 ], [ -40.83958631, -14.84035741 ], [ -40.83895379, -14.83916955 ], [ -40.83936657, -14.83854267 ], [ -40.83822508, -14.83649129 ], [ -40.83797524, -14.83661077 ], [ -40.83720226, -14.83528846 ], [ -40.83752732, -14.83527683 ], [ -40.83977286, -14.83495161 ], [ -40.84014216, -14.83467753 ], [ -40.8426963, -14.8378834 ], [ -40.84640889, -14.83745597 ], [ -40.84608455, -14.83426842 ], [ -40.84529293, -14.8340398 ], [ -40.84524972, -14.8333262 ], [ -40.8461896, -14.83241493 ], [ -40.84644042, -14.83241292 ], [ -40.84697077, -14.83250807 ], [ -40.84724132, -14.83264146 ], [ -40.84762596, -14.83308119 ], [ -40.84820514, -14.83345611 ], [ -40.84834218, -14.83537091 ], [ -40.84847224, -14.83536986 ], [ -40.84848352, -14.83560474 ], [ -40.85041441, -14.83542654 ], [ -40.85059761, -14.83730482 ], [ -40.84831362, -14.84075735 ], [ -40.84856629, -14.84097221 ], [ -40.84864422, -14.84139634 ], [ -40.84902718, -14.84163726 ], [ -40.85399601, -14.8403501 ], [ -40.8538875, -14.83960992 ], [ -40.85627597, -14.83861463 ], [ -40.8563353, -14.8379454 ], [ -40.85520689, -14.83417694 ], [ -40.85634948, -14.83307421 ], [ -40.85665762, -14.832168 ], [ -40.85886991, -14.83013483 ], [ -40.85938346, -14.83043795 ], [ -40.86042388, -14.83042953 ], [ -40.86094479, -14.83050665 ], [ -40.86142939, -14.83068348 ], [ -40.86279671, -14.8330492 ], [ -40.87109992, -14.83170756 ], [ -40.87254893, -14.83167769 ], [ -40.87246524, -14.82950945 ], [ -40.87786167, -14.82938413 ], [ -40.87786666, -14.82996247 ], [ -40.87976747, -14.83061569 ], [ -40.87976747, -14.83061569 ], [ -40.88163276, -14.83038355 ] ] ] ] } },
{ "type": "Feature", "properties": { "gid": 22, "area_decre": 0.0, "area_geo": 782.3817, "ato_vigent": "Lei nº 015/2005", "bioma": "Caatinga", "categoria": "Parque Natural Municipal", "grupo": "Proteção Integral", "id": 24, "municipio": "Ibicoara", "nome_uc": "Parque Natural Municipal do Espalhado", "observacao": "A poligonal da UC é uma estimativa. Assumiu-se o datum SAD-69, haja vista que não foi apontado o datum utilizado no ato normativo de criação.", "org_gestor": "Prefeitura Municipal de Ibicoara", "snuc": "Sim" }, "geometry": { "type": "MultiPolygon", "coordinates": [ [ [ [ -41.18924462, -13.29234117 ], [ -41.18572316, -13.29131842 ], [ -41.18542357, -13.29212175 ], [ -41.18549061, -13.29249168 ], [ -41.18532218, -13.29229432 ], [ -41.18506238, -13.29180858 ], [ -41.18498453, -13.29129416 ], [ -41.18499278, -13.29113511 ], [ -41.18127142, -13.29008526 ], [ -41.17814058, -13.29933918 ], [ -41.15649325, -13.30838272 ], [ -41.1521841, -13.31490488 ], [ -41.14635693, -13.31800903 ], [ -41.14170275, -13.32354705 ], [ -41.14300586, -13.3298337 ], [ -41.12804262, -13.33739268 ], [ -41.12802897, -13.33844936 ], [ -41.12830235, -13.33878324 ], [ -41.12851473, -13.33932456 ], [ -41.12866848, -13.33960518 ], [ -41.12900048, -13.33999556 ], [ -41.12916117, -13.34053994 ], [ -41.1292288, -13.34098488 ], [ -41.12926692, -13.34165701 ], [ -41.12920842, -13.3423497 ], [ -41.12908868, -13.34321096 ], [ -41.12881792, -13.34412421 ], [ -41.12867974, -13.34468022 ], [ -41.12830892, -13.34596204 ], [ -41.15055281, -13.33231796 ], [ -41.1511697, -13.32397268 ], [ -41.15368273, -13.32324641 ], [ -41.15746324, -13.31933704 ], [ -41.16258312, -13.31563359 ], [ -41.17839318, -13.30916957 ], [ -41.18633148, -13.30295008 ], [ -41.18924462, -13.29234117 ] ] ] ] } },
{ "type": "Feature", "properties": { "gid": 23, "area_decre": 12713.0, "area_geo": 12687.18, "ato_vigent": "Decreto nº 424 de 08/05/2007", "bioma": "Mata Atlântica", "categoria": "Área de Proteção Ambiental", "grupo": "Uso Sustentável", "id": 25, "municipio": "Valença", "nome_uc": "Área de Proteção Ambiental Municipal Planície Costeira do Guaibim", "observacao": null, "org_gestor": "Prefeitura Municipal de Valença", "snuc": "Sim" }, "geometry": { "type": "MultiPolygon", "coordinates": [ [ [ [ -39.05009289, -13.33499307 ], [ -39.05059333, -13.3348917 ], [ -39.05075215, -13.33486544 ], [ -39.05098854, -13.3348654 ], [ -39.05109382, -13.3348916 ], [ -39.05121021, -13.33509955 ], [ -39.05124721, -13.33539071 ], [ -39.05135989, -13.33551367 ], [ -39.05146332, -13.33556157 ], [ -39.05164801, -13.33558685 ], [ -39.05175327, -13.33553529 ], [ -39.05191114, -13.33538153 ], [ -39.05196375, -13.33525312 ], [ -39.05203666, -13.33506864 ], [ -39.0521419, -13.33494021 ], [ -39.05222593, -13.33491849 ], [ -39.05247432, -13.33491754 ], [ -39.05268395, -13.33499526 ], [ -39.05288528, -13.33507389 ], [ -39.0530432, -13.33515072 ], [ -39.0532279, -13.33525467 ], [ -39.0534911, -13.33535679 ], [ -39.05391311, -13.33542904 ], [ -39.05401748, -13.33551221 ], [ -39.05407106, -13.33561619 ], [ -39.05407109, -13.33574459 ], [ -39.05399263, -13.33587301 ], [ -39.05392894, -13.33599329 ], [ -39.05389109, -13.33604846 ], [ -39.05389111, -13.33612622 ], [ -39.05396777, -13.33623291 ], [ -39.05415154, -13.33628441 ], [ -39.05431037, -13.33628438 ], [ -39.05446734, -13.33623371 ], [ -39.05465108, -13.3361559 ], [ -39.05494006, -13.33592526 ], [ -39.05511917, -13.33576969 ], [ -39.05547186, -13.33552094 ], [ -39.05584487, -13.33532011 ], [ -39.05610803, -13.33524681 ], [ -39.05692984, -13.33513269 ], [ -39.05719763, -13.3351462 ], [ -39.05805359, -13.33494345 ], [ -39.05830192, -13.33466398 ], [ -39.05832409, -13.33459386 ], [ -39.05780003, -13.33460998 ], [ -39.05744003, -13.33462998 ], [ -39.05654003, -13.33463998 ], [ -39.05553003, -13.33435998 ], [ -39.05482003, -13.33360998 ], [ -39.05458003, -13.33241998 ], [ -39.05454003, -13.33110998 ], [ -39.05439003, -13.33008998 ], [ -39.05383003, -13.32943998 ], [ -39.05308003, -13.32912004 ], [ -39.05205003, -13.32890998 ], [ -39.05088003, -13.32868998 ], [ -39.04973003, -13.32845998 ], [ -39.04875003, -13.32817998 ], [ -39.04789003, -13.32759998 ], [ -39.04702003, -13.32697998 ], [ -39.04601003, -13.32666998 ], [ -39.04483009, -13.32650992 ], [ -39.04376003, -13.32628998 ], [ -39.04291003, -13.32580998 ], [ -39.04170003, -13.32477992 ], [ -39.04066003, -13.32386998 ], [ -39.04022003, -13.32347998 ], [ -39.03925003, -13.32263998 ], [ -39.03861003, -13.32208998 ], [ -39.03789997, -13.32149998 ], [ -39.03710003, -13.32078998 ], [ -39.03623009, -13.31993998 ], [ -39.03550003, -13.31900998 ], [ -39.03492003, -13.31806998 ], [ -39.03448009, -13.31707004 ], [ -39.03415003, -13.31602998 ], [ -39.03386003, -13.31480998 ], [ -39.03357003, -13.31353998 ], [ -39.03342003, -13.31250998 ], [ -39.03362009, -13.31163998 ], [ -39.03404003, -13.31067998 ], [ -39.03427003, -13.30980998 ], [ -39.03421003, -13.30891998 ], [ -39.03401003, -13.30791998 ], [ -39.03377003, -13.30670992 ], [ -39.03378003, -13.30579998 ], [ -39.03411003, -13.30473998 ], [ -39.03459003, -13.30323998 ], [ -39.03509003, -13.30171998 ], [ -39.03552003, -13.30036998 ], [ -39.03584003, -13.29934998 ], [ -39.03669003, -13.29677998 ], [ -39.03724003, -13.29560998 ], [ -39.03786003, -13.29445998 ], [ -39.03848003, -13.29329998 ], [ -39.03912003, -13.29211998 ], [ -39.03980003, -13.29087998 ], [ -39.04037003, -13.28975998 ], [ -39.04059003, -13.28886998 ], [ -39.04045003, -13.28800998 ], [ -39.03997003, -13.28719998 ], [ -39.03923003, -13.28624998 ], [ -39.03841003, -13.28526998 ], [ -39.03765003, -13.28431992 ], [ -39.03716003, -13.28341998 ], [ -39.03702003, -13.28236998 ], [ -39.03720003, -13.28111998 ], [ -39.03746003, -13.27962998 ], [ -39.03772003, -13.27813998 ], [ -39.03797003, -13.27671998 ], [ -39.03821003, -13.27528998 ], [ -39.03836003, -13.27386998 ], [ -39.03837003, -13.27244998 ], [ -39.03835003, -13.27091998 ], [ -39.03836003, -13.26952998 ], [ -39.03849003, -13.26853998 ], [ -39.03894003, -13.26765998 ], [ -39.03961003, -13.26658998 ], [ -39.04018003, -13.26565998 ], [ -39.04039003, -13.26460998 ], [ -39.04032003, -13.26319998 ], [ -39.04025003, -13.26179998 ], [ -39.04017003, -13.26059998 ], [ -39.04004003, -13.25949998 ], [ -39.03978003, -13.25820998 ], [ -39.03956003, -13.25704998 ], [ -39.03942003, -13.25595998 ], [ -39.03923003, -13.25497998 ], [ -39.03916003, -13.25402998 ], [ -39.03922003, -13.25299998 ], [ -39.03934003, -13.25183998 ], [ -39.03956003, -13.25046998 ], [ -39.03972003, -13.24908998 ], [ -39.03966009, -13.24799998 ], [ -39.0392209, -13.24284418 ], [ -39.03913289, -13.24287608 ], [ -39.03889105, -13.24289961 ], [ -39.03869627, -13.24292314 ], [ -39.0384295, -13.24292228 ], [ -39.03823566, -13.2428988 ], [ -39.03790704, -13.24286358 ], [ -39.03750182, -13.24277594 ], [ -39.03704485, -13.24249478 ], [ -39.03682699, -13.24239986 ], [ -39.03660358, -13.24222898 ], [ -39.03621955, -13.24194962 ], [ -39.03609677, -13.24182214 ], [ -39.03595183, -13.24174711 ], [ -39.03576814, -13.24172725 ], [ -39.03553646, -13.24180142 ], [ -39.0353371, -13.24194975 ], [ -39.03509621, -13.24206644 ], [ -39.03479161, -13.24219759 ], [ -39.03432639, -13.24223383 ], [ -39.03403563, -13.24228091 ], [ -39.03357411, -13.24232887 ], [ -39.03323443, -13.24237594 ], [ -39.0329723, -13.2424465 ], [ -39.03271846, -13.24253062 ], [ -39.03247386, -13.24268348 ], [ -39.03236035, -13.24277666 ], [ -39.03222099, -13.24297469 ], [ -39.032221, -13.24316097 ], [ -39.03227182, -13.24344037 ], [ -39.03228385, -13.24371978 ], [ -39.03224602, -13.24381292 ], [ -39.03211958, -13.24399831 ], [ -39.03181132, -13.24425878 ], [ -39.0314901, -13.24443062 ], [ -39.03129072, -13.24449395 ], [ -39.03095474, -13.24452292 ], [ -39.02972613, -13.24468584 ], [ -39.02904586, -13.24491741 ], [ -39.02824374, -13.24507031 ], [ -39.02737421, -13.24511201 ], [ -39.02684066, -13.24504155 ], [ -39.02620741, -13.24489783 ], [ -39.02561663, -13.24464469 ], [ -39.02522891, -13.24443223 ], [ -39.02477564, -13.24402355 ], [ -39.02433807, -13.24350273 ], [ -39.02405924, -13.24303889 ], [ -39.02393924, -13.24292858 ], [ -39.02372508, -13.24291142 ], [ -39.02343988, -13.24303894 ], [ -39.02327096, -13.24312667 ], [ -39.02300421, -13.24319812 ], [ -39.02277158, -13.24318459 ], [ -39.0225685, -13.24315025 ], [ -39.02217527, -13.24298751 ], [ -39.02183833, -13.24286908 ], [ -39.02144696, -13.24269911 ], [ -39.02086447, -13.24244055 ], [ -39.02048414, -13.24222898 ], [ -39.02003644, -13.24192337 ], [ -39.01975211, -13.24166659 ], [ -39.01958135, -13.24141792 ], [ -39.01941146, -13.24113401 ], [ -39.01936344, -13.24090976 ], [ -39.01928958, -13.24057881 ], [ -39.0192868, -13.24039255 ], [ -39.01938924, -13.24015922 ], [ -39.0195406, -13.23997384 ], [ -39.01965782, -13.23985539 ], [ -39.01982764, -13.23964195 ], [ -39.01990608, -13.23936525 ], [ -39.01988205, -13.23900987 ], [ -39.01982755, -13.23853966 ], [ -39.01974354, -13.23827562 ], [ -39.01960046, -13.23817166 ], [ -39.0193623, -13.23801884 ], [ -39.01913891, -13.23794473 ], [ -39.01887122, -13.23777926 ], [ -39.01867829, -13.23747183 ], [ -39.0186478, -13.23719512 ], [ -39.0186533, -13.23682528 ], [ -39.01865235, -13.23639937 ], [ -39.01862736, -13.23571306 ], [ -39.01855443, -13.23540561 ], [ -39.0184815, -13.23521572 ], [ -39.01822764, -13.23493542 ], [ -39.01778364, -13.23467683 ], [ -39.01740611, -13.23448697 ], [ -39.01671474, -13.23412078 ], [ -39.01528489, -13.23317592 ], [ -39.01471168, -13.23275458 ], [ -39.01410522, -13.23235583 ], [ -39.01353754, -13.23192725 ], [ -39.01322185, -13.23159811 ], [ -39.0129883, -13.23117945 ], [ -39.01262368, -13.23068484 ], [ -39.01240583, -13.23044975 ], [ -39.01214185, -13.23023547 ], [ -39.01196738, -13.23010434 ], [ -39.01182154, -13.22989275 ], [ -39.01182247, -13.22974355 ], [ -39.01184644, -13.22962419 ], [ -39.01194336, -13.22948222 ], [ -39.012307, -13.22914762 ], [ -39.01250083, -13.22894867 ], [ -39.01259866, -13.22885462 ], [ -39.01267064, -13.22871266 ], [ -39.01268264, -13.22863128 ], [ -39.01265772, -13.22853814 ], [ -39.01257372, -13.22847936 ], [ -39.01243066, -13.22846851 ], [ -39.01227468, -13.22852912 ], [ -39.01210761, -13.22857705 ], [ -39.01191563, -13.22857886 ], [ -39.01179655, -13.22853817 ], [ -39.01167655, -13.22846311 ], [ -39.01161563, -13.22834739 ], [ -39.01157963, -13.22812494 ], [ -39.01147161, -13.22782112 ], [ -39.01137561, -13.22762309 ], [ -39.01129438, -13.22750917 ], [ -39.01118639, -13.22746305 ], [ -39.01102949, -13.22747392 ], [ -39.01090857, -13.22754444 ], [ -39.0107766, -13.22761589 ], [ -39.01064552, -13.22771083 ], [ -39.01046554, -13.22781755 ], [ -39.01026249, -13.22790166 ], [ -39.01011296, -13.22790075 ], [ -39.00994589, -13.22785464 ], [ -39.00975852, -13.22774161 ], [ -39.00963852, -13.22761412 ], [ -39.00925636, -13.22707881 ], [ -39.00885116, -13.22669451 ], [ -39.00865732, -13.22655708 ], [ -39.00841825, -13.22641873 ], [ -39.0083001, -13.22638347 ], [ -39.00802783, -13.22636901 ], [ -39.0076651, -13.22655169 ], [ -39.00743711, -13.22663578 ], [ -39.00711407, -13.22688537 ], [ -39.007019, -13.22703819 ], [ -39.00691102, -13.22726155 ], [ -39.00682704, -13.22774261 ], [ -39.00683997, -13.22796506 ], [ -39.00692397, -13.22833761 ], [ -39.00699689, -13.22864144 ], [ -39.00706891, -13.22913066 ], [ -39.00703385, -13.22938836 ], [ -39.00690185, -13.22956378 ], [ -39.00674679, -13.229694 ], [ -39.00653819, -13.22979167 ], [ -39.00638497, -13.22989023 ], [ -39.00633052, -13.22996709 ], [ -39.00626314, -13.23004216 ], [ -39.00614038, -13.23023297 ], [ -39.00610993, -13.23045992 ], [ -39.00593088, -13.23108569 ], [ -39.00578689, -13.23120233 ], [ -39.00557368, -13.23133073 ], [ -39.00511494, -13.23132712 ], [ -39.0047928, -13.23130273 ], [ -39.00444482, -13.23129639 ], [ -39.00418175, -13.23134523 ], [ -39.00394271, -13.23144742 ], [ -39.00383561, -13.23151795 ], [ -39.00373964, -13.23160023 ], [ -39.00366764, -13.23172773 ], [ -39.00366764, -13.23207678 ], [ -39.00374058, -13.23256417 ], [ -39.0038375, -13.23303891 ], [ -39.0039215, -13.23349103 ], [ -39.0039935, -13.23385094 ], [ -39.00412643, -13.23422167 ], [ -39.00428243, -13.23449928 ], [ -39.00447443, -13.23473076 ], [ -39.00471625, -13.2349722 ], [ -39.00506425, -13.23521453 ], [ -39.00523132, -13.23539991 ], [ -39.00534024, -13.23558526 ], [ -39.00534025, -13.23573537 ], [ -39.00530425, -13.2358873 ], [ -39.00524425, -13.23606181 ], [ -39.00514919, -13.23628245 ], [ -39.00505411, -13.23641086 ], [ -39.00501813, -13.23652661 ], [ -39.00500613, -13.23660798 ], [ -39.00503013, -13.23678161 ], [ -39.00509014, -13.23694347 ], [ -39.00512705, -13.23708362 ], [ -39.00512705, -13.23724548 ], [ -39.00511507, -13.23735039 ], [ -39.00503107, -13.2376063 ], [ -39.00486308, -13.23790831 ], [ -39.00467294, -13.23829172 ], [ -39.00454096, -13.23855939 ], [ -39.00421882, -13.23915167 ], [ -39.00384869, -13.2399393 ], [ -39.00373422, -13.24020695 ], [ -39.003605, -13.24062744 ], [ -39.00340102, -13.24105786 ], [ -39.00334194, -13.24117542 ], [ -39.00312688, -13.24141956 ], [ -39.00303088, -13.2414892 ], [ -39.0028638, -13.24157058 ], [ -39.00268382, -13.24159409 ], [ -39.00256382, -13.24159409 ], [ -39.0024198, -13.24155973 ], [ -39.00225182, -13.24147745 ], [ -39.00208474, -13.2413617 ], [ -39.00192874, -13.24129208 ], [ -39.00178475, -13.24126948 ], [ -39.00166475, -13.24125772 ], [ -39.00149029, -13.24124869 ], [ -39.00116722, -13.24134272 ], [ -39.00101861, -13.24143406 ], [ -39.00075461, -13.24159683 ], [ -39.00040293, -13.24189433 ], [ -39.00019247, -13.24226145 ], [ -38.99998571, -13.24253273 ], [ -38.99872429, -13.24537793 ], [ -38.99860613, -13.2454566 ], [ -38.99823136, -13.24574506 ], [ -38.99783259, -13.24602084 ], [ -38.99779382, -13.24613389 ], [ -38.99779475, -13.24619718 ], [ -38.99780767, -13.24631021 ], [ -38.99855536, -13.24680305 ], [ -38.99872428, -13.24691517 ], [ -38.9990469, -13.24735951 ], [ -38.99916595, -13.24763938 ], [ -38.99909451, -13.24805919 ], [ -38.99892786, -13.24840904 ], [ -38.99888023, -13.24915537 ], [ -38.99904689, -13.24971512 ], [ -38.99897547, -13.25032151 ], [ -38.99872426, -13.25080166 ], [ -38.99856088, -13.25098161 ], [ -38.99820086, -13.25138491 ], [ -38.99791655, -13.25162272 ], [ -38.99781316, -13.25164804 ], [ -38.99769685, -13.25156032 ], [ -38.99752885, -13.25111905 ], [ -38.997347, -13.25087942 ], [ -38.99734702, -13.25067868 ], [ -38.99741255, -13.25052676 ], [ -38.99769594, -13.25035134 ], [ -38.99781133, -13.25031335 ], [ -38.9978898, -13.25018767 ], [ -38.99788979, -13.25005022 ], [ -38.99785102, -13.25001224 ], [ -38.99772087, -13.24998602 ], [ -38.99750117, -13.2499616 ], [ -38.99742455, -13.24993628 ], [ -38.99712824, -13.24969665 ], [ -38.99702394, -13.24954473 ], [ -38.9968947, -13.24954473 ], [ -38.99667593, -13.24968308 ], [ -38.99652177, -13.24970749 ], [ -38.99641746, -13.24966861 ], [ -38.99635377, -13.24954292 ], [ -38.99635285, -13.24929154 ], [ -38.99628824, -13.24881318 ], [ -38.9960944, -13.24848584 ], [ -38.99594025, -13.24833483 ], [ -38.9957464, -13.24830949 ], [ -38.99544916, -13.24837188 ], [ -38.9952433, -13.24847225 ], [ -38.99516577, -13.24858528 ], [ -38.99513992, -13.24883667 ], [ -38.99519161, -13.24910162 ], [ -38.99532176, -13.24931503 ], [ -38.99537344, -13.24946604 ], [ -38.99530883, -13.24970566 ], [ -38.99524421, -13.24979338 ], [ -38.99510297, -13.24983045 ], [ -38.9947799, -13.24983044 ], [ -38.99401834, -13.24976623 ], [ -38.99373495, -13.24990457 ], [ -38.99358079, -13.25013154 ], [ -38.99358079, -13.25024457 ], [ -38.99364541, -13.25031962 ], [ -38.99374877, -13.25047063 ], [ -38.9939177, -13.25054659 ], [ -38.99402017, -13.25064787 ], [ -38.99407186, -13.25078621 ], [ -38.9941097, -13.25086219 ], [ -38.99409678, -13.25100055 ], [ -38.99393061, -13.25121393 ], [ -38.99265302, -13.25208108 ], [ -38.99204838, -13.25231979 ], [ -38.9913902, -13.25275833 ], [ -38.99108002, -13.25305944 ], [ -38.99092586, -13.25332348 ], [ -38.99078459, -13.25395374 ], [ -38.99059164, -13.25465815 ], [ -38.99047624, -13.25488421 ], [ -38.99037377, -13.25498548 ], [ -38.99026946, -13.25502346 ], [ -38.9901153, -13.25498457 ], [ -38.990011, -13.25479648 ], [ -38.98984301, -13.25435519 ], [ -38.98973965, -13.25383886 ], [ -38.98961133, -13.25368694 ], [ -38.98949503, -13.25361188 ], [ -38.98901779, -13.25357388 ], [ -38.98870854, -13.25367333 ], [ -38.98856638, -13.25367333 ], [ -38.98837253, -13.25367242 ], [ -38.98818052, -13.25362267 ], [ -38.98806237, -13.25354581 ], [ -38.98795991, -13.25347075 ], [ -38.9878833, -13.25326909 ], [ -38.98797194, -13.25300415 ], [ -38.98821657, -13.2526904 ], [ -38.98886093, -13.25193536 ], [ -38.98902896, -13.25144526 ], [ -38.98906682, -13.25113058 ], [ -38.98906591, -13.25076526 ], [ -38.98896346, -13.25055095 ], [ -38.98883424, -13.25037461 ], [ -38.9885887, -13.25014764 ], [ -38.98834317, -13.249908 ], [ -38.98805888, -13.24946671 ], [ -38.9878392, -13.24908781 ], [ -38.98743952, -13.2488346 ], [ -38.9866909, -13.24868264 ], [ -38.98645829, -13.248632 ], [ -38.98627829, -13.24848007 ], [ -38.98596816, -13.24813824 ], [ -38.9857734, -13.24792393 ], [ -38.9855934, -13.24782355 ], [ -38.98498694, -13.24772132 ], [ -38.98380077, -13.24785689 ], [ -38.98302629, -13.24789392 ], [ -38.9824466, -13.24790563 ], [ -38.98221398, -13.24782876 ], [ -38.98205984, -13.24770214 ], [ -38.98205984, -13.24758911 ], [ -38.98205987, -13.24737481 ], [ -38.98214849, -13.24719939 ], [ -38.98238022, -13.24672105 ], [ -38.98248363, -13.24639282 ], [ -38.98252151, -13.24596511 ], [ -38.98246983, -13.24564951 ], [ -38.98204345, -13.24462858 ], [ -38.98197795, -13.24414932 ], [ -38.98196508, -13.24341957 ], [ -38.98186173, -13.24302984 ], [ -38.98171867, -13.24268893 ], [ -38.98146116, -13.24238598 ], [ -38.98106058, -13.24204504 ], [ -38.97987451, -13.2412483 ], [ -38.9793964, -13.24081964 ], [ -38.97832484, -13.2395328 ], [ -38.97788644, -13.23904085 ], [ -38.97722834, -13.23858595 ], [ -38.97654625, -13.23819254 ], [ -38.97572106, -13.237989 ], [ -38.97444542, -13.23793553 ], [ -38.97399405, -13.23784505 ], [ -38.97372361, -13.23773109 ], [ -38.9734015, -13.23740372 ], [ -38.97328525, -13.23703747 ], [ -38.97337574, -13.2367237 ], [ -38.97356963, -13.23625894 ], [ -38.97359553, -13.23574351 ], [ -38.97351802, -13.2355283 ], [ -38.9732476, -13.23518826 ], [ -38.97261628, -13.23489793 ], [ -38.97189448, -13.23473237 ], [ -38.97131574, -13.23474225 ], [ -38.97083851, -13.23491763 ], [ -38.97033542, -13.23519337 ], [ -38.96980833, -13.23553149 ], [ -38.9685584, -13.23648443 ], [ -38.96786331, -13.2368976 ], [ -38.96688481, -13.2374753 ], [ -38.96664017, -13.23763803 ], [ -38.9662294, -13.23770037 ], [ -38.96599681, -13.23763613 ], [ -38.96540331, -13.23748504 ], [ -38.965275, -13.237523 ], [ -38.96507101, -13.23746058 ], [ -38.96472491, -13.23719649 ], [ -38.96449237, -13.23672896 ], [ -38.96425529, -13.2357885 ], [ -38.96396095, -13.23506324 ], [ -38.9636233, -13.2338325 ], [ -38.96229639, -13.23116203 ], [ -38.96218384, -13.23075057 ], [ -38.9621691, -13.23059143 ], [ -38.96219962, -13.23021526 ], [ -38.96236212, -13.22989788 ], [ -38.96278495, -13.22936263 ], [ -38.96314496, -13.22906247 ], [ -38.96346435, -13.228888 ], [ -38.96382342, -13.22876326 ], [ -38.96417048, -13.22872622 ], [ -38.96441324, -13.22872717 ], [ -38.9646689, -13.22873986 ], [ -38.96496794, -13.2288439 ], [ -38.96499379, -13.22884751 ], [ -38.96581519, -13.22945619 ], [ -38.96598132, -13.22952946 ], [ -38.9660967, -13.22950415 ], [ -38.96628962, -13.22936764 ], [ -38.96640412, -13.22910451 ], [ -38.9664346, -13.22897882 ], [ -38.96653159, -13.22838384 ], [ -38.96658518, -13.22801219 ], [ -38.96684377, -13.22687105 ], [ -38.96681336, -13.22646232 ], [ -38.96674419, -13.22611508 ], [ -38.96669253, -13.22590258 ], [ -38.96646274, -13.22564031 ], [ -38.96610556, -13.22548925 ], [ -38.96589052, -13.22538975 ], [ -38.96326282, -13.22481428 ], [ -38.96096379, -13.22385633 ], [ -38.95831697, -13.22194069 ], [ -38.95772173, -13.22141341 ], [ -38.95726403, -13.22081201 ], [ -38.95699646, -13.22028749 ], [ -38.9569744, -13.21982541 ], [ -38.95713049, -13.21908847 ], [ -38.95737519, -13.21847723 ], [ -38.95762447, -13.21805498 ], [ -38.9576965, -13.21782983 ], [ -38.95769844, -13.21727281 ], [ -38.95766989, -13.21692376 ], [ -38.95758133, -13.21671124 ], [ -38.95723711, -13.21639741 ], [ -38.95686705, -13.21617218 ], [ -38.95644527, -13.21609525 ], [ -38.95579271, -13.21615572 ], [ -38.95535708, -13.21615474 ], [ -38.95462796, -13.21599095 ], [ -38.95453382, -13.21597827 ], [ -38.95387113, -13.21600618 ], [ -38.95314292, -13.21594185 ], [ -38.95240182, -13.21576357 ], [ -38.9518001, -13.21550033 ], [ -38.95144296, -13.21522446 ], [ -38.95125379, -13.21501734 ], [ -38.95078228, -13.21442677 ], [ -38.95056085, -13.21402704 ], [ -38.95034308, -13.21385157 ], [ -38.95018986, -13.21385064 ], [ -38.94986957, -13.21396181 ], [ -38.9494976, -13.21407296 ], [ -38.94911365, -13.21404665 ], [ -38.94883217, -13.21394623 ], [ -38.94859593, -13.2138006 ], [ -38.94823973, -13.2134976 ], [ -38.94804602, -13.21299569 ], [ -38.94782009, -13.21204618 ], [ -38.94743999, -13.21133172 ], [ -38.94724714, -13.21111557 ], [ -38.94656333, -13.21069405 ], [ -38.94605397, -13.21021739 ], [ -38.94553079, -13.20962771 ], [ -38.94517274, -13.20942689 ], [ -38.94504445, -13.20943952 ], [ -38.94499274, -13.20952632 ], [ -38.94497887, -13.20963844 ], [ -38.94495207, -13.2098012 ], [ -38.94492621, -13.20983737 ], [ -38.94483669, -13.20987532 ], [ -38.94475915, -13.2098744 ], [ -38.9446438, -13.20979843 ], [ -38.94324116, -13.20880524 ], [ -38.94243929, -13.20813229 ], [ -38.94165676, -13.20762302 ], [ -38.94119906, -13.20731817 ], [ -38.94062044, -13.20709288 ], [ -38.93900818, -13.20668649 ], [ -38.93896573, -13.2066901 ], [ -38.93832519, -13.20674058 ], [ -38.93796798, -13.20691321 ], [ -38.93740206, -13.20754515 ], [ -38.93708172, -13.20789231 ], [ -38.93568866, -13.20919861 ], [ -38.93564898, -13.20921036 ], [ -38.93563698, -13.20921397 ], [ -38.93515516, -13.20935672 ], [ -38.93465121, -13.20947054 ], [ -38.93395531, -13.20946945 ], [ -38.93325852, -13.2094096 ], [ -38.9325931, -13.20930633 ], [ -38.93226637, -13.20934964 ], [ -38.93168856, -13.20955114 ], [ -38.93131844, -13.20960801 ], [ -38.93080069, -13.20955 ], [ -38.93060687, -13.20954995 ], [ -38.93043055, -13.20966384 ], [ -38.93023756, -13.21001102 ], [ -38.92988121, -13.21035816 ], [ -38.92934859, -13.21061754 ], [ -38.92828343, -13.2109066 ], [ -38.92690904, -13.21133935 ], [ -38.9259048, -13.21159949 ], [ -38.92448797, -13.21191828 ], [ -38.92375047, -13.21213508 ], [ -38.92307105, -13.21255535 ], [ -38.92192086, -13.21313555 ], [ -38.92133101, -13.21342474 ], [ -38.92110849, -13.21368508 ], [ -38.9210798, -13.21391566 ], [ -38.92110931, -13.21403232 ], [ -38.92138884, -13.21439411 ], [ -38.92185939, -13.21489883 ], [ -38.92221455, -13.21547766 ], [ -38.922375, -13.21591175 ], [ -38.9224044, -13.21635937 ], [ -38.92250769, -13.21660536 ], [ -38.92268487, -13.21670669 ], [ -38.92274301, -13.21670671 ], [ -38.92292027, -13.21656208 ], [ -38.92298037, -13.2162438 ], [ -38.92309766, -13.21599788 ], [ -38.92337829, -13.21583882 ], [ -38.92364412, -13.21579458 ], [ -38.92457261, -13.21582289 ], [ -38.9250156, -13.21591074 ], [ -38.9280849, -13.21754561 ], [ -38.9309926, -13.2196036 ], [ -38.93639031, -13.22620066 ], [ -38.94152032, -13.2341069 ], [ -38.94370355, -13.23702363 ], [ -38.94581274, -13.24102903 ], [ -38.94759832, -13.24354143 ], [ -38.94941783, -13.24731074 ], [ -38.94953133, -13.24750518 ], [ -38.94961899, -13.24769148 ], [ -38.94976938, -13.24795103 ], [ -38.94994565, -13.24823499 ], [ -38.95008313, -13.24847013 ], [ -38.95020954, -13.24875409 ], [ -38.95025842, -13.24898831 ], [ -38.95029621, -13.24926049 ], [ -38.95035893, -13.24949471 ], [ -38.95047149, -13.24979132 ], [ -38.95058403, -13.2501621 ], [ -38.95063477, -13.25031131 ], [ -38.95070951, -13.25045871 ], [ -38.95103612, -13.2512699 ], [ -38.95119021, -13.25162078 ], [ -38.95250616, -13.25364294 ], [ -38.95308102, -13.25484571 ], [ -38.95414673, -13.25744202 ], [ -38.95447053, -13.2586158 ], [ -38.9554173, -13.26060172 ], [ -38.95627535, -13.2631383 ], [ -38.95767899, -13.26580609 ], [ -38.95825662, -13.26731268 ], [ -38.95855178, -13.26883368 ], [ -38.95896603, -13.27025343 ], [ -38.95932131, -13.27113785 ], [ -38.95960179, -13.27209369 ], [ -38.95994233, -13.27284699 ], [ -38.96023847, -13.27406235 ], [ -38.96082998, -13.27562681 ], [ -38.96115476, -13.27672733 ], [ -38.96204252, -13.27899987 ], [ -38.96233769, -13.28066373 ], [ -38.96254406, -13.28348323 ], [ -38.96295836, -13.28491472 ], [ -38.96328202, -13.28761668 ], [ -38.96369633, -13.28904636 ], [ -38.96393158, -13.29027528 ], [ -38.96412447, -13.29076541 ], [ -38.96436414, -13.2932856 ], [ -38.96447944, -13.29399726 ], [ -38.96511215, -13.29853942 ], [ -38.96521303, -13.3032949 ], [ -38.96584693, -13.30620849 ], [ -38.96608195, -13.30929473 ], [ -38.96600889, -13.31005972 ], [ -38.96598282, -13.31163402 ], [ -38.96599283, -13.31268838 ], [ -38.96704651, -13.3184269 ], [ -38.96710371, -13.31868281 ], [ -38.96724027, -13.31940894 ], [ -38.96725955, -13.32023 ], [ -38.96727885, -13.32085213 ], [ -38.96729812, -13.32175096 ], [ -38.96735617, -13.32270586 ], [ -38.96743363, -13.32345097 ], [ -38.96747235, -13.32389044 ], [ -38.96745291, -13.32433081 ], [ -38.96743253, -13.32475038 ], [ -38.96737425, -13.32557234 ], [ -38.96731505, -13.32629753 ], [ -38.96720322, -13.32706072 ], [ -38.96714949, -13.32839899 ], [ -38.96710505, -13.32926797 ], [ -38.9671502, -13.32994979 ], [ -38.96709105, -13.33038382 ], [ -38.96685457, -13.33101948 ], [ -38.96681017, -13.33155568 ], [ -38.96669361, -13.33316434 ], [ -38.96665568, -13.33364359 ], [ -38.96656389, -13.33636808 ], [ -38.96657767, -13.33688261 ], [ -38.96656281, -13.33756351 ], [ -38.96653406, -13.338371 ], [ -38.96650444, -13.33895514 ], [ -38.96633352, -13.33958085 ], [ -38.96624848, -13.34017855 ], [ -38.96607659, -13.3411099 ], [ -38.96604877, -13.34188936 ], [ -38.96599049, -13.3426399 ], [ -38.96596272, -13.34313993 ], [ -38.96586199, -13.34366891 ], [ -38.96573449, -13.34409931 ], [ -38.9656347, -13.34453062 ], [ -38.96556447, -13.34489232 ], [ -38.96553397, -13.34500172 ], [ -38.96441186, -13.35212886 ], [ -38.96426584, -13.35286943 ], [ -38.96414573, -13.3532302 ], [ -38.96395348, -13.35437495 ], [ -38.96352572, -13.35562095 ], [ -38.96296488, -13.35746011 ], [ -38.96231533, -13.35960308 ], [ -38.9618709, -13.36103715 ], [ -38.96147086, -13.36200012 ], [ -38.96048142, -13.36422261 ], [ -38.95938089, -13.36781954 ], [ -38.9592229, -13.36817035 ], [ -38.95896884, -13.36873185 ], [ -38.95869815, -13.36934037 ], [ -38.95850596, -13.36987113 ], [ -38.95820292, -13.37050948 ], [ -38.95777334, -13.37122739 ], [ -38.95743799, -13.37178886 ], [ -38.95713589, -13.3723811 ], [ -38.9568495, -13.37288019 ], [ -38.95661022, -13.37333228 ], [ -38.95627488, -13.37378434 ], [ -38.95568642, -13.37459535 ], [ -38.9553354, -13.3750004 ], [ -38.95490586, -13.37542079 ], [ -38.95444398, -13.3759506 ], [ -38.95412527, -13.3763249 ], [ -38.9538712, -13.37677698 ], [ -38.95379172, -13.3771043 ], [ -38.95375935, -13.37730774 ], [ -38.95377593, -13.37751121 ], [ -38.95384233, -13.3780818 ], [ -38.95418382, -13.37931435 ], [ -38.95437586, -13.37967699 ], [ -38.95477661, -13.38011381 ], [ -38.95496777, -13.38020065 ], [ -38.95520512, -13.38026038 ], [ -38.95551637, -13.38024596 ], [ -38.95584058, -13.38011761 ], [ -38.9564179, -13.37971442 ], [ -38.9574238, -13.37903731 ], [ -38.95871143, -13.37808716 ], [ -38.95954, -13.37735124 ], [ -38.96081283, -13.37644267 ], [ -38.96208472, -13.37563175 ], [ -38.96315987, -13.37489857 ], [ -38.96409648, -13.37412377 ], [ -38.96518731, -13.37334897 ], [ -38.96607311, -13.37268718 ], [ -38.96747335, -13.37162488 ], [ -38.96878399, -13.37080128 ], [ -38.97009461, -13.36997675 ], [ -38.97140521, -13.36917846 ], [ -38.97270288, -13.36831504 ], [ -38.97389802, -13.36761528 ], [ -38.97528524, -13.3669924 ], [ -38.97664751, -13.36634237 ], [ -38.97800886, -13.36574207 ], [ -38.97920395, -13.36525478 ], [ -38.98001391, -13.3649682 ], [ -38.98194228, -13.36437064 ], [ -38.98347074, -13.36404702 ], [ -38.9848468, -13.36383551 ], [ -38.98551545, -13.36367369 ], [ -38.9875971, -13.36301461 ], [ -38.98967966, -13.36237811 ], [ -38.99176222, -13.36181665 ], [ -38.99330449, -13.36156893 ], [ -38.99378103, -13.36150745 ], [ -38.99517, -13.36153369 ], [ -38.99772725, -13.36115681 ], [ -38.99998569, -13.36120858 ], [ -39.00071805, -13.36143464 ], [ -39.00191954, -13.36180084 ], [ -39.00289293, -13.36208297 ], [ -39.00385247, -13.36236508 ], [ -39.00439457, -13.36254048 ], [ -39.004812, -13.36263364 ], [ -39.00514632, -13.36264626 ], [ -39.00538182, -13.36260558 ], [ -39.00556282, -13.36249616 ], [ -39.00563208, -13.36230536 ], [ -39.005645, -13.36206122 ], [ -39.00564499, -13.36170675 ], [ -39.00565977, -13.36133962 ], [ -39.00593957, -13.36119612 ], [ -39.00619725, -13.36109951 ], [ -39.00647104, -13.3610673 ], [ -39.00687368, -13.36113172 ], [ -39.00715585, -13.36126453 ], [ -39.00732208, -13.36138661 ], [ -39.00789283, -13.36165153 ], [ -39.00904724, -13.36196075 ], [ -39.00978421, -13.36208098 ], [ -39.01054888, -13.36210626 ], [ -39.01132741, -13.36215778 ], [ -39.01200804, -13.36230514 ], [ -39.01255108, -13.36241181 ], [ -39.01313474, -13.36249136 ], [ -39.01388557, -13.36263872 ], [ -39.01459391, -13.3627725 ], [ -39.01509263, -13.3629922 ], [ -39.01633019, -13.36351839 ], [ -39.01740057, -13.36384205 ], [ -39.01854022, -13.36417925 ], [ -39.01980641, -13.36466473 ], [ -39.02051479, -13.36496308 ], [ -39.02105783, -13.36523431 ], [ -39.02147436, -13.36546395 ], [ -39.02196108, -13.36566737 ], [ -39.02236657, -13.36597297 ], [ -39.02268611, -13.36623156 ], [ -39.0230491, -13.36660497 ], [ -39.0236393, -13.3672813 ], [ -39.02400138, -13.36781203 ], [ -39.02444658, -13.36845131 ], [ -39.02478002, -13.36884553 ], [ -39.02522521, -13.3691448 ], [ -39.02561774, -13.36936539 ], [ -39.02622177, -13.369699 ], [ -39.02688766, -13.36992137 ], [ -39.02765886, -13.37021698 ], [ -39.02817329, -13.37032544 ], [ -39.02866, -13.37044745 ], [ -39.02943858, -13.37058209 ], [ -39.02978585, -13.37070412 ], [ -39.03006016, -13.37082255 ], [ -39.03021349, -13.37094461 ], [ -39.03040838, -13.37114895 ], [ -39.03054693, -13.37133883 ], [ -39.03060235, -13.37139397 ], [ -39.030812, -13.37142109 ], [ -39.0310475, -13.37139301 ], [ -39.03136796, -13.37129712 ], [ -39.03172907, -13.37125639 ], [ -39.03216036, -13.37124186 ], [ -39.03256304, -13.37132409 ], [ -39.0332308, -13.37154103 ], [ -39.03343861, -13.37163686 ], [ -39.03359194, -13.37173178 ], [ -39.03373141, -13.37189544 ], [ -39.03385613, -13.37211425 ], [ -39.03400949, -13.37248134 ], [ -39.03414897, -13.37265856 ], [ -39.03424596, -13.37272636 ], [ -39.03443989, -13.37275347 ], [ -39.03461354, -13.37281584 ], [ -39.03476594, -13.37295145 ], [ -39.03522502, -13.37341436 ], [ -39.03571182, -13.37398759 ], [ -39.03608777, -13.37438269 ], [ -39.03637872, -13.37461414 ], [ -39.0367408, -13.374832 ], [ -39.03711671, -13.37501011 ], [ -39.03747785, -13.37513301 ], [ -39.03785283, -13.37525503 ], [ -39.03833957, -13.37535081 ], [ -39.03918835, -13.37552791 ], [ -39.03968896, -13.37567794 ], [ -39.04006302, -13.37581442 ], [ -39.04059133, -13.37599156 ], [ -39.04113443, -13.37623834 ], [ -39.04181518, -13.37666141 ], [ -39.04273141, -13.37699403 ], [ -39.04359407, -13.3772127 ], [ -39.04405216, -13.37729581 ], [ -39.04439944, -13.37728219 ], [ -39.04470605, -13.377227 ], [ -39.04494155, -13.37711842 ], [ -39.04515022, -13.37687334 ], [ -39.04537274, -13.37646458 ], [ -39.04551119, -13.37604226 ], [ -39.04567825, -13.37546986 ], [ -39.04578902, -13.37511537 ], [ -39.04613968, -13.37363144 ], [ -39.04630568, -13.37243058 ], [ -39.04630561, -13.37202184 ], [ -39.04622243, -13.37168095 ], [ -39.04601363, -13.3712985 ], [ -39.04589258, -13.37095492 ], [ -39.04579557, -13.37068184 ], [ -39.04576594, -13.37029755 ], [ -39.04576589, -13.37005159 ], [ -39.04593296, -13.3695913 ], [ -39.04605294, -13.36914639 ], [ -39.04619972, -13.36886514 ], [ -39.04622735, -13.36838769 ], [ -39.04626694, -13.36779541 ], [ -39.04609969, -13.36733428 ], [ -39.04598329, -13.36713536 ], [ -39.04582997, -13.36704495 ], [ -39.04552332, -13.36679997 ], [ -39.04516216, -13.36652694 ], [ -39.04461999, -13.36621236 ], [ -39.04399379, -13.36593941 ], [ -39.04356246, -13.36576133 ], [ -39.04252896, -13.36534195 ], [ -39.04187599, -13.36510967 ], [ -39.04130613, -13.36490539 ], [ -39.04066611, -13.36476895 ], [ -39.03995683, -13.3647148 ], [ -39.03949783, -13.3646733 ], [ -39.03816888, -13.36465901 ], [ -39.03746052, -13.364632 ], [ -39.03700152, -13.36459136 ], [ -39.03640397, -13.36442869 ], [ -39.03590339, -13.36417016 ], [ -39.03545821, -13.36385644 ], [ -39.03489297, -13.36348306 ], [ -39.03456597, -13.36308525 ], [ -39.03445416, -13.36261595 ], [ -39.03447171, -13.36255537 ], [ -39.03439594, -13.36231303 ], [ -39.03441343, -13.36188803 ], [ -39.03447341, -13.3616267 ], [ -39.03456572, -13.36131381 ], [ -39.03484364, -13.36093309 ], [ -39.03522036, -13.36044384 ], [ -39.03559525, -13.36005134 ], [ -39.03605602, -13.35964617 ], [ -39.03700622, -13.35908903 ], [ -39.03802758, -13.35877239 ], [ -39.03873125, -13.35861223 ], [ -39.03950421, -13.35849817 ], [ -39.03992718, -13.35846826 ], [ -39.04055791, -13.35842023 ], [ -39.04095871, -13.35833789 ], [ -39.04138257, -13.35819495 ], [ -39.0416125, -13.3580882 ], [ -39.04187936, -13.35793355 ], [ -39.04204924, -13.35766041 ], [ -39.04220618, -13.35732673 ], [ -39.04224214, -13.35704098 ], [ -39.04224205, -13.35655359 ], [ -39.04214502, -13.35617292 ], [ -39.04198702, -13.35566114 ], [ -39.0418651, -13.35544686 ], [ -39.0413478, -13.35472536 ], [ -39.04101991, -13.35436823 ], [ -39.040692, -13.35397586 ], [ -39.04043705, -13.35353551 ], [ -39.04006014, -13.35278686 ], [ -39.03978118, -13.35232301 ], [ -39.03941725, -13.35188451 ], [ -39.03928332, -13.35168198 ], [ -39.03891569, -13.3511395 ], [ -39.03866536, -13.35064581 ], [ -39.03847505, -13.35023169 ], [ -39.03832722, -13.34981758 ], [ -39.03830685, -13.34940342 ], [ -39.03829571, -13.34906614 ], [ -39.03842769, -13.34862666 ], [ -39.03858464, -13.34837797 ], [ -39.03874252, -13.34818716 ], [ -39.03902136, -13.34793753 ], [ -39.03945719, -13.34759384 ], [ -39.04001397, -13.34721398 ], [ -39.04054768, -13.34686937 ], [ -39.04163724, -13.34619372 ], [ -39.04195118, -13.34592692 ], [ -39.04210905, -13.34576594 ], [ -39.04215797, -13.34563481 ], [ -39.04215796, -13.34551636 ], [ -39.04210897, -13.34543408 ], [ -39.04199447, -13.34531745 ], [ -39.04145144, -13.34514211 ], [ -39.04077732, -13.34507892 ], [ -39.04029249, -13.34501933 ], [ -39.03974671, -13.34490186 ], [ -39.03927389, -13.34478347 ], [ -39.03873919, -13.34462892 ], [ -39.0383033, -13.34451055 ], [ -39.03791543, -13.34438039 ], [ -39.03764761, -13.34424389 ], [ -39.03740472, -13.34413812 ], [ -39.03717479, -13.34407305 ], [ -39.0367435, -13.34390583 ], [ -39.03629471, -13.34385887 ], [ -39.03589393, -13.34383542 ], [ -39.03557996, -13.34383637 ], [ -39.03527614, -13.34388344 ], [ -39.03498807, -13.34403539 ], [ -39.03464824, -13.34416655 ], [ -39.03418563, -13.34443245 ], [ -39.03396772, -13.34464498 ], [ -39.03362886, -13.34494253 ], [ -39.03327799, -13.34521656 ], [ -39.03310808, -13.3453477 ], [ -39.0318431, -13.34643839 ], [ -39.03140635, -13.34672509 ], [ -39.03105546, -13.34691503 ], [ -39.03072766, -13.34707059 ], [ -39.03031582, -13.34726234 ], [ -39.02995197, -13.34738175 ], [ -39.02961308, -13.3474903 ], [ -39.0291763, -13.34757355 ], [ -39.02894636, -13.347598 ], [ -39.02874043, -13.34759887 ], [ -39.02858252, -13.34762334 ], [ -39.02847355, -13.34759984 ], [ -39.02842552, -13.34756458 ], [ -39.02853449, -13.34750489 ], [ -39.02884844, -13.34734933 ], [ -39.02944219, -13.34707436 ], [ -39.03006088, -13.34683469 ], [ -39.03064263, -13.34654886 ], [ -39.03094549, -13.34631009 ], [ -39.03129636, -13.34601256 ], [ -39.03159829, -13.34570419 ], [ -39.03193714, -13.34534695 ], [ -39.03231388, -13.34496622 ], [ -39.03283371, -13.34450136 ], [ -39.0331181, -13.34429606 ], [ -39.03379214, -13.34377873 ], [ -39.03442466, -13.34342691 ], [ -39.03485127, -13.34325594 ], [ -39.03541457, -13.34319889 ], [ -39.03598339, -13.34311653 ], [ -39.03625672, -13.34303962 ], [ -39.03648943, -13.34299167 ], [ -39.0366076, -13.34283703 ], [ -39.03671654, -13.34268328 ], [ -39.03677655, -13.34249339 ], [ -39.03678943, -13.34227998 ], [ -39.03678846, -13.34194812 ], [ -39.03673855, -13.34160812 ], [ -39.03664155, -13.34139384 ], [ -39.0364596, -13.34126003 ], [ -39.03627491, -13.34118501 ], [ -39.03612716, -13.34115609 ], [ -39.0359711, -13.34113712 ], [ -39.03575502, -13.34109828 ], [ -39.03545397, -13.34111731 ], [ -39.03516218, -13.34120325 ], [ -39.03492024, -13.34129823 ], [ -39.03459152, -13.34141764 ], [ -39.03418154, -13.34163109 ], [ -39.03372077, -13.3418093 ], [ -39.0334853, -13.3418907 ], [ -39.03329047, -13.34197122 ], [ -39.03315196, -13.34200108 ], [ -39.03300605, -13.34200109 ], [ -39.03280013, -13.34195409 ], [ -39.03261911, -13.34184833 ], [ -39.0325563, -13.34174072 ], [ -39.03260432, -13.34168917 ], [ -39.03264957, -13.34164217 ], [ -39.03277052, -13.34158245 ], [ -39.03288594, -13.34153181 ], [ -39.03312604, -13.34145311 ], [ -39.03364774, -13.34126405 ], [ -39.034151, -13.34111567 ], [ -39.03439661, -13.34098453 ], [ -39.03461452, -13.34086514 ], [ -39.03465054, -13.3407937 ], [ -39.0346616, -13.34072226 ], [ -39.03462558, -13.34063908 ], [ -39.03455261, -13.34056855 ], [ -39.03429772, -13.34040312 ], [ -39.03413424, -13.34019697 ], [ -39.03398832, -13.34001883 ], [ -39.03394857, -13.33973853 ], [ -39.03386818, -13.3393443 ], [ -39.03376835, -13.33857569 ], [ -39.03362793, -13.3381263 ], [ -39.03360294, -13.33781162 ], [ -39.03357893, -13.33774019 ], [ -39.03354197, -13.33771669 ], [ -39.03345704, -13.33772845 ], [ -39.03338502, -13.33779992 ], [ -39.0333361, -13.33788219 ], [ -39.03326407, -13.3379663 ], [ -39.03314311, -13.33802509 ], [ -39.03298521, -13.33802511 ], [ -39.03290024, -13.33800161 ], [ -39.03278296, -13.33794556 ], [ -39.03277925, -13.33787141 ], [ -39.03282725, -13.33777736 ], [ -39.03293622, -13.33770592 ], [ -39.03306918, -13.33764622 ], [ -39.03315411, -13.33747983 ], [ -39.03325105, -13.33727817 ], [ -39.033408, -13.3371 ], [ -39.03356497, -13.33704031 ], [ -39.03371088, -13.33704028 ], [ -39.03383185, -13.3370873 ], [ -39.03395375, -13.33719397 ], [ -39.03409877, -13.33740736 ], [ -39.03420869, -13.33769219 ], [ -39.03433064, -13.33810631 ], [ -39.03438982, -13.33865428 ], [ -39.03459124, -13.33950153 ], [ -39.03486004, -13.34000066 ], [ -39.03494502, -13.34015436 ], [ -39.035066, -13.3402963 ], [ -39.03519993, -13.34041475 ], [ -39.03536893, -13.34049791 ], [ -39.03559979, -13.34054489 ], [ -39.0360735, -13.34054392 ], [ -39.03659155, -13.3405547 ], [ -39.03731827, -13.34042348 ], [ -39.03786583, -13.34018739 ], [ -39.03809391, -13.34013581 ], [ -39.03840972, -13.34004895 ], [ -39.03885755, -13.33989698 ], [ -39.03918721, -13.33977033 ], [ -39.03951408, -13.33969975 ], [ -39.03970799, -13.33962828 ], [ -39.03997485, -13.33948628 ], [ -39.04020474, -13.33930808 ], [ -39.04047343, -13.33911636 ], [ -39.0407458, -13.33889748 ], [ -39.04089535, -13.33859906 ], [ -39.04093594, -13.33829705 ], [ -39.04093589, -13.3380357 ], [ -39.04091554, -13.33777437 ], [ -39.04080836, -13.33747237 ], [ -39.04067533, -13.33718847 ], [ -39.04052571, -13.33696966 ], [ -39.04036593, -13.33680783 ], [ -39.04028002, -13.33654651 ], [ -39.04023935, -13.33634578 ], [ -39.04021804, -13.33591897 ], [ -39.04018099, -13.33526703 ], [ -39.04013293, -13.33500569 ], [ -39.04004702, -13.33478055 ], [ -39.03997405, -13.33467386 ], [ -39.03985307, -13.33456719 ], [ -39.03970716, -13.33450751 ], [ -39.03948922, -13.3344958 ], [ -39.0392473, -13.334532 ], [ -39.03904046, -13.33455555 ], [ -39.03882254, -13.33456734 ], [ -39.03860371, -13.33455561 ], [ -39.0385141, -13.3344652 ], [ -39.03845499, -13.33436845 ], [ -39.03851407, -13.33422739 ], [ -39.03858607, -13.33409716 ], [ -39.03881597, -13.33391989 ], [ -39.03908282, -13.3338005 ], [ -39.03938475, -13.3337055 ], [ -39.0396156, -13.33364669 ], [ -39.03985754, -13.33362314 ], [ -39.04006438, -13.33364662 ], [ -39.04018535, -13.33370537 ], [ -39.04031835, -13.33383556 ], [ -39.04041071, -13.33400917 ], [ -39.04047724, -13.33421533 ], [ -39.04056316, -13.33451191 ], [ -39.04062319, -13.33461861 ], [ -39.04075711, -13.33476145 ], [ -39.04085408, -13.33480845 ], [ -39.04112004, -13.33486719 ], [ -39.04138783, -13.33486714 ], [ -39.04157988, -13.33480655 ], [ -39.04173499, -13.33465369 ], [ -39.04183563, -13.33457137 ], [ -39.04195658, -13.33450083 ], [ -39.04213849, -13.33445287 ], [ -39.04228441, -13.33450078 ], [ -39.04250233, -13.33458303 ], [ -39.04286619, -13.33472494 ], [ -39.04319402, -13.33483248 ], [ -39.04342118, -13.33484691 ], [ -39.0436631, -13.33481161 ], [ -39.04378407, -13.33477631 ], [ -39.043881, -13.33468136 ], [ -39.043965, -13.33453937 ], [ -39.04401391, -13.33432506 ], [ -39.04406097, -13.33409989 ], [ -39.04412185, -13.33378069 ], [ -39.04419385, -13.33361519 ], [ -39.0443148, -13.33350847 ], [ -39.04442375, -13.33348494 ], [ -39.04447269, -13.33349669 ], [ -39.04453272, -13.33355545 ], [ -39.04454568, -13.33362689 ], [ -39.04455863, -13.33373267 ], [ -39.04454572, -13.33391083 ], [ -39.04450975, -13.33417125 ], [ -39.04443872, -13.33449136 ], [ -39.04437783, -13.33481148 ], [ -39.04436679, -13.3350493 ], [ -39.04445177, -13.33521476 ], [ -39.04462171, -13.3353567 ], [ -39.04494861, -13.33545248 ], [ -39.04535677, -13.33552837 ], [ -39.04617399, -13.33550022 ], [ -39.04722854, -13.33547739 ], [ -39.04781027, -13.33544201 ], [ -39.04834399, -13.33534787 ], [ -39.04853697, -13.33531258 ], [ -39.0487558, -13.33518233 ], [ -39.04891368, -13.33506383 ], [ -39.04905863, -13.33495711 ], [ -39.04928299, -13.33482684 ], [ -39.04950089, -13.33469659 ], [ -39.04965875, -13.33450667 ], [ -39.04973074, -13.334258 ], [ -39.04991258, -13.33398578 ], [ -39.05003352, -13.33379586 ], [ -39.0500695, -13.33364212 ], [ -39.05013039, -13.33352366 ], [ -39.05023936, -13.33342869 ], [ -39.05036032, -13.33338164 ], [ -39.05046005, -13.33342322 ], [ -39.05049424, -13.333548 ], [ -39.05049429, -13.33376141 ], [ -39.05048233, -13.33397391 ], [ -39.05038635, -13.33425876 ], [ -39.05027744, -13.33453187 ], [ -39.05018054, -13.33475614 ], [ -39.05009289, -13.33499307 ] ] ] ] } },
{ "type": "Feature", "properties": { "gid": 24, "area_decre": 794.52, "area_geo": 602.9699, "ato_vigent": "Lei nº 156 de 10/03/2015", "bioma": "Caatinga", "categoria": "Área de Proteção Ambiental", "grupo": "Uso Sustentável", "id": 10, "municipio": "Paramirim", "nome_uc": "Área de Proteção Ambiental do Morro Branco", "observacao": null, "org_gestor": "Prefeitura Municipal de Paramirim", "snuc": "Sim" }, "geometry": { "type": "MultiPolygon", "coordinates": [ [ [ [ -42.25189422, -13.28280109 ], [ -42.24522976, -13.28437395 ], [ -42.24623636, -13.2850916 ], [ -42.24704439, -13.28591167 ], [ -42.2476157, -13.28662719 ], [ -42.24825462, -13.28776905 ], [ -42.24865161, -13.28868547 ], [ -42.24902718, -13.28990542 ], [ -42.24911946, -13.29136163 ], [ -42.24919304, -13.29187099 ], [ -42.24980572, -13.29307271 ], [ -42.25031768, -13.29340495 ], [ -42.25173018, -13.29426161 ], [ -42.25056433, -13.29488741 ], [ -42.24969134, -13.29523264 ], [ -42.24889076, -13.29557864 ], [ -42.24855271, -13.29583305 ], [ -42.2481294, -13.29646819 ], [ -42.24711586, -13.29667447 ], [ -42.24643351, -13.29669281 ], [ -42.24541653, -13.29682722 ], [ -42.24479357, -13.29682193 ], [ -42.24427278, -13.2966721 ], [ -42.2433059, -13.2962984 ], [ -42.24244253, -13.2957925 ], [ -42.2422867, -13.29580597 ], [ -42.24200841, -13.29594748 ], [ -42.2419308, -13.29621255 ], [ -42.24170312, -13.29713221 ], [ -42.24131028, -13.29732829 ], [ -42.24068769, -13.29726305 ], [ -42.23981066, -13.29796286 ], [ -42.23886122, -13.29866188 ], [ -42.23819501, -13.29993144 ], [ -42.23774925, -13.30091966 ], [ -42.23723188, -13.30183616 ], [ -42.23678049, -13.30332085 ], [ -42.23683762, -13.3046692 ], [ -42.23674831, -13.30615782 ], [ -42.23687625, -13.3076488 ], [ -42.23715467, -13.30864489 ], [ -42.23707098, -13.30963705 ], [ -42.2373502, -13.31056221 ], [ -42.23820959, -13.31142276 ], [ -42.2394327, -13.31214539 ], [ -42.24043694, -13.31300751 ], [ -42.24137118, -13.31365606 ], [ -42.24230623, -13.31423369 ], [ -42.24280514, -13.31494844 ], [ -42.24330085, -13.31594689 ], [ -42.24335962, -13.3171534 ], [ -42.2430619, -13.3178595 ], [ -42.24261692, -13.31877679 ], [ -42.24195305, -13.31983358 ], [ -42.24121516, -13.32103142 ], [ -42.24076533, -13.32237426 ], [ -42.24031712, -13.32357525 ], [ -42.24001777, -13.32442319 ], [ -42.24015135, -13.32541771 ], [ -42.24043139, -13.32627195 ], [ -42.24078386, -13.32712698 ], [ -42.24106391, -13.32798123 ], [ -42.24156284, -13.32869599 ], [ -42.2423563, -13.32898835 ], [ -42.24329543, -13.32921136 ], [ -42.24423375, -13.32950529 ], [ -42.24582792, -13.32945168 ], [ -42.24669864, -13.32931927 ], [ -42.24756776, -13.3293287 ], [ -42.24872979, -13.32905758 ], [ -42.24923918, -13.3288503 ], [ -42.25025715, -13.32850668 ], [ -42.25070053, -13.32773121 ], [ -42.25179573, -13.32696281 ], [ -42.25238235, -13.32633076 ], [ -42.25318944, -13.32541737 ], [ -42.25370203, -13.32492638 ], [ -42.25450511, -13.3243676 ], [ -42.25494526, -13.32387583 ], [ -42.25531059, -13.32359604 ], [ -42.24871753, -13.32373743 ], [ -42.24843494, -13.32380044 ], [ -42.24882996, -13.32329852 ], [ -42.24904093, -13.32303045 ], [ -42.24928405, -13.32272153 ], [ -42.2492986, -13.32234906 ], [ -42.24938619, -13.32225507 ], [ -42.24989938, -13.32208947 ], [ -42.25003442, -13.32138856 ], [ -42.2501096, -13.32060382 ], [ -42.25021011, -13.31985226 ], [ -42.25050701, -13.31921707 ], [ -42.25065965, -13.31859752 ], [ -42.25103905, -13.3176515 ], [ -42.25154817, -13.3168166 ], [ -42.25184347, -13.31632326 ], [ -42.25185548, -13.31525939 ], [ -42.25172344, -13.31412302 ], [ -42.25237924, -13.31377545 ], [ -42.25261009, -13.31287722 ], [ -42.25247007, -13.31214495 ], [ -42.25182468, -13.3115705 ], [ -42.25088721, -13.31120568 ], [ -42.25045749, -13.31077542 ], [ -42.25155626, -13.30666067 ], [ -42.25328626, -13.30399638 ], [ -42.25790709, -13.2924131 ], [ -42.25746885, -13.29178335 ], [ -42.25683681, -13.29098287 ], [ -42.25610369, -13.2897991 ], [ -42.25556206, -13.28841548 ], [ -42.25485069, -13.28727286 ], [ -42.25385126, -13.28598526 ], [ -42.2527158, -13.28391591 ], [ -42.25189422, -13.28280109 ] ] ] ] } },
{ "type": "Feature", "properties": { "gid": 25, "area_decre": 0.0, "area_geo": 410.8597, "ato_vigent": "Lei nº 9069 de 30/06/2016", "bioma": "Mata Atlântica", "categoria": "Área de Proteção Ambiental", "grupo": "Uso Sustentável", "id": 26, "municipio": "Salvador", "nome_uc": "Área de Proteção Ambiental Municipal Vale da Avenida Assis Valente e do Parque em Rede Pedra de Xangô", "observacao": "Criada por meio do PDDU de 2016", "org_gestor": "Prefeitura Municipal de Salvador", "snuc": "Sim" }, "geometry": { "type": "MultiPolygon", "coordinates": [ [ [ [ -38.38028828, -12.90215906 ], [ -38.37974183, -12.90233139 ], [ -38.37920456, -12.90257882 ], [ -38.37842827, -12.90259869 ], [ -38.37821155, -12.90468868 ], [ -38.37836507, -12.90469375 ], [ -38.37848679, -12.90479377 ], [ -38.37848431, -12.90492227 ], [ -38.37841973, -12.90521398 ], [ -38.37839024, -12.90551848 ], [ -38.37850994, -12.90570907 ], [ -38.37906655, -12.90610817 ], [ -38.37942214, -12.90600379 ], [ -38.37959272, -12.90577845 ], [ -38.37983166, -12.90563581 ], [ -38.38001477, -12.90563534 ], [ -38.3802142, -12.90572984 ], [ -38.38054034, -12.90607361 ], [ -38.38104718, -12.9066233 ], [ -38.38198482, -12.90739052 ], [ -38.38230986, -12.90765889 ], [ -38.38276399, -12.90794374 ], [ -38.38328344, -12.90812696 ], [ -38.38383722, -12.90825881 ], [ -38.38442649, -12.9089517 ], [ -38.38460138, -12.9092924 ], [ -38.38478337, -12.90943874 ], [ -38.38504736, -12.90940429 ], [ -38.38524574, -12.90934264 ], [ -38.38578721, -12.90906954 ], [ -38.38614799, -12.90877033 ], [ -38.38646085, -12.90861177 ], [ -38.38664551, -12.90856239 ], [ -38.38680967, -12.90860445 ], [ -38.3871549, -12.90857335 ], [ -38.38787048, -12.9086827 ], [ -38.38871549, -12.90917087 ], [ -38.38921885, -12.90950248 ], [ -38.38957347, -12.90979966 ], [ -38.38968344, -12.90999438 ], [ -38.38974643, -12.91022162 ], [ -38.38981075, -12.910411 ], [ -38.38984723, -12.91075091 ], [ -38.38995513, -12.91115418 ], [ -38.39014645, -12.91098268 ], [ -38.39051716, -12.91056985 ], [ -38.39090459, -12.91018626 ], [ -38.39140936, -12.90979248 ], [ -38.39188674, -12.90933014 ], [ -38.39224591, -12.90887181 ], [ -38.39246562, -12.90884844 ], [ -38.39281713, -12.9087726 ], [ -38.39340864, -12.90856324 ], [ -38.39459996, -12.90805047 ], [ -38.39505156, -12.90778735 ], [ -38.39605885, -12.90711106 ], [ -38.39716061, -12.90657531 ], [ -38.39742544, -12.90653132 ], [ -38.39759574, -12.90647273 ], [ -38.3977473, -12.90650794 ], [ -38.39842671, -12.90614704 ], [ -38.39897858, -12.905755 ], [ -38.3993283, -12.90530849 ], [ -38.39967456, -12.90493336 ], [ -38.39998959, -12.90471035 ], [ -38.40035791, -12.90444305 ], [ -38.40054248, -12.90434511 ], [ -38.40099527, -12.90425584 ], [ -38.40143047, -12.90417545 ], [ -38.40161437, -12.90405954 ], [ -38.40172327, -12.90387961 ], [ -38.40190436, -12.90341408 ], [ -38.40214846, -12.90295429 ], [ -38.4028017, -12.90232791 ], [ -38.40327305, -12.90199692 ], [ -38.40344436, -12.90195987 ], [ -38.40366345, -12.90202139 ], [ -38.40440116, -12.90231525 ], [ -38.40462435, -12.9024089 ], [ -38.40527491, -12.90264381 ], [ -38.40583655, -12.90275742 ], [ -38.40619972, -12.90257384 ], [ -38.40680006, -12.9015635 ], [ -38.40718455, -12.90114651 ], [ -38.40746348, -12.90076641 ], [ -38.40768134, -12.89997628 ], [ -38.40782368, -12.89929798 ], [ -38.40746437, -12.89886689 ], [ -38.40709955, -12.89829741 ], [ -38.40709661, -12.89790721 ], [ -38.40719162, -12.89746232 ], [ -38.40739822, -12.89717765 ], [ -38.40776701, -12.89695953 ], [ -38.40838083, -12.89657009 ], [ -38.40869896, -12.89638701 ], [ -38.40887287, -12.8959417 ], [ -38.40885933, -12.89567426 ], [ -38.40893358, -12.89505483 ], [ -38.40881639, -12.89395673 ], [ -38.40880419, -12.89303294 ], [ -38.40852386, -12.89219428 ], [ -38.40813136, -12.89114393 ], [ -38.40792611, -12.89086017 ], [ -38.40755536, -12.89070174 ], [ -38.40715115, -12.89052537 ], [ -38.40686297, -12.8903557 ], [ -38.40673222, -12.88994705 ], [ -38.40670973, -12.88968608 ], [ -38.40668659, -12.88947372 ], [ -38.40655984, -12.88910989 ], [ -38.40641483, -12.8887847 ], [ -38.4062998, -12.88861099 ], [ -38.40627034, -12.88817468 ], [ -38.40595496, -12.88808741 ], [ -38.4055121, -12.88790346 ], [ -38.40489144, -12.88781788 ], [ -38.40414705, -12.88801789 ], [ -38.40354604, -12.88817129 ], [ -38.40331994, -12.8883948 ], [ -38.40287521, -12.88866573 ], [ -38.40229325, -12.88879965 ], [ -38.40169346, -12.88901453 ], [ -38.4011413, -12.88930121 ], [ -38.40090426, -12.88951863 ], [ -38.40073702, -12.88969427 ], [ -38.40036921, -12.88970771 ], [ -38.40012264, -12.88958835 ], [ -38.3998707, -12.88958127 ], [ -38.39921095, -12.8898573 ], [ -38.39849868, -12.8900032 ], [ -38.39771376, -12.8903048 ], [ -38.39759458, -12.89053036 ], [ -38.39756055, -12.89052549 ], [ -38.39703148, -12.89084566 ], [ -38.39580786, -12.89130771 ], [ -38.39434085, -12.8919697 ], [ -38.39339472, -12.89239549 ], [ -38.39339472, -12.89239549 ], [ -38.39308574, -12.89259629 ], [ -38.39303757, -12.89281233 ], [ -38.39288762, -12.89325072 ], [ -38.3927262, -12.89381339 ], [ -38.39267622, -12.89408151 ], [ -38.39228142, -12.89460097 ], [ -38.39195962, -12.89485173 ], [ -38.39163007, -12.89494435 ], [ -38.39135321, -12.89512307 ], [ -38.39122257, -12.89555924 ], [ -38.3909566, -12.89598109 ], [ -38.39068103, -12.89763414 ], [ -38.3903459, -12.89820951 ], [ -38.38987728, -12.89867121 ], [ -38.38918662, -12.89910878 ], [ -38.38858956, -12.89952886 ], [ -38.38818622, -12.89998971 ], [ -38.38798753, -12.90033577 ], [ -38.38776581, -12.90065393 ], [ -38.38751184, -12.90066825 ], [ -38.38712876, -12.90067169 ], [ -38.38642442, -12.90060549 ], [ -38.38590545, -12.90082341 ], [ -38.3852081, -12.90125861 ], [ -38.38455856, -12.90175088 ], [ -38.38402889, -12.90187114 ], [ -38.38362514, -12.90211781 ], [ -38.38343908, -12.90224366 ], [ -38.38262423, -12.90251558 ], [ -38.38184823, -12.90253526 ], [ -38.38085275, -12.90206107 ], [ -38.38028828, -12.90215906 ] ] ] ] } },
{ "type": "Feature", "properties": { "gid": 26, "area_decre": 0.0, "area_geo": 298.4142, "ato_vigent": "Lei nº 9069 de 30/06/2016", "bioma": "Mata Atlântica", "categoria": "Parque Natural Municipal", "grupo": "Proteção Integral", "id": 27, "municipio": "Salvador", "nome_uc": "Parque Natural Municipal das Dunas", "observacao": "Criada por meio do PDDU de 2016", "org_gestor": "Prefeitura Municipal de Salvador", "snuc": "Sim" }, "geometry": { "type": "MultiPolygon", "coordinates": [ [ [ [ -38.31200111, -12.90887607 ], [ -38.31697534, -12.91795584 ], [ -38.31727386, -12.91842055 ], [ -38.31807493, -12.91921352 ], [ -38.31936854, -12.92045801 ], [ -38.31970819, -12.92081109 ], [ -38.32120804, -12.92231445 ], [ -38.32168412, -12.92278401 ], [ -38.32199566, -12.92312022 ], [ -38.32241324, -12.92368129 ], [ -38.32331864, -12.92509376 ], [ -38.32354594, -12.92551361 ], [ -38.32372596, -12.92620964 ], [ -38.32388797, -12.92773095 ], [ -38.32411035, -12.9284098 ], [ -38.32453965, -12.92904674 ], [ -38.32560466, -12.93004602 ], [ -38.32628909, -12.9307149 ], [ -38.32734179, -12.93168332 ], [ -38.32795992, -12.93208416 ], [ -38.32862627, -12.93249756 ], [ -38.32948726, -12.93178336 ], [ -38.33006363, -12.93132187 ], [ -38.33049774, -12.93183617 ], [ -38.33112348, -12.93129198 ], [ -38.33263068, -12.93303221 ], [ -38.33522837, -12.93116823 ], [ -38.33556578, -12.93134512 ], [ -38.33563237, -12.9314997 ], [ -38.33560104, -12.93195952 ], [ -38.33586837, -12.93227246 ], [ -38.33617953, -12.93261397 ], [ -38.33646748, -12.93269163 ], [ -38.33900612, -12.93206101 ], [ -38.34093705, -12.93422199 ], [ -38.34208112, -12.93323551 ], [ -38.34336325, -12.93024213 ], [ -38.34354257, -12.93032736 ], [ -38.34726924, -12.92091178 ], [ -38.34212568, -12.9193096 ], [ -38.33989279, -12.91950472 ], [ -38.3339555, -12.92697871 ], [ -38.32772076, -12.92544412 ], [ -38.32992294, -12.91982106 ], [ -38.32191899, -12.91841251 ], [ -38.31913655, -12.91616027 ], [ -38.31784678, -12.91435876 ], [ -38.31811339, -12.9130525 ], [ -38.31663548, -12.9145647 ], [ -38.31200111, -12.90887607 ] ] ] ] } },
{ "type": "Feature", "properties": { "gid": 27, "area_decre": 39555.0076, "area_geo": 38249.8954, "ato_vigent": "Decreto nº 012 de 02/01/1997", "bioma": "Caatinga", "categoria": "Reserva Ecológica e Arqueológica", "grupo": null, "id": 28, "municipio": "Juazeiro", "nome_uc": "Reserva Ecológica e Arqueológica da Serra do Mulato", "observacao": "Trechos do perímetro com possíveis imprecisões pela ausência de informação m,ais minuciosa em seu memorial descritivo e a escala de mapeamento utilizada.", "org_gestor": "Prefeitura Municipal de Juazeiro", "snuc": "Não" }, "geometry": { "type": "MultiPolygon", "coordinates": [ [ [ [ -40.75934788, -9.79454556 ], [ -40.75937651, -9.79453242 ], [ -40.75952712, -9.79446326 ], [ -40.75977966, -9.79430066 ], [ -40.76055906, -9.79379885 ], [ -40.76072488, -9.79366863 ], [ -40.76129612, -9.79322004 ], [ -40.76187353, -9.79278671 ], [ -40.76212335, -9.79272303 ], [ -40.76252526, -9.79262059 ], [ -40.76269926, -9.79260432 ], [ -40.76333434, -9.79239128 ], [ -40.76375668, -9.79210883 ], [ -40.76396683, -9.79168735 ], [ -40.76445545, -9.79049415 ], [ -40.76451698, -9.7902534 ], [ -40.76493946, -9.78860034 ], [ -40.76507535, -9.78740808 ], [ -40.76528347, -9.78677686 ], [ -40.76598481, -9.78565218 ], [ -40.76611831, -9.78418058 ], [ -40.76625588, -9.78347921 ], [ -40.76653233, -9.78269406 ], [ -40.7667336, -9.78212244 ], [ -40.76708113, -9.78113972 ], [ -40.76785153, -9.77980494 ], [ -40.76809905, -9.77921511 ], [ -40.76827055, -9.77872512 ], [ -40.76836488, -9.77829429 ], [ -40.76834712, -9.77803854 ], [ -40.76821701, -9.77773635 ], [ -40.76792525, -9.77737082 ], [ -40.76766688, -9.7771145 ], [ -40.76748364, -9.77693464 ], [ -40.76660373, -9.77582541 ], [ -40.76628953, -9.77535331 ], [ -40.76615951, -9.7750665 ], [ -40.76612501, -9.77474754 ], [ -40.76609127, -9.77439694 ], [ -40.76608924, -9.77401363 ], [ -40.76608705, -9.77359867 ], [ -40.76606914, -9.77331218 ], [ -40.76590738, -9.77305717 ], [ -40.76549495, -9.77262174 ], [ -40.76431985, -9.77118314 ], [ -40.76370142, -9.76987816 ], [ -40.76355706, -9.76946304 ], [ -40.76355613, -9.76945943 ], [ -40.76333215, -9.76707929 ], [ -40.76339384, -9.76546792 ], [ -40.763108, -9.76483836 ], [ -40.76286172, -9.7644527 ], [ -40.7624128, -9.76383664 ], [ -40.76205525, -9.76308812 ], [ -40.76184312, -9.76261096 ], [ -40.76169553, -9.76210093 ], [ -40.7616612, -9.76163913 ], [ -40.76173863, -9.76111166 ], [ -40.76197603, -9.76032841 ], [ -40.76225926, -9.75994181 ], [ -40.76258337, -9.75935792 ], [ -40.76278798, -9.75788594 ], [ -40.76278577, -9.75746557 ], [ -40.762995, -9.75704409 ], [ -40.76328088, -9.75681569 ], [ -40.7640311, -9.75632813 ], [ -40.7644639, -9.75613514 ], [ -40.76465601, -9.75592621 ], [ -40.76473552, -9.75562293 ], [ -40.76474959, -9.75535164 ], [ -40.76455202, -9.75452273 ], [ -40.76438701, -9.75364664 ], [ -40.76409235, -9.7528987 ], [ -40.76395855, -9.75206493 ], [ -40.76381067, -9.75080543 ], [ -40.76380671, -9.75005175 ], [ -40.76380514, -9.74975403 ], [ -40.76358876, -9.74898489 ], [ -40.76316094, -9.74821684 ], [ -40.7627335, -9.74751839 ], [ -40.76251785, -9.74688937 ], [ -40.76201675, -9.7457004 ], [ -40.76123361, -9.74546849 ], [ -40.76039737, -9.74536612 ], [ -40.75968288, -9.74519261 ], [ -40.75847088, -9.74468535 ], [ -40.75771464, -9.74419653 ], [ -40.75707738, -9.74362754 ], [ -40.75655918, -9.74299917 ], [ -40.75617951, -9.74237008 ], [ -40.75542163, -9.74156484 ], [ -40.75464514, -9.74085913 ], [ -40.75408737, -9.7403295 ], [ -40.75268427, -9.73917227 ], [ -40.75220568, -9.73862234 ], [ -40.7518646, -9.73787461 ], [ -40.75170243, -9.73718564 ], [ -40.75149613, -9.73659453 ], [ -40.7514915, -9.7365819 ], [ -40.75118389, -9.73613686 ], [ -40.75052882, -9.7354694 ], [ -40.74994625, -9.7348983 ], [ -40.74954163, -9.7343742 ], [ -40.74937875, -9.73407127 ], [ -40.74929674, -9.73372091 ], [ -40.74931123, -9.73335378 ], [ -40.74947492, -9.7324118 ], [ -40.74947251, -9.73194893 ], [ -40.74941418, -9.73159844 ], [ -40.74902423, -9.73091425 ], [ -40.74819951, -9.73004062 ], [ -40.74771339, -9.72943737 ], [ -40.74724042, -9.72891181 ], [ -40.74698473, -9.72863376 ], [ -40.74678519, -9.72776325 ], [ -40.74699151, -9.72678218 ], [ -40.74712511, -9.72530966 ], [ -40.74712387, -9.7248938 ], [ -40.74709065, -9.72463902 ], [ -40.74696108, -9.72443174 ], [ -40.74668563, -9.72403445 ], [ -40.74621708, -9.72365442 ], [ -40.74579674, -9.72325697 ], [ -40.7451181, -9.72278218 ], [ -40.74445562, -9.72225939 ], [ -40.74366515, -9.72183217 ], [ -40.74297964, -9.72143697 ], [ -40.74237157, -9.72103776 ], [ -40.74229751, -9.72099112 ], [ -40.74196046, -9.72030936 ], [ -40.74181011, -9.71925687 ], [ -40.7417422, -9.71863521 ], [ -40.74162805, -9.71823709 ], [ -40.74119033, -9.71764896 ], [ -40.74104371, -9.7173152 ], [ -40.74097811, -9.71696385 ], [ -40.74079588, -9.71608782 ], [ -40.74066432, -9.7154936 ], [ -40.74049328, -9.71378486 ], [ -40.74069655, -9.71203263 ], [ -40.74127525, -9.70992589 ], [ -40.74142047, -9.70910877 ], [ -40.74130513, -9.70847922 ], [ -40.74115464, -9.70827566 ], [ -40.74085465, -9.70788753 ], [ -40.74070469, -9.70760983 ], [ -40.74064618, -9.70722138 ], [ -40.74079246, -9.70660767 ], [ -40.74119839, -9.70580821 ], [ -40.74132572, -9.70523257 ], [ -40.74132438, -9.7049731 ], [ -40.74122952, -9.70460291 ], [ -40.74133724, -9.70393425 ], [ -40.74135197, -9.70308073 ], [ -40.74171804, -9.70179959 ], [ -40.74254622, -9.70018793 ], [ -40.74373474, -9.69900839 ], [ -40.74503286, -9.69770353 ], [ -40.74633279, -9.69675124 ], [ -40.7475404, -9.69609596 ], [ -40.74807842, -9.69564751 ], [ -40.7484322, -9.69516383 ], [ -40.7482983, -9.69446838 ], [ -40.74826803, -9.69407797 ], [ -40.74836957, -9.69345093 ], [ -40.74854398, -9.69317158 ], [ -40.74906775, -9.69278558 ], [ -40.74927606, -9.69236684 ], [ -40.74937833, -9.69170453 ], [ -40.74997262, -9.6912133 ], [ -40.75063508, -9.69051378 ], [ -40.75154691, -9.68921999 ], [ -40.75164544, -9.68908019 ], [ -40.75213006, -9.68782376 ], [ -40.75236559, -9.68580285 ], [ -40.75236323, -9.68534812 ], [ -40.75236053, -9.68482738 ], [ -40.75256631, -9.68392135 ], [ -40.75309025, -9.68339612 ], [ -40.75327978, -9.68320579 ], [ -40.75361327, -9.6828709 ], [ -40.753754, -9.68284009 ], [ -40.75410383, -9.68276352 ], [ -40.75477061, -9.68272575 ], [ -40.75550665, -9.68251315 ], [ -40.75599522, -9.68202245 ], [ -40.75648252, -9.68128856 ], [ -40.75683078, -9.68079948 ], [ -40.75728392, -9.68015347 ], [ -40.75750577, -9.67971295 ], [ -40.75832509, -9.67887249 ], [ -40.75871257, -9.67856764 ], [ -40.75982211, -9.67746984 ], [ -40.76048716, -9.67640234 ], [ -40.76108341, -9.6750703 ], [ -40.76113105, -9.67482702 ], [ -40.76118459, -9.67455355 ], [ -40.7363819, -9.65575939 ], [ -40.64117554, -9.68133157 ], [ -40.58082762, -9.72428207 ], [ -40.58085572, -9.72502514 ], [ -40.58094525, -9.72545872 ], [ -40.58108414, -9.72573023 ], [ -40.58157121, -9.72581477 ], [ -40.5824716, -9.72619487 ], [ -40.58266029, -9.72659001 ], [ -40.58291233, -9.72708431 ], [ -40.58292515, -9.72709691 ], [ -40.58358865, -9.72748985 ], [ -40.58397634, -9.72776021 ], [ -40.58414032, -9.72813105 ], [ -40.5842558, -9.72884931 ], [ -40.5843462, -9.72946823 ], [ -40.58426081, -9.72991437 ], [ -40.58423778, -9.73024901 ], [ -40.58428937, -9.73055799 ], [ -40.5843897, -9.73076819 ], [ -40.58448093, -9.73117463 ], [ -40.58449042, -9.73125415 ], [ -40.58447107, -9.73159691 ], [ -40.58447335, -9.73208153 ], [ -40.58451636, -9.73250537 ], [ -40.58459947, -9.73292903 ], [ -40.58476369, -9.7333514 ], [ -40.58480484, -9.73357364 ], [ -40.58480632, -9.73388827 ], [ -40.5843358, -9.73460835 ], [ -40.58405059, -9.73500659 ], [ -40.58369052, -9.73537986 ], [ -40.58354293, -9.73577656 ], [ -40.58342029, -9.73624819 ], [ -40.58339772, -9.73668138 ], [ -40.58333659, -9.73705327 ], [ -40.58308915, -9.73753723 ], [ -40.58295373, -9.73781091 ], [ -40.58291799, -9.73815736 ], [ -40.58299413, -9.73845447 ], [ -40.58323237, -9.73872552 ], [ -40.58352038, -9.73892219 ], [ -40.58393268, -9.73899532 ], [ -40.58440613, -9.73889367 ], [ -40.58476719, -9.73873105 ], [ -40.58538885, -9.73817121 ], [ -40.58574944, -9.73790915 ], [ -40.58618482, -9.73765939 ], [ -40.58655899, -9.73757085 ], [ -40.58699709, -9.73770534 ], [ -40.58713432, -9.73781591 ], [ -40.58733543, -9.73813685 ], [ -40.58757532, -9.73875507 ], [ -40.58777886, -9.73939788 ], [ -40.58804236, -9.73980533 ], [ -40.5882645, -9.74013883 ], [ -40.58863351, -9.74069496 ], [ -40.58894758, -9.74100272 ], [ -40.58917301, -9.74126206 ], [ -40.58927449, -9.74152108 ], [ -40.58926326, -9.74184391 ], [ -40.58920239, -9.74207927 ], [ -40.58862998, -9.74245354 ], [ -40.58850664, -9.74277599 ], [ -40.58847097, -9.7431351 ], [ -40.58834758, -9.74344579 ], [ -40.58809926, -9.74374351 ], [ -40.58790084, -9.74399217 ], [ -40.58780205, -9.74430275 ], [ -40.5878161, -9.74457483 ], [ -40.58824166, -9.74494445 ], [ -40.58849231, -9.74514129 ], [ -40.58865542, -9.74532679 ], [ -40.58879426, -9.74558382 ], [ -40.58883842, -9.74566951 ], [ -40.58901226, -9.74600504 ], [ -40.58928759, -9.74621442 ], [ -40.58975005, -9.74648532 ], [ -40.59006412, -9.74679307 ], [ -40.59019051, -9.74711436 ], [ -40.59025618, -9.74789433 ], [ -40.59028358, -9.74829112 ], [ -40.59035978, -9.74859998 ], [ -40.5906599, -9.74884631 ], [ -40.59098553, -9.74909253 ], [ -40.59142529, -9.74957329 ], [ -40.59215342, -9.750512 ], [ -40.59259157, -9.75084359 ], [ -40.59294225, -9.75099113 ], [ -40.5931921, -9.75101438 ], [ -40.59346602, -9.7509263 ], [ -40.5936782, -9.75088824 ], [ -40.59394019, -9.75097381 ], [ -40.59432871, -9.75121973 ], [ -40.59465382, -9.75135473 ], [ -40.59512828, -9.75146372 ], [ -40.59546592, -9.75154894 ], [ -40.59591601, -9.75170777 ], [ -40.59631609, -9.75189215 ], [ -40.59665537, -9.75232364 ], [ -40.59686956, -9.7527069 ], [ -40.5969087, -9.75307832 ], [ -40.59683446, -9.75337522 ], [ -40.59669899, -9.75363625 ], [ -40.5965247, -9.75378534 ], [ -40.59633828, -9.75387301 ], [ -40.59606327, -9.75392403 ], [ -40.59576438, -9.75393809 ], [ -40.5955395, -9.75398887 ], [ -40.59525317, -9.75415114 ], [ -40.59465649, -9.75459968 ], [ -40.59413401, -9.75493665 ], [ -40.59394667, -9.75502433 ], [ -40.59378432, -9.75499977 ], [ -40.59364726, -9.75492627 ], [ -40.59357211, -9.75483983 ], [ -40.59335904, -9.75469254 ], [ -40.59320957, -9.75469324 ], [ -40.59314686, -9.7547306 ], [ -40.59308571, -9.75490449 ], [ -40.59298639, -9.75510296 ], [ -40.59286194, -9.75519034 ], [ -40.59271235, -9.75516572 ], [ -40.59256132, -9.7550308 ], [ -40.59249869, -9.75489457 ], [ -40.59247385, -9.75484496 ], [ -40.59231074, -9.75466037 ], [ -40.59212304, -9.754673 ], [ -40.59202417, -9.75477292 ], [ -40.59192473, -9.75494698 ], [ -40.5917884, -9.75521976 ], [ -40.59161184, -9.75546561 ], [ -40.59129871, -9.75555116 ], [ -40.59096014, -9.7556531 ], [ -40.59072381, -9.75578892 ], [ -40.59048779, -9.75599165 ], [ -40.59031986, -9.75632786 ], [ -40.59015379, -9.7568657 ], [ -40.5901907, -9.75753731 ], [ -40.59042599, -9.75814198 ], [ -40.59054202, -9.75839189 ], [ -40.59083337, -9.75909576 ], [ -40.59103877, -9.75954777 ], [ -40.59119321, -9.76001721 ], [ -40.59138042, -9.76028486 ], [ -40.59180623, -9.76070239 ], [ -40.59189072, -9.76083671 ], [ -40.59192623, -9.76102099 ], [ -40.59194407, -9.76132289 ], [ -40.59209812, -9.76170824 ], [ -40.59225236, -9.7619426 ], [ -40.59252401, -9.76214295 ], [ -40.59286263, -9.76224173 ], [ -40.59316804, -9.76225748 ], [ -40.59352255, -9.76205419 ], [ -40.5942132, -9.76142982 ], [ -40.59460217, -9.76119292 ], [ -40.59515252, -9.76115689 ], [ -40.59576339, -9.76138911 ], [ -40.59615273, -9.76142073 ], [ -40.59650827, -9.76143534 ], [ -40.59694801, -9.76133292 ], [ -40.59735339, -9.76109594 ], [ -40.59775925, -9.76095932 ], [ -40.59796242, -9.7609421 ], [ -40.59806359, -9.76094162 ], [ -40.5983854, -9.76095638 ], [ -40.59862262, -9.7610059 ], [ -40.59882643, -9.76112249 ], [ -40.59898035, -9.76128993 ], [ -40.5990316, -9.76152477 ], [ -40.59903328, -9.76187737 ], [ -40.59898484, -9.76223022 ], [ -40.59869206, -9.76295309 ], [ -40.59855885, -9.76330633 ], [ -40.59857694, -9.76365886 ], [ -40.59862902, -9.76387651 ], [ -40.59883379, -9.76419471 ], [ -40.59924222, -9.76459604 ], [ -40.60004047, -9.76512935 ], [ -40.60032985, -9.76541279 ], [ -40.60053495, -9.76579789 ], [ -40.60064609, -9.76616716 ], [ -40.60085183, -9.76668698 ], [ -40.60109049, -9.76703847 ], [ -40.60144756, -9.76737222 ], [ -40.6019918, -9.76777291 ], [ -40.60272106, -9.76817181 ], [ -40.60312966, -9.76860659 ], [ -40.60357318, -9.76929254 ], [ -40.6038967, -9.76966081 ], [ -40.60423704, -9.76992774 ], [ -40.60440711, -9.77022891 ], [ -40.60447157, -9.77074668 ], [ -40.60447346, -9.77075933 ], [ -40.6041281, -9.77134865 ], [ -40.60405384, -9.77145116 ], [ -40.60385612, -9.7718463 ], [ -40.6036378, -9.77231748 ], [ -40.60363885, -9.77253537 ], [ -40.60375903, -9.77288742 ], [ -40.60382996, -9.77342414 ], [ -40.60384846, -9.77386075 ], [ -40.60379986, -9.77418014 ], [ -40.60362705, -9.77444858 ], [ -40.60343685, -9.77470082 ], [ -40.60315829, -9.77496705 ], [ -40.60289299, -9.7751446 ], [ -40.60256322, -9.77518413 ], [ -40.60228358, -9.77522252 ], [ -40.6018657, -9.77532575 ], [ -40.60162494, -9.77549053 ], [ -40.6011955, -9.77584517 ], [ -40.60089263, -9.77617389 ], [ -40.60062798, -9.77667874 ], [ -40.60026324, -9.777411 ], [ -40.6000001, -9.77804242 ], [ -40.59968646, -9.7787871 ], [ -40.5993464, -9.77934293 ], [ -40.59901878, -9.77983542 ], [ -40.59858099, -9.78016026 ], [ -40.59854561, -9.78019478 ], [ -40.59834408, -9.78036842 ], [ -40.59814742, -9.78041455 ], [ -40.59784282, -9.78038253 ], [ -40.5976224, -9.78041702 ], [ -40.59745351, -9.78055253 ], [ -40.59726868, -9.78078757 ], [ -40.59718512, -9.78104021 ], [ -40.59711887, -9.78129188 ], [ -40.59707007, -9.78176226 ], [ -40.59705663, -9.78238346 ], [ -40.5970744, -9.78266909 ], [ -40.5971607, -9.78298784 ], [ -40.59734768, -9.78320486 ], [ -40.59756915, -9.78338826 ], [ -40.59784034, -9.78348825 ], [ -40.59799272, -9.78352099 ], [ -40.59828027, -9.78341837 ], [ -40.59860203, -9.78341686 ], [ -40.59877157, -9.78341606 ], [ -40.59894135, -9.78346589 ], [ -40.59909397, -9.78354926 ], [ -40.59924699, -9.78371581 ], [ -40.59936709, -9.78405158 ], [ -40.59941966, -9.78437049 ], [ -40.59943871, -9.78492373 ], [ -40.59927575, -9.78572737 ], [ -40.59910368, -9.78615222 ], [ -40.59880149, -9.7866238 ], [ -40.59859967, -9.78692673 ], [ -40.59851651, -9.78726346 ], [ -40.59841734, -9.78768345 ], [ -40.59830109, -9.78815414 ], [ -40.59801213, -9.78872421 ], [ -40.59800057, -9.78878484 ], [ -40.59796535, -9.78885462 ], [ -40.59794841, -9.78893426 ], [ -40.5979884, -9.78910044 ], [ -40.5981049, -9.7892545 ], [ -40.5983904, -9.78948371 ], [ -40.59888378, -9.7897255 ], [ -40.5994787, -9.78985109 ], [ -40.59998478, -9.79007926 ], [ -40.60058129, -9.79034588 ], [ -40.60091796, -9.79060107 ], [ -40.60135896, -9.7907536 ], [ -40.60191621, -9.79100774 ], [ -40.60226673, -9.79130084 ], [ -40.60257631, -9.79179846 ], [ -40.60278103, -9.79229025 ], [ -40.60298816, -9.79309485 ], [ -40.60302433, -9.79341384 ], [ -40.60299066, -9.79361562 ], [ -40.60282316, -9.79385149 ], [ -40.60262061, -9.79400344 ], [ -40.602266, -9.79418955 ], [ -40.60208839, -9.79440829 ], [ -40.60202, -9.79459215 ], [ -40.60199908, -9.79498283 ], [ -40.60202275, -9.79516626 ], [ -40.60207012, -9.79535048 ], [ -40.60221011, -9.79564819 ], [ -40.60232664, -9.79580767 ], [ -40.60271782, -9.79659423 ], [ -40.60314204, -9.79723687 ], [ -40.60333729, -9.7980334 ], [ -40.60353199, -9.7987151 ], [ -40.60361323, -9.79892719 ], [ -40.60372243, -9.79926934 ], [ -40.60387821, -9.79981831 ], [ -40.6039491, -9.80034328 ], [ -40.60405481, -9.80109592 ], [ -40.60404125, -9.8016882 ], [ -40.60399321, -9.80231408 ], [ -40.60426963, -9.80311745 ], [ -40.60449264, -9.80342923 ], [ -40.60487015, -9.8038334 ], [ -40.60528086, -9.80412801 ], [ -40.60571636, -9.80426971 ], [ -40.60626643, -9.80435119 ], [ -40.60643163, -9.80439471 ], [ -40.60704679, -9.80474079 ], [ -40.60778862, -9.80508175 ], [ -40.60795132, -9.8051732 ], [ -40.60811413, -9.80528725 ], [ -40.60825335, -9.80542402 ], [ -40.60839359, -9.80558429 ], [ -40.60853281, -9.80572106 ], [ -40.60869573, -9.80585861 ], [ -40.60904343, -9.80631717 ], [ -40.60935466, -9.80734007 ], [ -40.60943635, -9.80840204 ], [ -40.60913465, -9.80935281 ], [ -40.60894542, -9.80980848 ], [ -40.60914069, -9.810605 ], [ -40.60991153, -9.8116637 ], [ -40.61012675, -9.81216393 ], [ -40.61022131, -9.81238372 ], [ -40.61064905, -9.81374783 ], [ -40.61095974, -9.81446785 ], [ -40.61092493, -9.81518861 ], [ -40.61043217, -9.8164061 ], [ -40.61032153, -9.81727911 ], [ -40.61005829, -9.81826677 ], [ -40.60971665, -9.81887597 ], [ -40.60949023, -9.81955966 ], [ -40.60949316, -9.82016722 ], [ -40.60922882, -9.82092705 ], [ -40.60877158, -9.8213849 ], [ -40.60846749, -9.82184203 ], [ -40.60820443, -9.82286766 ], [ -40.60822638, -9.82300993 ], [ -40.60836253, -9.82389219 ], [ -40.60836637, -9.82468871 ], [ -40.6083312, -9.82533443 ], [ -40.60825683, -9.82578956 ], [ -40.60833615, -9.82635879 ], [ -40.60853034, -9.82692746 ], [ -40.60883847, -9.82730483 ], [ -40.60898499, -9.82744156 ], [ -40.60905517, -9.82762477 ], [ -40.60917172, -9.82778515 ], [ -40.60928838, -9.82796813 ], [ -40.60938214, -9.82812862 ], [ -40.60952149, -9.82828889 ], [ -40.60968442, -9.82842555 ], [ -40.60982365, -9.82856231 ], [ -40.60998658, -9.82869987 ], [ -40.61012581, -9.82883663 ], [ -40.61026607, -9.8289969 ], [ -40.6104053, -9.82913367 ], [ -40.61049917, -9.82931766 ], [ -40.61054575, -9.82952358 ], [ -40.61061684, -9.82970678 ], [ -40.61068701, -9.82989089 ], [ -40.6106879, -9.83007442 ], [ -40.61073147, -9.83078848 ], [ -40.6106604, -9.83192712 ], [ -40.6108579, -9.83298853 ], [ -40.61093412, -9.83310389 ], [ -40.61102382, -9.83355372 ], [ -40.6114253, -9.83588446 ], [ -40.6115536, -9.83752846 ], [ -40.61144984, -9.83812659 ], [ -40.61125063, -9.83840601 ], [ -40.61094384, -9.83868594 ], [ -40.61057136, -9.83895353 ], [ -40.6102918, -9.83920711 ], [ -40.61021245, -9.83957819 ], [ -40.6102821, -9.84002901 ], [ -40.61033782, -9.84042747 ], [ -40.61028538, -9.84070619 ], [ -40.61028673, -9.84098466 ], [ -40.61056919, -9.84132869 ], [ -40.61118648, -9.84172356 ], [ -40.61117281, -9.84172363 ], [ -40.6125612, -9.84302347 ], [ -40.61319545, -9.84390558 ], [ -40.61424756, -9.84560122 ], [ -40.61462874, -9.84637333 ], [ -40.6151426, -9.8470553 ], [ -40.61567839, -9.84756086 ], [ -40.615836, -9.84791362 ], [ -40.6160177, -9.84890638 ], [ -40.6161987, -9.84956824 ], [ -40.61662349, -9.85011863 ], [ -40.61689293, -9.85078006 ], [ -40.61716467, -9.851729 ], [ -40.6172111, -9.85190237 ], [ -40.61729181, -9.85218678 ], [ -40.61732064, -9.85267758 ], [ -40.61725525, -9.85291658 ], [ -40.61728402, -9.85339473 ], [ -40.61760699, -9.85381722 ], [ -40.6181181, -9.85430571 ], [ -40.61858832, -9.85482151 ], [ -40.61911472, -9.85582709 ], [ -40.61938644, -9.85658163 ], [ -40.61957916, -9.85777506 ], [ -40.61956542, -9.85776156 ], [ -40.61946575, -9.85919508 ], [ -40.61945499, -9.85979276 ], [ -40.61951085, -9.86021652 ], [ -40.61965971, -9.86064075 ], [ -40.61992983, -9.86106439 ], [ -40.62022579, -9.86136765 ], [ -40.62058754, -9.86151238 ], [ -40.62106924, -9.86157607 ], [ -40.62143014, -9.86154812 ], [ -40.62192428, -9.86135949 ], [ -40.62244317, -9.86082447 ], [ -40.62263103, -9.86064907 ], [ -40.62309753, -9.86040181 ], [ -40.62349067, -9.86025345 ], [ -40.62388428, -9.86020273 ], [ -40.62417967, -9.86020131 ], [ -40.62452477, -9.86029729 ], [ -40.62494467, -9.86058911 ], [ -40.62553917, -9.8613448 ], [ -40.62598513, -9.86193033 ], [ -40.62660238, -9.86249062 ], [ -40.62719628, -9.86312426 ], [ -40.62749022, -9.86394107 ], [ -40.62759492, -9.86428323 ], [ -40.62773881, -9.8655492 ], [ -40.62772168, -9.86670385 ], [ -40.62763384, -9.86738236 ], [ -40.62763729, -9.86808394 ], [ -40.62782252, -9.86867163 ], [ -40.62812161, -9.86923617 ], [ -40.62864918, -9.86991261 ], [ -40.62901978, -9.87092886 ], [ -40.6292058, -9.87167476 ], [ -40.62920992, -9.87251196 ], [ -40.62907627, -9.87314639 ], [ -40.62878239, -9.8738259 ], [ -40.62860216, -9.87425713 ], [ -40.62846751, -9.87468724 ], [ -40.62856046, -9.87504934 ], [ -40.62874492, -9.87547791 ], [ -40.62897522, -9.87577154 ], [ -40.62938636, -9.87594495 ], [ -40.62950948, -9.87595249 ], [ -40.62967254, -9.87592187 ], [ -40.62990711, -9.87578783 ], [ -40.62999193, -9.87570262 ], [ -40.63019744, -9.8754962 ], [ -40.63077581, -9.87500608 ], [ -40.63138657, -9.8744272 ], [ -40.63174249, -9.87412711 ], [ -40.63225459, -9.87388052 ], [ -40.63281159, -9.87367892 ], [ -40.63325746, -9.87349955 ], [ -40.63384818, -9.87329687 ], [ -40.63456221, -9.8731388 ], [ -40.63517542, -9.87305807 ], [ -40.63593364, -9.87298839 ], [ -40.63622443, -9.87297523 ], [ -40.63650363, -9.87301817 ], [ -40.63674927, -9.87309473 ], [ -40.6370073, -9.87328154 ], [ -40.63729675, -9.87355136 ], [ -40.63723755, -9.87393319 ], [ -40.63707504, -9.87444209 ], [ -40.63707737, -9.87491313 ], [ -40.6371521, -9.87527531 ], [ -40.63724579, -9.87560124 ], [ -40.63759559, -9.87608957 ], [ -40.63829263, -9.87710603 ], [ -40.63830999, -9.87711227 ], [ -40.63849899, -9.87771982 ], [ -40.63872624, -9.8781337 ], [ -40.63964116, -9.87932359 ], [ -40.6401672, -9.88005064 ], [ -40.64043671, -9.88052761 ], [ -40.64053233, -9.88087161 ], [ -40.64046604, -9.88111062 ], [ -40.64030709, -9.88141698 ], [ -40.6400675, -9.88164328 ], [ -40.63973428, -9.88192427 ], [ -40.63940189, -9.88219079 ], [ -40.63912239, -9.88245797 ], [ -40.63892312, -9.88272384 ], [ -40.63879067, -9.88304273 ], [ -40.63877903, -9.88345416 ], [ -40.63884847, -9.88385164 ], [ -40.63893008, -9.88413061 ], [ -40.63910548, -9.88456735 ], [ -40.63916164, -9.88504445 ], [ -40.63913665, -9.8853366 ], [ -40.6390309, -9.88570871 ], [ -40.63900643, -9.88610664 ], [ -40.63903719, -9.88642564 ], [ -40.63910861, -9.88667121 ], [ -40.63933525, -9.88677589 ], [ -40.64001876, -9.88707815 ], [ -40.64035412, -9.88724554 ], [ -40.6407829, -9.88745957 ], [ -40.64184299, -9.88813068 ], [ -40.64216538, -9.88842113 ], [ -40.64275662, -9.8888694 ], [ -40.64302456, -9.88902721 ], [ -40.64342652, -9.88918437 ], [ -40.64393561, -9.88924789 ], [ -40.64417395, -9.88931995 ], [ -40.7867322, -9.85294559 ], [ -40.7887515, -9.852421 ], [ -40.7881129, -9.85141912 ], [ -40.78677266, -9.85054398 ], [ -40.78580373, -9.84945414 ], [ -40.78498808, -9.84812617 ], [ -40.78435484, -9.84628402 ], [ -40.7831657, -9.84465675 ], [ -40.78222369, -9.84290276 ], [ -40.78078539, -9.84123118 ], [ -40.77842478, -9.83824485 ], [ -40.77779864, -9.83750155 ], [ -40.77687262, -9.83641779 ], [ -40.77576064, -9.83593363 ], [ -40.77482176, -9.83516785 ], [ -40.7745799, -9.83434959 ], [ -40.77447255, -9.83314834 ], [ -40.77321334, -9.83106732 ], [ -40.77258573, -9.82983971 ], [ -40.77201597, -9.82861131 ], [ -40.77132169, -9.8260953 ], [ -40.76971015, -9.82336183 ], [ -40.76889889, -9.82216852 ], [ -40.76790583, -9.82037339 ], [ -40.76735505, -9.81868267 ], [ -40.7668524, -9.81749493 ], [ -40.76626373, -9.81685521 ], [ -40.76497793, -9.8164117 ], [ -40.76386151, -9.81582834 ], [ -40.76321626, -9.81439772 ], [ -40.76312415, -9.81283189 ], [ -40.7630781, -9.81112792 ], [ -40.76280178, -9.80905551 ], [ -40.76192677, -9.80730547 ], [ -40.76068332, -9.80546333 ], [ -40.75867858, -9.80332978 ], [ -40.75695448, -9.80086601 ], [ -40.75552532, -9.79915399 ], [ -40.75534111, -9.79804871 ], [ -40.75568271, -9.79730189 ], [ -40.75685576, -9.79600449 ], [ -40.75744003, -9.7954087 ], [ -40.75934788, -9.79454556 ] ] ] ] } },
{ "type": "Feature", "properties": { "gid": 28, "area_decre": 67.7588, "area_geo": 63.7009, "ato_vigent": "Decreto nº 226 de 18/05/2015", "bioma": "Caatinga", "categoria": "Monumento Natural", "grupo": "Proteção Integral", "id": 29, "municipio": "Palmeiras", "nome_uc": "Monumento Natural Municipal da Carrapeta", "observacao": null, "org_gestor": "Prefeitura Municipal de Palmeiras", "snuc": "Sim" }, "geometry": { "type": "MultiPolygon", "coordinates": [ [ [ [ -41.49548231, -12.57930672 ], [ -41.4973793, -12.58087671 ], [ -41.4978543, -12.58104071 ], [ -41.4997193, -12.58144671 ], [ -41.50129431, -12.57934171 ], [ -41.50252331, -12.57822071 ], [ -41.50332129, -12.57715471 ], [ -41.50348631, -12.57705571 ], [ -41.50400031, -12.5768047 ], [ -41.50433329, -12.57663868 ], [ -41.50463937, -12.5766107 ], [ -41.50500037, -12.57652751 ], [ -41.50494231, -12.57619869 ], [ -41.50409731, -12.57322471 ], [ -41.50283331, -12.5718887 ], [ -41.50182231, -12.5713267 ], [ -41.50009231, -12.5716777 ], [ -41.49983431, -12.5722017 ], [ -41.49973031, -12.57249871 ], [ -41.49898031, -12.57354765 ], [ -41.4984413, -12.57439472 ], [ -41.49818827, -12.57475073 ], [ -41.49771928, -12.57543376 ], [ -41.49734031, -12.57592471 ], [ -41.49696229, -12.57687772 ], [ -41.4954823, -12.57930669 ], [ -41.49548231, -12.57930672 ] ] ] ] } },
{ "type": "Feature", "properties": { "gid": 29, "area_decre": 0.0, "area_geo": 29307.5236, "ato_vigent": "Lei nº 467 de 20/10/1997", "bioma": "Mata Atlântica", "categoria": "Área de Proteção Ambiental", "grupo": "Uso Sustentável", "id": 30, "municipio": "Vera Cruz", "nome_uc": "Área de Proteção Ambiental do Recife das Pinaúnas", "observacao": null, "org_gestor": "Prefeitura Municipal de Vera Cruz", "snuc": "Sim" }, "geometry": { "type": "MultiPolygon", "coordinates": [ [ [ [ -38.59855217, -12.92451729 ], [ -38.59779092, -12.92283802 ], [ -38.59674633, -12.92242019 ], [ -38.59403039, -12.92294249 ], [ -38.59309026, -12.92377816 ], [ -38.5935081, -12.92492721 ], [ -38.5940304, -12.92659855 ], [ -38.59392594, -12.92941894 ], [ -38.59340365, -12.93317946 ], [ -38.59309028, -12.9353731 ], [ -38.59267244, -12.93693998 ], [ -38.59235907, -12.94070051 ], [ -38.59141894, -12.94216293 ], [ -38.59141894, -12.94341644 ], [ -38.59194124, -12.94571453 ], [ -38.59079219, -12.9470725 ], [ -38.58891193, -12.94895276 ], [ -38.58838964, -12.95093748 ], [ -38.58891194, -12.95354896 ], [ -38.58880748, -12.95532476 ], [ -38.58807627, -12.95657827 ], [ -38.5872406, -12.95762286 ], [ -38.5872406, -12.95939866 ], [ -38.5872406, -12.96054771 ], [ -38.58588264, -12.96180122 ], [ -38.58556926, -12.96315918 ], [ -38.58462913, -12.96524836 ], [ -38.58348009, -12.96854926 ], [ -38.58337563, -12.97199641 ], [ -38.5829578, -12.97345883 ], [ -38.58180875, -12.97607031 ], [ -38.58180875, -12.97847286 ], [ -38.58097309, -12.9824423 ], [ -38.57961512, -12.98442702 ], [ -38.57752594, -12.98630729 ], [ -38.57345204, -12.98787418 ], [ -38.57178069, -12.98787418 ], [ -38.57094502, -12.98829202 ], [ -38.56958705, -12.98944107 ], [ -38.56812463, -12.99173916 ], [ -38.56791571, -12.99299267 ], [ -38.56875139, -12.99445509 ], [ -38.5705272, -12.99602198 ], [ -38.57063166, -12.99769332 ], [ -38.56969153, -13.00020033 ], [ -38.56802019, -13.00228951 ], [ -38.56833356, -13.00322964 ], [ -38.56958707, -13.00364748 ], [ -38.5710495, -13.00469206 ], [ -38.57178072, -13.00625895 ], [ -38.57230302, -13.00887042 ], [ -38.57146735, -13.01106406 ], [ -38.57157181, -13.01263094 ], [ -38.57439222, -13.02516601 ], [ -38.57658587, -13.02725518 ], [ -38.57825722, -13.02861314 ], [ -38.58076424, -13.02923989 ], [ -38.58295788, -13.03059786 ], [ -38.58337572, -13.03300041 ], [ -38.58295789, -13.03488067 ], [ -38.58316681, -13.03766973 ], [ -38.58368911, -13.03913215 ], [ -38.58389803, -13.04226592 ], [ -38.5834802, -13.04456401 ], [ -38.58379358, -13.04654873 ], [ -38.58525601, -13.04874237 ], [ -38.58640506, -13.05208505 ], [ -38.58755412, -13.05668124 ], [ -38.58776304, -13.06096406 ], [ -38.58640508, -13.06608254 ], [ -38.58682292, -13.06827618 ], [ -38.58818089, -13.07140995 ], [ -38.58985224, -13.07308129 ], [ -38.59162805, -13.07297682 ], [ -38.59413506, -13.07172331 ], [ -38.59611979, -13.07161885 ], [ -38.59716438, -13.0727679 ], [ -38.59674655, -13.07412587 ], [ -38.59549304, -13.07600613 ], [ -38.59455291, -13.07840868 ], [ -38.5938217, -13.08175137 ], [ -38.59497076, -13.08655648 ], [ -38.5953886, -13.09115267 ], [ -38.59528415, -13.09251064 ], [ -38.59517969, -13.0956444 ], [ -38.59716442, -13.10180748 ], [ -38.59737334, -13.10462787 ], [ -38.59768673, -13.10723934 ], [ -38.59862686, -13.10786609 ], [ -38.59988037, -13.10755271 ], [ -38.60113388, -13.10723933 ], [ -38.60238739, -13.10713487 ], [ -38.60395427, -13.10661258 ], [ -38.60593899, -13.10588136 ], [ -38.60792372, -13.10546352 ], [ -38.60938615, -13.10682149 ], [ -38.60980399, -13.10849283 ], [ -38.61001291, -13.1116266 ], [ -38.61116196, -13.11413361 ], [ -38.61199764, -13.11622278 ], [ -38.61412861, -13.11714202 ], [ -38.61559103, -13.11860444 ], [ -38.61653117, -13.12017133 ], [ -38.6174713, -13.12132037 ], [ -38.61924711, -13.12236496 ], [ -38.62018724, -13.12372292 ], [ -38.62008279, -13.12539427 ], [ -38.61893374, -13.1275879 ], [ -38.61945604, -13.12915479 ], [ -38.62008279, -13.13072167 ], [ -38.62311211, -13.13061721 ], [ -38.62520129, -13.1293637 ], [ -38.62655926, -13.12925924 ], [ -38.62739493, -13.13009491 ], [ -38.62802169, -13.13197517 ], [ -38.62917074, -13.13343759 ], [ -38.63052871, -13.13448218 ], [ -38.63188668, -13.13427326 ], [ -38.6338714, -13.13416879 ], [ -38.63512491, -13.13531784 ], [ -38.63585613, -13.13782485 ], [ -38.63669181, -13.14095862 ], [ -38.63690073, -13.14419685 ], [ -38.63658736, -13.14806183 ], [ -38.63815425, -13.14941979 ], [ -38.6398256, -13.15056883 ], [ -38.64181032, -13.15077775 ], [ -38.64431734, -13.14994207 ], [ -38.64473517, -13.14816627 ], [ -38.64557084, -13.14628601 ], [ -38.64703327, -13.14534588 ], [ -38.64849569, -13.14492804 ], [ -38.65152501, -13.14492804 ], [ -38.65434541, -13.14639046 ], [ -38.65580784, -13.14941976 ], [ -38.65716581, -13.15046435 ], [ -38.65841932, -13.14941976 ], [ -38.65988174, -13.1475395 ], [ -38.66165754, -13.14597261 ], [ -38.66301551, -13.14565923 ], [ -38.66479132, -13.14565923 ], [ -38.66562699, -13.14628598 ], [ -38.66625375, -13.14680828 ], [ -38.66761172, -13.14879299 ], [ -38.66928307, -13.15140446 ], [ -38.67147671, -13.15286689 ], [ -38.67408819, -13.15516498 ], [ -38.675864, -13.15704524 ], [ -38.67701305, -13.15934333 ], [ -38.67889332, -13.16091021 ], [ -38.68140034, -13.16205926 ], [ -38.68422074, -13.16268601 ], [ -38.68641438, -13.16352167 ], [ -38.6883991, -13.16508855 ], [ -38.68923478, -13.16404396 ], [ -38.69080166, -13.16247708 ], [ -38.69236855, -13.16310383 ], [ -38.69383098, -13.16529746 ], [ -38.69498003, -13.16801339 ], [ -38.69644246, -13.16811785 ], [ -38.69780043, -13.16916244 ], [ -38.69811381, -13.17062486 ], [ -38.6991584, -13.17187837 ], [ -38.70051637, -13.1728185 ], [ -38.70396352, -13.17292295 ], [ -38.70688838, -13.17271403 ], [ -38.7088731, -13.17313186 ], [ -38.70970878, -13.17407199 ], [ -38.71054445, -13.17553441 ], [ -38.71043999, -13.17637009 ], [ -38.70918649, -13.17668346 ], [ -38.70803744, -13.17668347 ], [ -38.70667947, -13.17720576 ], [ -38.70417245, -13.17751914 ], [ -38.70323232, -13.17898157 ], [ -38.70323232, -13.18065291 ], [ -38.70448583, -13.18211533 ], [ -38.7127474, -13.18023022 ], [ -38.79057335, -13.12784556 ], [ -38.79503251, -13.12318371 ], [ -38.78945856, -13.12693346 ], [ -38.78672227, -13.12754152 ], [ -38.78256714, -13.12652808 ], [ -38.77780396, -13.12439985 ], [ -38.77385153, -13.12105548 ], [ -38.77030447, -13.1162923 ], [ -38.76756817, -13.11335331 ], [ -38.76473053, -13.11071835 ], [ -38.75743373, -13.10291484 ], [ -38.75429206, -13.09703686 ], [ -38.75388668, -13.09389518 ], [ -38.75327861, -13.09217233 ], [ -38.73990115, -13.07940293 ], [ -38.73359361, -13.07305457 ], [ -38.72990464, -13.06621322 ], [ -38.72145356, -13.06158525 ], [ -38.71649022, -13.0580975 ], [ -38.70562454, -13.05333538 ], [ -38.68289691, -13.03925952 ], [ -38.6745691, -13.0336738 ], [ -38.66756156, -13.03022081 ], [ -38.65943688, -13.02463509 ], [ -38.65588233, -13.02026807 ], [ -38.64471089, -13.00239377 ], [ -38.63972012, -12.99402969 ], [ -38.63357813, -12.9834887 ], [ -38.63349513, -12.98157971 ], [ -38.63698112, -12.97419272 ], [ -38.63731312, -12.96473073 ], [ -38.63407612, -12.95883774 ], [ -38.63332912, -12.94331677 ], [ -38.63283113, -12.94124177 ], [ -38.63100513, -12.93974777 ], [ -38.62727013, -12.93700878 ], [ -38.62585914, -12.93485078 ], [ -38.62411613, -12.93016128 ], [ -38.62660613, -12.92717329 ], [ -38.63075612, -12.92219329 ], [ -38.63258212, -12.9204503 ], [ -38.63266512, -12.9187903 ], [ -38.63158612, -12.9167983 ], [ -38.62793413, -12.9155533 ], [ -38.62013214, -12.90899632 ], [ -38.61523515, -12.90551032 ], [ -38.61407315, -12.90791732 ], [ -38.61332615, -12.91049031 ], [ -38.61108515, -12.91239931 ], [ -38.60975716, -12.91439131 ], [ -38.60934216, -12.9158023 ], [ -38.60867816, -12.9173793 ], [ -38.60768216, -12.9187073 ], [ -38.60652016, -12.9205333 ], [ -38.60552416, -12.92219329 ], [ -38.60461116, -12.92418529 ], [ -38.60344917, -12.92576229 ], [ -38.60170617, -12.92675829 ], [ -38.59946517, -12.92626029 ], [ -38.59855217, -12.92451729 ] ] ] ] } },
{ "type": "Feature", "properties": { "gid": 30, "area_decre": 0.0, "area_geo": 42329.201, "ato_vigent": "Decreto nº 15 de 09/09/1997", "bioma": "Mata Atlântica", "categoria": "Área de Proteção Ambiental", "grupo": "Uso Sustentável", "id": 31, "municipio": "Maraú", "nome_uc": "Área de Proteção Ambiental da Península de Maraú", "observacao": null, "org_gestor": "Prefeitura Municipal de Maraú", "snuc": "Sim" }, "geometry": { "type": "MultiPolygon", "coordinates": [ [ [ [ -38.99279755, -14.23530376 ], [ -38.99436409, -14.23583727 ], [ -38.99534666, -14.2363798 ], [ -38.99615311, -14.23685903 ], [ -38.99730254, -14.23653354 ], [ -38.99794215, -14.2364793 ], [ -38.99946236, -14.23607242 ], [ -39.00036151, -14.23581021 ], [ -39.00069522, -14.23583734 ], [ -39.00159437, -14.23639793 ], [ -39.00262331, -14.23712126 ], [ -39.00399522, -14.23747387 ], [ -39.00557106, -14.23747384 ], [ -39.00669268, -14.23737435 ], [ -39.00710981, -14.23716638 ], [ -39.00788844, -14.23666001 ], [ -39.00834263, -14.23604515 ], [ -39.0087041, -14.23481545 ], [ -39.00870404, -14.23333259 ], [ -39.00873181, -14.23243745 ], [ -39.00873176, -14.23113543 ], [ -39.00875953, -14.23004137 ], [ -39.00895419, -14.2301137 ], [ -39.01018702, -14.23024023 ], [ -39.01166085, -14.23032154 ], [ -39.01291224, -14.23085494 ], [ -39.01391336, -14.23131602 ], [ -39.01545212, -14.23177706 ], [ -39.01642544, -14.23231046 ], [ -39.01712997, -14.23295238 ], [ -39.01779745, -14.23394693 ], [ -39.01832589, -14.23499575 ], [ -39.01914172, -14.23622537 ], [ -39.02008742, -14.23857616 ], [ -39.02072715, -14.23990526 ], [ -39.02159868, -14.24174067 ], [ -39.02251659, -14.24372978 ], [ -39.02336033, -14.24539339 ], [ -39.02413923, -14.24751814 ], [ -39.02468625, -14.24835898 ], [ -39.0254094, -14.24904608 ], [ -39.02613254, -14.24963372 ], [ -39.02775485, -14.24994096 ], [ -39.02851502, -14.25009458 ], [ -39.03026703, -14.24973269 ], [ -39.03127745, -14.24956076 ], [ -39.03326124, -14.24940678 ], [ -39.03459621, -14.24988581 ], [ -39.03552328, -14.25022022 ], [ -39.03675635, -14.25106092 ], [ -39.0376186, -14.25180222 ], [ -39.03839747, -14.25279669 ], [ -39.03979745, -14.25374585 ], [ -39.04228202, -14.25445973 ], [ -39.04465524, -14.25451354 ], [ -39.04538757, -14.25438682 ], [ -39.04714889, -14.25417852 ], [ -39.04857643, -14.25374423 ], [ -39.0498649, -14.2532557 ], [ -39.05184859, -14.25262235 ], [ -39.05455542, -14.25223295 ], [ -39.05651133, -14.25179849 ], [ -39.05834686, -14.25187942 ], [ -39.06046976, -14.25197836 ], [ -39.06248146, -14.2521858 ], [ -39.06518842, -14.25233879 ], [ -39.06862792, -14.25312446 ], [ -39.07144624, -14.25361189 ], [ -39.07406997, -14.25435252 ], [ -39.07555336, -14.25475893 ], [ -39.07770425, -14.2552465 ], [ -39.07864995, -14.25559882 ], [ -39.08013323, -14.25565257 ], [ -39.0825898, -14.25542569 ], [ -39.0844345, -14.25516283 ], [ -39.08605676, -14.25500854 ], [ -39.0874842, -14.25450168 ], [ -39.08865194, -14.25367845 ], [ -39.0893284, -14.25300006 ], [ -39.0898009, -14.25228558 ], [ -39.09032895, -14.25139025 ], [ -39.09103307, -14.25034113 ], [ -39.09183912, -14.24921964 ], [ -39.09315501, -14.2480889 ], [ -39.09207082, -14.24911105 ], [ -39.09277503, -14.24832414 ], [ -39.09416524, -14.24758216 ], [ -39.09548148, -14.24734656 ], [ -39.09600981, -14.24719263 ], [ -39.09707544, -14.2461976 ], [ -39.09765893, -14.24499481 ], [ -39.09807529, -14.24315915 ], [ -39.09807458, -14.24152258 ], [ -39.0980736, -14.23926213 ], [ -39.09790604, -14.23762563 ], [ -39.09765522, -14.23636893 ], [ -39.09786805, -14.23550082 ], [ -39.09831266, -14.23474113 ], [ -39.09946183, -14.23417102 ], [ -39.10125072, -14.23388997 ], [ -39.10303039, -14.2337355 ], [ -39.10334492, -14.23233388 ], [ -39.10367798, -14.23093226 ], [ -39.1041221, -14.22916891 ], [ -39.10426066, -14.22812 ], [ -39.10434321, -14.22623023 ], [ -39.10437058, -14.22526274 ], [ -39.10448127, -14.22408726 ], [ -39.10449925, -14.2228666 ], [ -39.10411783, -14.2198468 ], [ -39.10373647, -14.21691742 ], [ -39.10354021, -14.21337311 ], [ -39.10330593, -14.20772207 ], [ -39.10339769, -14.20568762 ], [ -39.10311872, -14.20363524 ], [ -39.10321102, -14.20280336 ], [ -39.10287684, -14.2016371 ], [ -39.10215346, -14.20061569 ], [ -39.10072548, -14.19906109 ], [ -39.09904749, -14.19797677 ], [ -39.09799954, -14.19642201 ], [ -39.09736866, -14.1948942 ], [ -39.09727546, -14.19366454 ], [ -39.09694122, -14.19226319 ], [ -39.09629165, -14.19031946 ], [ -39.09567006, -14.18876451 ], [ -39.09462205, -14.18691135 ], [ -39.09380579, -14.18518468 ], [ -39.09356422, -14.18367478 ], [ -39.09342442, -14.18176701 ], [ -39.09344226, -14.18006713 ], [ -39.0934229, -14.17805081 ], [ -39.09318155, -14.17704726 ], [ -39.0925325, -14.17619757 ], [ -39.09143833, -14.1745795 ], [ -39.09069661, -14.17370272 ], [ -39.09033488, -14.17288909 ], [ -39.09026023, -14.17158709 ], [ -39.09066726, -14.16979665 ], [ -39.09124117, -14.16819602 ], [ -39.09178754, -14.16728259 ], [ -39.0926766, -14.16592596 ], [ -39.09334347, -14.16509386 ], [ -39.09506649, -14.16369169 ], [ -39.09599289, -14.16305839 ], [ -39.09780859, -14.16176467 ], [ -39.10081002, -14.15963859 ], [ -39.10403361, -14.15714166 ], [ -39.10861885, -14.15374893 ], [ -39.11237029, -14.15092614 ], [ -39.11639034, -14.14810316 ], [ -39.11626959, -14.14752454 ], [ -39.11619482, -14.14625872 ], [ -39.11610103, -14.14402542 ], [ -39.11569283, -14.14304005 ], [ -39.11507155, -14.1421 ], [ -39.11428321, -14.14059038 ], [ -39.11274342, -14.13717328 ], [ -39.11178799, -14.13495846 ], [ -39.11037802, -14.13161362 ], [ -39.10882005, -14.12868476 ], [ -39.10762353, -14.12589135 ], [ -39.10707617, -14.12435447 ], [ -39.10544388, -14.12077461 ], [ -39.10410832, -14.11766477 ], [ -39.1028842, -14.11506123 ], [ -39.10171575, -14.11256617 ], [ -39.1007606, -14.11051406 ], [ -39.09936973, -14.10775685 ], [ -39.09899918, -14.10782934 ], [ -39.09761897, -14.10824583 ], [ -39.09575697, -14.10859017 ], [ -39.09477504, -14.10881661 ], [ -39.09371891, -14.10885319 ], [ -39.09252369, -14.10859144 ], [ -39.09155088, -14.10846522 ], [ -39.09058722, -14.10804966 ], [ -39.0897532, -14.10746225 ], [ -39.0889654, -14.10663068 ], [ -39.08820541, -14.10579911 ], [ -39.08740841, -14.10509413 ], [ -39.08607399, -14.10411808 ], [ -39.08516597, -14.10378386 ], [ -39.08408196, -14.10350394 ], [ -39.08309992, -14.10341386 ], [ -39.08202525, -14.10335093 ], [ -39.08095062, -14.10339651 ], [ -39.07925531, -14.10352366 ], [ -39.07731909, -14.10352429 ], [ -39.07492915, -14.10420319 ], [ -39.0727522, -14.10466499 ], [ -39.07193706, -14.10503595 ], [ -39.07114978, -14.10562391 ], [ -39.0701495, -14.10645606 ], [ -39.06845428, -14.10698098 ], [ -39.06709249, -14.10720741 ], [ -39.06589728, -14.10685511 ], [ -39.06560078, -14.10670147 ], [ -39.06420185, -14.10662952 ], [ -39.06404435, -14.10660243 ], [ -39.06387758, -14.10656631 ], [ -39.06370154, -14.10652115 ], [ -39.06352551, -14.10647598 ], [ -39.06334947, -14.10642178 ], [ -39.06317343, -14.10634949 ], [ -39.06299739, -14.1062772 ], [ -39.06283061, -14.10619587 ], [ -39.06268236, -14.10611453 ], [ -39.06255264, -14.10604223 ], [ -39.06243218, -14.10596088 ], [ -39.06232099, -14.10588857 ], [ -39.06222832, -14.10581626 ], [ -39.06211713, -14.10573491 ], [ -39.06200593, -14.10564452 ], [ -39.06186694, -14.1055451 ], [ -39.06171868, -14.10542759 ], [ -39.06156116, -14.10531009 ], [ -39.06138511, -14.10519259 ], [ -39.06120905, -14.10507509 ], [ -39.06102374, -14.10495759 ], [ -39.06083842, -14.10484913 ], [ -39.06064384, -14.10474068 ], [ -39.06045853, -14.10464126 ], [ -39.06027322, -14.10454185 ], [ -39.06009718, -14.10446052 ], [ -39.05992114, -14.10437918 ], [ -39.0597451, -14.10430689 ], [ -39.05956906, -14.10424364 ], [ -39.05940229, -14.10418039 ], [ -39.05923552, -14.10411714 ], [ -39.05906875, -14.10406293 ], [ -39.05889271, -14.10400872 ], [ -39.05871668, -14.10397259 ], [ -39.05854065, -14.10393647 ], [ -39.0583461, -14.10390939 ], [ -39.05816081, -14.10388231 ], [ -39.05796625, -14.10387331 ], [ -39.0577717, -14.10386432 ], [ -39.05758642, -14.10386436 ], [ -39.05740114, -14.10386441 ], [ -39.05723438, -14.10386445 ], [ -39.05707689, -14.10387353 ], [ -39.0569194, -14.1038826 ], [ -39.05676191, -14.10389168 ], [ -39.05661369, -14.1039098 ], [ -39.05647473, -14.10391888 ], [ -39.05634503, -14.10393699 ], [ -39.0562246, -14.10396415 ], [ -39.05611344, -14.10398225 ], [ -39.05603007, -14.1040094 ], [ -39.0559467, -14.10404559 ], [ -39.05588186, -14.10409081 ], [ -39.05580776, -14.10415412 ], [ -39.05574293, -14.10423551 ], [ -39.05565958, -14.10433499 ], [ -39.05556696, -14.10445256 ], [ -39.05547435, -14.10458821 ], [ -39.05537248, -14.10471482 ], [ -39.0552706, -14.10485047 ], [ -39.05515946, -14.10497709 ], [ -39.05504832, -14.10509466 ], [ -39.05493717, -14.10520318 ], [ -39.05482603, -14.10530267 ], [ -39.05471488, -14.10539312 ], [ -39.05461299, -14.10547452 ], [ -39.05452036, -14.10554687 ], [ -39.05442773, -14.10561019 ], [ -39.05434437, -14.1056735 ], [ -39.05425174, -14.10573681 ], [ -39.05417764, -14.10579108 ], [ -39.05408501, -14.1058544 ], [ -39.05400165, -14.10590867 ], [ -39.05389976, -14.10598102 ], [ -39.05377934, -14.10605339 ], [ -39.05364966, -14.10613479 ], [ -39.05351071, -14.10622524 ], [ -39.05335324, -14.10632474 ], [ -39.05318651, -14.10641519 ], [ -39.05301977, -14.10650565 ], [ -39.05285303, -14.10658706 ], [ -39.05268629, -14.10665944 ], [ -39.05251028, -14.10672277 ], [ -39.05232501, -14.1067861 ], [ -39.05213047, -14.10684944 ], [ -39.05192667, -14.10691277 ], [ -39.05170434, -14.10696707 ], [ -39.051482, -14.10701233 ], [ -39.05124114, -14.10705759 ], [ -39.05100027, -14.10708477 ], [ -39.05075014, -14.10711195 ], [ -39.05049074, -14.10712104 ], [ -39.05022208, -14.1071211 ], [ -39.04994414, -14.10711212 ], [ -39.04965695, -14.10710313 ], [ -39.04936975, -14.10709415 ], [ -39.04908255, -14.10708517 ], [ -39.04879535, -14.10706714 ], [ -39.04853595, -14.10704911 ], [ -39.04829507, -14.10703107 ], [ -39.04808199, -14.10701303 ], [ -39.0478967, -14.10699499 ], [ -39.04772993, -14.10696789 ], [ -39.04757243, -14.1069408 ], [ -39.04741493, -14.1069137 ], [ -39.04725743, -14.10687757 ], [ -39.0470814, -14.10684143 ], [ -39.04690537, -14.10679626 ], [ -39.04670154, -14.10674205 ], [ -39.04648845, -14.10668784 ], [ -39.04625683, -14.10661555 ], [ -39.04601594, -14.10654326 ], [ -39.04577506, -14.10647097 ], [ -39.04554343, -14.10638963 ], [ -39.04533034, -14.10631734 ], [ -39.04514504, -14.10625408 ], [ -39.04498753, -14.10619082 ], [ -39.04483929, -14.10612755 ], [ -39.04468178, -14.10605525 ], [ -39.04451501, -14.1059739 ], [ -39.04432044, -14.10589256 ], [ -39.04410735, -14.10579314 ], [ -39.04386645, -14.10568468 ], [ -39.0436163, -14.10557622 ], [ -39.04335687, -14.10545872 ], [ -39.04307892, -14.10533218 ], [ -39.04280097, -14.10521469 ], [ -39.04253228, -14.10508815 ], [ -39.04228213, -14.10497969 ], [ -39.04205977, -14.10487123 ], [ -39.04188373, -14.10478084 ], [ -39.04172622, -14.10469949 ], [ -39.04158724, -14.10460909 ], [ -39.04144826, -14.10452774 ], [ -39.04130928, -14.1044283 ], [ -39.04114251, -14.10431983 ], [ -39.04097573, -14.10421135 ], [ -39.04079969, -14.1040848 ], [ -39.04062365, -14.10397632 ], [ -39.04044761, -14.10385881 ], [ -39.04029936, -14.10376841 ], [ -39.04015112, -14.10367802 ], [ -39.04000288, -14.10359667 ], [ -39.0398639, -14.10351531 ], [ -39.03970639, -14.10343396 ], [ -39.03953963, -14.10335261 ], [ -39.03935433, -14.10326222 ], [ -39.03915976, -14.10316279 ], [ -39.03895593, -14.10307241 ], [ -39.0387521, -14.10297298 ], [ -39.03853901, -14.10286451 ], [ -39.03831665, -14.10276508 ], [ -39.03808503, -14.10266566 ], [ -39.03785341, -14.10257528 ], [ -39.03762179, -14.10248489 ], [ -39.03738091, -14.10240355 ], [ -39.03713077, -14.1023403 ], [ -39.03688063, -14.10227704 ], [ -39.03661196, -14.10221379 ], [ -39.03633402, -14.10215958 ], [ -39.03603756, -14.10211442 ], [ -39.03573184, -14.10206021 ], [ -39.03543538, -14.10201505 ], [ -39.03514818, -14.10196988 ], [ -39.03488878, -14.10193375 ], [ -39.03466643, -14.10188857 ], [ -39.03446262, -14.10185243 ], [ -39.03428659, -14.10181629 ], [ -39.03411983, -14.10178015 ], [ -39.0339716, -14.10175304 ], [ -39.03381411, -14.10172594 ], [ -39.03366588, -14.10170787 ], [ -39.03352691, -14.10168981 ], [ -39.03338795, -14.10167175 ], [ -39.03325825, -14.10165368 ], [ -39.03312855, -14.10164466 ], [ -39.03300811, -14.10163563 ], [ -39.03286915, -14.10161756 ], [ -39.03272092, -14.10160854 ], [ -39.03255417, -14.10159048 ], [ -39.03235035, -14.10158147 ], [ -39.03212801, -14.10156341 ], [ -39.03188714, -14.10153632 ], [ -39.03163701, -14.10151827 ], [ -39.03139614, -14.10150022 ], [ -39.03115527, -14.10149121 ], [ -39.0309144, -14.10147315 ], [ -39.03068279, -14.1014551 ], [ -39.03045119, -14.10143704 ], [ -39.03021958, -14.10140995 ], [ -39.02998797, -14.10138285 ], [ -39.0297471, -14.10135575 ], [ -39.02949697, -14.10131962 ], [ -39.02923757, -14.10128348 ], [ -39.02895964, -14.10123831 ], [ -39.02866318, -14.10118409 ], [ -39.02836672, -14.10113892 ], [ -39.02807026, -14.1010847 ], [ -39.02781086, -14.10103952 ], [ -39.02757925, -14.10099434 ], [ -39.02739397, -14.10095819 ], [ -39.02724574, -14.100913 ], [ -39.02711604, -14.10087684 ], [ -39.02698633, -14.10083165 ], [ -39.0268381, -14.10076837 ], [ -39.02666207, -14.1007051 ], [ -39.02646752, -14.10063278 ], [ -39.02625444, -14.10055143 ], [ -39.02605062, -14.10047007 ], [ -39.02585606, -14.1004068 ], [ -39.0256893, -14.10034353 ], [ -39.02553181, -14.10028929 ], [ -39.02540211, -14.1002441 ], [ -39.02528167, -14.1001989 ], [ -39.02517049, -14.1001537 ], [ -39.02506859, -14.10011754 ], [ -39.02495741, -14.1000633 ], [ -39.02484624, -14.10001811 ], [ -39.02474433, -14.09996386 ], [ -39.02462389, -14.09990963 ], [ -39.02450345, -14.09985539 ], [ -39.02437375, -14.09980115 ], [ -39.02424404, -14.09974691 ], [ -39.02412361, -14.09969267 ], [ -39.0239939, -14.09963843 ], [ -39.02388273, -14.09958419 ], [ -39.02376229, -14.09953899 ], [ -39.02366038, -14.09949379 ], [ -39.02354921, -14.09944859 ], [ -39.0234473, -14.0994034 ], [ -39.02334539, -14.0993582 ], [ -39.02324348, -14.099313 ], [ -39.02314157, -14.09925875 ], [ -39.02304893, -14.09921355 ], [ -39.02293775, -14.09915931 ], [ -39.02283584, -14.09910507 ], [ -39.02272467, -14.09905083 ], [ -39.02262276, -14.09899659 ], [ -39.02251159, -14.09894235 ], [ -39.02240041, -14.09889715 ], [ -39.0222985, -14.09884291 ], [ -39.02218733, -14.09879771 ], [ -39.02206689, -14.09874347 ], [ -39.02193719, -14.09868018 ], [ -39.02178896, -14.09860786 ], [ -39.02161294, -14.09851746 ], [ -39.02141838, -14.09841801 ], [ -39.02119603, -14.09829145 ], [ -39.02093663, -14.0981468 ], [ -39.02064016, -14.09796599 ], [ -39.02029738, -14.09776709 ], [ -39.01994533, -14.09755916 ], [ -39.01959328, -14.09734218 ], [ -39.01925976, -14.09714329 ], [ -39.01897256, -14.09696247 ], [ -39.01874095, -14.09682686 ], [ -39.01855567, -14.09670933 ], [ -39.01838891, -14.09660988 ], [ -39.01823141, -14.09651043 ], [ -39.01804612, -14.09638386 ], [ -39.01783304, -14.0962392 ], [ -39.01759217, -14.09606742 ], [ -39.01734203, -14.09589565 ], [ -39.01710115, -14.09573291 ], [ -39.01688807, -14.09557921 ], [ -39.01671205, -14.09545264 ], [ -39.01656382, -14.09534414 ], [ -39.01644338, -14.09526277 ], [ -39.01634148, -14.0951814 ], [ -39.01623957, -14.09510003 ], [ -39.01613766, -14.09500962 ], [ -39.01603575, -14.09491921 ], [ -39.01592458, -14.09481975 ], [ -39.01580414, -14.09471126 ], [ -39.0156837, -14.09460276 ], [ -39.01554474, -14.09447619 ], [ -39.01539651, -14.09434961 ], [ -39.01524827, -14.09421399 ], [ -39.01508152, -14.09407837 ], [ -39.01492402, -14.09393371 ], [ -39.01476653, -14.09378001 ], [ -39.01459977, -14.09363535 ], [ -39.01443301, -14.09348164 ], [ -39.01426625, -14.0933189 ], [ -39.01409949, -14.0931652 ], [ -39.01393274, -14.09300245 ], [ -39.01376598, -14.09284875 ], [ -39.01359922, -14.09269504 ], [ -39.01343247, -14.09255038 ], [ -39.01328424, -14.09241476 ], [ -39.01314527, -14.09228818 ], [ -39.01300631, -14.09217064 ], [ -39.01286735, -14.09203502 ], [ -39.01270985, -14.09189036 ], [ -39.01252457, -14.09171857 ], [ -39.01232076, -14.09151062 ], [ -39.01208915, -14.09127554 ], [ -39.01185755, -14.09103142 ], [ -39.01162594, -14.09079634 ], [ -39.0114036, -14.0905703 ], [ -39.01120905, -14.09038043 ], [ -39.01103304, -14.09021769 ], [ -39.01087555, -14.09008206 ], [ -39.01074585, -14.08995548 ], [ -39.01061615, -14.08983794 ], [ -39.01050499, -14.08972945 ], [ -39.01039382, -14.08962095 ], [ -39.01028265, -14.08951245 ], [ -39.01017148, -14.08939491 ], [ -39.01004178, -14.08927737 ], [ -39.00990282, -14.08914175 ], [ -39.00974533, -14.08899708 ], [ -39.00957858, -14.08884338 ], [ -39.00940257, -14.08868967 ], [ -39.00923582, -14.08852692 ], [ -39.00905054, -14.08837322 ], [ -39.00887452, -14.08821047 ], [ -39.00867998, -14.08803868 ], [ -39.00848544, -14.08786689 ], [ -39.00826311, -14.08766797 ], [ -39.00802225, -14.08746906 ], [ -39.00778139, -14.0872611 ], [ -39.00754053, -14.08705315 ], [ -39.00730893, -14.08687231 ], [ -39.00711439, -14.08670052 ], [ -39.00695691, -14.08657394 ], [ -39.00682722, -14.08646544 ], [ -39.00673458, -14.08638407 ], [ -39.00666047, -14.08632982 ], [ -39.00660489, -14.08627557 ], [ -39.00655857, -14.0862394 ], [ -39.00651225, -14.08621228 ], [ -39.00648446, -14.08617611 ], [ -39.0064474, -14.08615803 ], [ -39.00641961, -14.0861309 ], [ -39.00639182, -14.08610378 ], [ -39.00635477, -14.08607665 ], [ -39.00629918, -14.08603144 ], [ -39.00621581, -14.08596815 ], [ -39.00610465, -14.08587773 ], [ -39.00595643, -14.08576019 ], [ -39.00578042, -14.08562457 ], [ -39.00558588, -14.08547086 ], [ -39.00538208, -14.08532619 ], [ -39.00518754, -14.08519057 ], [ -39.00501154, -14.08508207 ], [ -39.00485406, -14.08498261 ], [ -39.0047151, -14.08491028 ], [ -39.00457615, -14.08483795 ], [ -39.00444646, -14.08477465 ], [ -39.00432603, -14.08471136 ], [ -39.00420561, -14.08464807 ], [ -39.00407592, -14.08458478 ], [ -39.00395549, -14.08452149 ], [ -39.00383507, -14.08444916 ], [ -39.00370538, -14.08438586 ], [ -39.00357569, -14.08431353 ], [ -39.003446, -14.0842412 ], [ -39.00330705, -14.08417791 ], [ -39.00316809, -14.08410557 ], [ -39.00302914, -14.08404228 ], [ -39.00289019, -14.08397899 ], [ -39.00273271, -14.0839157 ], [ -39.0025567, -14.08383432 ], [ -39.00235291, -14.0837439 ], [ -39.00213058, -14.08364444 ], [ -39.00187121, -14.08351786 ], [ -39.00158404, -14.08339127 ], [ -39.00126909, -14.08325565 ], [ -39.00091708, -14.08312002 ], [ -39.00053728, -14.08299343 ], [ -39.00013895, -14.08285781 ], [ -38.9997221, -14.08274026 ], [ -38.99929598, -14.08261367 ], [ -38.99886061, -14.08249613 ], [ -38.99843449, -14.08238762 ], [ -38.99802691, -14.08228816 ], [ -38.99764711, -14.08218869 ], [ -38.9972951, -14.08209827 ], [ -38.99699868, -14.08202593 ], [ -38.9967393, -14.08196263 ], [ -38.99652625, -14.08190838 ], [ -38.99633172, -14.08186316 ], [ -38.99613719, -14.08181795 ], [ -38.99594266, -14.08177274 ], [ -38.9957296, -14.08171848 ], [ -38.99548876, -14.08165519 ], [ -38.99525718, -14.08159189 ], [ -38.99502559, -14.08152859 ], [ -38.99480328, -14.08147433 ], [ -38.99461801, -14.08142008 ], [ -38.99444201, -14.08137486 ], [ -38.99427527, -14.08133869 ], [ -38.99410853, -14.08128444 ], [ -38.99392327, -14.08123922 ], [ -38.99372874, -14.08118497 ], [ -38.99354347, -14.08112167 ], [ -38.99337674, -14.08107645 ], [ -38.99325631, -14.08104028 ], [ -38.99337674, -14.08107645 ], [ -38.98931024, -14.07907804 ], [ -38.98711495, -14.0773238 ], [ -38.98585526, -14.0757866 ], [ -38.98521616, -14.07490949 ], [ -38.98515132, -14.07481907 ], [ -38.98436404, -14.07373398 ], [ -38.98338232, -14.07146439 ], [ -38.98266929, -14.06870655 ], [ -38.98167851, -14.06438442 ], [ -38.98134532, -14.06112025 ], [ -38.98128993, -14.05883264 ], [ -38.98129005, -14.05737688 ], [ -38.98129016, -14.05596634 ], [ -38.98189236, -14.05405853 ], [ -38.98205917, -14.05290117 ], [ -38.98244832, -14.0510476 ], [ -38.98348589, -14.04812712 ], [ -38.98425472, -14.04682513 ], [ -38.98513472, -14.04504392 ], [ -38.98568124, -14.04388658 ], [ -38.98744111, -14.04167139 ], [ -38.9883766, -14.04041461 ], [ -38.98946954, -14.03911261 ], [ -38.99023829, -14.03825366 ], [ -38.99188688, -14.03740378 ], [ -38.99458203, -14.03594809 ], [ -38.99617502, -14.03517051 ], [ -38.99733271, -14.034411 ], [ -38.99913869, -14.03366053 ], [ -39.00067608, -14.0328558 ], [ -39.00161147, -14.03220477 ], [ -39.00276913, -14.03145428 ], [ -39.00364894, -14.03049582 ], [ -39.0047973, -14.02878686 ], [ -39.0053992, -14.02539611 ], [ -39.00518614, -14.02303616 ], [ -39.00479715, -14.02157137 ], [ -39.00408402, -14.01891304 ], [ -39.00337091, -14.01760196 ], [ -39.00260225, -14.01594729 ], [ -39.00215773, -14.01439207 ], [ -39.0003982, -14.01090187 ], [ -38.9989721, -14.00808077 ], [ -38.99573106, -14.00296296 ], [ -38.99458285, -14.00094658 ], [ -38.99287911, -13.99720314 ], [ -38.99211059, -13.99539472 ], [ -38.99194395, -13.9943368 ], [ -38.99123099, -13.99323365 ], [ -38.99074026, -13.99232943 ], [ -38.99046252, -13.99091887 ], [ -38.98997184, -13.98901099 ], [ -38.98980522, -13.98780839 ], [ -38.98969414, -13.98700365 ], [ -38.98930537, -13.98426391 ], [ -38.98887025, -13.98275387 ], [ -38.98837955, -13.98175018 ], [ -38.98810188, -13.97964338 ], [ -38.98776868, -13.9771749 ], [ -38.98750029, -13.97491438 ], [ -38.98733373, -13.97290704 ], [ -38.98744493, -13.97122523 ], [ -38.98750058, -13.96951629 ], [ -38.98755622, -13.96785257 ], [ -38.9878248, -13.96645107 ], [ -38.98793598, -13.96499531 ], [ -38.98804713, -13.9639826 ], [ -38.98821387, -13.96232792 ], [ -38.98838056, -13.96172211 ], [ -38.98881583, -13.9592627 ], [ -38.9894177, -13.95758091 ], [ -38.99007514, -13.9554199 ], [ -38.99068624, -13.95410883 ], [ -38.99117702, -13.95159516 ], [ -38.99177885, -13.95003995 ], [ -38.99310283, -13.94722792 ], [ -38.99413978, -13.94491318 ], [ -38.99562109, -13.94201976 ], [ -38.99644506, -13.93975927 ], [ -38.99661172, -13.93871039 ], [ -38.99710239, -13.93714612 ], [ -38.99765786, -13.9351388 ], [ -38.99798189, -13.93287829 ], [ -38.99820408, -13.93166666 ], [ -38.99820409, -13.93056353 ], [ -38.99787085, -13.92777857 ], [ -38.99792642, -13.92546381 ], [ -38.99760245, -13.92269694 ], [ -38.99721368, -13.92049067 ], [ -38.99677865, -13.9177238 ], [ -38.99638989, -13.91586113 ], [ -38.99605669, -13.91322084 ], [ -38.99518663, -13.91066192 ], [ -38.99419624, -13.90840138 ], [ -38.99364093, -13.90583342 ], [ -38.99237287, -13.90419677 ], [ -38.99117889, -13.90222556 ], [ -38.98951287, -13.90019103 ], [ -38.98704164, -13.89778572 ], [ -38.98370964, -13.89560638 ], [ -38.98140505, -13.8940781 ], [ -38.97774924, -13.89152793 ], [ -38.96557961, -13.88032338 ], [ -38.96333113, -13.87681473 ], [ -38.96107328, -13.87441823 ], [ -38.95992622, -13.87110864 ], [ -38.95935282, -13.86880281 ], [ -38.95803911, -13.86613517 ], [ -38.95482839, -13.86272573 ], [ -38.95209859, -13.86125135 ], [ -38.9487948, -13.86087995 ], [ -38.94238106, -13.86237951 ], [ -38.93959519, -13.86334635 ], [ -38.93209753, -13.86825424 ], [ -38.92933878, -13.87097512 ], [ -38.92781161, -13.8713454 ], [ -38.92710835, -13.87095638 ], [ -38.92346042, -13.87553056 ], [ -38.92202553, -13.87660612 ], [ -38.92041392, -13.88015914 ], [ -38.91859888, -13.88304296 ], [ -38.91445706, -13.89577278 ], [ -38.91324302, -13.89985032 ], [ -38.91253804, -13.90389187 ], [ -38.91242651, -13.90511251 ], [ -38.91220418, -13.9056007 ], [ -38.91161151, -13.90630577 ], [ -38.91092614, -13.90734536 ], [ -38.91092577, -13.90831286 ], [ -38.91103652, -13.90916285 ], [ -38.9110086, -13.90956973 ], [ -38.9111658, -13.90997668 ], [ -38.91119331, -13.91065485 ], [ -38.91107253, -13.91183027 ], [ -38.9111187, -13.91213772 ], [ -38.91097951, -13.91303283 ], [ -38.91100721, -13.91320464 ], [ -38.9106088, -13.91418103 ], [ -38.91065493, -13.91458794 ], [ -38.91084916, -13.91501299 ], [ -38.9111267, -13.91542903 ], [ -38.91172783, -13.91687597 ], [ -38.91231042, -13.91843141 ], [ -38.91248598, -13.91926335 ], [ -38.91267066, -13.92050217 ], [ -38.91281815, -13.92214788 ], [ -38.91300285, -13.92331437 ], [ -38.91300247, -13.92433612 ], [ -38.91300138, -13.92723861 ], [ -38.91290843, -13.92825129 ], [ -38.91305634, -13.92881195 ], [ -38.91311167, -13.92936353 ], [ -38.91308352, -13.93039432 ], [ -38.91314812, -13.93091878 ], [ -38.91320311, -13.93241977 ], [ -38.91274909, -13.93350466 ], [ -38.91235082, -13.93403799 ], [ -38.91174884, -13.93467976 ], [ -38.91126722, -13.93529445 ], [ -38.91080418, -13.93574638 ], [ -38.910693, -13.93598143 ], [ -38.91041461, -13.93769027 ], [ -38.91019216, -13.93840451 ], [ -38.91007152, -13.93914591 ], [ -38.91008051, -13.93985119 ], [ -38.91013591, -13.9402129 ], [ -38.91030236, -13.94069219 ], [ -38.91060764, -13.94127099 ], [ -38.91090371, -13.94175032 ], [ -38.91129234, -13.94225682 ], [ -38.91147735, -13.94262761 ], [ -38.91154203, -13.9429441 ], [ -38.91149559, -13.94335098 ], [ -38.9115788, -13.94363131 ], [ -38.91189335, -13.94421012 ], [ -38.91195799, -13.94464416 ], [ -38.91195783, -13.94506009 ], [ -38.911865, -13.94573821 ], [ -38.91185549, -13.94638923 ], [ -38.91178122, -13.94694077 ], [ -38.91193844, -13.94737484 ], [ -38.91221603, -13.94775471 ], [ -38.91247505, -13.94828828 ], [ -38.91255823, -13.94868616 ], [ -38.9124746, -13.94949991 ], [ -38.91249299, -13.94983447 ], [ -38.91258548, -13.95006056 ], [ -38.91299264, -13.95059418 ], [ -38.91305723, -13.95115481 ], [ -38.91307548, -13.9518601 ], [ -38.91341758, -13.95308089 ], [ -38.91361189, -13.95337935 ], [ -38.9139634, -13.95419325 ], [ -38.91413903, -13.9549438 ], [ -38.91428699, -13.95541404 ], [ -38.91433327, -13.95544118 ], [ -38.91455514, -13.95632738 ], [ -38.91466613, -13.95663485 ], [ -38.91485117, -13.95696042 ], [ -38.91527659, -13.9582355 ], [ -38.91538761, -13.95845254 ], [ -38.91547079, -13.95885042 ], [ -38.91558161, -13.95960999 ], [ -38.91602557, -13.96085794 ], [ -38.91615502, -13.96132817 ], [ -38.91622888, -13.9618888 ], [ -38.91632085, -13.96359778 ], [ -38.91631107, -13.96503545 ], [ -38.91620856, -13.96688903 ], [ -38.91626402, -13.96714223 ], [ -38.91640278, -13.96746779 ], [ -38.91719871, -13.9683813 ], [ -38.9173375, -13.96863453 ], [ -38.91748555, -13.96888775 ], [ -38.91874407, -13.97082317 ], [ -38.92000226, -13.97376224 ], [ -38.92110305, -13.97678263 ], [ -38.92228689, -13.98074341 ], [ -38.92302662, -13.9837908 ], [ -38.92394196, -13.98785999 ], [ -38.92430244, -13.98981317 ], [ -38.9246908, -13.99148606 ], [ -38.92496805, -13.993177 ], [ -38.92533795, -13.99470521 ], [ -38.92550428, -13.99576318 ], [ -38.92583718, -13.99720096 ], [ -38.92596645, -13.99833124 ], [ -38.92606816, -13.99880146 ], [ -38.92623432, -14.00042907 ], [ -38.92624343, -14.00089925 ], [ -38.92631746, -14.00107107 ], [ -38.9264739, -14.00416348 ], [ -38.9264737, -14.00476929 ], [ -38.92638997, -14.00600802 ], [ -38.92613029, -14.00723765 ], [ -38.9255557, -14.00862994 ], [ -38.92530559, -14.00885591 ], [ -38.92494421, -14.00957012 ], [ -38.92485146, -14.00999506 ], [ -38.92497144, -14.01127002 ], [ -38.92498051, -14.01184871 ], [ -38.9250452, -14.01226466 ], [ -38.92505426, -14.01287048 ], [ -38.92513743, -14.01343111 ], [ -38.92532235, -14.01430823 ], [ -38.92555368, -14.01489603 ], [ -38.92578507, -14.01527587 ], [ -38.9264423, -14.01616218 ], [ -38.92666438, -14.01671381 ], [ -38.92743257, -14.01815172 ], [ -38.9278859, -14.01958953 ], [ -38.92794136, -14.01989697 ], [ -38.92802466, -14.02005975 ], [ -38.92844091, -14.02164222 ], [ -38.92857952, -14.02260975 ], [ -38.92866247, -14.02390278 ], [ -38.92863424, -14.02534949 ], [ -38.92844852, -14.02694986 ], [ -38.92847617, -14.02739292 ], [ -38.92855939, -14.02780888 ], [ -38.92885548, -14.02869508 ], [ -38.92912383, -14.02940947 ], [ -38.92930894, -14.02977121 ], [ -38.92952173, -14.03051271 ], [ -38.92986413, -14.0313718 ], [ -38.93090069, -14.03374109 ], [ -38.931391, -14.03554962 ], [ -38.93147419, -14.03612833 ], [ -38.93149255, -14.0366799 ], [ -38.93143675, -14.03743036 ], [ -38.93150116, -14.03886806 ], [ -38.93144502, -14.04077589 ], [ -38.93138002, -14.04132743 ], [ -38.93114824, -14.04212306 ], [ -38.93100917, -14.04262937 ], [ -38.93090704, -14.04345216 ], [ -38.93093474, -14.04373247 ], [ -38.93107351, -14.04427503 ], [ -38.93114757, -14.04436547 ], [ -38.93112897, -14.04464576 ], [ -38.93161031, -14.04555914 ], [ -38.9321473, -14.04623743 ], [ -38.93261943, -14.04699709 ], [ -38.93329518, -14.04829932 ], [ -38.93355442, -14.0486249 ], [ -38.93404505, -14.04951115 ], [ -38.93427624, -14.05077708 ], [ -38.93422991, -14.05086749 ], [ -38.93417419, -14.05136478 ], [ -38.93392391, -14.05208807 ], [ -38.93377549, -14.0528566 ], [ -38.93380313, -14.05338104 ], [ -38.93390496, -14.05357095 ], [ -38.93384933, -14.05374273 ], [ -38.93396035, -14.05418581 ], [ -38.9340712, -14.05523471 ], [ -38.9345154, -14.05661825 ], [ -38.93480238, -14.05714276 ], [ -38.93491342, -14.05753159 ], [ -38.93503364, -14.05820977 ], [ -38.93497773, -14.05938521 ], [ -38.93510726, -14.05990064 ], [ -38.93513496, -14.06018999 ], [ -38.93520904, -14.06028947 ], [ -38.93532008, -14.06066022 ], [ -38.93569035, -14.06148313 ], [ -38.9357181, -14.06162781 ], [ -38.93639394, -14.06278536 ], [ -38.93689381, -14.06391573 ], [ -38.93745839, -14.06555247 ], [ -38.93760637, -14.0663482 ], [ -38.9376434, -14.06642055 ], [ -38.93769878, -14.06715296 ], [ -38.93769862, -14.06773164 ], [ -38.93780036, -14.0683194 ], [ -38.93783719, -14.06914222 ], [ -38.93762361, -14.07110427 ], [ -38.93748449, -14.07174621 ], [ -38.93748399, -14.07359981 ], [ -38.93723355, -14.07482945 ], [ -38.93665868, -14.07688181 ], [ -38.93757479, -14.08031799 ], [ -38.93910274, -14.08218102 ], [ -38.93979714, -14.08350131 ], [ -38.94071376, -14.08529184 ], [ -38.94208393, -14.08857439 ], [ -38.94254651, -14.09097062 ], [ -38.94292567, -14.09358382 ], [ -38.9436938, -14.09672155 ], [ -38.94468441, -14.09933489 ], [ -38.94590696, -14.10060104 ], [ -38.9474349, -14.1033682 ], [ -38.94881434, -14.10754587 ], [ -38.94957349, -14.10993309 ], [ -38.95026769, -14.11284473 ], [ -38.95057302, -14.11471647 ], [ -38.9511006, -14.11710364 ], [ -38.95163734, -14.12001524 ], [ -38.95186851, -14.12218535 ], [ -38.95217403, -14.12322523 ], [ -38.95294274, -14.12464496 ], [ -38.95377637, -14.12575727 ], [ -38.95409064, -14.12946451 ], [ -38.95519252, -14.13296393 ], [ -38.95603511, -14.13587558 ], [ -38.95695178, -14.13915795 ], [ -38.95772022, -14.14244029 ], [ -38.95802558, -14.14468273 ], [ -38.9580251, -14.14729584 ], [ -38.95748732, -14.14923975 ], [ -38.95771864, -14.15103008 ], [ -38.9587098, -14.15274821 ], [ -38.96000673, -14.15469244 ], [ -38.96077532, -14.15767638 ], [ -38.96099744, -14.15924971 ], [ -38.96108046, -14.16149211 ], [ -38.96146007, -14.16336383 ], [ -38.96153382, -14.16567857 ], [ -38.96153359, -14.16701676 ], [ -38.96061596, -14.16829152 ], [ -38.96038399, -14.17000943 ], [ -38.96061543, -14.17134767 ], [ -38.96122684, -14.17262267 ], [ -38.96283904, -14.17418717 ], [ -38.96474774, -14.17627613 ], [ -38.96582253, -14.17755119 ], [ -38.96681383, -14.17956766 ], [ -38.96818493, -14.18285004 ], [ -38.96940766, -14.18710892 ], [ -38.97078791, -14.19196456 ], [ -38.97170491, -14.19614201 ], [ -38.9723163, -14.19852913 ], [ -38.97315931, -14.20182046 ], [ -38.97361309, -14.20487665 ], [ -38.97407601, -14.20928008 ], [ -38.97407572, -14.21182083 ], [ -38.97391785, -14.21443391 ], [ -38.97338915, -14.21772508 ], [ -38.97277725, -14.2190632 ], [ -38.97139599, -14.22063632 ], [ -38.97085819, -14.22220049 ], [ -38.97116385, -14.22391847 ], [ -38.97208133, -14.22518444 ], [ -38.9731563, -14.22728227 ], [ -38.97422201, -14.22951571 ], [ -38.97484283, -14.23161348 ], [ -38.97552862, -14.23287941 ], [ -38.97614012, -14.23564627 ], [ -38.9762141, -14.23728284 ], [ -38.99279755, -14.23530376 ] ] ] ] } },
{ "type": "Feature", "properties": { "gid": 31, "area_decre": 0.0, "area_geo": 31.9994, "ato_vigent": "Decreto nº 807 de 03/06/2014", "bioma": "Mata Atlântica", "categoria": "Parque Natural Municipal", "grupo": "Proteção Integral", "id": 32, "municipio": "Maracás", "nome_uc": "Parque Natural Municipal Bosque da Nascente do Rio Jiquiriçá", "observacao": "Memorial descritivo da unidade apresenta três vértices com erro na escrita das coordenadas dos pontos 09, 10 e 16", "org_gestor": "Prefeitura Municipal de Maracás", "snuc": "Sim" }, "geometry": { "type": "MultiPolygon", "coordinates": [ [ [ [ -40.4303198, -13.44544404 ], [ -40.43117664, -13.44495189 ], [ -40.431046, -13.44471598 ], [ -40.43122462, -13.44462834 ], [ -40.43137737, -13.44456 ], [ -40.43137163, -13.44462998 ], [ -40.431373, -13.4446384 ], [ -40.4314643, -13.44482231 ], [ -40.43196955, -13.44471073 ], [ -40.43330757, -13.44384966 ], [ -40.43312658, -13.44358823 ], [ -40.4333503, -13.44344904 ], [ -40.4333448, -13.44343034 ], [ -40.43348755, -13.4433532 ], [ -40.43341247, -13.44316185 ], [ -40.43342767, -13.44313653 ], [ -40.43319203, -13.44315937 ], [ -40.43275761, -13.44237722 ], [ -40.43263769, -13.44227615 ], [ -40.43254018, -13.44224497 ], [ -40.43232743, -13.44213425 ], [ -40.43219819, -13.44206788 ], [ -40.43210449, -13.44204478 ], [ -40.43115804, -13.44184921 ], [ -40.43078336, -13.44184166 ], [ -40.43059457, -13.44182029 ], [ -40.43053333, -13.44183242 ], [ -40.43050645, -13.44180068 ], [ -40.43044463, -13.44186725 ], [ -40.43043086, -13.44190414 ], [ -40.43041212, -13.44189296 ], [ -40.43039211, -13.44187442 ], [ -40.43037147, -13.44190281 ], [ -40.43036582, -13.4418856 ], [ -40.43035939, -13.44187808 ], [ -40.43032039, -13.44184768 ], [ -40.43020664, -13.44189507 ], [ -40.43017211, -13.44187523 ], [ -40.43013466, -13.44183206 ], [ -40.42991845, -13.44194097 ], [ -40.42987489, -13.44188609 ], [ -40.42943275, -13.4418599 ], [ -40.42911497, -13.4417765 ], [ -40.42915958, -13.44162774 ], [ -40.42898717, -13.44157615 ], [ -40.42900827, -13.44153762 ], [ -40.42876274, -13.44143519 ], [ -40.42893168, -13.44094263 ], [ -40.4278646, -13.4407722 ], [ -40.42725788, -13.44068255 ], [ -40.42698056, -13.44061058 ], [ -40.42680542, -13.44023069 ], [ -40.42670823, -13.44017731 ], [ -40.42664566, -13.4402793 ], [ -40.42652882, -13.44097271 ], [ -40.42646531, -13.44157307 ], [ -40.42633061, -13.4428503 ], [ -40.42632093, -13.44289163 ], [ -40.42640203, -13.44308759 ], [ -40.4265638, -13.44301087 ], [ -40.42674972, -13.44310823 ], [ -40.4271017, -13.44376483 ], [ -40.42717981, -13.44372836 ], [ -40.42720849, -13.44377497 ], [ -40.42723692, -13.44376419 ], [ -40.427245, -13.44378361 ], [ -40.42737657, -13.44391224 ], [ -40.42738833, -13.44393358 ], [ -40.42818191, -13.4448737 ], [ -40.42762069, -13.44536561 ], [ -40.42811668, -13.44600672 ], [ -40.42843851, -13.44638222 ], [ -40.42846266, -13.44635909 ], [ -40.42863306, -13.44661337 ], [ -40.42882181, -13.4467036 ], [ -40.42957865, -13.44706999 ], [ -40.42999392, -13.44833962 ], [ -40.43004066, -13.44836002 ], [ -40.43010269, -13.44833451 ], [ -40.43040861, -13.44824711 ], [ -40.4304083, -13.44817915 ], [ -40.43081987, -13.44812458 ], [ -40.43079235, -13.44810811 ], [ -40.4310268, -13.44756188 ], [ -40.43102652, -13.44745484 ], [ -40.43082756, -13.44690363 ], [ -40.4307503, -13.44671546 ], [ -40.43054771, -13.44662096 ], [ -40.43074684, -13.44605432 ], [ -40.4308159, -13.44589376 ], [ -40.43057365, -13.44586133 ], [ -40.43036519, -13.44550871 ], [ -40.4303198, -13.44544404 ] ] ] ] } },
{ "type": "Feature", "properties": { "gid": 32, "area_decre": 0.0, "area_geo": 530.7229, "ato_vigent": "Decreto nº 235 de 15/03/1999", "bioma": "Caatinga", "categoria": "Parque Municipal", "grupo": null, "id": 34, "municipio": "Mucugê", "nome_uc": "Parque Municipal de Mucugê", "observacao": "A poligonal é uma estimativa dos limites da unidade, visto que foi elaborada a partir da vetorização de mapa em fomato raster do zoneamento da UC", "org_gestor": "Prefeitura Municipal de Mucugê", "snuc": "Não" }, "geometry": { "type": "MultiPolygon", "coordinates": [ [ [ [ -41.34354593, -12.98609527 ], [ -41.34243211, -12.98750017 ], [ -41.34027525, -12.98917129 ], [ -41.33448508, -12.98916362 ], [ -41.33236456, -12.99378489 ], [ -41.32952533, -12.99324256 ], [ -41.32831246, -12.99716832 ], [ -41.33930718, -13.00489125 ], [ -41.34031321, -13.00557549 ], [ -41.34391554, -13.0075273 ], [ -41.34443064, -13.00785735 ], [ -41.3494129, -13.01135057 ], [ -41.35116622, -13.00853752 ], [ -41.35407229, -13.00645514 ], [ -41.35698865, -13.00288561 ], [ -41.35982943, -13.0055135 ], [ -41.36246003, -12.99926992 ], [ -41.36193003, -12.99879998 ], [ -41.36147003, -12.99837998 ], [ -41.36100003, -12.99799998 ], [ -41.36044003, -12.99764998 ], [ -41.35985003, -12.99734998 ], [ -41.35932003, -12.99710998 ], [ -41.35893452, -12.99692265 ], [ -41.35838003, -12.99693998 ], [ -41.35813447, -12.99685224 ], [ -41.35796003, -12.99662998 ], [ -41.35753415, -12.99543468 ], [ -41.35748405, -12.99508557 ], [ -41.35754003, -12.99485998 ], [ -41.35774722, -12.99435579 ], [ -41.35795003, -12.99381998 ], [ -41.35798972, -12.99334371 ], [ -41.35799788, -12.99306468 ], [ -41.3579564, -12.99277718 ], [ -41.3578423, -12.99260353 ], [ -41.35737861, -12.9923076 ], [ -41.35689076, -12.99211707 ], [ -41.35658003, -12.99198998 ], [ -41.35620009, -12.99179998 ], [ -41.35566926, -12.99155036 ], [ -41.35534037, -12.99157486 ], [ -41.3551076, -12.99170966 ], [ -41.35466396, -12.99236276 ], [ -41.35445709, -12.9925296 ], [ -41.35413003, -12.99266998 ], [ -41.35387003, -12.99277998 ], [ -41.35367003, -12.99284998 ], [ -41.35349003, -12.99293998 ], [ -41.35332003, -12.99300998 ], [ -41.35227003, -12.99339998 ], [ -41.35183003, -12.99350998 ], [ -41.35142003, -12.99355998 ], [ -41.35118403, -12.9935149 ], [ -41.35097771, -12.99328666 ], [ -41.35094529, -12.99308076 ], [ -41.3509556, -12.99288044 ], [ -41.35104009, -12.99240004 ], [ -41.35103802, -12.99205409 ], [ -41.35095003, -12.99187998 ], [ -41.35066003, -12.99141998 ], [ -41.34989003, -12.99046998 ], [ -41.34949003, -12.99009998 ], [ -41.34899456, -12.98993048 ], [ -41.34848304, -12.98997814 ], [ -41.34805165, -12.9902498 ], [ -41.34684003, -12.99146998 ], [ -41.34637003, -12.99186998 ], [ -41.3461449, -12.99195387 ], [ -41.34584921, -12.99196234 ], [ -41.34524062, -12.99171219 ], [ -41.34463003, -12.99138998 ], [ -41.3442308, -12.99113796 ], [ -41.34402383, -12.99090554 ], [ -41.3439192, -12.99066741 ], [ -41.34385003, -12.99036998 ], [ -41.34390003, -12.98969998 ], [ -41.34397459, -12.98929462 ], [ -41.34447003, -12.98842998 ], [ -41.34474003, -12.98774998 ], [ -41.34496003, -12.98707998 ], [ -41.34514003, -12.98627998 ], [ -41.34525003, -12.98547992 ], [ -41.34538003, -12.98476998 ], [ -41.34543882, -12.98437448 ], [ -41.34354593, -12.98609527 ] ] ] ] } },
{ "type": "Feature", "properties": { "gid": 33, "area_decre": 153.0833, "area_geo": 151.247, "ato_vigent": "Decreto nº224 de 11/05/2015", "bioma": "Caatinga", "categoria": "Parque Natural Municipal", "grupo": "Proteção Integral", "id": 35, "municipio": "Palmeiras", "nome_uc": "Parque Natural Municipal do Boqueirão", "observacao": "Um vértice da poligonal não está no memorial descritivo da unidade. Esta UC  encontra-se quase que totalmente sobreposta ao PARNA da Chapada Diamantina, o que indica algum erro na construção do memorial descritivo de uma destas unidades.", "org_gestor": "Prefeitura Municipal de Palmeiras", "snuc": "Sim" }, "geometry": { "type": "MultiPolygon", "coordinates": [ [ [ [ -41.48344472, -12.55016789 ], [ -41.48170197, -12.55211817 ], [ -41.48114597, -12.55309019 ], [ -41.48056296, -12.5534792 ], [ -41.47977106, -12.55378274 ], [ -41.48668709, -12.5588657 ], [ -41.48862813, -12.56362774 ], [ -41.48691008, -12.56842173 ], [ -41.48377868, -12.57388892 ], [ -41.48535678, -12.57464949 ], [ -41.48731275, -12.57588161 ], [ -41.48936078, -12.57611058 ], [ -41.48961077, -12.57563858 ], [ -41.49033277, -12.57586056 ], [ -41.49083269, -12.57449952 ], [ -41.49154767, -12.57370012 ], [ -41.49113798, -12.57312387 ], [ -41.49189283, -12.57233596 ], [ -41.49244068, -12.57228456 ], [ -41.49280665, -12.56988983 ], [ -41.49175071, -12.56780592 ], [ -41.49045985, -12.56426106 ], [ -41.49044504, -12.56297325 ], [ -41.48983359, -12.56117546 ], [ -41.48977384, -12.56010608 ], [ -41.49096686, -12.557913 ], [ -41.49151908, -12.55608604 ], [ -41.49166618, -12.55515915 ], [ -41.49066973, -12.55450441 ], [ -41.48733735, -12.55541479 ], [ -41.48524102, -12.55244391 ], [ -41.48580673, -12.54938989 ], [ -41.48452873, -12.5492229 ], [ -41.48344472, -12.55016789 ] ] ] ] } },
{ "type": "Feature", "properties": { "gid": 34, "area_decre": 9311.0, "area_geo": 9451.1335, "ato_vigent": "Lei nº 175 de 13/12/2016", "bioma": "Caatinga", "categoria": "Parque Natural Municipal", "grupo": "Proteção Integral", "id": 33, "municipio": "Andaraí", "nome_uc": "Parque Natural Municipal de Andaraí Rota das Cachoeiras", "observacao": "Trechos do perímetro com possíveis imprecisões, visto que o memorial descritivo foi produzido através de imagens do Google Earth e alguns vértices não estão condizentes de forma mais acurada com os pontos de referências apontados no memorial", "org_gestor": "Prefeitura Municipal de Andaraí", "snuc": "Sim" }, "geometry": { "type": "MultiPolygon", "coordinates": [ [ [ [ -41.30047252, -12.95944617 ], [ -41.29984079, -12.96166294 ], [ -41.29981052, -12.96186031 ], [ -41.29958737, -12.96331539 ], [ -41.29938292, -12.96338146 ], [ -41.29910905, -12.96346996 ], [ -41.2985799, -12.96364096 ], [ -41.29717512, -12.96342271 ], [ -41.29591169, -12.96346157 ], [ -41.29585133, -12.96341263 ], [ -41.29435615, -12.96220069 ], [ -41.293929, -12.96201991 ], [ -41.2936797, -12.9619144 ], [ -41.29311929, -12.96167722 ], [ -41.29232742, -12.96152045 ], [ -41.28994463, -12.96127798 ], [ -41.2888745, -12.96168287 ], [ -41.28779069, -12.96165697 ], [ -41.28655642, -12.96091162 ], [ -41.28554413, -12.95987789 ], [ -41.28428266, -12.95998389 ], [ -41.28346316, -12.96136828 ], [ -41.28299027, -12.96200837 ], [ -41.2826013, -12.96253485 ], [ -41.28210256, -12.96353354 ], [ -41.2817955, -12.9641484 ], [ -41.28077398, -12.96582483 ], [ -41.2800293, -12.9669442 ], [ -41.27929206, -12.96766501 ], [ -41.27808733, -12.96833424 ], [ -41.27645447, -12.97051723 ], [ -41.27579108, -12.97147987 ], [ -41.27562823, -12.9719104 ], [ -41.27539759, -12.97252018 ], [ -41.27455664, -12.97441592 ], [ -41.27392043, -12.97608543 ], [ -41.27386227, -12.97623804 ], [ -41.27308382, -12.97759237 ], [ -41.27231453, -12.97931514 ], [ -41.27190171, -12.98026317 ], [ -41.27153534, -12.98110453 ], [ -41.27087053, -12.98219606 ], [ -41.26995188, -12.9837784 ], [ -41.26435587, -12.99564277 ], [ -41.26172242, -13.0007217 ], [ -41.26080711, -13.00259282 ], [ -41.25978039, -13.0038061 ], [ -41.25924313, -13.00590803 ], [ -41.25864856, -13.00823415 ], [ -41.25615318, -13.01799654 ], [ -41.25383883, -13.01835195 ], [ -41.25329549, -13.01938098 ], [ -41.25228011, -13.02130401 ], [ -41.24990851, -13.02290705 ], [ -41.24611142, -13.02105232 ], [ -41.24413684, -13.02164175 ], [ -41.24292753, -13.02282715 ], [ -41.23816755, -13.02172564 ], [ -41.23593949, -13.02046227 ], [ -41.23172549, -13.01953924 ], [ -41.23046275, -13.01768443 ], [ -41.22713415, -13.01767961 ], [ -41.22565666, -13.02051222 ], [ -41.22470317, -13.0215114 ], [ -41.22248751, -13.02088509 ], [ -41.22001069, -13.02300198 ], [ -41.21494226, -13.02349757 ], [ -41.21377219, -13.02288071 ], [ -41.21134503, -13.02447011 ], [ -41.20965246, -13.02326314 ], [ -41.20628706, -13.02294332 ], [ -41.20529692, -13.02218562 ], [ -41.20222095, -13.02180017 ], [ -41.19961157, -13.02095754 ], [ -41.197061, -13.0211337 ], [ -41.19445211, -13.02027926 ], [ -41.1929482, -13.02128461 ], [ -41.19116478, -13.02109304 ], [ -41.19010734, -13.02336111 ], [ -41.18930026, -13.02598007 ], [ -41.18839244, -13.02881751 ], [ -41.18753363, -13.03214049 ], [ -41.18641571, -13.03599288 ], [ -41.18556747, -13.0391556 ], [ -41.1849916, -13.04129803 ], [ -41.18409478, -13.04331692 ], [ -41.18311571, -13.04579254 ], [ -41.18248566, -13.04722441 ], [ -41.18209153, -13.0481201 ], [ -41.18145324, -13.04998274 ], [ -41.1811944, -13.05073809 ], [ -41.18084101, -13.05176932 ], [ -41.18094715, -13.05434045 ], [ -41.18121611, -13.05435448 ], [ -41.18140493, -13.05419234 ], [ -41.18161129, -13.05418169 ], [ -41.18161425, -13.05418154 ], [ -41.18212733, -13.05412299 ], [ -41.18254697, -13.05428211 ], [ -41.18290097, -13.05437853 ], [ -41.1833251, -13.05438218 ], [ -41.18343102, -13.05438309 ], [ -41.1839984, -13.05434215 ], [ -41.18411518, -13.05432309 ], [ -41.18427142, -13.0543037 ], [ -41.18466575, -13.05423711 ], [ -41.18503591, -13.05424195 ], [ -41.18550551, -13.05424809 ], [ -41.18563592, -13.05424932 ], [ -41.18651491, -13.05425763 ], [ -41.18674855, -13.05431064 ], [ -41.18751327, -13.05448414 ], [ -41.18853555, -13.05490926 ], [ -41.18895072, -13.05505033 ], [ -41.19021527, -13.05534687 ], [ -41.19151805, -13.05579671 ], [ -41.19250099, -13.05616694 ], [ -41.19264432, -13.05622092 ], [ -41.19324755, -13.05658631 ], [ -41.19377006, -13.05728675 ], [ -41.19412867, -13.05796838 ], [ -41.1943475, -13.05838432 ], [ -41.1944902, -13.05877169 ], [ -41.19453256, -13.05929546 ], [ -41.19449914, -13.05978373 ], [ -41.19430273, -13.06040893 ], [ -41.19408127, -13.06111567 ], [ -41.19390879, -13.06151475 ], [ -41.19383057, -13.06174133 ], [ -41.19382366, -13.06200346 ], [ -41.19385144, -13.06222914 ], [ -41.19392928, -13.06248151 ], [ -41.19437539, -13.06299281 ], [ -41.19480886, -13.06354037 ], [ -41.19514116, -13.0640165 ], [ -41.19539715, -13.0643173 ], [ -41.19572143, -13.06469836 ], [ -41.19622491, -13.06534472 ], [ -41.19653269, -13.06584816 ], [ -41.19663586, -13.06614549 ], [ -41.19661302, -13.06638064 ], [ -41.19648951, -13.06669798 ], [ -41.19634077, -13.06697938 ], [ -41.19599654, -13.06745221 ], [ -41.19597287, -13.06747952 ], [ -41.19552608, -13.06834181 ], [ -41.1954399, -13.06861364 ], [ -41.19543566, -13.06867247 ], [ -41.1954177, -13.06892108 ], [ -41.19543912, -13.06906456 ], [ -41.1954716, -13.06928209 ], [ -41.19558804, -13.06961546 ], [ -41.19569034, -13.06983147 ], [ -41.19585542, -13.06994754 ], [ -41.19637348, -13.07004254 ], [ -41.19679907, -13.07012025 ], [ -41.19716099, -13.07016477 ], [ -41.19755491, -13.07021323 ], [ -41.19860298, -13.07032179 ], [ -41.1994743, -13.07029914 ], [ -41.19963704, -13.07029491 ], [ -41.20029279, -13.07022607 ], [ -41.20058517, -13.0701536 ], [ -41.20086747, -13.07008363 ], [ -41.20097242, -13.07005762 ], [ -41.20215811, -13.06976738 ], [ -41.20229359, -13.06973439 ], [ -41.20235041, -13.06972055 ], [ -41.20311894, -13.06958749 ], [ -41.20343397, -13.06957576 ], [ -41.20400427, -13.0695709 ], [ -41.20403958, -13.0695706 ], [ -41.20469644, -13.06962825 ], [ -41.20529239, -13.06968642 ], [ -41.20556758, -13.06972925 ], [ -41.2057179, -13.06973992 ], [ -41.20631825, -13.06978252 ], [ -41.20647699, -13.06979378 ], [ -41.20657197, -13.06979097 ], [ -41.2073349, -13.06976838 ], [ -41.20743012, -13.06975078 ], [ -41.20805273, -13.06963573 ], [ -41.20866953, -13.06943165 ], [ -41.20913937, -13.06942763 ], [ -41.20942226, -13.06942521 ], [ -41.20996816, -13.06942054 ], [ -41.2106992, -13.06941429 ], [ -41.21084754, -13.06941302 ], [ -41.21085136, -13.06941281 ], [ -41.21142986, -13.06938093 ], [ -41.21218185, -13.06936545 ], [ -41.21227513, -13.06935097 ], [ -41.21285944, -13.06926024 ], [ -41.21315903, -13.06912946 ], [ -41.21316092, -13.06912864 ], [ -41.21336618, -13.06903902 ], [ -41.21403035, -13.06867187 ], [ -41.21462799, -13.06840469 ], [ -41.21499258, -13.06824794 ], [ -41.2151187, -13.06823463 ], [ -41.21545865, -13.06819876 ], [ -41.2158507, -13.06823154 ], [ -41.21649557, -13.06839771 ], [ -41.21712739, -13.06855494 ], [ -41.21783472, -13.06868442 ], [ -41.21797626, -13.06868814 ], [ -41.21835292, -13.06869805 ], [ -41.2188115, -13.06864892 ], [ -41.21975698, -13.06841489 ], [ -41.22000252, -13.06836311 ], [ -41.22015907, -13.0683301 ], [ -41.22063867, -13.06826273 ], [ -41.22082584, -13.06824832 ], [ -41.22116747, -13.06822203 ], [ -41.22264441, -13.06824548 ], [ -41.2235784, -13.06827359 ], [ -41.22450456, -13.06824754 ], [ -41.22542389, -13.068086 ], [ -41.2264824, -13.06791423 ], [ -41.2275276, -13.06768834 ], [ -41.22801951, -13.06755289 ], [ -41.22840847, -13.06744579 ], [ -41.2294021, -13.06713902 ], [ -41.22999398, -13.06703451 ], [ -41.2306739, -13.06690213 ], [ -41.23190662, -13.06662942 ], [ -41.2322295, -13.0665453 ], [ -41.2327944, -13.06632355 ], [ -41.23373276, -13.06592687 ], [ -41.23476242, -13.06551132 ], [ -41.23591356, -13.06518509 ], [ -41.23617201, -13.06512863 ], [ -41.23729412, -13.06485686 ], [ -41.23825284, -13.06465879 ], [ -41.2392391, -13.06455988 ], [ -41.23988722, -13.0644639 ], [ -41.24039815, -13.06429682 ], [ -41.24105434, -13.06407425 ], [ -41.24157766, -13.0638438 ], [ -41.24203346, -13.06369527 ], [ -41.24240804, -13.06362876 ], [ -41.24281889, -13.06360712 ], [ -41.24331308, -13.06361187 ], [ -41.24377495, -13.06362593 ], [ -41.24506363, -13.06352438 ], [ -41.2456027, -13.06341126 ], [ -41.24674248, -13.06305797 ], [ -41.24712953, -13.06293713 ], [ -41.24809649, -13.06264859 ], [ -41.24938706, -13.0622488 ], [ -41.24942298, -13.06223945 ], [ -41.2504168, -13.0619597 ], [ -41.25182272, -13.0616854 ], [ -41.25292717, -13.06150409 ], [ -41.25391836, -13.06133279 ], [ -41.25487737, -13.06117081 ], [ -41.25559815, -13.06097475 ], [ -41.25648138, -13.06058752 ], [ -41.25727881, -13.06030043 ], [ -41.25779011, -13.06016042 ], [ -41.25821, -13.0601206 ], [ -41.25872261, -13.06012516 ], [ -41.25949074, -13.06016363 ], [ -41.25989345, -13.06015107 ], [ -41.25989705, -13.06015104 ], [ -41.26024356, -13.06003958 ], [ -41.26043433, -13.05993851 ], [ -41.26066107, -13.05973773 ], [ -41.26126953, -13.05924444 ], [ -41.26172454, -13.05899648 ], [ -41.26221701, -13.05882952 ], [ -41.26259985, -13.05875388 ], [ -41.26309355, -13.05872245 ], [ -41.26359688, -13.05873611 ], [ -41.26413629, -13.0587585 ], [ -41.26456636, -13.05880895 ], [ -41.26523512, -13.05897478 ], [ -41.26568395, -13.05906121 ], [ -41.26626081, -13.05914652 ], [ -41.26660028, -13.05917969 ], [ -41.26756543, -13.05929773 ], [ -41.26769479, -13.05932526 ], [ -41.26838101, -13.0594713 ], [ -41.26901441, -13.05969165 ], [ -41.26987213, -13.06006364 ], [ -41.2705057, -13.06030206 ], [ -41.27127644, -13.06061156 ], [ -41.27262581, -13.06121416 ], [ -41.27377021, -13.06178242 ], [ -41.27429008, -13.06207605 ], [ -41.27498556, -13.06242234 ], [ -41.27535861, -13.06259978 ], [ -41.27571024, -13.06285874 ], [ -41.28029923, -13.06618091 ], [ -41.28104596, -13.06445071 ], [ -41.28191592, -13.06333355 ], [ -41.28316647, -13.06258285 ], [ -41.28448103, -13.06195485 ], [ -41.28516748, -13.06139405 ], [ -41.28679238, -13.06033184 ], [ -41.28810409, -13.05939567 ], [ -41.28935915, -13.059138 ], [ -41.29060966, -13.05838728 ], [ -41.29117263, -13.05807411 ], [ -41.29211392, -13.05788087 ], [ -41.29337181, -13.05793132 ], [ -41.29450738, -13.05835271 ], [ -41.29557667, -13.05840486 ], [ -41.29639109, -13.05808943 ], [ -41.2973924, -13.05758746 ], [ -41.29807994, -13.05714987 ], [ -41.29957387, -13.05553403 ], [ -41.30081065, -13.05330409 ], [ -41.30173648, -13.05144675 ], [ -41.30259719, -13.04934342 ], [ -41.30258349, -13.04786426 ], [ -41.30175713, -13.04688541 ], [ -41.30168286, -13.04565334 ], [ -41.30210123, -13.0433074 ], [ -41.3027059, -13.04071326 ], [ -41.30355971, -13.03787036 ], [ -41.30460893, -13.03576538 ], [ -41.3047142, -13.03503978 ], [ -41.30490441, -13.03372873 ], [ -41.30533188, -13.03236891 ], [ -41.30606792, -13.03038996 ], [ -41.3078051, -13.02790903 ], [ -41.30941771, -13.02555245 ], [ -41.31071828, -13.0234452 ], [ -41.31164455, -13.0216495 ], [ -41.31231537, -13.01942457 ], [ -41.3127405, -13.01781823 ], [ -41.3122268, -13.01665171 ], [ -41.31127426, -13.01561237 ], [ -41.31069715, -13.01438478 ], [ -41.31024403, -13.01297116 ], [ -41.31004062, -13.01137042 ], [ -41.31059146, -13.00976296 ], [ -41.31127027, -13.0084009 ], [ -41.31189253, -13.00771734 ], [ -41.31307816, -13.00678222 ], [ -41.31350728, -13.00560731 ], [ -41.31380382, -13.00369392 ], [ -41.31429119, -13.00202538 ], [ -41.3150254, -12.99986154 ], [ -41.31504329, -12.99813999 ], [ -41.31514909, -12.9960527 ], [ -41.31507344, -12.99464203 ], [ -41.31513481, -12.99325914 ], [ -41.31517697, -12.9923093 ], [ -41.315541, -12.9910788 ], [ -41.31640445, -12.98972111 ], [ -41.31683219, -12.98861276 ], [ -41.31682365, -12.98769239 ], [ -41.31687828, -12.98683283 ], [ -41.31655121, -12.98530165 ], [ -41.31554216, -12.98445157 ], [ -41.31565933, -12.98359144 ], [ -41.31603304, -12.98340402 ], [ -41.31678441, -12.98345869 ], [ -41.31784805, -12.9834492 ], [ -41.318906, -12.98282613 ], [ -41.31989683, -12.98171278 ], [ -41.32076195, -12.98053915 ], [ -41.32148881, -12.97795542 ], [ -41.32203766, -12.97641645 ], [ -41.3227782, -12.9753053 ], [ -41.32370983, -12.97456062 ], [ -41.32451636, -12.97381707 ], [ -41.32488374, -12.97295471 ], [ -41.32462321, -12.97185251 ], [ -41.32460668, -12.97007312 ], [ -41.32445948, -12.96938401 ], [ -41.32432863, -12.96877145 ], [ -41.32376852, -12.96949625 ], [ -41.3205134, -12.97331485 ], [ -41.31339465, -12.96668439 ], [ -41.31645619, -12.96324118 ], [ -41.31520778, -12.96257001 ], [ -41.31268062, -12.96467378 ], [ -41.31143994, -12.96389179 ], [ -41.31137689, -12.96327523 ], [ -41.3112457, -12.96199236 ], [ -41.3091899, -12.96099869 ], [ -41.30834727, -12.96073821 ], [ -41.30568189, -12.95991426 ], [ -41.30375573, -12.95920308 ], [ -41.30101141, -12.95758592 ], [ -41.30047252, -12.95944617 ] ] ] ] } },
{ "type": "Feature", "properties": { "gid": 35, "area_decre": 393.2639, "area_geo": 393.2639, "ato_vigent": "Lei nº162 de 05/09/2018", "bioma": "Cerrado", "categoria": "Parque Natural Municipal", "grupo": "Proteção Integral", "id": 37, "municipio": "Santa Rita de Cássia", "nome_uc": "Parque Natural Municipal Zabelê", "observacao": null, "org_gestor": "Prefeitura Municipal de Santa Rita de Cássia", "snuc": "Sim" }, "geometry": { "type": "MultiPolygon", "coordinates": [ [ [ [ -44.50839371, -11.01986971 ], [ -44.50864372, -11.01997079 ], [ -44.50877203, -11.01990995 ], [ -44.50888906, -11.01969859 ], [ -44.50883412, -11.0196153 ], [ -44.50864603, -11.01957484 ], [ -44.50838224, -11.01973688 ], [ -44.50839371, -11.01986971 ] ] ], [ [ [ -44.51312141, -11.0180964 ], [ -44.51233161, -11.01810211 ], [ -44.51042364, -11.01750487 ], [ -44.50958733, -11.01773001 ], [ -44.50936301, -11.01795031 ], [ -44.5090388, -11.01850339 ], [ -44.50862027, -11.01949413 ], [ -44.50895678, -11.01958429 ], [ -44.50901024, -11.01969374 ], [ -44.5089709, -11.01984459 ], [ -44.50919565, -11.01997571 ], [ -44.50934512, -11.02019428 ], [ -44.50969632, -11.0204232 ], [ -44.51026012, -11.02052548 ], [ -44.51062057, -11.02020742 ], [ -44.51126881, -11.02012912 ], [ -44.51149716, -11.02000692 ], [ -44.51145475, -11.01971474 ], [ -44.51179671, -11.01930183 ], [ -44.51218807, -11.01910575 ], [ -44.51240218, -11.01906345 ], [ -44.51278564, -11.01873106 ], [ -44.51404074, -11.01853901 ], [ -44.51530248, -11.01868086 ], [ -44.51578892, -11.01864408 ], [ -44.51603225, -11.01813626 ], [ -44.51610054, -11.01744801 ], [ -44.51592983, -11.01709744 ], [ -44.51566287, -11.01690077 ], [ -44.51462491, -11.01706576 ], [ -44.51380987, -11.01755225 ], [ -44.51312141, -11.0180964 ] ] ], [ [ [ -44.5356285, -11.01758773 ], [ -44.53589877, -11.01857386 ], [ -44.53619895, -11.01854423 ], [ -44.53623605, -11.01902849 ], [ -44.53589562, -11.01959948 ], [ -44.53512428, -11.02002856 ], [ -44.53492771, -11.02033791 ], [ -44.53449744, -11.02052599 ], [ -44.53441367, -11.0213774 ], [ -44.53417808, -11.02170086 ], [ -44.53440355, -11.02194062 ], [ -44.53434891, -11.02218018 ], [ -44.53361493, -11.02243755 ], [ -44.53326095, -11.02304631 ], [ -44.53309756, -11.02313736 ], [ -44.53309074, -11.02340855 ], [ -44.533959, -11.0231508 ], [ -44.53473523, -11.02271366 ], [ -44.53555557, -11.02196079 ], [ -44.53602399, -11.02131569 ], [ -44.53745414, -11.02095626 ], [ -44.53868595, -11.02051783 ], [ -44.53980675, -11.02011728 ], [ -44.5399996, -11.01997893 ], [ -44.53997354, -11.0197313 ], [ -44.53952829, -11.01942544 ], [ -44.53928698, -11.01937083 ], [ -44.53910498, -11.01904645 ], [ -44.5385656, -11.01897173 ], [ -44.53829188, -11.0187253 ], [ -44.53817775, -11.01841196 ], [ -44.53781657, -11.01825152 ], [ -44.53778689, -11.01791216 ], [ -44.53794622, -11.01748374 ], [ -44.53761998, -11.01725661 ], [ -44.53756319, -11.0168696 ], [ -44.53698696, -11.01639705 ], [ -44.53622233, -11.01690598 ], [ -44.5356285, -11.01758773 ] ] ], [ [ [ -44.5186143, -11.01233308 ], [ -44.51890995, -11.01262338 ], [ -44.51909655, -11.01298547 ], [ -44.51923867, -11.01298985 ], [ -44.51970363, -11.01246454 ], [ -44.52007808, -11.01264671 ], [ -44.52033894, -11.01238056 ], [ -44.52044111, -11.01210702 ], [ -44.52087575, -11.01175468 ], [ -44.5211701, -11.01167102 ], [ -44.52144914, -11.01128208 ], [ -44.52186264, -11.01045695 ], [ -44.52213142, -11.01013854 ], [ -44.5226678, -11.00969246 ], [ -44.52352819, -11.0089033 ], [ -44.52411096, -11.00855009 ], [ -44.52463315, -11.0080923 ], [ -44.52445895, -11.00779048 ], [ -44.52427673, -11.00771917 ], [ -44.52401788, -11.00743043 ], [ -44.52367115, -11.00753787 ], [ -44.52244745, -11.00854016 ], [ -44.52233863, -11.00886494 ], [ -44.52143869, -11.00970928 ], [ -44.52092683, -11.00989485 ], [ -44.52033389, -11.01037011 ], [ -44.51974883, -11.0110475 ], [ -44.51905932, -11.01172843 ], [ -44.5186143, -11.01233308 ] ] ], [ [ [ -44.52444803, -11.00745565 ], [ -44.52499419, -11.00800593 ], [ -44.52491608, -11.0082568 ], [ -44.52367473, -11.00899451 ], [ -44.52202112, -11.01047853 ], [ -44.5215436, -11.01171213 ], [ -44.52088993, -11.01201804 ], [ -44.5202081, -11.0128957 ], [ -44.51979489, -11.01278477 ], [ -44.51908964, -11.01335729 ], [ -44.51847644, -11.01270768 ], [ -44.51769851, -11.01348264 ], [ -44.51658852, -11.01501652 ], [ -44.51586487, -11.01666253 ], [ -44.51614959, -11.01685733 ], [ -44.51636333, -11.01741489 ], [ -44.51609407, -11.0187795 ], [ -44.51558444, -11.01897322 ], [ -44.51425605, -11.01870333 ], [ -44.5129216, -11.01886356 ], [ -44.51260224, -11.01920494 ], [ -44.51195335, -11.0195055 ], [ -44.51197797, -11.01999199 ], [ -44.51410098, -11.02143106 ], [ -44.51635925, -11.02197295 ], [ -44.51738705, -11.02360002 ], [ -44.51867025, -11.02509652 ], [ -44.51894671, -11.0256529 ], [ -44.51965565, -11.02581303 ], [ -44.52028767, -11.02565983 ], [ -44.52124447, -11.02612629 ], [ -44.52191304, -11.02566663 ], [ -44.52200526, -11.02522087 ], [ -44.52078014, -11.02392347 ], [ -44.52042752, -11.02317618 ], [ -44.52107044, -11.02228882 ], [ -44.5228699, -11.02198248 ], [ -44.52325284, -11.02167698 ], [ -44.52382703, -11.02034236 ], [ -44.52547525, -11.01969083 ], [ -44.52669695, -11.01998795 ], [ -44.52725572, -11.02059902 ], [ -44.5274544, -11.02150933 ], [ -44.52693788, -11.02202599 ], [ -44.52649838, -11.02297945 ], [ -44.52685395, -11.0233482 ], [ -44.52788035, -11.02343833 ], [ -44.5285676, -11.02421702 ], [ -44.5285551, -11.02506438 ], [ -44.52905689, -11.02549355 ], [ -44.53072408, -11.02502261 ], [ -44.5322571, -11.02470453 ], [ -44.53252388, -11.0235091 ], [ -44.53322927, -11.02243501 ], [ -44.53414522, -11.02196984 ], [ -44.53399787, -11.02164886 ], [ -44.53427148, -11.02136944 ], [ -44.53426039, -11.0204374 ], [ -44.53484048, -11.02016789 ], [ -44.53506212, -11.01984682 ], [ -44.53566372, -11.01957814 ], [ -44.53602202, -11.01881204 ], [ -44.53581105, -11.01871877 ], [ -44.53537909, -11.01764198 ], [ -44.5360744, -11.01665949 ], [ -44.53707619, -11.01616256 ], [ -44.53769852, -11.01664903 ], [ -44.53802528, -11.0164007 ], [ -44.53840479, -11.01623507 ], [ -44.53841541, -11.0160694 ], [ -44.53793038, -11.01601772 ], [ -44.53777216, -11.01560351 ], [ -44.53822576, -11.01492961 ], [ -44.53823615, -11.01401881 ], [ -44.53788801, -11.0138119 ], [ -44.53746633, -11.01388464 ], [ -44.53651802, -11.01305743 ], [ -44.53646565, -11.01277857 ], [ -44.53668707, -11.0124164 ], [ -44.53640462, -11.01167584 ], [ -44.53620992, -11.01102977 ], [ -44.53694401, -11.01033103 ], [ -44.53664194, -11.00985453 ], [ -44.5365014, -11.00904884 ], [ -44.53610213, -11.00795791 ], [ -44.53462345, -11.00792658 ], [ -44.53163059, -11.00741834 ], [ -44.53038582, -11.00761945 ], [ -44.52970567, -11.00725924 ], [ -44.52968406, -11.00694125 ], [ -44.52953296, -11.00654933 ], [ -44.52880953, -11.00649618 ], [ -44.52756935, -11.00589585 ], [ -44.5262944, -11.00605587 ], [ -44.52450043, -11.00716221 ], [ -44.52444803, -11.00745565 ] ] ] ] } },
{ "type": "Feature", "properties": { "gid": 36, "area_decre": 58.4661, "area_geo": 58.4506, "ato_vigent": "Lei nº 968 de 30/07/2020", "bioma": "Mata Atlântica", "categoria": "Monumento Natural", "grupo": "Proteção Integral", "id": 38, "municipio": "Conde", "nome_uc": "Monumento Natural Península da Siribinha", "observacao": null, "org_gestor": "Prefeitura Municipal de Conde", "snuc": "Sim" }, "geometry": { "type": "MultiPolygon", "coordinates": [ [ [ [ -37.5147249, -11.74027579 ], [ -37.51458722, -11.74032386 ], [ -37.51440275, -11.74054725 ], [ -37.51430543, -11.74072126 ], [ -37.51422937, -11.74085725 ], [ -37.51408084, -11.74094006 ], [ -37.51392149, -11.74106599 ], [ -37.51383039, -11.74117704 ], [ -37.51377663, -11.74133707 ], [ -37.51372911, -11.741504 ], [ -37.51370358, -11.7416681 ], [ -37.51366455, -11.74178744 ], [ -37.51341346, -11.74178199 ], [ -37.51326857, -11.74182866 ], [ -37.51312114, -11.74203695 ], [ -37.51304012, -11.74239145 ], [ -37.51312493, -11.74275471 ], [ -37.51313265, -11.74304096 ], [ -37.51322, -11.74330269 ], [ -37.51331022, -11.7434504 ], [ -37.51338083, -11.74324995 ], [ -37.51341955, -11.74305588 ], [ -37.51348878, -11.742937 ], [ -37.51354995, -11.74310401 ], [ -37.51360962, -11.74339852 ], [ -37.51363902, -11.74368998 ], [ -37.51370427, -11.74391137 ], [ -37.51386964, -11.74391887 ], [ -37.51406857, -11.74402543 ], [ -37.51421994, -11.74428708 ], [ -37.51431469, -11.74459607 ], [ -37.51435783, -11.7448952 ], [ -37.51453974, -11.74548581 ], [ -37.51462546, -11.74565224 ], [ -37.51483243, -11.74612804 ], [ -37.51503935, -11.74647205 ], [ -37.51508556, -11.74677369 ], [ -37.51510351, -11.74700939 ], [ -37.51527772, -11.74731599 ], [ -37.5154013, -11.74755933 ], [ -37.51556917, -11.74779689 ], [ -37.51562702, -11.7480256 ], [ -37.51571647, -11.74822437 ], [ -37.51596072, -11.74849082 ], [ -37.51611186, -11.74866465 ], [ -37.51623199, -11.74906209 ], [ -37.51630058, -11.74943193 ], [ -37.51652224, -11.74970353 ], [ -37.51667389, -11.74995891 ], [ -37.5168256, -11.75031419 ], [ -37.51696012, -11.75056089 ], [ -37.51724659, -11.75122558 ], [ -37.51753904, -11.75181494 ], [ -37.5179151, -11.75242488 ], [ -37.51818737, -11.75263077 ], [ -37.51826833, -11.75311922 ], [ -37.5184831, -11.75360424 ], [ -37.51876649, -11.75415335 ], [ -37.51908371, -11.75460693 ], [ -37.51932291, -11.75485843 ], [ -37.51939485, -11.75525714 ], [ -37.51951908, -11.75563985 ], [ -37.5197669, -11.75602981 ], [ -37.51985964, -11.75647609 ], [ -37.51997728, -11.75665873 ], [ -37.52134138, -11.75597583 ], [ -37.52088498, -11.7549393 ], [ -37.52036448, -11.75376735 ], [ -37.52020984, -11.75321217 ], [ -37.52007006, -11.75247537 ], [ -37.52005578, -11.75188809 ], [ -37.52012811, -11.75129741 ], [ -37.52021988, -11.75072217 ], [ -37.52028718, -11.75013387 ], [ -37.52025507, -11.74960508 ], [ -37.52023265, -11.74944704 ], [ -37.52025134, -11.74932882 ], [ -37.52000658, -11.74850257 ], [ -37.51982277, -11.74820596 ], [ -37.5195161, -11.74750235 ], [ -37.51920662, -11.746945 ], [ -37.51927332, -11.74686191 ], [ -37.51906504, -11.74659107 ], [ -37.51894131, -11.74650307 ], [ -37.51882765, -11.74641892 ], [ -37.51880164, -11.74637597 ], [ -37.51886048, -11.74632394 ], [ -37.51888439, -11.74618821 ], [ -37.51879236, -11.74609977 ], [ -37.51867441, -11.74605277 ], [ -37.51864584, -11.74594598 ], [ -37.51858092, -11.74593169 ], [ -37.51847951, -11.7459504 ], [ -37.51843667, -11.74592746 ], [ -37.51840878, -11.74584409 ], [ -37.51851992, -11.74563959 ], [ -37.51856967, -11.74536281 ], [ -37.51850473, -11.74503651 ], [ -37.51838993, -11.74476527 ], [ -37.51823247, -11.74451174 ], [ -37.51814053, -11.74437428 ], [ -37.51798835, -11.74429663 ], [ -37.51786432, -11.74421983 ], [ -37.51783913, -11.74406898 ], [ -37.517837, -11.74392265 ], [ -37.51775218, -11.74383036 ], [ -37.51770127, -11.74376628 ], [ -37.51774629, -11.74362319 ], [ -37.51773607, -11.74348138 ], [ -37.51762087, -11.74330295 ], [ -37.51750278, -11.74312872 ], [ -37.51735, -11.74295653 ], [ -37.51721395, -11.74275881 ], [ -37.51710664, -11.74255945 ], [ -37.51688216, -11.74232211 ], [ -37.51672318, -11.74219898 ], [ -37.51659783, -11.74214718 ], [ -37.51651813, -11.74201938 ], [ -37.51637008, -11.74191251 ], [ -37.51624537, -11.74178004 ], [ -37.51604683, -11.74161949 ], [ -37.51568879, -11.74126607 ], [ -37.51552735, -11.74113118 ], [ -37.51520025, -11.74076067 ], [ -37.51490327, -11.74034407 ], [ -37.5147249, -11.74027579 ] ] ] ] } },
{ "type": "Feature", "properties": { "gid": 37, "area_decre": 32.2143, "area_geo": 32.2366, "ato_vigent": "Decreto nº 30.953 de 12/04/2019", "bioma": "Marinho", "categoria": "Parque Natural Municipal", "grupo": "Proteção Integral", "id": 39, "municipio": "Salvador", "nome_uc": "Parque Natural Municipal Marinho da Barra", "observacao": null, "org_gestor": "Prefeitura Municipal de Salvador", "snuc": "Sim" }, "geometry": { "type": "MultiPolygon", "coordinates": [ [ [ [ -38.53293989, -13.01056011 ], [ -38.5333732, -13.01061514 ], [ -38.53341931, -13.01061523 ], [ -38.53346544, -13.01060627 ], [ -38.53350236, -13.01058825 ], [ -38.53355767, -13.01059739 ], [ -38.53436865, -13.01087916 ], [ -38.53605575, -13.01113537 ], [ -38.53738759, -13.00902182 ], [ -38.53753057, -13.00650827 ], [ -38.53637231, -13.004544 ], [ -38.53515511, -13.00452374 ], [ -38.53411324, -13.00444049 ], [ -38.53411317, -13.00447666 ], [ -38.53410385, -13.00453089 ], [ -38.53409449, -13.00460322 ], [ -38.53375325, -13.00462973 ], [ -38.53367945, -13.00464768 ], [ -38.53363329, -13.00467473 ], [ -38.53357787, -13.00471984 ], [ -38.53355013, -13.004765 ], [ -38.53351319, -13.00479206 ], [ -38.53352233, -13.00483729 ], [ -38.53351304, -13.00487345 ], [ -38.53347607, -13.00491859 ], [ -38.53343916, -13.00492757 ], [ -38.5334023, -13.00491846 ], [ -38.53336536, -13.00494552 ], [ -38.53331913, -13.00500873 ], [ -38.53327294, -13.00505386 ], [ -38.53323597, -13.00509901 ], [ -38.53321743, -13.00515323 ], [ -38.53319892, -13.00518937 ], [ -38.53318964, -13.00521648 ], [ -38.53318034, -13.00526167 ], [ -38.53316179, -13.00531589 ], [ -38.53314328, -13.00535203 ], [ -38.53311547, -13.00543336 ], [ -38.53308758, -13.00555086 ], [ -38.53306902, -13.00561413 ], [ -38.53305043, -13.00569548 ], [ -38.53302266, -13.00574968 ], [ -38.53300412, -13.0058039 ], [ -38.53299479, -13.00585814 ], [ -38.53296698, -13.00593947 ], [ -38.53295764, -13.00600275 ], [ -38.53294828, -13.00607508 ], [ -38.53297576, -13.00617459 ], [ -38.53300332, -13.0062289 ], [ -38.53303088, -13.0062832 ], [ -38.5330862, -13.00629234 ], [ -38.53314149, -13.00631053 ], [ -38.53319677, -13.00633775 ], [ -38.53325206, -13.00635594 ], [ -38.53332579, -13.0063832 ], [ -38.53330719, -13.00646455 ], [ -38.53327002, -13.0066182 ], [ -38.53325146, -13.00668146 ], [ -38.53324217, -13.00671762 ], [ -38.53323284, -13.00677186 ], [ -38.53320508, -13.00682606 ], [ -38.53317731, -13.00688026 ], [ -38.53311252, -13.00700674 ], [ -38.53308476, -13.00706095 ], [ -38.53305699, -13.00711515 ], [ -38.53302924, -13.00716031 ], [ -38.53297371, -13.00726872 ], [ -38.53290896, -13.00737712 ], [ -38.53274236, -13.00770234 ], [ -38.53259431, -13.00797335 ], [ -38.53245551, -13.00822629 ], [ -38.53243698, -13.00827147 ], [ -38.53240922, -13.00832567 ], [ -38.53231669, -13.00848827 ], [ -38.53228891, -13.00855152 ], [ -38.53226108, -13.00864189 ], [ -38.53224245, -13.00874132 ], [ -38.53225141, -13.00887698 ], [ -38.53226954, -13.00904882 ], [ -38.53228757, -13.00926587 ], [ -38.5323238, -13.00961859 ], [ -38.53266441, -13.00993569 ], [ -38.53273809, -13.00998103 ], [ -38.53278413, -13.01001728 ], [ -38.53284862, -13.01005357 ], [ -38.53289471, -13.01006269 ], [ -38.53300534, -13.01008098 ], [ -38.53314364, -13.01009027 ], [ -38.53321735, -13.01012657 ], [ -38.53324491, -13.01018088 ], [ -38.53326324, -13.01024421 ], [ -38.53324471, -13.01028939 ], [ -38.5331985, -13.01034356 ], [ -38.5330877, -13.0104157 ], [ -38.53300456, -13.01049693 ], [ -38.53293989, -13.01056011 ] ] ] ] } },
{ "type": "Feature", "properties": { "gid": 38, "area_decre": 437.2129, "area_geo": 426.8967, "ato_vigent": "Lei Complementar nº001/2001 de 07/06/2001", "bioma": "Mata Atlântica", "categoria": "Parque Natural Municipal", "grupo": "Proteção Integral", "id": 4, "municipio": "Ilhéus", "nome_uc": "Parque Natural Municipal da Boa Esperança", "observacao": null, "org_gestor": "Prefeitura Municipal de Ilhéus", "snuc": "Sim" }, "geometry": { "type": "MultiPolygon", "coordinates": [ [ [ [ -39.08682987, -14.76956344 ], [ -39.08634394, -14.76944239 ], [ -39.08564621, -14.76932142 ], [ -39.08536495, -14.7693859 ], [ -39.08500927, -14.76972392 ], [ -39.08492343, -14.77025023 ], [ -39.08326439, -14.77137518 ], [ -39.08257631, -14.77215289 ], [ -39.08220772, -14.77263146 ], [ -39.08182671, -14.77279905 ], [ -39.08148263, -14.7730982 ], [ -39.0812738, -14.77346907 ], [ -39.08086828, -14.77384 ], [ -39.0803275, -14.77407941 ], [ -39.0796023, -14.77424712 ], [ -39.0792336, -14.77446254 ], [ -39.0790249, -14.7752042 ], [ -39.07891439, -14.77556307 ], [ -39.07888985, -14.77568269 ], [ -39.07886542, -14.77610133 ], [ -39.07885327, -14.77650801 ], [ -39.07871818, -14.77687885 ], [ -39.07848618, -14.77667024 ], [ -39.07824494, -14.77645332 ], [ -39.0780999, -14.77632291 ], [ -39.07792674, -14.77621921 ], [ -39.07782536, -14.77603851 ], [ -39.07769021, -14.77587425 ], [ -39.07763948, -14.7756771 ], [ -39.07757177, -14.77520064 ], [ -39.07731823, -14.77449422 ], [ -39.07726747, -14.77419848 ], [ -39.07716912, -14.77381821 ], [ -39.0763706, -14.77353873 ], [ -39.07612899, -14.77349361 ], [ -39.07586883, -14.77352986 ], [ -39.07546, -14.77358424 ], [ -39.07516269, -14.77367475 ], [ -39.07461443, -14.77357547 ], [ -39.07438216, -14.773675 ], [ -39.07402911, -14.7738017 ], [ -39.07377827, -14.77392836 ], [ -39.0732209, -14.7743806 ], [ -39.07280277, -14.77440786 ], [ -39.07219872, -14.7742001 ], [ -39.07186413, -14.77397417 ], [ -39.07149238, -14.77376633 ], [ -39.07083256, -14.77349529 ], [ -39.07041436, -14.77330555 ], [ -39.06993112, -14.77310678 ], [ -39.06979173, -14.77309779 ], [ -39.06944796, -14.77319734 ], [ -39.06906702, -14.77327883 ], [ -39.06857466, -14.77365872 ], [ -39.0682495, -14.77385773 ], [ -39.06798004, -14.77386685 ], [ -39.06777563, -14.77392115 ], [ -39.06758978, -14.773876 ], [ -39.06704145, -14.77355067 ], [ -39.06656763, -14.77379493 ], [ -39.06624247, -14.77397585 ], [ -39.06575008, -14.77425627 ], [ -39.06531347, -14.77466326 ], [ -39.06510918, -14.77509731 ], [ -39.0648956, -14.77557656 ], [ -39.06478417, -14.77581167 ], [ -39.06489572, -14.77597438 ], [ -39.06514671, -14.77633597 ], [ -39.06552779, -14.77666135 ], [ -39.06576018, -14.77695965 ], [ -39.06602041, -14.77713137 ], [ -39.06639217, -14.77736634 ], [ -39.06657812, -14.77770986 ], [ -39.06668974, -14.77810765 ], [ -39.0668106, -14.77830652 ], [ -39.06701515, -14.7786862 ], [ -39.06707097, -14.77892126 ], [ -39.06707111, -14.77937334 ], [ -39.06696891, -14.77940953 ], [ -39.06644857, -14.77949105 ], [ -39.0659654, -14.77958161 ], [ -39.06569619, -14.78044966 ], [ -39.06515723, -14.78044077 ], [ -39.06484138, -14.78073018 ], [ -39.06496221, -14.78084769 ], [ -39.06539902, -14.78106456 ], [ -39.06537116, -14.7811369 ], [ -39.06535264, -14.78133582 ], [ -39.06542704, -14.78157087 ], [ -39.06571529, -14.78217656 ], [ -39.06581773, -14.78292697 ], [ -39.06590139, -14.7830264 ], [ -39.06602228, -14.78329761 ], [ -39.06590162, -14.78377684 ], [ -39.06581821, -14.78450018 ], [ -39.06599496, -14.78515111 ], [ -39.06608804, -14.78567548 ], [ -39.06597671, -14.78625417 ], [ -39.06590244, -14.78649831 ], [ -39.0658282, -14.78681478 ], [ -39.06616295, -14.78755608 ], [ -39.06636745, -14.78774589 ], [ -39.06706456, -14.78829721 ], [ -39.0676409, -14.78894802 ], [ -39.06828563, -14.79054214 ], [ -39.06981821, -14.79065079 ], [ -39.07262173, -14.79085601 ], [ -39.07329451, -14.79071032 ], [ -39.07460266, -14.79034622 ], [ -39.07518678, -14.78968708 ], [ -39.07553057, -14.78956039 ], [ -39.07622748, -14.78946975 ], [ -39.07661781, -14.78957812 ], [ -39.07706384, -14.78950564 ], [ -39.07791885, -14.78974043 ], [ -39.07853216, -14.78974926 ], [ -39.07881092, -14.78966779 ], [ -39.08005609, -14.78954078 ], [ -39.08041847, -14.78945024 ], [ -39.08045561, -14.78936886 ], [ -39.0805577, -14.78903429 ], [ -39.08098472, -14.78782259 ], [ -39.08107763, -14.78779543 ], [ -39.08138426, -14.787723 ], [ -39.08183026, -14.7876053 ], [ -39.08206249, -14.78737014 ], [ -39.08193223, -14.78695428 ], [ -39.08192278, -14.78652934 ], [ -39.08222929, -14.78614949 ], [ -39.0828981, -14.78548923 ], [ -39.0836507, -14.78524484 ], [ -39.08488645, -14.78486465 ], [ -39.08545322, -14.78467457 ], [ -39.08572254, -14.78425857 ], [ -39.08560169, -14.78414107 ], [ -39.08533214, -14.78396034 ], [ -39.08544357, -14.78375235 ], [ -39.08562926, -14.7833635 ], [ -39.08580569, -14.78303794 ], [ -39.08602854, -14.78260387 ], [ -39.08623278, -14.7821246 ], [ -39.08641839, -14.78153684 ], [ -39.08649261, -14.78122941 ], [ -39.08666906, -14.7809581 ], [ -39.08716137, -14.78051488 ], [ -39.08807194, -14.78031563 ], [ -39.08917785, -14.78064973 ], [ -39.08963749, -14.78040017 ], [ -39.09003621, -14.78048487 ], [ -39.09031043, -14.78075147 ], [ -39.09059972, -14.78101988 ], [ -39.09077639, -14.78129105 ], [ -39.09165616, -14.78109037 ], [ -39.0922419, -14.78145383 ], [ -39.09261244, -14.78183396 ], [ -39.09320167, -14.78163722 ], [ -39.09342557, -14.78156245 ], [ -39.0932136, -14.78118673 ], [ -39.09303899, -14.78075038 ], [ -39.09293924, -14.78056858 ], [ -39.09292669, -14.78035037 ], [ -39.09312382, -14.77990731 ], [ -39.09258958, -14.77867756 ], [ -39.09155563, -14.77762561 ], [ -39.09015058, -14.77667948 ], [ -39.09018367, -14.77551446 ], [ -39.08984698, -14.7747751 ], [ -39.08980937, -14.77421746 ], [ -39.08952253, -14.77350233 ], [ -39.0893228, -14.7725447 ], [ -39.08858754, -14.77208432 ], [ -39.0880516, -14.771539 ], [ -39.08754064, -14.77115126 ], [ -39.08727885, -14.77076343 ], [ -39.08714154, -14.7700846 ], [ -39.08682987, -14.76956344 ] ] ] ] } },
{ "type": "Feature", "properties": { "gid": 39, "area_decre": 5682.4, "area_geo": 5647.9143, "ato_vigent": "Lei nº 625 de 08/11/2018", "bioma": "Caatinga", "categoria": "Refúgio de Vida Silvestre", "grupo": "Proteção Integral", "id": 40, "municipio": "Seabra", "nome_uc": "Refúgio de Vida Silvestre da Serra do Araújo", "observacao": null, "org_gestor": "Prefeitura Municipal de Seabra", "snuc": "Sim" }, "geometry": { "type": "MultiPolygon", "coordinates": [ [ [ [ -41.8236337, -12.2602948 ], [ -41.8222891, -12.2616722 ], [ -41.82095941, -12.26305441 ], [ -41.80763581, -12.26540232 ], [ -41.80961609, -12.27048588 ], [ -41.80798021, -12.27104995 ], [ -41.8078804, -12.2739172 ], [ -41.80699539, -12.27528668 ], [ -41.80619812, -12.27549744 ], [ -41.8056488, -12.27660942 ], [ -41.80455399, -12.27718639 ], [ -41.80427933, -12.27901649 ], [ -41.80540466, -12.28031063 ], [ -41.80806336, -12.28347866 ], [ -41.80875015, -12.28384397 ], [ -41.80709631, -12.28639581 ], [ -41.80632763, -12.2881038 ], [ -41.805439, -12.28838348 ], [ -41.80462854, -12.28870231 ], [ -41.80727087, -12.29388783 ], [ -41.80856914, -12.29528221 ], [ -41.80516387, -12.29742281 ], [ -41.80432031, -12.30033079 ], [ -41.80598013, -12.30155619 ], [ -41.81210327, -12.30106926 ], [ -41.81591034, -12.30570126 ], [ -41.81491852, -12.30634403 ], [ -41.81459808, -12.30894852 ], [ -41.81383133, -12.31093502 ], [ -41.81316502, -12.31232238 ], [ -41.81283188, -12.31318569 ], [ -41.81229782, -12.31429291 ], [ -41.81179047, -12.31555843 ], [ -41.81103897, -12.3222971 ], [ -41.81118393, -12.32597351 ], [ -41.81087112, -12.3293848 ], [ -41.8098793, -12.33073044 ], [ -41.81045532, -12.33136654 ], [ -41.8105278, -12.33437157 ], [ -41.81120682, -12.33756638 ], [ -41.80876923, -12.34240151 ], [ -41.8084946, -12.34678858 ], [ -41.80968475, -12.3465929 ], [ -41.80993271, -12.34858036 ], [ -41.8133316, -12.34663582 ], [ -41.81433487, -12.35029793 ], [ -41.8150177, -12.35096645 ], [ -41.81700516, -12.34967232 ], [ -41.82358932, -12.3510046 ], [ -41.82420349, -12.3555603 ], [ -41.82754135, -12.35826206 ], [ -41.826828, -12.35863113 ], [ -41.82505798, -12.35849571 ], [ -41.821705, -12.362487 ], [ -41.81975555, -12.36716843 ], [ -41.825557, -12.370264 ], [ -41.823166, -12.377279 ], [ -41.82413483, -12.37845039 ], [ -41.82593155, -12.37996769 ], [ -41.82592011, -12.38553238 ], [ -41.82463837, -12.39153385 ], [ -41.82327271, -12.39338207 ], [ -41.82328796, -12.39570332 ], [ -41.82743684, -12.39935528 ], [ -41.82893048, -12.3982032 ], [ -41.8295378, -12.39771064 ], [ -41.83109934, -12.39901028 ], [ -41.83027601, -12.39997497 ], [ -41.83084488, -12.40090942 ], [ -41.83140182, -12.40267372 ], [ -41.83297348, -12.40486717 ], [ -41.83599982, -12.40116992 ], [ -41.83917986, -12.40483652 ], [ -41.84311076, -12.40291695 ], [ -41.84430328, -12.40123462 ], [ -41.8448112, -12.40006993 ], [ -41.84671039, -12.39942287 ], [ -41.84796916, -12.39845228 ], [ -41.84376144, -12.3946619 ], [ -41.84378815, -12.39432621 ], [ -41.84330368, -12.3942194 ], [ -41.8433342, -12.39308453 ], [ -41.84422302, -12.3931036 ], [ -41.84375763, -12.39175415 ], [ -41.84357834, -12.39091015 ], [ -41.84281336, -12.39034405 ], [ -41.84162903, -12.38905907 ], [ -41.84012985, -12.38816738 ], [ -41.83940124, -12.38758564 ], [ -41.83866119, -12.38726139 ], [ -41.83892059, -12.38582706 ], [ -41.83927155, -12.38566017 ], [ -41.84022141, -12.38606644 ], [ -41.84102249, -12.38629913 ], [ -41.84196091, -12.3864727 ], [ -41.84360936, -12.38491877 ], [ -41.84415486, -12.38533728 ], [ -41.84471093, -12.38471245 ], [ -41.84528612, -12.3843667 ], [ -41.85064591, -12.38538908 ], [ -41.85904694, -12.383852 ], [ -41.86194229, -12.37557697 ], [ -41.86004639, -12.37000179 ], [ -41.86149216, -12.36789513 ], [ -41.86148071, -12.36564064 ], [ -41.85971832, -12.36453152 ], [ -41.85783005, -12.36565208 ], [ -41.85697937, -12.36626625 ], [ -41.85647202, -12.3645668 ], [ -41.85585022, -12.36480236 ], [ -41.85476685, -12.36166287 ], [ -41.85335541, -12.35908318 ], [ -41.85187149, -12.35319805 ], [ -41.85247421, -12.34854412 ], [ -41.85526657, -12.34386349 ], [ -41.85665789, -12.33626251 ], [ -41.85844803, -12.33473492 ], [ -41.85869598, -12.33398628 ], [ -41.85637283, -12.33436394 ], [ -41.85592651, -12.33435726 ], [ -41.85555649, -12.33374691 ], [ -41.85564041, -12.33291912 ], [ -41.853405, -12.33292294 ], [ -41.85181167, -12.32877457 ], [ -41.85226332, -12.3260522 ], [ -41.85171278, -12.32395095 ], [ -41.85194904, -12.32334648 ], [ -41.85161813, -12.32223396 ], [ -41.85200252, -12.31652834 ], [ -41.85077859, -12.31566244 ], [ -41.85135095, -12.31428122 ], [ -41.85057007, -12.31245318 ], [ -41.85742188, -12.31047344 ], [ -41.86449814, -12.30962277 ], [ -41.86682129, -12.30634403 ], [ -41.86696112, -12.30279945 ], [ -41.86518478, -12.30007839 ], [ -41.86423874, -12.29806233 ], [ -41.86227798, -12.2965107 ], [ -41.86090469, -12.29586887 ], [ -41.85971451, -12.295084 ], [ -41.85897064, -12.29366398 ], [ -41.85821152, -12.29198074 ], [ -41.85661697, -12.29145718 ], [ -41.85624556, -12.28924995 ], [ -41.85486567, -12.2891403 ], [ -41.85374644, -12.29065731 ], [ -41.85345441, -12.29165885 ], [ -41.85205889, -12.29496597 ], [ -41.84939796, -12.29940455 ], [ -41.84490885, -12.30199029 ], [ -41.84330368, -12.30297756 ], [ -41.8431015, -12.30248833 ], [ -41.84452854, -12.30054503 ], [ -41.84484578, -12.30094335 ], [ -41.84656525, -12.29975605 ], [ -41.84519196, -12.29871845 ], [ -41.845047, -12.29808235 ], [ -41.84461212, -12.29759407 ], [ -41.84674835, -12.29572392 ], [ -41.84689086, -12.29466522 ], [ -41.84556181, -12.29359324 ], [ -41.84682078, -12.29240166 ], [ -41.84618655, -12.29114024 ], [ -41.84408467, -12.29062955 ], [ -41.84246761, -12.29010888 ], [ -41.84100836, -12.28936414 ], [ -41.83921875, -12.2894476 ], [ -41.83746876, -12.28962902 ], [ -41.83646705, -12.28950949 ], [ -41.83591142, -12.28739156 ], [ -41.83554371, -12.28594958 ], [ -41.83328247, -12.2850914 ], [ -41.83251953, -12.28496456 ], [ -41.83098221, -12.28503895 ], [ -41.82797754, -12.28618134 ], [ -41.82784034, -12.28576679 ], [ -41.8229866, -12.2875824 ], [ -41.82234192, -12.28643036 ], [ -41.82234192, -12.2854023 ], [ -41.82228088, -12.28447819 ], [ -41.82181168, -12.28326798 ], [ -41.82198715, -12.28071117 ], [ -41.82316971, -12.27916336 ], [ -41.82320785, -12.27835655 ], [ -41.82326889, -12.27745533 ], [ -41.82305527, -12.27685642 ], [ -41.82334518, -12.27567196 ], [ -41.82411957, -12.26864338 ], [ -41.82474136, -12.26385021 ], [ -41.82501554, -12.26091385 ], [ -41.8236337, -12.2602948 ] ] ] ] } },
{ "type": "Feature", "properties": { "gid": 40, "area_decre": 2084.9595, "area_geo": 2084.9595, "ato_vigent": "Lei nº 714 de 19/03/2021", "bioma": "Caatinga", "categoria": "Área de Proteção Ambiental", "grupo": "Uso Sustentável", "id": 41, "municipio": "Boquira", "nome_uc": "Área de Proteção Ambiental Broto D'água", "observacao": null, "org_gestor": "Prefeitura Municipal de Boquira", "snuc": "Sim" }, "geometry": { "type": "MultiPolygon", "coordinates": [ [ [ [ -42.73424457, -12.81364809 ], [ -42.73388313, -12.81410519 ], [ -42.73360424, -12.81456044 ], [ -42.73332875, -12.81498422 ], [ -42.73466509, -12.81558831 ], [ -42.73462541, -12.81565612 ], [ -42.73423767, -12.81640357 ], [ -42.73400409, -12.81685672 ], [ -42.73378452, -12.81736125 ], [ -42.73378452, -12.81758548 ], [ -42.73440117, -12.81770694 ], [ -42.73440117, -12.81823483 ], [ -42.73450862, -12.81970638 ], [ -42.73451796, -12.82026697 ], [ -42.73447858, -12.82086214 ], [ -42.73463565, -12.82155573 ], [ -42.73498781, -12.82156525 ], [ -42.73547196, -12.82192451 ], [ -42.73559411, -12.82203143 ], [ -42.73585234, -12.82195794 ], [ -42.73641508, -12.82241233 ], [ -42.73661975, -12.82277323 ], [ -42.73641547, -12.82308949 ], [ -42.73629854, -12.82317505 ], [ -42.73605327, -12.82329198 ], [ -42.73596771, -12.82341176 ], [ -42.73594775, -12.82364276 ], [ -42.73591638, -12.82379106 ], [ -42.73603539, -12.82383158 ], [ -42.73620218, -12.82395025 ], [ -42.73644182, -12.82410125 ], [ -42.73674034, -12.82433267 ], [ -42.73702353, -12.82462916 ], [ -42.73728522, -12.82488917 ], [ -42.73734331, -12.82495694 ], [ -42.73738446, -12.82504407 ], [ -42.73740382, -12.82516509 ], [ -42.73739898, -12.82523044 ], [ -42.73739414, -12.82528853 ], [ -42.73741108, -12.82532967 ], [ -42.73745223, -12.8253563 ], [ -42.73756114, -12.82537324 ], [ -42.73769184, -12.82538776 ], [ -42.7380912, -12.82537324 ], [ -42.73842521, -12.82530789 ], [ -42.73865272, -12.82526916 ], [ -42.73882214, -12.8252256 ], [ -42.73900367, -12.82515299 ], [ -42.73914014, -12.82507203 ], [ -42.73955905, -12.82480262 ], [ -42.73975831, -12.82473002 ], [ -42.74015806, -12.82461105 ], [ -42.74033414, -12.8245587 ], [ -42.74058349, -12.82442949 ], [ -42.74076409, -12.82435202 ], [ -42.74093139, -12.82434693 ], [ -42.74117647, -12.82437548 ], [ -42.74140014, -12.82438262 ], [ -42.7414977, -12.82438024 ], [ -42.74164285, -12.82433027 ], [ -42.74194028, -12.82424223 ], [ -42.74283725, -12.82385654 ], [ -42.74290634, -12.82377586 ], [ -42.74300866, -12.82357598 ], [ -42.74310622, -12.82337849 ], [ -42.74314851, -12.82326262 ], [ -42.74316047, -12.82321234 ], [ -42.74314533, -12.82306814 ], [ -42.74311832, -12.82295878 ], [ -42.74310136, -12.82292867 ], [ -42.74308432, -12.82291163 ], [ -42.74305475, -12.82289905 ], [ -42.74303959, -12.82290022 ], [ -42.74300628, -12.82290973 ], [ -42.74288968, -12.82294305 ], [ -42.74278747, -12.82297191 ], [ -42.74275239, -12.82297391 ], [ -42.7427143, -12.82297492 ], [ -42.74265146, -12.82296827 ], [ -42.74261815, -12.82295399 ], [ -42.74255391, -12.82289194 ], [ -42.74251883, -12.82286465 ], [ -42.7424647, -12.8228035 ], [ -42.74242861, -12.82277443 ], [ -42.74240455, -12.8227604 ], [ -42.74236245, -12.82275439 ], [ -42.7423003, -12.82276341 ], [ -42.7422582, -12.82276742 ], [ -42.7422141, -12.82277544 ], [ -42.74216899, -12.82277945 ], [ -42.74210283, -12.82277343 ], [ -42.74205171, -12.82276241 ], [ -42.74200359, -12.82273534 ], [ -42.74195247, -12.82270427 ], [ -42.74184722, -12.82262708 ], [ -42.74177504, -12.82256994 ], [ -42.74171752, -12.82250665 ], [ -42.74169968, -12.82247691 ], [ -42.74168183, -12.8224198 ], [ -42.74166398, -12.8223163 ], [ -42.74166279, -12.82224253 ], [ -42.74166517, -12.82220089 ], [ -42.74167588, -12.82213189 ], [ -42.74171661, -12.82198174 ], [ -42.74181949, -12.82168361 ], [ -42.74186101, -12.82159425 ], [ -42.7420607, -12.82123794 ], [ -42.7420819, -12.82118802 ], [ -42.7420997, -12.82112038 ], [ -42.74213471, -12.82105355 ], [ -42.74218373, -12.82098432 ], [ -42.74222164, -12.82094798 ], [ -42.74232309, -12.82089552 ], [ -42.74241827, -12.82083651 ], [ -42.74251535, -12.82079463 ], [ -42.74255533, -12.82077179 ], [ -42.74258579, -12.82073943 ], [ -42.74261367, -12.82063735 ], [ -42.74262794, -12.82057786 ], [ -42.7426446, -12.82049696 ], [ -42.74266241, -12.82040381 ], [ -42.7427054, -12.8202582 ], [ -42.7427374, -12.82017573 ], [ -42.74276052, -12.82013279 ], [ -42.74278481, -12.82011598 ], [ -42.74282007, -12.82009875 ], [ -42.74285767, -12.82009248 ], [ -42.74290468, -12.8200917 ], [ -42.74295247, -12.82010502 ], [ -42.74299478, -12.82012303 ], [ -42.7430222, -12.82014967 ], [ -42.74304648, -12.82018101 ], [ -42.74306607, -12.82021548 ], [ -42.74308722, -12.82026641 ], [ -42.74309662, -12.82031028 ], [ -42.74309897, -12.82036904 ], [ -42.74309271, -12.82042858 ], [ -42.74308409, -12.8204842 ], [ -42.74306829, -12.82055388 ], [ -42.74300496, -12.82069104 ], [ -42.74298929, -12.82072472 ], [ -42.74297206, -12.82076546 ], [ -42.74295874, -12.82080699 ], [ -42.74295404, -12.82083206 ], [ -42.74295404, -12.82084851 ], [ -42.74295404, -12.8208728 ], [ -42.74295795, -12.820901 ], [ -42.74296814, -12.82092529 ], [ -42.74298773, -12.82095741 ], [ -42.74300888, -12.82097621 ], [ -42.7430551, -12.82101303 ], [ -42.74316243, -12.82108198 ], [ -42.74324391, -12.82112193 ], [ -42.74331756, -12.82115719 ], [ -42.74338258, -12.82118539 ], [ -42.74344526, -12.82120341 ], [ -42.74352204, -12.82122535 ], [ -42.74363172, -12.82125433 ], [ -42.74371163, -12.8212747 ], [ -42.74384639, -12.82130604 ], [ -42.74400838, -12.82132777 ], [ -42.74404538, -12.82132406 ], [ -42.74409004, -12.82130526 ], [ -42.74411589, -12.82129272 ], [ -42.74413548, -12.82127392 ], [ -42.74415663, -12.82124807 ], [ -42.74417152, -12.82122613 ], [ -42.74418327, -12.82119714 ], [ -42.74419424, -12.82116502 ], [ -42.74421069, -12.82111566 ], [ -42.74422921, -12.82106331 ], [ -42.74423646, -12.82099665 ], [ -42.74425074, -12.82087054 ], [ -42.7442436, -12.82075156 ], [ -42.74423777, -12.82070963 ], [ -42.74422939, -12.8206708 ], [ -42.74422542, -12.8206574 ], [ -42.74421847, -12.82063879 ], [ -42.74419812, -12.82058445 ], [ -42.74418547, -12.82055219 ], [ -42.74417535, -12.82053704 ], [ -42.74410321, -12.82045889 ], [ -42.74409047, -12.82044585 ], [ -42.74401237, -12.82035239 ], [ -42.74396542, -12.82028971 ], [ -42.74395654, -12.82027448 ], [ -42.74394618, -12.82025278 ], [ -42.74394383, -12.82024404 ], [ -42.74393943, -12.82022026 ], [ -42.74393811, -12.82020308 ], [ -42.74393943, -12.8201815 ], [ -42.74394339, -12.82015508 ], [ -42.74395132, -12.82012337 ], [ -42.74396057, -12.82008857 ], [ -42.74397158, -12.82005378 ], [ -42.74399184, -12.8199864 ], [ -42.74400814, -12.81993134 ], [ -42.74401562, -12.81990888 ], [ -42.7440328, -12.81987497 ], [ -42.74404205, -12.81985735 ], [ -42.74407112, -12.81981375 ], [ -42.74410107, -12.81977235 ], [ -42.74412133, -12.81974504 ], [ -42.74414555, -12.81971906 ], [ -42.74416669, -12.81969748 ], [ -42.74418783, -12.81967722 ], [ -42.74421029, -12.81966356 ], [ -42.74422659, -12.81965564 ], [ -42.74424553, -12.81964683 ], [ -42.74427195, -12.8196367 ], [ -42.7443618, -12.81960477 ], [ -42.74446443, -12.81956159 ], [ -42.74453389, -12.81949759 ], [ -42.74461955, -12.81941193 ], [ -42.7446719, -12.81935958 ], [ -42.74472901, -12.81930723 ], [ -42.74481705, -12.81925964 ], [ -42.74487709, -12.81923384 ], [ -42.74507641, -12.81921205 ], [ -42.74515255, -12.81920015 ], [ -42.74547854, -12.81918588 ], [ -42.74556896, -12.8191716 ], [ -42.74566133, -12.81912407 ], [ -42.74577835, -12.81903835 ], [ -42.74588305, -12.81893365 ], [ -42.74596633, -12.81881944 ], [ -42.74604009, -12.81868619 ], [ -42.74614955, -12.81847918 ], [ -42.74623283, -12.81834117 ], [ -42.74629945, -12.81824599 ], [ -42.7463518, -12.81815795 ], [ -42.74640891, -12.81804136 ], [ -42.74646364, -12.81789145 ], [ -42.7465255, -12.81770109 ], [ -42.74656833, -12.81758926 ], [ -42.74659058, -12.81756084 ], [ -42.74660555, -12.8175454 ], [ -42.74662006, -12.81753698 ], [ -42.74663222, -12.81753417 ], [ -42.7466472, -12.8175337 ], [ -42.74666124, -12.81753604 ], [ -42.74667387, -12.81754259 ], [ -42.74668791, -12.81755569 ], [ -42.74670101, -12.81757207 ], [ -42.74671224, -12.8175936 ], [ -42.74673926, -12.81765529 ], [ -42.74678685, -12.81779568 ], [ -42.74687964, -12.8179789 ], [ -42.74707238, -12.8182906 ], [ -42.74726274, -12.81856424 ], [ -42.7473216, -12.81863023 ], [ -42.74741112, -12.81874709 ], [ -42.74756301, -12.81890775 ], [ -42.74764866, -12.81897534 ], [ -42.74774384, -12.81904196 ], [ -42.74789518, -12.81914666 ], [ -42.7480408, -12.81924945 ], [ -42.74817976, -12.81935319 ], [ -42.74830635, -12.81942553 ], [ -42.74836916, -12.81945789 ], [ -42.74848516, -12.81951152 ], [ -42.74856142, -12.81952737 ], [ -42.7486014, -12.81952927 ], [ -42.74871466, -12.81951785 ], [ -42.74879084, -12.81950763 ], [ -42.74883992, -12.8194619 ], [ -42.74887363, -12.81940657 ], [ -42.74891646, -12.81933995 ], [ -42.74897119, -12.81925191 ], [ -42.74900212, -12.81921146 ], [ -42.74904019, -12.81919004 ], [ -42.74911634, -12.81918052 ], [ -42.74919781, -12.81920336 ], [ -42.74924245, -12.81923763 ], [ -42.7492829, -12.81927808 ], [ -42.74933287, -12.81935184 ], [ -42.74935904, -12.81943513 ], [ -42.74937332, -12.81948985 ], [ -42.74938046, -12.81955648 ], [ -42.74937094, -12.81966593 ], [ -42.74934715, -12.8197968 ], [ -42.74932097, -12.81991578 ], [ -42.74928766, -12.82002285 ], [ -42.74924721, -12.82011089 ], [ -42.74922817, -12.82018228 ], [ -42.74922103, -12.82024414 ], [ -42.74924007, -12.82029649 ], [ -42.74930194, -12.82037263 ], [ -42.7493876, -12.82042498 ], [ -42.74948277, -12.82045829 ], [ -42.74959937, -12.82047495 ], [ -42.74965885, -12.82048447 ], [ -42.74976117, -12.82052254 ], [ -42.7498159, -12.82055585 ], [ -42.74985397, -12.82060582 ], [ -42.74993249, -12.82067482 ], [ -42.75001815, -12.82073431 ], [ -42.75009192, -12.82075573 ], [ -42.75016965, -12.82075558 ], [ -42.75025372, -12.82073907 ], [ -42.750337, -12.82070814 ], [ -42.75042266, -12.82066769 ], [ -42.75046787, -12.82062724 ], [ -42.75050118, -12.82058678 ], [ -42.75051546, -12.82052968 ], [ -42.7505107, -12.82046067 ], [ -42.75050356, -12.82038215 ], [ -42.75050356, -12.82029411 ], [ -42.75050356, -12.82019179 ], [ -42.75052498, -12.82009662 ], [ -42.75055115, -12.81997764 ], [ -42.75058684, -12.81987057 ], [ -42.75062967, -12.81979204 ], [ -42.75069154, -12.81970638 ], [ -42.75075817, -12.81964928 ], [ -42.7507891, -12.81961358 ], [ -42.75081289, -12.8195422 ], [ -42.75081765, -12.81945892 ], [ -42.75081765, -12.81932805 ], [ -42.75082241, -12.81923287 ], [ -42.75083193, -12.81910914 ], [ -42.75084621, -12.81900444 ], [ -42.75087476, -12.81885454 ], [ -42.75091283, -12.81872367 ], [ -42.75095328, -12.81857614 ], [ -42.75096994, -12.8184881 ], [ -42.75102401, -12.81820677 ], [ -42.75105893, -12.8180931 ], [ -42.75109118, -12.81800326 ], [ -42.75112804, -12.81792839 ], [ -42.75124668, -12.81776483 ], [ -42.75133279, -12.81763822 ], [ -42.75142679, -12.81753394 ], [ -42.75152197, -12.81744114 ], [ -42.75161477, -12.81737213 ], [ -42.7518029, -12.81726832 ], [ -42.75223005, -12.81705598 ], [ -42.75307814, -12.81664402 ], [ -42.75319949, -12.81659643 ], [ -42.75334226, -12.8165417 ], [ -42.75372929, -12.81635363 ], [ -42.75404658, -12.81616337 ], [ -42.75420838, -12.81604677 ], [ -42.75436781, -12.81592066 ], [ -42.75451296, -12.81578265 ], [ -42.75470093, -12.81561371 ], [ -42.75487225, -12.81548998 ], [ -42.75496875, -12.81543614 ], [ -42.75523949, -12.81532219 ], [ -42.75537091, -12.81527558 ], [ -42.75573124, -12.81501647 ], [ -42.75587401, -12.81489035 ], [ -42.75604057, -12.81472617 ], [ -42.75616192, -12.81456199 ], [ -42.75634276, -12.8143169 ], [ -42.75662592, -12.8139124 ], [ -42.75684959, -12.81357689 ], [ -42.75692097, -12.81343175 ], [ -42.75702805, -12.81321521 ], [ -42.75712084, -12.81304627 ], [ -42.75723268, -12.81286305 ], [ -42.75735879, -12.81269173 ], [ -42.75751508, -12.81259679 ], [ -42.75775854, -12.81245141 ], [ -42.7579132, -12.81235623 ], [ -42.75824157, -12.81211352 ], [ -42.75841289, -12.81193506 ], [ -42.75868177, -12.81166856 ], [ -42.75913149, -12.81128309 ], [ -42.75950776, -12.81088345 ], [ -42.75957407, -12.81080958 ], [ -42.75963594, -12.81076759 ], [ -42.75973349, -12.81075009 ], [ -42.75988578, -12.81074533 ], [ -42.76011183, -12.81076913 ], [ -42.76029742, -12.81078341 ], [ -42.76053299, -12.81077389 ], [ -42.7607519, -12.8107382 ], [ -42.76093274, -12.81070726 ], [ -42.76110406, -12.81071202 ], [ -42.76121828, -12.81072868 ], [ -42.7615514, -12.81074771 ], [ -42.76168703, -12.81076675 ], [ -42.76182742, -12.81080482 ], [ -42.76201064, -12.81088334 ], [ -42.76222241, -12.81099994 ], [ -42.76238897, -12.81110939 ], [ -42.76266023, -12.81132354 ], [ -42.76292197, -12.81155435 ], [ -42.76309329, -12.81167094 ], [ -42.763405, -12.81183513 ], [ -42.7635668, -12.81190889 ], [ -42.76371909, -12.81196838 ], [ -42.76386424, -12.81199455 ], [ -42.76423305, -12.81196838 ], [ -42.7645638, -12.81194458 ], [ -42.76514677, -12.81194696 ], [ -42.76555603, -12.81193982 ], [ -42.76588916, -12.81191127 ], [ -42.76602003, -12.81189937 ], [ -42.76608427, -12.81188034 ], [ -42.76616711, -12.81183725 ], [ -42.76646013, -12.81153247 ], [ -42.76661396, -12.81131959 ], [ -42.76670315, -12.81115938 ], [ -42.7668204, -12.8108572 ], [ -42.76695047, -12.81056453 ], [ -42.76708127, -12.81034796 ], [ -42.76722642, -12.81011954 ], [ -42.76734301, -12.80995059 ], [ -42.76743581, -12.8098459 ], [ -42.76762616, -12.80960081 ], [ -42.76772372, -12.80945329 ], [ -42.76777713, -12.80932398 ], [ -42.76791001, -12.80906485 ], [ -42.76804019, -12.80883939 ], [ -42.7680854, -12.80875135 ], [ -42.76811395, -12.80867044 ], [ -42.76814727, -12.80861572 ], [ -42.76821561, -12.80854659 ], [ -42.76848991, -12.80840632 ], [ -42.76862792, -12.80832542 ], [ -42.76879924, -12.80822786 ], [ -42.76890631, -12.80815648 ], [ -42.76894439, -12.80811127 ], [ -42.76895581, -12.80806972 ], [ -42.76897532, -12.80797564 ], [ -42.76899673, -12.80782811 ], [ -42.76903005, -12.807633 ], [ -42.76906336, -12.80750927 ], [ -42.76909429, -12.80745216 ], [ -42.76917519, -12.80731891 ], [ -42.76925847, -12.80722611 ], [ -42.76950594, -12.80698341 ], [ -42.7695916, -12.80690488 ], [ -42.76982955, -12.80674546 ], [ -42.76999912, -12.80666261 ], [ -42.77047443, -12.80636988 ], [ -42.77068628, -12.80620972 ], [ -42.77084558, -12.8061318 ], [ -42.77107236, -12.80602005 ], [ -42.77120523, -12.80598118 ], [ -42.77130481, -12.80589861 ], [ -42.77136192, -12.80585578 ], [ -42.7714333, -12.80577964 ], [ -42.77153086, -12.80565353 ], [ -42.77162366, -12.80554883 ], [ -42.77180926, -12.80535847 ], [ -42.77237795, -12.80478978 ], [ -42.77252785, -12.80464939 ], [ -42.77258972, -12.80459229 ], [ -42.77263969, -12.80455659 ], [ -42.77268858, -12.80454471 ], [ -42.77275866, -12.80453994 ], [ -42.77288477, -12.80453756 ], [ -42.77295378, -12.80455421 ], [ -42.77300851, -12.80459466 ], [ -42.77307275, -12.80463274 ], [ -42.77313462, -12.80465177 ], [ -42.77338208, -12.80466129 ], [ -42.77395791, -12.80465891 ], [ -42.77442428, -12.80461608 ], [ -42.77458371, -12.80458753 ], [ -42.77471934, -12.80456849 ], [ -42.77481928, -12.80456849 ], [ -42.77493111, -12.80459704 ], [ -42.77506436, -12.80468984 ], [ -42.77522378, -12.80476599 ], [ -42.77544507, -12.80488258 ], [ -42.77553549, -12.80492541 ], [ -42.77560688, -12.80496586 ], [ -42.77568064, -12.80498014 ], [ -42.77573061, -12.80497538 ], [ -42.77579723, -12.80496586 ], [ -42.77589717, -12.80493493 ], [ -42.77598997, -12.8048921 ], [ -42.77606611, -12.80486592 ], [ -42.77612798, -12.80484689 ], [ -42.77622554, -12.80483261 ], [ -42.77643255, -12.80481833 ], [ -42.7765777, -12.8047993 ], [ -42.77672046, -12.80477788 ], [ -42.77688227, -12.80472316 ], [ -42.77700309, -12.80466999 ], [ -42.77710185, -12.80460806 ], [ -42.77720597, -12.80453679 ], [ -42.77733107, -12.80446127 ], [ -42.77748697, -12.8043387 ], [ -42.77755651, -12.80427089 ], [ -42.77776911, -12.80414132 ], [ -42.778088, -12.80393401 ], [ -42.77831388, -12.80379149 ], [ -42.77866949, -12.80359343 ], [ -42.77903768, -12.80333796 ], [ -42.77926019, -12.80318848 ], [ -42.77937475, -12.80314855 ], [ -42.77957225, -12.80308192 ], [ -42.77981495, -12.8029915 ], [ -42.78007194, -12.80291774 ], [ -42.78024802, -12.80287729 ], [ -42.78063349, -12.80285349 ], [ -42.78103562, -12.80281542 ], [ -42.78122359, -12.80278211 ], [ -42.78152579, -12.80268217 ], [ -42.78162334, -12.80265362 ], [ -42.781709, -12.80265124 ], [ -42.7818256, -12.8026679 ], [ -42.7820112, -12.80271549 ], [ -42.78220869, -12.80278449 ], [ -42.78229911, -12.8028178 ], [ -42.78244426, -12.80285111 ], [ -42.78265603, -12.80288681 ], [ -42.78289874, -12.8029106 ], [ -42.78303827, -12.80289606 ], [ -42.78326993, -12.8028416 ], [ -42.78337225, -12.80280353 ], [ -42.78368922, -12.80264423 ], [ -42.78378636, -12.80260476 ], [ -42.78381714, -12.80259226 ], [ -42.78395046, -12.80257034 ], [ -42.78424075, -12.80253703 ], [ -42.78440255, -12.80247992 ], [ -42.78485227, -12.80243709 ], [ -42.78529009, -12.8023776 ], [ -42.78575885, -12.80240378 ], [ -42.78601345, -12.80242995 ], [ -42.78634419, -12.80252989 ], [ -42.78640606, -12.80254892 ], [ -42.78668922, -12.80255844 ], [ -42.78708659, -12.80252989 ], [ -42.78717225, -12.80251085 ], [ -42.78733881, -12.80241567 ], [ -42.78744351, -12.80235857 ], [ -42.78752203, -12.80231574 ], [ -42.78758865, -12.8022967 ], [ -42.7876648, -12.80228956 ], [ -42.78772904, -12.80228242 ], [ -42.7878147, -12.80226577 ], [ -42.78795747, -12.80223483 ], [ -42.78822278, -12.80216464 ], [ -42.78836079, -12.80212181 ], [ -42.78850593, -12.80205281 ], [ -42.78858208, -12.80199332 ], [ -42.78865346, -12.80189576 ], [ -42.7887534, -12.80178155 ], [ -42.78882478, -12.8017411 ], [ -42.78890568, -12.8017173 ], [ -42.78899848, -12.80166495 ], [ -42.7891817, -12.80150315 ], [ -42.78933399, -12.80133897 ], [ -42.78948865, -12.8011272 ], [ -42.78958145, -12.80101536 ], [ -42.78964332, -12.80096301 ], [ -42.78978608, -12.80088925 ], [ -42.78993123, -12.80082262 ], [ -42.79001213, -12.80078931 ], [ -42.79011445, -12.80073696 ], [ -42.79021677, -12.80067748 ], [ -42.79028577, -12.80063465 ], [ -42.79035954, -12.80059658 ], [ -42.79044282, -12.80056802 ], [ -42.79056179, -12.80055137 ], [ -42.79070218, -12.80054661 ], [ -42.79078784, -12.80054899 ], [ -42.79086636, -12.8005585 ], [ -42.79092823, -12.80061323 ], [ -42.79098533, -12.80066558 ], [ -42.79107813, -12.80072507 ], [ -42.79113762, -12.80075362 ], [ -42.79128277, -12.80077504 ], [ -42.79162303, -12.80079645 ], [ -42.79193474, -12.80077979 ], [ -42.79221314, -12.80077979 ], [ -42.79274138, -12.80082976 ], [ -42.79292221, -12.80082976 ], [ -42.79308402, -12.80082262 ], [ -42.79319585, -12.80079883 ], [ -42.79333386, -12.80072745 ], [ -42.79345521, -12.80060371 ], [ -42.79356705, -12.80042287 ], [ -42.79372409, -12.80010403 ], [ -42.79381927, -12.79981611 ], [ -42.79384782, -12.79969952 ], [ -42.79394062, -12.79944492 ], [ -42.79400249, -12.79931167 ], [ -42.79400249, -12.79927597 ], [ -42.79390969, -12.79912131 ], [ -42.79367412, -12.79874773 ], [ -42.7935956, -12.79860021 ], [ -42.79352422, -12.79847172 ], [ -42.7935028, -12.79840509 ], [ -42.79350042, -12.79831229 ], [ -42.79350994, -12.79815525 ], [ -42.79353374, -12.79803628 ], [ -42.79357419, -12.79790303 ], [ -42.79358608, -12.7978483 ], [ -42.79359798, -12.79771029 ], [ -42.79360512, -12.79750328 ], [ -42.79361464, -12.79729388 ], [ -42.79362416, -12.79703214 ], [ -42.79364795, -12.79670616 ], [ -42.79366223, -12.7965277 ], [ -42.79369554, -12.79613271 ], [ -42.79372647, -12.79584003 ], [ -42.79375503, -12.79548549 ], [ -42.79380499, -12.79518568 ], [ -42.79382165, -12.79506433 ], [ -42.79384545, -12.79497391 ], [ -42.79403818, -12.79434811 ], [ -42.79408339, -12.79420296 ], [ -42.79412384, -12.79410541 ], [ -42.79415478, -12.79401975 ], [ -42.79419999, -12.79389601 ], [ -42.79424044, -12.79377228 ], [ -42.79427375, -12.79366759 ], [ -42.79430468, -12.79359858 ], [ -42.79435465, -12.79352482 ], [ -42.79449742, -12.79334398 ], [ -42.79465208, -12.79318931 ], [ -42.79471633, -12.79308938 ], [ -42.79474726, -12.79301323 ], [ -42.7947663, -12.79293233 ], [ -42.79477581, -12.79280384 ], [ -42.79479247, -12.79253734 ], [ -42.79481389, -12.79236602 ], [ -42.79483768, -12.79217804 ], [ -42.79486623, -12.79205907 ], [ -42.79489955, -12.79195437 ], [ -42.79492096, -12.79186633 ], [ -42.79495189, -12.79171643 ], [ -42.79496855, -12.7915689 ], [ -42.79496379, -12.79130716 ], [ -42.79492334, -12.79104542 ], [ -42.79488527, -12.79081699 ], [ -42.79484958, -12.79064091 ], [ -42.79473774, -12.79031968 ], [ -42.79463305, -12.7899699 ], [ -42.79453787, -12.78969151 ], [ -42.79444983, -12.78948211 ], [ -42.79427137, -12.7891823 ], [ -42.7941286, -12.78896339 ], [ -42.79410481, -12.78892056 ], [ -42.79409053, -12.78884204 ], [ -42.79408101, -12.78867072 ], [ -42.79408577, -12.78857078 ], [ -42.79410481, -12.7884875 ], [ -42.79416905, -12.78839708 ], [ -42.79427851, -12.78832094 ], [ -42.794407, -12.7882091 ], [ -42.79449742, -12.78809965 ], [ -42.79462829, -12.78794974 ], [ -42.79474215, -12.78785409 ], [ -42.79488584, -12.78774108 ], [ -42.79503518, -12.78765707 ], [ -42.7954643, -12.78750118 ], [ -42.79561681, -12.78745542 ], [ -42.79564477, -12.78743118 ], [ -42.79570143, -12.78734536 ], [ -42.79582754, -12.78720735 ], [ -42.79588702, -12.78711217 ], [ -42.79590844, -12.78694323 ], [ -42.79592509, -12.78667911 ], [ -42.79594889, -12.7861009 ], [ -42.79596079, -12.78597955 ], [ -42.79596079, -12.78577253 ], [ -42.79566097, -12.78576302 ], [ -42.79558245, -12.78573446 ], [ -42.79542303, -12.78563452 ], [ -42.79503042, -12.78528236 ], [ -42.79463067, -12.7848612 ], [ -42.7944998, -12.78463515 ], [ -42.79438796, -12.78444479 ], [ -42.79426185, -12.78427823 ], [ -42.79401201, -12.7839808 ], [ -42.79393799, -12.78390365 ], [ -42.79384127, -12.78378171 ], [ -42.79373701, -12.78363369 ], [ -42.79365322, -12.78353036 ], [ -42.7935983, -12.78347171 ], [ -42.79353779, -12.78340468 ], [ -42.79347821, -12.7833479 ], [ -42.79343166, -12.78331624 ], [ -42.79333763, -12.78327063 ], [ -42.79323151, -12.7832185 ], [ -42.79314679, -12.78318033 ], [ -42.79310676, -12.78316729 ], [ -42.79304997, -12.78314961 ], [ -42.79297364, -12.78313006 ], [ -42.79282469, -12.78309654 ], [ -42.79271203, -12.78307945 ], [ -42.79241438, -12.78302309 ], [ -42.7922145, -12.78299073 ], [ -42.79173671, -12.78289555 ], [ -42.79072642, -12.78271371 ], [ -42.79044995, -12.78265544 ], [ -42.78990744, -12.78254123 ], [ -42.78940299, -12.78239846 ], [ -42.78913173, -12.78234611 ], [ -42.78863443, -12.78228424 ], [ -42.78813236, -12.78223071 ], [ -42.78799911, -12.78222833 ], [ -42.78754701, -12.78219739 ], [ -42.78693311, -12.78213553 ], [ -42.78661664, -12.78211411 ], [ -42.7863668, -12.78209984 ], [ -42.7861812, -12.78208318 ], [ -42.78593374, -12.78203083 ], [ -42.7855673, -12.78194755 ], [ -42.78538884, -12.78189282 ], [ -42.78517945, -12.78182382 ], [ -42.7850343, -12.78171198 ], [ -42.78490105, -12.78156922 ], [ -42.78480349, -12.78147642 ], [ -42.78470832, -12.78140265 ], [ -42.784606, -12.78135031 ], [ -42.7845013, -12.78133127 ], [ -42.78427049, -12.78131699 ], [ -42.78393023, -12.78129558 ], [ -42.78368991, -12.78125037 ], [ -42.78350669, -12.78119802 ], [ -42.7830189, -12.78101242 ], [ -42.78283092, -12.78091248 ], [ -42.78274764, -12.78086252 ], [ -42.7825668, -12.78075544 ], [ -42.78229554, -12.7805984 ], [ -42.78207425, -12.78052463 ], [ -42.78199811, -12.78051273 ], [ -42.78163881, -12.78046753 ], [ -42.78147939, -12.78043897 ], [ -42.78127475, -12.78030096 ], [ -42.78048477, -12.77966327 ], [ -42.78024207, -12.77950622 ], [ -42.78011358, -12.77944436 ], [ -42.77984708, -12.77934918 ], [ -42.77939736, -12.77921117 ], [ -42.77918083, -12.77913503 ], [ -42.77900713, -12.77902319 ], [ -42.77885484, -12.77887091 ], [ -42.77875014, -12.77871624 ], [ -42.77861927, -12.77843309 ], [ -42.77852648, -12.77832839 ], [ -42.77839085, -12.77825225 ], [ -42.7782457, -12.77821656 ], [ -42.77807676, -12.77814993 ], [ -42.7778745, -12.77802382 ], [ -42.7776199, -12.77784774 ], [ -42.77739385, -12.77760265 ], [ -42.77719398, -12.77736709 ], [ -42.77699648, -12.77710535 ], [ -42.77660387, -12.776589 ], [ -42.77640162, -12.77629395 ], [ -42.7762993, -12.77616546 ], [ -42.77616129, -12.77601555 ], [ -42.77599949, -12.77587992 ], [ -42.77583531, -12.77575381 ], [ -42.77554977, -12.77551349 ], [ -42.77523806, -12.77518988 ], [ -42.77500011, -12.77490672 ], [ -42.77462936, -12.77441616 ], [ -42.77429003, -12.77414809 ], [ -42.77406737, -12.77409295 ], [ -42.77377469, -12.77408224 ], [ -42.77359623, -12.77405726 ], [ -42.77327501, -12.7739359 ], [ -42.77316079, -12.77388237 ], [ -42.77288596, -12.77371461 ], [ -42.77245052, -12.7733113 ], [ -42.77194013, -12.7728473 ], [ -42.77170813, -12.7726617 ], [ -42.77154038, -12.77253678 ], [ -42.77132623, -12.77243684 ], [ -42.771005, -12.77230121 ], [ -42.77069091, -12.7721406 ], [ -42.77044464, -12.77200854 ], [ -42.77024833, -12.77189433 ], [ -42.77011627, -12.77180867 ], [ -42.77004489, -12.77171587 ], [ -42.76997707, -12.77158738 ], [ -42.76989855, -12.77147673 ], [ -42.76979861, -12.77139464 ], [ -42.76963443, -12.77131969 ], [ -42.76946668, -12.77125901 ], [ -42.76917043, -12.77117335 ], [ -42.76897413, -12.77111624 ], [ -42.76881708, -12.77104129 ], [ -42.76862078, -12.77094492 ], [ -42.76827336, -12.77081142 ], [ -42.76796443, -12.77067487 ], [ -42.76774595, -12.77056222 ], [ -42.76756503, -12.77045299 ], [ -42.76742678, -12.77037447 ], [ -42.7673312, -12.77033522 ], [ -42.7672817, -12.77033351 ], [ -42.76722026, -12.77033522 ], [ -42.76716052, -12.77034716 ], [ -42.76708371, -12.77038301 ], [ -42.76690943, -12.77049585 ], [ -42.76682548, -12.77053447 ], [ -42.76661846, -12.77064511 ], [ -42.76632222, -12.77078788 ], [ -42.76592604, -12.77094492 ], [ -42.76569404, -12.77102344 ], [ -42.76560054, -12.77102815 ], [ -42.76554808, -12.77102815 ], [ -42.76550175, -12.77102203 ], [ -42.76544405, -12.77100979 ], [ -42.76537761, -12.77098532 ], [ -42.76524036, -12.77091276 ], [ -42.76510049, -12.77083495 ], [ -42.76501831, -12.77079474 ], [ -42.76492915, -12.77075802 ], [ -42.76484784, -12.77072655 ], [ -42.76477091, -12.77069945 ], [ -42.76467125, -12.77066885 ], [ -42.76457509, -12.77064438 ], [ -42.76444046, -12.77061028 ], [ -42.76428042, -12.77059069 ], [ -42.76410932, -12.77056659 ], [ -42.763913, -12.77055881 ], [ -42.76374688, -12.77055881 ], [ -42.76369704, -12.77056493 ], [ -42.76361486, -12.77058941 ], [ -42.76327056, -12.77069865 ], [ -42.76317634, -12.77071578 ], [ -42.76314021, -12.7707204 ], [ -42.76310778, -12.77072517 ], [ -42.76302643, -12.7707258 ], [ -42.76295211, -12.77072318 ], [ -42.76285244, -12.77071444 ], [ -42.76272566, -12.77069783 ], [ -42.76253768, -12.77067597 ], [ -42.76242926, -12.77066373 ], [ -42.76234096, -12.77064449 ], [ -42.76226576, -12.77062088 ], [ -42.76219494, -12.77059028 ], [ -42.76212937, -12.7705658 ], [ -42.76209702, -12.77055356 ], [ -42.76203562, -12.77054517 ], [ -42.76180719, -12.77054517 ], [ -42.76133249, -12.77053803 ], [ -42.76066505, -12.77054517 ], [ -42.7601154, -12.77055588 ], [ -42.75985484, -12.770588 ], [ -42.75855634, -12.77069632 ], [ -42.75799114, -12.77062369 ], [ -42.7574512, -12.77063317 ], [ -42.7572274, -12.77062013 ], [ -42.75707675, -12.77062815 ], [ -42.75693973, -12.77063615 ], [ -42.75692032, -12.77064414 ], [ -42.75680157, -12.77071036 ], [ -42.75653666, -12.77087022 ], [ -42.75599026, -12.77123046 ], [ -42.75547436, -12.77161396 ], [ -42.7548557, -12.77274659 ], [ -42.75439885, -12.77351277 ], [ -42.75382302, -12.77442173 ], [ -42.75355176, -12.77483576 ], [ -42.75334237, -12.77534972 ], [ -42.75315201, -12.7757923 ], [ -42.75310254, -12.7759071 ], [ -42.75293786, -12.77612542 ], [ -42.75262853, -12.77644903 ], [ -42.75235727, -12.77671553 ], [ -42.75192435, -12.77712351 ], [ -42.75162363, -12.77730273 ], [ -42.75155514, -12.77734157 ], [ -42.75093681, -12.77768695 ], [ -42.75090237, -12.77771437 ], [ -42.75088578, -12.77773044 ], [ -42.75085778, -12.77775948 ], [ -42.75083444, -12.77778437 ], [ -42.75080696, -12.77781289 ], [ -42.75078622, -12.77784245 ], [ -42.75076029, -12.77788082 ], [ -42.7507411, -12.77791401 ], [ -42.75072866, -12.77794564 ], [ -42.75071362, -12.77798298 ], [ -42.7506873, -12.77805315 ], [ -42.7506827, -12.77807406 ], [ -42.75067015, -12.77814097 ], [ -42.75055048, -12.77875641 ], [ -42.7505243, -12.77887657 ], [ -42.75047671, -12.77910381 ], [ -42.75047076, -12.77914188 ], [ -42.75046006, -12.77917995 ], [ -42.75041604, -12.77930963 ], [ -42.75031848, -12.77955115 ], [ -42.75010169, -12.78009614 ], [ -42.75001112, -12.78034183 ], [ -42.74977793, -12.780832 ], [ -42.74963517, -12.78126982 ], [ -42.74954475, -12.78149349 ], [ -42.74921162, -12.7821407 ], [ -42.74891241, -12.78269893 ], [ -42.74888288, -12.782764 ], [ -42.74886707, -12.78287107 ], [ -42.74886559, -12.78295968 ], [ -42.7488715, -12.78306454 ], [ -42.74892467, -12.78332743 ], [ -42.74894512, -12.78345892 ], [ -42.74901175, -12.78377777 ], [ -42.74904506, -12.78401572 ], [ -42.74904982, -12.78415848 ], [ -42.74903554, -12.78452492 ], [ -42.74900699, -12.78517689 ], [ -42.74900699, -12.78528635 ], [ -42.7490403, -12.78551954 ], [ -42.74922114, -12.7861953 ], [ -42.74936867, -12.786833 ], [ -42.74952095, -12.78764201 ], [ -42.74963041, -12.78804652 ], [ -42.74973986, -12.78826067 ], [ -42.74987966, -12.78858263 ], [ -42.74994926, -12.78885554 ], [ -42.74996353, -12.78895072 ], [ -42.74997487, -12.78912224 ], [ -42.74994926, -12.78933143 ], [ -42.74987787, -12.78975022 ], [ -42.74978745, -12.79024514 ], [ -42.7497197, -12.79049437 ], [ -42.74967842, -12.79063246 ], [ -42.74963353, -12.79074454 ], [ -42.74960516, -12.79080027 ], [ -42.74957273, -12.79083472 ], [ -42.74952815, -12.79087019 ], [ -42.74945519, -12.7909097 ], [ -42.74935893, -12.79094821 ], [ -42.74920924, -12.791003 ], [ -42.74904506, -12.79105059 ], [ -42.74892424, -12.79108804 ], [ -42.74881425, -12.79110532 ], [ -42.74873224, -12.79112666 ], [ -42.74857393, -12.79125285 ], [ -42.74843116, -12.79137182 ], [ -42.74833122, -12.79145748 ], [ -42.74794337, -12.79188578 ], [ -42.74732233, -12.7925092 ], [ -42.74689403, -12.79291371 ], [ -42.74659897, -12.793204 ], [ -42.74648238, -12.79330632 ], [ -42.74592797, -12.79371083 ], [ -42.74527123, -12.79415579 ], [ -42.74513798, -12.79425097 ], [ -42.74500711, -12.7943866 ], [ -42.7448001, -12.7946174 ], [ -42.74462402, -12.79484107 ], [ -42.74447412, -12.79515992 ], [ -42.74425758, -12.79560964 ], [ -42.74408388, -12.79582379 ], [ -42.74382214, -12.79604032 ], [ -42.74341526, -12.79638058 ], [ -42.74309165, -12.79670657 ], [ -42.74280135, -12.79694928 ], [ -42.74258244, -12.79710156 ], [ -42.74236591, -12.79730857 ], [ -42.74204469, -12.79765598 ], [ -42.74169728, -12.79804859 ], [ -42.74157117, -12.79821753 ], [ -42.74149027, -12.7983484 ], [ -42.74136654, -12.79863631 ], [ -42.74115953, -12.79919549 ], [ -42.74106673, -12.79952623 ], [ -42.74098345, -12.79985936 ], [ -42.74096679, -12.79990695 ], [ -42.74094775, -12.79995929 ], [ -42.740943, -12.80006399 ], [ -42.74094062, -12.80037094 ], [ -42.74093348, -12.8007112 ], [ -42.74091682, -12.80089442 ], [ -42.74087637, -12.80122279 ], [ -42.74084544, -12.8014536 ], [ -42.74081212, -12.8016273 ], [ -42.74074312, -12.80191521 ], [ -42.74067412, -12.80231972 ], [ -42.74064794, -12.80255767 ], [ -42.74059321, -12.80359987 ], [ -42.74055038, -12.80412335 ], [ -42.74049804, -12.80502041 ], [ -42.74048138, -12.80531546 ], [ -42.74046948, -12.80538447 ], [ -42.74030054, -12.80596267 ], [ -42.74012922, -12.80636718 ], [ -42.73983893, -12.80710957 ], [ -42.73979372, -12.80723093 ], [ -42.73976754, -12.80731659 ], [ -42.73971757, -12.80750219 ], [ -42.73964857, -12.80764257 ], [ -42.73954273, -12.80779217 ], [ -42.73942303, -12.80790039 ], [ -42.73929842, -12.80800041 ], [ -42.73916792, -12.80808039 ], [ -42.73897059, -12.80816906 ], [ -42.73851119, -12.80828979 ], [ -42.73832559, -12.8083231 ], [ -42.73816141, -12.80834689 ], [ -42.73793536, -12.80836593 ], [ -42.73752133, -12.8083921 ], [ -42.73721145, -12.80842203 ], [ -42.73704544, -12.8084849 ], [ -42.73693598, -12.80854677 ], [ -42.73683605, -12.80863957 ], [ -42.73676466, -12.80872523 ], [ -42.73670993, -12.80880613 ], [ -42.73668852, -12.80891796 ], [ -42.73665045, -12.80933437 ], [ -42.73661238, -12.80975316 ], [ -42.7365862, -12.80985309 ], [ -42.73653147, -12.80994827 ], [ -42.73628245, -12.81040058 ], [ -42.73593423, -12.81107852 ], [ -42.73566059, -12.81158058 ], [ -42.73502935, -12.81258994 ], [ -42.73462459, -12.81319148 ], [ -42.73424457, -12.81364809 ] ] ] ] } },
{ "type": "Feature", "properties": { "gid": 41, "area_decre": 22.581, "area_geo": 22.5867, "ato_vigent": "Decreto n° 251 de 29/11/2019", "bioma": "Mata Atlântica", "categoria": "Parque Natural Municipal", "grupo": "Proteção Integral", "id": 42, "municipio": "Salinas da Margarida", "nome_uc": "Parque Natural Municipal Salinas da Margarida", "observacao": null, "org_gestor": "Prefeitura Municipal de Salinas da Margarida", "snuc": "Sim" }, "geometry": { "type": "MultiPolygon", "coordinates": [ [ [ [ -38.79781096, -12.86907877 ], [ -38.79781096, -12.86907877 ], [ -38.79773208, -12.86879389 ], [ -38.79765321, -12.868509 ], [ -38.79749546, -12.86793924 ], [ -38.79741475, -12.86805319 ], [ -38.79733405, -12.86816715 ], [ -38.79728523, -12.86821635 ], [ -38.79723641, -12.86826556 ], [ -38.79713877, -12.86836397 ], [ -38.79708091, -12.86842072 ], [ -38.79705197, -12.86844909 ], [ -38.79702304, -12.86847747 ], [ -38.79700062, -12.86849521 ], [ -38.79697821, -12.86851295 ], [ -38.79695579, -12.8685307 ], [ -38.79693337, -12.86854844 ], [ -38.79692905, -12.86855305 ], [ -38.79692473, -12.86855766 ], [ -38.79692041, -12.86856227 ], [ -38.79691609, -12.86856688 ], [ -38.79694793, -12.86859684 ], [ -38.79697978, -12.86862681 ], [ -38.79701162, -12.86865677 ], [ -38.79704347, -12.86868673 ], [ -38.79698879, -12.86874267 ], [ -38.79693412, -12.86879861 ], [ -38.79682476, -12.86891049 ], [ -38.79681822, -12.86891719 ], [ -38.79681494, -12.86892053 ], [ -38.79681167, -12.86892388 ], [ -38.79681107, -12.8689254 ], [ -38.79681046, -12.86892692 ], [ -38.79680986, -12.86892844 ], [ -38.79680926, -12.86892996 ], [ -38.79680876, -12.868935 ], [ -38.79680827, -12.86894005 ], [ -38.79680778, -12.86894509 ], [ -38.79680729, -12.86895014 ], [ -38.79705058, -12.86916816 ], [ -38.79729388, -12.86938617 ], [ -38.79778048, -12.8698222 ], [ -38.79752799, -12.87005663 ], [ -38.79727549, -12.87029107 ], [ -38.79745593, -12.87045625 ], [ -38.79763637, -12.87062144 ], [ -38.79770348, -12.87055087 ], [ -38.79777059, -12.87048031 ], [ -38.7978377, -12.87040974 ], [ -38.79790481, -12.87033918 ], [ -38.79796939, -12.87035402 ], [ -38.79803398, -12.87036886 ], [ -38.79809857, -12.8703837 ], [ -38.79816316, -12.87039854 ], [ -38.79817229, -12.87039917 ], [ -38.79818142, -12.87039979 ], [ -38.79819055, -12.87040041 ], [ -38.79819968, -12.87040103 ], [ -38.79827718, -12.87047395 ], [ -38.79835468, -12.87054686 ], [ -38.79843218, -12.87061978 ], [ -38.79850968, -12.8706927 ], [ -38.79849408, -12.87090475 ], [ -38.79847848, -12.8711168 ], [ -38.79846288, -12.87132885 ], [ -38.79844728, -12.8715409 ], [ -38.7981875, -12.87157299 ], [ -38.79792773, -12.87160508 ], [ -38.79766796, -12.87163716 ], [ -38.79740818, -12.87166925 ], [ -38.79739332, -12.87164641 ], [ -38.79737845, -12.87162357 ], [ -38.79734872, -12.87157789 ], [ -38.79728619, -12.87164186 ], [ -38.79722367, -12.87170583 ], [ -38.79718022, -12.87173904 ], [ -38.79713678, -12.87177226 ], [ -38.79709334, -12.87180547 ], [ -38.79704989, -12.87183869 ], [ -38.7970393, -12.87185058 ], [ -38.79702872, -12.87186247 ], [ -38.79701813, -12.87187436 ], [ -38.79700754, -12.87188625 ], [ -38.79698661, -12.87188839 ], [ -38.79696569, -12.87189053 ], [ -38.79694476, -12.87189267 ], [ -38.79692383, -12.87189481 ], [ -38.79690533, -12.87191246 ], [ -38.79688683, -12.87193012 ], [ -38.79686832, -12.87194778 ], [ -38.79684982, -12.87196544 ], [ -38.79680765, -12.87198752 ], [ -38.79676549, -12.87200961 ], [ -38.79672332, -12.8720317 ], [ -38.79668115, -12.87205378 ], [ -38.79649409, -12.87222428 ], [ -38.79630702, -12.87239477 ], [ -38.79593289, -12.87273576 ], [ -38.79585645, -12.87264695 ], [ -38.79578, -12.87255815 ], [ -38.79567768, -12.87277564 ], [ -38.79557535, -12.87299314 ], [ -38.79551752, -12.87310811 ], [ -38.79545968, -12.87322308 ], [ -38.79479072, -12.87289358 ], [ -38.79412177, -12.87256408 ], [ -38.79400017, -12.87286617 ], [ -38.79387858, -12.87316826 ], [ -38.79386902, -12.8731808 ], [ -38.79385945, -12.87319334 ], [ -38.79384989, -12.87320588 ], [ -38.79384033, -12.87321842 ], [ -38.79387688, -12.87336595 ], [ -38.79391343, -12.87351348 ], [ -38.79398653, -12.87380855 ], [ -38.7935863, -12.8738701 ], [ -38.79318608, -12.87393165 ], [ -38.79308754, -12.87391458 ], [ -38.79298901, -12.87389751 ], [ -38.79289048, -12.87388044 ], [ -38.79279194, -12.87386337 ], [ -38.79274674, -12.87379443 ], [ -38.79270153, -12.87372548 ], [ -38.79265633, -12.87365654 ], [ -38.79261112, -12.87358759 ], [ -38.7926029, -12.8735309 ], [ -38.79259469, -12.87347422 ], [ -38.79258647, -12.87341753 ], [ -38.79257825, -12.87336084 ], [ -38.79232949, -12.8731255 ], [ -38.79208074, -12.87289015 ], [ -38.79183198, -12.87265481 ], [ -38.79158323, -12.87241946 ], [ -38.79147004, -12.87243112 ], [ -38.79135685, -12.87244278 ], [ -38.79124367, -12.87245444 ], [ -38.79113048, -12.8724661 ], [ -38.79108776, -12.87244671 ], [ -38.79104505, -12.87242731 ], [ -38.79100233, -12.87240792 ], [ -38.79095961, -12.87238853 ], [ -38.79079497, -12.8722848 ], [ -38.79063032, -12.87218108 ], [ -38.79030103, -12.87197362 ], [ -38.79027305, -12.87203293 ], [ -38.79024508, -12.87209223 ], [ -38.79081529, -12.8724657 ], [ -38.79138551, -12.87283917 ], [ -38.79195572, -12.87321264 ], [ -38.79252594, -12.8735861 ], [ -38.79258566, -12.8736678 ], [ -38.79264538, -12.8737495 ], [ -38.79270511, -12.8738312 ], [ -38.79276483, -12.8739129 ], [ -38.79286927, -12.87393872 ], [ -38.79297371, -12.87396454 ], [ -38.79307815, -12.87399036 ], [ -38.79318259, -12.87401618 ], [ -38.79424225, -12.87471019 ], [ -38.79530192, -12.8754042 ], [ -38.79742126, -12.87679222 ], [ -38.7975915, -12.87614426 ], [ -38.79776173, -12.87549631 ], [ -38.7978007, -12.87485676 ], [ -38.79783967, -12.87421721 ], [ -38.79787864, -12.87357766 ], [ -38.7979176, -12.87293811 ], [ -38.79818559, -12.87294022 ], [ -38.79845357, -12.87294234 ], [ -38.79872155, -12.87294446 ], [ -38.79898953, -12.87294658 ], [ -38.79903993, -12.87225118 ], [ -38.79909033, -12.87155578 ], [ -38.79914073, -12.87086037 ], [ -38.79919113, -12.87016497 ], [ -38.79913325, -12.86994718 ], [ -38.79907537, -12.86972938 ], [ -38.7990175, -12.86951158 ], [ -38.79895962, -12.86929378 ], [ -38.7987463, -12.86929507 ], [ -38.79853298, -12.86929636 ], [ -38.79810635, -12.86929895 ], [ -38.79787231, -12.86930037 ], [ -38.79781096, -12.86907877 ] ] ] ] } },
{ "type": "Feature", "properties": { "gid": 42, "area_decre": 48.0693, "area_geo": 47.9352, "ato_vigent": "Decreto nº 263 de 13/11/2020", "bioma": "Cerrado", "categoria": "Monumento Natural", "grupo": "Proteção Integral", "id": 43, "municipio": "Barreiras", "nome_uc": "Monumento Natural da Cachoeira do Acaba Vida", "observacao": "Como o memorial descritivo existente no ato de criação da UC está incompleto, teve-se como referência o desenho da poligonal existente nos estudos para criação da UC.", "org_gestor": "Prefeitura Municipal de Barreiras", "snuc": "Sim" }, "geometry": { "type": "MultiPolygon", "coordinates": [ [ [ [ -45.60008898, -11.89329747 ], [ -45.59941383, -11.8962229 ], [ -45.5991202, -11.89751833 ], [ -45.60777989, -11.89942709 ], [ -45.608063, -11.89948645 ], [ -45.60997638, -11.89988759 ], [ -45.61045514, -11.89839495 ], [ -45.60905635, -11.89787827 ], [ -45.60884352, -11.89762126 ], [ -45.60828422, -11.89736498 ], [ -45.60788504, -11.896878 ], [ -45.60810729, -11.89615234 ], [ -45.6087229, -11.89508296 ], [ -45.60713392, -11.8942723 ], [ -45.60581786, -11.89413393 ], [ -45.60444259, -11.89482775 ], [ -45.60305462, -11.89531922 ], [ -45.6025719, -11.89524524 ], [ -45.60175647, -11.89415763 ], [ -45.60008898, -11.89329747 ] ] ] ] } },
{ "type": "Feature", "properties": { "gid": 43, "area_decre": 44.54, "area_geo": 44.5315, "ato_vigent": "Decreto nº 264 de 13/11/2020", "bioma": "Cerrado", "categoria": "Parque Natural Municipal", "grupo": "Proteção Integral", "id": 44, "municipio": "Barreiras", "nome_uc": "Parque Natural Municipal Engenheiro Geraldo Rocha", "observacao": null, "org_gestor": "Prefeitura Municipal de Barreiras", "snuc": "Sim" }, "geometry": { "type": "MultiPolygon", "coordinates": [ [ [ [ -45.00142178, -12.14426432 ], [ -45.00123711, -12.14485271 ], [ -45.00132368, -12.14485972 ], [ -45.00158321, -12.14481401 ], [ -45.0019957, -12.14474628 ], [ -45.00220445, -12.14470655 ], [ -45.00242293, -12.14477924 ], [ -45.00265256, -12.14475378 ], [ -45.00293849, -12.14475848 ], [ -45.00317057, -12.14479068 ], [ -45.00356082, -12.14479519 ], [ -45.00372691, -12.14503001 ], [ -45.00467054, -12.14476953 ], [ -45.0069024, -12.14408855 ], [ -45.00699805, -12.1437948 ], [ -45.00693414, -12.14333817 ], [ -45.00653222, -12.14248827 ], [ -45.00599895, -12.14174508 ], [ -45.00484665, -12.14091158 ], [ -45.0036477, -12.14070029 ], [ -45.00272603, -12.1408767 ], [ -45.0018492, -12.1416811 ], [ -45.00128995, -12.14257471 ], [ -45.00154832, -12.14298603 ], [ -45.00157006, -12.1434167 ], [ -45.00142178, -12.14426432 ] ] ], [ [ [ -44.99744929, -12.13958897 ], [ -44.99760493, -12.13994872 ], [ -44.99772288, -12.14015468 ], [ -44.99788204, -12.14048814 ], [ -44.99804405, -12.14094358 ], [ -44.99817277, -12.14129857 ], [ -44.99826942, -12.14165886 ], [ -44.99833089, -12.14201549 ], [ -44.99839531, -12.1422543 ], [ -44.99845563, -12.14275856 ], [ -44.99848973, -12.14285084 ], [ -44.99842185, -12.14316921 ], [ -44.99833613, -12.14338479 ], [ -44.99839568, -12.14382479 ], [ -44.99844473, -12.14406028 ], [ -44.99858994, -12.14424983 ], [ -44.9987272, -12.14441293 ], [ -44.99922208, -12.14495209 ], [ -44.99943532, -12.14507457 ], [ -44.99958535, -12.14511897 ], [ -44.9997461, -12.1450495 ], [ -44.99993708, -12.14486583 ], [ -45.00013084, -12.14477154 ], [ -45.00034535, -12.14423318 ], [ -45.00036692, -12.14393289 ], [ -45.00034538, -12.14364976 ], [ -45.000413, -12.14350201 ], [ -45.00043555, -12.14328669 ], [ -45.00054069, -12.14309845 ], [ -45.0006261, -12.14263485 ], [ -45.00071427, -12.14230106 ], [ -45.00074161, -12.14206365 ], [ -45.00073218, -12.14205942 ], [ -45.0007146, -12.14204249 ], [ -45.00069085, -12.14200538 ], [ -45.00067793, -12.14196919 ], [ -45.00067231, -12.1419275 ], [ -45.00077746, -12.14165205 ], [ -45.00084875, -12.1416179 ], [ -45.00093263, -12.14145639 ], [ -45.00066219, -12.14134276 ], [ -45.00073942, -12.14118093 ], [ -45.00082447, -12.14100656 ], [ -45.00086401, -12.14092534 ], [ -45.00091909, -12.14080504 ], [ -45.00103615, -12.14067915 ], [ -45.00099021, -12.14065886 ], [ -45.00111191, -12.14006029 ], [ -45.00114632, -12.13975947 ], [ -45.00108845, -12.13976548 ], [ -45.00116349, -12.13914035 ], [ -45.00116337, -12.13910718 ], [ -45.00137957, -12.13898344 ], [ -44.99958772, -12.13883825 ], [ -44.99961565, -12.13789018 ], [ -44.99811684, -12.13779828 ], [ -44.99813099, -12.13766058 ], [ -44.99627141, -12.13742105 ], [ -44.99647464, -12.13770998 ], [ -44.9966433, -12.13799382 ], [ -44.99677263, -12.13823667 ], [ -44.99684568, -12.13837182 ], [ -44.99688092, -12.13843699 ], [ -44.99698385, -12.13855499 ], [ -44.99710155, -12.13875647 ], [ -44.99723245, -12.1390812 ], [ -44.99734903, -12.13937293 ], [ -44.99744929, -12.13958897 ] ] ] ] } },
{ "type": "Feature", "properties": { "gid": 44, "area_decre": 344.0, "area_geo": 344.2233, "ato_vigent": "Lei nº 1710 de 11/01/2022", "bioma": "Mata Atlântica", "categoria": "Parque Natural Municipal", "grupo": "Proteção Integral", "id": 36, "municipio": "Camaçari", "nome_uc": "Parque Natural Municipal das Dunas de Abrantes e Jauá", "observacao": null, "org_gestor": "Prefeitura Municipal de Camaçari", "snuc": "Sim" }, "geometry": { "type": "MultiPolygon", "coordinates": [ [ [ [ -38.27219779, -12.85606146 ], [ -38.27245287, -12.8553702 ], [ -38.27226865, -12.85538136 ], [ -38.27206508, -12.85536912 ], [ -38.27204206, -12.85526121 ], [ -38.27183971, -12.85501773 ], [ -38.27133697, -12.85477677 ], [ -38.27078516, -12.85463439 ], [ -38.27028375, -12.85454069 ], [ -38.26998265, -12.85444521 ], [ -38.26977976, -12.85415264 ], [ -38.26982627, -12.85375979 ], [ -38.26982641, -12.85373568 ], [ -38.27002339, -12.85341472 ], [ -38.26997028, -12.85307186 ], [ -38.26986709, -12.85272939 ], [ -38.26956373, -12.85238863 ], [ -38.26935836, -12.85180162 ], [ -38.26854738, -12.85068071 ], [ -38.26829582, -12.85053573 ], [ -38.26804379, -12.85034165 ], [ -38.26794239, -12.85019537 ], [ -38.26763425, -12.85017236 ], [ -38.26738273, -12.84998615 ], [ -38.26582692, -12.85062059 ], [ -38.26578851, -12.84940484 ], [ -38.26435923, -12.84985412 ], [ -38.26407561, -12.84628864 ], [ -38.2657208, -12.84377949 ], [ -38.26567976, -12.84347029 ], [ -38.26523978, -12.84311028 ], [ -38.26515966, -12.84298145 ], [ -38.26471194, -12.84293196 ], [ -38.26449576, -12.84316508 ], [ -38.26441027, -12.84330952 ], [ -38.26434058, -12.84387137 ], [ -38.26377656, -12.84475459 ], [ -38.26359466, -12.84489876 ], [ -38.2635716, -12.84502669 ], [ -38.26356671, -12.84515911 ], [ -38.26355368, -12.84533826 ], [ -38.26349086, -12.84548834 ], [ -38.26333162, -12.84563814 ], [ -38.26331343, -12.84604432 ], [ -38.26250563, -12.84689346 ], [ -38.26244106, -12.8470349 ], [ -38.26239147, -12.84714355 ], [ -38.26233411, -12.84736598 ], [ -38.26233365, -12.8475218 ], [ -38.26220212, -12.84789427 ], [ -38.26210514, -12.84808876 ], [ -38.26200262, -12.84823872 ], [ -38.26191138, -12.84841097 ], [ -38.26185428, -12.84854437 ], [ -38.26185952, -12.84868906 ], [ -38.26203846, -12.84866183 ], [ -38.26216666, -12.84867229 ], [ -38.26225652, -12.84869018 ], [ -38.26235847, -12.84873499 ], [ -38.26238986, -12.84877159 ], [ -38.26242064, -12.8488075 ], [ -38.26244877, -12.84888549 ], [ -38.26250536, -12.84893016 ], [ -38.26254517, -12.84889132 ], [ -38.26263024, -12.84889156 ], [ -38.26274909, -12.84897537 ], [ -38.26278286, -12.8490645 ], [ -38.26277701, -12.84912569 ], [ -38.26270869, -12.84921454 ], [ -38.26260063, -12.84931997 ], [ -38.26254281, -12.84934678 ], [ -38.26248137, -12.84937528 ], [ -38.26247559, -12.84941422 ], [ -38.26251815, -12.84939508 ], [ -38.26268006, -12.84930906 ], [ -38.2627253, -12.8493537 ], [ -38.26272486, -12.84950395 ], [ -38.26273614, -12.84952624 ], [ -38.26275893, -12.84949292 ], [ -38.26279326, -12.84938728 ], [ -38.26285643, -12.84932286 ], [ -38.26294109, -12.84925971 ], [ -38.2630375, -12.84925998 ], [ -38.26313929, -12.84936043 ], [ -38.26314433, -12.84943256 ], [ -38.26315018, -12.84951628 ], [ -38.2631437, -12.84959898 ], [ -38.2631384, -12.84966649 ], [ -38.26316078, -12.84977229 ], [ -38.26316044, -12.84988914 ], [ -38.26315582, -12.84997073 ], [ -38.26313781, -12.85001573 ], [ -38.26311461, -12.85004483 ], [ -38.26311448, -12.85008935 ], [ -38.26316552, -12.85008949 ], [ -38.26322819, -12.84999507 ], [ -38.26326257, -12.84987274 ], [ -38.26326317, -12.84966684 ], [ -38.2632295, -12.84954432 ], [ -38.26321855, -12.84941074 ], [ -38.26323584, -12.84931618 ], [ -38.26327558, -12.8492996 ], [ -38.26339465, -12.84931107 ], [ -38.26350795, -12.8493559 ], [ -38.2635814, -12.84945071 ], [ -38.26358471, -12.84951959 ], [ -38.26357895, -12.84960342 ], [ -38.2635637, -12.84968438 ], [ -38.2635067, -12.84978439 ], [ -38.2635461, -12.84988466 ], [ -38.26357367, -12.85015741 ], [ -38.26339158, -12.8503628 ], [ -38.26343059, -12.85060219 ], [ -38.26332767, -12.85088571 ], [ -38.263265, -12.8509857 ], [ -38.26315693, -12.85109112 ], [ -38.26279949, -12.8511402 ], [ -38.26254352, -12.85140103 ], [ -38.26252039, -12.85155121 ], [ -38.26245201, -12.85166232 ], [ -38.26216773, -12.85190637 ], [ -38.26198015, -12.85205052 ], [ -38.26190039, -12.85217272 ], [ -38.26183802, -12.85216698 ], [ -38.26166905, -12.85209927 ], [ -38.26139051, -12.85198765 ], [ -38.26109182, -12.851652 ], [ -38.26049185, -12.85092782 ], [ -38.2604451, -12.85081692 ], [ -38.26082648, -12.84873137 ], [ -38.25850078, -12.84553349 ], [ -38.25708626, -12.84444527 ], [ -38.2555251, -12.84360211 ], [ -38.25485524, -12.84452078 ], [ -38.25352312, -12.84378054 ], [ -38.2554705, -12.84090161 ], [ -38.25885042, -12.84005197 ], [ -38.26048453, -12.84018831 ], [ -38.26065541, -12.83958315 ], [ -38.26065688, -12.83907987 ], [ -38.2603465, -12.8389725 ], [ -38.26022759, -12.83894729 ], [ -38.26019577, -12.83881435 ], [ -38.26003069, -12.83871929 ], [ -38.26037375, -12.83756345 ], [ -38.26030329, -12.83737542 ], [ -38.25975368, -12.83685501 ], [ -38.26016458, -12.83654543 ], [ -38.26043869, -12.83635385 ], [ -38.26060583, -12.83622801 ], [ -38.26057478, -12.83584035 ], [ -38.26047492, -12.83547116 ], [ -38.2604477, -12.83549063 ], [ -38.25993517, -12.83566862 ], [ -38.25983572, -12.83572755 ], [ -38.25986631, -12.83577214 ], [ -38.2597605, -12.83581541 ], [ -38.25982484, -12.83591432 ], [ -38.25971717, -12.83596784 ], [ -38.25968656, -12.83589487 ], [ -38.25964785, -12.83590951 ], [ -38.25960569, -12.8358004 ], [ -38.2590169, -12.83603588 ], [ -38.25865292, -12.83557744 ], [ -38.25837685, -12.83486004 ], [ -38.25807616, -12.8343476 ], [ -38.25754833, -12.83478041 ], [ -38.2570794, -12.83504912 ], [ -38.25670507, -12.83537215 ], [ -38.25560097, -12.83562225 ], [ -38.25495147, -12.83543445 ], [ -38.254787, -12.83525509 ], [ -38.25454198, -12.83532927 ], [ -38.25434886, -12.83533638 ], [ -38.2542787, -12.83531704 ], [ -38.25389687, -12.83489113 ], [ -38.25367164, -12.83481387 ], [ -38.2534844, -12.83481143 ], [ -38.25344154, -12.83479599 ], [ -38.25337747, -12.83453836 ], [ -38.25433691, -12.83409035 ], [ -38.25457204, -12.83372546 ], [ -38.25472276, -12.83355175 ], [ -38.25479316, -12.83349071 ], [ -38.25488085, -12.83346059 ], [ -38.2551019, -12.83321981 ], [ -38.25503797, -12.83314881 ], [ -38.25520607, -12.83302679 ], [ -38.25516959, -12.83266883 ], [ -38.25532614, -12.83264347 ], [ -38.2554127, -12.83258521 ], [ -38.2545146, -12.83206868 ], [ -38.25434977, -12.83221653 ], [ -38.25426587, -12.83222395 ], [ -38.25401947, -12.83207767 ], [ -38.2533683, -12.83207582 ], [ -38.25258758, -12.83181804 ], [ -38.25196285, -12.83168843 ], [ -38.25167594, -12.83181544 ], [ -38.25161, -12.83227206 ], [ -38.25150294, -12.83222194 ], [ -38.25135339, -12.83204659 ], [ -38.25134449, -12.83187163 ], [ -38.25145731, -12.83179828 ], [ -38.25148567, -12.83171555 ], [ -38.25148597, -12.83161421 ], [ -38.25145813, -12.8315221 ], [ -38.25147744, -12.831338 ], [ -38.25154342, -12.83122772 ], [ -38.25153434, -12.83113566 ], [ -38.2514785, -12.83097892 ], [ -38.25142299, -12.83071181 ], [ -38.25132942, -12.83061951 ], [ -38.25116164, -12.8302636 ], [ -38.25115253, -12.83015867 ], [ -38.25121862, -12.83001151 ], [ -38.25132201, -12.82996579 ], [ -38.25144404, -12.82993856 ], [ -38.25159446, -12.82984687 ], [ -38.25159465, -12.82978241 ], [ -38.25125675, -12.82980911 ], [ -38.25112545, -12.82980874 ], [ -38.2509943, -12.82973469 ], [ -38.25081711, -12.8293751 ], [ -38.25106169, -12.82914563 ], [ -38.25114634, -12.82909064 ], [ -38.25122161, -12.82899882 ], [ -38.25120314, -12.82889752 ], [ -38.25106248, -12.82887867 ], [ -38.25087466, -12.82895182 ], [ -38.25058318, -12.82916271 ], [ -38.25055475, -12.82924553 ], [ -38.25055455, -12.82930989 ], [ -38.25049806, -12.82940185 ], [ -38.25039493, -12.82935555 ], [ -38.25025424, -12.82934592 ], [ -38.25020728, -12.82937336 ], [ -38.25013194, -12.82946527 ], [ -38.2500664, -12.82940062 ], [ -38.2500855, -12.82929021 ], [ -38.25011599, -12.82920661 ], [ -38.25010492, -12.82906932 ], [ -38.2499925, -12.82895608 ], [ -38.24990839, -12.82890296 ], [ -38.2497865, -12.82888426 ], [ -38.24968326, -12.82890231 ], [ -38.24961724, -12.82900347 ], [ -38.24948556, -12.82913192 ], [ -38.24940101, -12.82915012 ], [ -38.24941112, -12.82891998 ], [ -38.24932686, -12.8288645 ], [ -38.24895141, -12.82890023 ], [ -38.24895119, -12.8289739 ], [ -38.24903554, -12.82902016 ], [ -38.24907291, -12.8290755 ], [ -38.2490821, -12.82913076 ], [ -38.24905382, -12.82918601 ], [ -38.24898807, -12.82919495 ], [ -38.24898837, -12.8290937 ], [ -38.24886647, -12.82907491 ], [ -38.24877247, -12.82912988 ], [ -38.24876299, -12.82917596 ], [ -38.24870671, -12.82916658 ], [ -38.24862246, -12.8291111 ], [ -38.24847235, -12.82910145 ], [ -38.24841594, -12.82913808 ], [ -38.24835683, -12.8291252 ], [ -38.24832227, -12.82908258 ], [ -38.24831311, -12.82901809 ], [ -38.24830165, -12.82893855 ], [ -38.24823751, -12.82886372 ], [ -38.24810541, -12.82868727 ], [ -38.24798674, -12.82854138 ], [ -38.24780429, -12.82828128 ], [ -38.24801606, -12.82787002 ], [ -38.24818062, -12.82743444 ], [ -38.24847089, -12.82652135 ], [ -38.2486836, -12.82620265 ], [ -38.24893319, -12.82571826 ], [ -38.24845172, -12.82522238 ], [ -38.24664162, -12.82668019 ], [ -38.24630608, -12.82729386 ], [ -38.24526929, -12.82919 ], [ -38.24418635, -12.82971493 ], [ -38.24294961, -12.82954721 ], [ -38.24272764, -12.82951239 ], [ -38.24210405, -12.82930693 ], [ -38.24187516, -12.82953594 ], [ -38.24159738, -12.8294849 ], [ -38.24132833, -12.8294468 ], [ -38.24120113, -12.82944492 ], [ -38.24069448, -12.83010076 ], [ -38.24082463, -12.83039638 ], [ -38.2408395, -12.83051985 ], [ -38.2407161, -12.83069284 ], [ -38.24042983, -12.83095528 ], [ -38.24030796, -12.83094297 ], [ -38.23987003, -12.83063667 ], [ -38.23942964, -12.83114976 ], [ -38.23940537, -12.8313905 ], [ -38.23939255, -12.83181093 ], [ -38.23951803, -12.83216081 ], [ -38.23962545, -12.83239422 ], [ -38.23985372, -12.83269632 ], [ -38.23997999, -12.83283464 ], [ -38.24071034, -12.83350644 ], [ -38.240934, -12.83340556 ], [ -38.24099583, -12.83311267 ], [ -38.24066762, -12.83280071 ], [ -38.24060411, -12.83244726 ], [ -38.24138953, -12.83206454 ], [ -38.2416101, -12.83168239 ], [ -38.24297796, -12.83083105 ], [ -38.24364128, -12.83117986 ], [ -38.24353724, -12.8313231 ], [ -38.24382329, -12.83146149 ], [ -38.24455934, -12.83096624 ], [ -38.24498427, -12.83170815 ], [ -38.24447967, -12.83217178 ], [ -38.24496009, -12.83246358 ], [ -38.24561411, -12.83241619 ], [ -38.24584932, -12.83325992 ], [ -38.24624952, -12.8351798 ], [ -38.24666923, -12.83571499 ], [ -38.24806995, -12.83693625 ], [ -38.24830705, -12.83750035 ], [ -38.24752552, -12.83783872 ], [ -38.24755339, -12.83830532 ], [ -38.24575753, -12.83874446 ], [ -38.24593248, -12.83933787 ], [ -38.24555452, -12.83954763 ], [ -38.24624594, -12.84045123 ], [ -38.24589439, -12.84120334 ], [ -38.24643132, -12.84323753 ], [ -38.24903597, -12.8459264 ], [ -38.25199895, -12.84725808 ], [ -38.25315392, -12.84818663 ], [ -38.25331793, -12.8483445 ], [ -38.25583903, -12.84992629 ], [ -38.25369869, -12.85385749 ], [ -38.25724448, -12.85706718 ], [ -38.25724182, -12.8568413 ], [ -38.25742464, -12.85658697 ], [ -38.2574583, -12.85653719 ], [ -38.25763652, -12.85671115 ], [ -38.25787172, -12.85639784 ], [ -38.25819186, -12.85642418 ], [ -38.25887643, -12.85674412 ], [ -38.25911911, -12.8567327 ], [ -38.25971448, -12.85650195 ], [ -38.26166123, -12.85480329 ], [ -38.26547761, -12.85130245 ], [ -38.26718942, -12.85354267 ], [ -38.26789786, -12.85446977 ], [ -38.27219779, -12.85606146 ] ] ] ] } },
{ "type": "Feature", "properties": { "gid": 45, "area_decre": 371.67, "area_geo": 364.5539, "ato_vigent": "Lei nº 848 de 30/11/2021", "bioma": "Marinho", "categoria": "Parque Natural Municipal", "grupo": "Proteção Integral", "id": 45, "municipio": "Alcobaça", "nome_uc": "Parque Natural Municipal Marinho Recife de Areia", "observacao": "UC criada pela Lei Municipal nº471/1999", "org_gestor": "Secretaria Municipal de Meio Ambiente de Alcobaça", "snuc": "Sim" }, "geometry": { "type": "MultiPolygon", "coordinates": [ [ [ [ -39.0327897, -17.60682908 ], [ -39.03252814, -17.60828539 ], [ -39.03252819, -17.60856284 ], [ -39.03252828, -17.60904116 ], [ -39.03252836, -17.60951947 ], [ -39.03252846, -17.61009345 ], [ -39.03252857, -17.61066743 ], [ -39.03252865, -17.61114574 ], [ -39.0325287, -17.61138896 ], [ -39.03275147, -17.61190498 ], [ -39.03326269, -17.61228614 ], [ -39.03360532, -17.61242816 ], [ -39.03396321, -17.6125765 ], [ -39.03576174, -17.61275772 ], [ -39.03701007, -17.61345984 ], [ -39.03805273, -17.61404627 ], [ -39.03999455, -17.61449783 ], [ -39.0400028, -17.61449975 ], [ -39.04151688, -17.61462896 ], [ -39.04151688, -17.61462896 ], [ -39.04146129, -17.61479915 ], [ -39.04137271, -17.61507039 ], [ -39.04122854, -17.61551182 ], [ -39.04173639, -17.61555515 ], [ -39.04220475, -17.61559511 ], [ -39.04224425, -17.61559848 ], [ -39.04233852, -17.61560653 ], [ -39.0427521, -17.61564181 ], [ -39.04303877, -17.61566627 ], [ -39.04325995, -17.61568514 ], [ -39.04350044, -17.61570566 ], [ -39.0437678, -17.61572848 ], [ -39.04398556, -17.61583608 ], [ -39.0441239, -17.61590444 ], [ -39.04448, -17.6160804 ], [ -39.04490993, -17.61647162 ], [ -39.04533987, -17.61686284 ], [ -39.0455686, -17.61699486 ], [ -39.04568828, -17.61706393 ], [ -39.04579959, -17.61707563 ], [ -39.04608834, -17.61710599 ], [ -39.04624812, -17.61708971 ], [ -39.04648818, -17.61706524 ], [ -39.04688801, -17.61702448 ], [ -39.04701181, -17.61699868 ], [ -39.04708666, -17.61698308 ], [ -39.0475225, -17.61684365 ], [ -39.0476114, -17.61681521 ], [ -39.04797558, -17.6167462 ], [ -39.04832662, -17.61667967 ], [ -39.04833975, -17.61667718 ], [ -39.04838489, -17.61668117 ], [ -39.04879655, -17.61671762 ], [ -39.0491136, -17.61674569 ], [ -39.04925335, -17.61675807 ], [ -39.04935587, -17.61676714 ], [ -39.04971015, -17.61679851 ], [ -39.05016695, -17.61683896 ], [ -39.05070094, -17.61673452 ], [ -39.05116151, -17.6164961 ], [ -39.05134477, -17.61640123 ], [ -39.05162209, -17.61625768 ], [ -39.05177141, -17.6161617 ], [ -39.05209283, -17.61590937 ], [ -39.05241425, -17.61565705 ], [ -39.05267026, -17.61548111 ], [ -39.05275649, -17.61542186 ], [ -39.05289228, -17.61532854 ], [ -39.05309873, -17.61518667 ], [ -39.05309873, -17.61518667 ], [ -39.05363387, -17.61511321 ], [ -39.05391916, -17.6150258 ], [ -39.05393252, -17.61502171 ], [ -39.05404633, -17.61493954 ], [ -39.05418577, -17.61483888 ], [ -39.05443567, -17.614585 ], [ -39.05468557, -17.61433111 ], [ -39.05471475, -17.61431747 ], [ -39.05471475, -17.61431747 ], [ -39.05528595, -17.61394316 ], [ -39.05532889, -17.61391243 ], [ -39.05543372, -17.61377395 ], [ -39.05564563, -17.61336723 ], [ -39.05569213, -17.61327798 ], [ -39.05569527, -17.61324706 ], [ -39.05569636, -17.61317183 ], [ -39.05569093, -17.61309679 ], [ -39.05559669, -17.6122856 ], [ -39.05559667, -17.61224 ], [ -39.05559659, -17.61195301 ], [ -39.05559352, -17.61188039 ], [ -39.05558437, -17.61180823 ], [ -39.05556921, -17.61173701 ], [ -39.05554813, -17.61166719 ], [ -39.05544828, -17.61138023 ], [ -39.05534844, -17.61109327 ], [ -39.05527297, -17.61087637 ], [ -39.05527294, -17.61075803 ], [ -39.05527279, -17.61027972 ], [ -39.05517289, -17.60980143 ], [ -39.05497324, -17.60932317 ], [ -39.05467385, -17.6089406 ], [ -39.05457396, -17.60846232 ], [ -39.05447406, -17.60798403 ], [ -39.05437416, -17.60750574 ], [ -39.05437415, -17.60747881 ], [ -39.05433638, -17.60740271 ], [ -39.05432818, -17.60738692 ], [ -39.05432323, -17.6073774 ], [ -39.0542227, -17.60719129 ], [ -39.05416433, -17.60708322 ], [ -39.0541, -17.60696414 ], [ -39.05400542, -17.60678904 ], [ -39.05398436, -17.60678308 ], [ -39.05397236, -17.60677968 ], [ -39.05358138, -17.606669 ], [ -39.0534904, -17.60664324 ], [ -39.05315733, -17.60654895 ], [ -39.05273328, -17.60642891 ], [ -39.05266625, -17.6063139 ], [ -39.05259607, -17.60619351 ], [ -39.05248212, -17.60599803 ], [ -39.05246359, -17.60596623 ], [ -39.05201007, -17.60518819 ], [ -39.05161777, -17.60475541 ], [ -39.05122156, -17.60431831 ], [ -39.05110781, -17.60419283 ], [ -39.05110736, -17.60419233 ], [ -39.05110611, -17.60419095 ], [ -39.05091244, -17.60397729 ], [ -39.05072523, -17.60377076 ], [ -39.05060156, -17.60363433 ], [ -39.0497055, -17.60292372 ], [ -39.04942658, -17.60270253 ], [ -39.04934186, -17.60263534 ], [ -39.04916371, -17.60249406 ], [ -39.04888479, -17.60227286 ], [ -39.04878245, -17.60219169 ], [ -39.04859272, -17.60204123 ], [ -39.04856571, -17.60201981 ], [ -39.04848133, -17.60184938 ], [ -39.04847828, -17.60184323 ], [ -39.04738231, -17.59962949 ], [ -39.04720581, -17.5993176 ], [ -39.0467907, -17.59918501 ], [ -39.04629191, -17.5989938 ], [ -39.04579309, -17.59870692 ], [ -39.04539402, -17.59842003 ], [ -39.04499495, -17.59813313 ], [ -39.04459588, -17.59784623 ], [ -39.04409712, -17.59775068 ], [ -39.04357256, -17.59749929 ], [ -39.04349855, -17.59746382 ], [ -39.04299981, -17.59746393 ], [ -39.04250105, -17.59736838 ], [ -39.04202065, -17.59755278 ], [ -39.04200235, -17.59755981 ], [ -39.04147811, -17.59763175 ], [ -39.04130413, -17.59765562 ], [ -39.04123454, -17.59768901 ], [ -39.0407057, -17.59794273 ], [ -39.040207, -17.59813416 ], [ -39.03970829, -17.59832559 ], [ -39.03920959, -17.59851701 ], [ -39.0387109, -17.5988041 ], [ -39.0382122, -17.59899553 ], [ -39.03781326, -17.59928259 ], [ -39.03741434, -17.59966532 ], [ -39.0370154, -17.59995238 ], [ -39.03671623, -17.60033509 ], [ -39.03641705, -17.6007178 ], [ -39.03621765, -17.60119615 ], [ -39.03591849, -17.60167452 ], [ -39.0357191, -17.60224853 ], [ -39.03522038, -17.60243995 ], [ -39.03482143, -17.60272701 ], [ -39.03443995, -17.6030015 ], [ -39.03442248, -17.60301407 ], [ -39.0341233, -17.60339677 ], [ -39.03400509, -17.60368032 ], [ -39.03392388, -17.60387512 ], [ -39.0338071, -17.60398715 ], [ -39.03352494, -17.60425784 ], [ -39.03332872, -17.60472854 ], [ -39.03332872, -17.60472854 ], [ -39.03332553, -17.60473619 ], [ -39.03312611, -17.60521454 ], [ -39.03302644, -17.60569287 ], [ -39.03292678, -17.6061712 ], [ -39.03282711, -17.60664953 ], [ -39.0327897, -17.60682908 ], [ -39.0327897, -17.60682908 ] ] ] ] } },
{ "type": "Feature", "properties": { "gid": 46, "area_decre": 35.54, "area_geo": 35.543, "ato_vigent": "Decreto nº 023 de 16/10/2023", "bioma": "Caatinga", "categoria": "Monumento Natural", "grupo": "Proteção Integral", "id": 46, "municipio": "Saúde", "nome_uc": "Monumento Natural da Cachoeira do Paulista", "observacao": "UC criada com Zona de Amortecimento", "org_gestor": "Secretaria Municipal de Turismo e Meio Ambiente de Saúde", "snuc": "Sim" }, "geometry": { "type": "MultiPolygon", "coordinates": [ [ [ [ -40.44898887, -11.00596628 ], [ -40.44943052, -11.00570622 ], [ -40.44962484, -11.0056461 ], [ -40.4499473, -11.00558144 ], [ -40.4503567, -11.00559398 ], [ -40.45081826, -11.00560682 ], [ -40.45081294, -11.00547813 ], [ -40.45122822, -11.00548938 ], [ -40.45082236, -11.00402596 ], [ -40.45057388, -11.00321475 ], [ -40.44982508, -11.00241982 ], [ -40.44891762, -11.00170331 ], [ -40.44835447, -11.00139268 ], [ -40.44803166, -11.00171836 ], [ -40.44728106, -11.0023398 ], [ -40.44682899, -11.0027207 ], [ -40.44625041, -11.00322399 ], [ -40.44572066, -11.00370873 ], [ -40.44486645, -11.004348 ], [ -40.44446526, -11.00468519 ], [ -40.4440902, -11.00494505 ], [ -40.44462674, -11.00580072 ], [ -40.44493481, -11.00636665 ], [ -40.44469896, -11.00643395 ], [ -40.44471894, -11.00658363 ], [ -40.44436592, -11.00665601 ], [ -40.44419949, -11.00668674 ], [ -40.44431185, -11.00703337 ], [ -40.44442541, -11.00738557 ], [ -40.44462212, -11.00733241 ], [ -40.44468435, -11.00729613 ], [ -40.44480094, -11.0075926 ], [ -40.44492456, -11.0075452 ], [ -40.44507517, -11.00783689 ], [ -40.44538485, -11.00850689 ], [ -40.44555158, -11.00887143 ], [ -40.44585462, -11.00952477 ], [ -40.44598084, -11.00942727 ], [ -40.44618315, -11.00924686 ], [ -40.44632504, -11.00904221 ], [ -40.44647857, -11.0088242 ], [ -40.44669839, -11.00838994 ], [ -40.44675266, -11.00827873 ], [ -40.44689209, -11.00818557 ], [ -40.44711686, -11.00814218 ], [ -40.44729597, -11.00811188 ], [ -40.44758445, -11.00808671 ], [ -40.44783337, -11.00798016 ], [ -40.44796254, -11.00783379 ], [ -40.44812002, -11.00756976 ], [ -40.44818849, -11.0073444 ], [ -40.44836765, -11.00717983 ], [ -40.44863041, -11.00689018 ], [ -40.44881977, -11.00656792 ], [ -40.4489129, -11.00629659 ], [ -40.44898887, -11.00596628 ] ] ] ] } },
{ "type": "Feature", "properties": { "gid": 47, "area_decre": 3079.23, "area_geo": 3079.229, "ato_vigent": "Decreto nº 024 de 16/10/2023", "bioma": "Caatinga", "categoria": "Área de Proteção Ambiental", "grupo": "Uso Sustentável", "id": 47, "municipio": "Saúde", "nome_uc": "Área de Proteção Ambiental do Paulista", "observacao": null, "org_gestor": "Secretaria Municipal de Turismo e Meio Ambiente de Saúde", "snuc": "Sim" }, "geometry": { "type": "MultiPolygon", "coordinates": [ [ [ [ -40.44083591, -11.01060129 ], [ -40.44482452, -11.0407558 ], [ -40.44502101, -11.04156544 ], [ -40.44532494, -11.04499912 ], [ -40.4458658, -11.04803618 ], [ -40.44625119, -11.04907982 ], [ -40.44684739, -11.05108179 ], [ -40.44707335, -11.05219463 ], [ -40.44662875, -11.05329114 ], [ -40.44697743, -11.05445244 ], [ -40.44688296, -11.0565911 ], [ -40.44798218, -11.05659001 ], [ -40.44822704, -11.05664881 ], [ -40.44858853, -11.0566813 ], [ -40.44894327, -11.05668938 ], [ -40.44917713, -11.05658318 ], [ -40.44938667, -11.05636513 ], [ -40.44948819, -11.05611594 ], [ -40.4496444, -11.05587656 ], [ -40.44981243, -11.0555545 ], [ -40.44997359, -11.05512557 ], [ -40.4500009, -11.05440477 ], [ -40.45012189, -11.05411082 ], [ -40.45037577, -11.05398479 ], [ -40.4506403, -11.05384877 ], [ -40.45099277, -11.05380721 ], [ -40.45137603, -11.05382286 ], [ -40.4517585, -11.05385757 ], [ -40.45203294, -11.05388511 ], [ -40.45215587, -11.05397595 ], [ -40.45237591, -11.0541006 ], [ -40.45263705, -11.05421257 ], [ -40.45290906, -11.05442199 ], [ -40.45319118, -11.0547002 ], [ -40.45334052, -11.05478145 ], [ -40.45356155, -11.05496748 ], [ -40.45387571, -11.05514661 ], [ -40.45402866, -11.05525864 ], [ -40.45463001, -11.05573856 ], [ -40.45507761, -11.05582706 ], [ -40.45561758, -11.05583613 ], [ -40.45627257, -11.05582354 ], [ -40.45642114, -11.05579179 ], [ -40.45663308, -11.05573396 ], [ -40.4568506, -11.05565329 ], [ -40.45715025, -11.05548109 ], [ -40.45728836, -11.05538749 ], [ -40.45748029, -11.05527699 ], [ -40.4576399, -11.05514976 ], [ -40.45777534, -11.05496972 ], [ -40.45788358, -11.05475838 ], [ -40.45801372, -11.05451779 ], [ -40.45814998, -11.05430334 ], [ -40.45832947, -11.0542151 ], [ -40.45855394, -11.05408734 ], [ -40.45874528, -11.0540284 ], [ -40.4589598, -11.05399142 ], [ -40.45918347, -11.05400707 ], [ -40.45933954, -11.05404779 ], [ -40.45965427, -11.0541977 ], [ -40.45970845, -11.05419602 ], [ -40.45978713, -11.05423162 ], [ -40.45986635, -11.05428244 ], [ -40.46003673, -11.05430717 ], [ -40.46032794, -11.05431233 ], [ -40.46061398, -11.05428732 ], [ -40.46088848, -11.05421757 ], [ -40.4612679, -11.0540775 ], [ -40.46144391, -11.05399724 ], [ -40.46170916, -11.0539071 ], [ -40.46195577, -11.05379525 ], [ -40.46226315, -11.05371831 ], [ -40.46251218, -11.053695 ], [ -40.46271755, -11.05369555 ], [ -40.46301856, -11.05378314 ], [ -40.46320726, -11.05392755 ], [ -40.46331714, -11.05399938 ], [ -40.46369117, -11.05420574 ], [ -40.46391151, -11.05441646 ], [ -40.4641138, -11.05450059 ], [ -40.46430978, -11.05462257 ], [ -40.46451071, -11.05466907 ], [ -40.46507287, -11.05512945 ], [ -40.46520948, -11.05537166 ], [ -40.46532398, -11.05562789 ], [ -40.46548641, -11.05601344 ], [ -40.46552518, -11.05614659 ], [ -40.46575683, -11.05637573 ], [ -40.46589959, -11.05657031 ], [ -40.46608558, -11.05672724 ], [ -40.46627619, -11.05684034 ], [ -40.46644544, -11.05697672 ], [ -40.46712353, -11.05717126 ], [ -40.46717719, -11.057147 ], [ -40.46768959, -11.05715189 ], [ -40.46795432, -11.0571657 ], [ -40.46805986, -11.05716235 ], [ -40.46819481, -11.05712831 ], [ -40.46835052, -11.05703437 ], [ -40.46877218, -11.0566323 ], [ -40.46888449, -11.05646272 ], [ -40.46912229, -11.05618555 ], [ -40.46926604, -11.05587984 ], [ -40.46942987, -11.05558324 ], [ -40.46947241, -11.05548771 ], [ -40.46957918, -11.05537614 ], [ -40.47000941, -11.05486192 ], [ -40.47041191, -11.05445637 ], [ -40.47066771, -11.05430858 ], [ -40.47119051, -11.0539044 ], [ -40.47152602, -11.05371004 ], [ -40.47170008, -11.05363813 ], [ -40.47191456, -11.05353925 ], [ -40.47240939, -11.05339173 ], [ -40.47247902, -11.05327518 ], [ -40.47284309, -11.05294211 ], [ -40.4729063, -11.05282608 ], [ -40.47301891, -11.05272704 ], [ -40.47996002, -11.05008654 ], [ -40.4817197, -11.04940515 ], [ -40.45932508, -10.96471891 ], [ -40.45881753, -10.96275677 ], [ -40.45806096, -10.96291124 ], [ -40.45790547, -10.96289465 ], [ -40.45722735, -10.96271877 ], [ -40.45694309, -10.9626726 ], [ -40.4566505, -10.96248176 ], [ -40.45616487, -10.96224876 ], [ -40.45567905, -10.96202567 ], [ -40.45518787, -10.96174012 ], [ -40.45469687, -10.96147583 ], [ -40.45425107, -10.96086746 ], [ -40.454266, -10.96008601 ], [ -40.45425151, -10.95905831 ], [ -40.45404873, -10.95893747 ], [ -40.45382433, -10.95884111 ], [ -40.45348743, -10.95890507 ], [ -40.45313901, -10.95884844 ], [ -40.45284462, -10.9586742 ], [ -40.45245254, -10.95840984 ], [ -40.45233274, -10.9583238 ], [ -40.45199498, -10.9582916 ], [ -40.45124061, -10.95815855 ], [ -40.45101561, -10.95808356 ], [ -40.45086742, -10.95795474 ], [ -40.45061415, -10.95757359 ], [ -40.45035947, -10.95720372 ], [ -40.45018911, -10.95720625 ], [ -40.45003938, -10.95723209 ], [ -40.44984467, -10.95736971 ], [ -40.44965436, -10.957651 ], [ -40.44941438, -10.95805995 ], [ -40.44906531, -10.95839413 ], [ -40.44860172, -10.95861541 ], [ -40.44747267, -10.96012814 ], [ -40.44753501, -10.96183097 ], [ -40.44739458, -10.96331966 ], [ -40.44680212, -10.96529124 ], [ -40.44691009, -10.96638581 ], [ -40.44674476, -10.9678994 ], [ -40.44693922, -10.96966848 ], [ -40.44701723, -10.97156436 ], [ -40.44690092, -10.9732509 ], [ -40.44659467, -10.9741298 ], [ -40.44672613, -10.97531434 ], [ -40.44689202, -10.97693296 ], [ -40.44676518, -10.97826117 ], [ -40.44662892, -10.97909935 ], [ -40.4461616, -10.97978254 ], [ -40.44619172, -10.98119242 ], [ -40.44590681, -10.98300099 ], [ -40.44531669, -10.98445619 ], [ -40.44506086, -10.98536644 ], [ -40.44475059, -10.98635645 ], [ -40.44390356, -10.98701974 ], [ -40.44270592, -10.98807793 ], [ -40.44178521, -10.98857807 ], [ -40.44077042, -10.98985553 ], [ -40.43973244, -10.99010893 ], [ -40.43868637, -10.99035363 ], [ -40.43705252, -10.99081698 ], [ -40.43644779, -10.99158855 ], [ -40.43730323, -10.99421963 ], [ -40.43800645, -10.99735755 ], [ -40.43861334, -10.99982464 ], [ -40.43917772, -11.00333188 ], [ -40.44011858, -11.00500465 ], [ -40.43992046, -11.00812833 ], [ -40.44083591, -11.01060129 ] ] ] ] } },
{ "type": "Feature", "properties": { "gid": 48, "area_decre": 65.5896, "area_geo": 67.5595, "ato_vigent": "Decreto nº 134, de 04/07/2022", "bioma": "Caatinga", "categoria": "Monumento Natural", "grupo": "Proteção Integral", "id": 48, "municipio": "Mirangaba", "nome_uc": "Monumento Natural Municipal Igreja das Figuras", "observacao": null, "org_gestor": "Secretaria Municipal do Meio Ambiente, Recursos Hídricos e Turismo de Mirangaba", "snuc": "Sim" }, "geometry": { "type": "MultiPolygon", "coordinates": [ [ [ [ -40.47882338, -11.03852409 ], [ -40.4816983, -11.04939015 ], [ -40.4856693, -11.04656315 ], [ -40.48652634, -11.03872812 ], [ -40.47882338, -11.03852409 ] ] ] ] } },
{ "type": "Feature", "properties": { "gid": 49, "area_decre": 4.0015, "area_geo": 3.9998, "ato_vigent": "Decreto nº 134, de 04/07/2022", "bioma": "Caatinga", "categoria": "Área de Proteção Ambiental", "grupo": "Uso Sustentável", "id": 49, "municipio": "Mirangaba", "nome_uc": "Área de Proteção Ambiental Cachoeira da Zoada", "observacao": null, "org_gestor": "Secretaria Municipal do Meio Ambiente, Recursos Hídricos e Turismo de Mirangaba", "snuc": "Sim" }, "geometry": { "type": "MultiPolygon", "coordinates": [ [ [ [ -40.47492271, -10.9823259 ], [ -40.47442271, -10.9838879 ], [ -40.47630369, -10.98459991 ], [ -40.4768047, -10.98301791 ], [ -40.47492271, -10.9823259 ] ] ] ] } },
{ "type": "Feature", "properties": { "gid": 50, "area_decre": 4.0016, "area_geo": 4.0002, "ato_vigent": "Decreto nº 134, de 04/07/2022", "bioma": "Caatinga", "categoria": "Área de Proteção Ambiental", "grupo": "Uso Sustentável", "id": 50, "municipio": "Mirangaba", "nome_uc": "Área de Proteção Ambiental Cachoeira do Gelo", "observacao": null, "org_gestor": "Secretaria Municipal do Meio Ambiente, Recursos Hídricos e Turismo de Mirangaba", "snuc": "Sim" }, "geometry": { "type": "MultiPolygon", "coordinates": [ [ [ [ -40.47754301, -10.92199189 ], [ -40.47528603, -10.92203388 ], [ -40.47528102, -10.92217888 ], [ -40.47535302, -10.92251088 ], [ -40.47544902, -10.92281588 ], [ -40.47556502, -10.92303488 ], [ -40.47570302, -10.92322688 ], [ -40.47578902, -10.92328988 ], [ -40.47589501, -10.92336889 ], [ -40.47612901, -10.92349289 ], [ -40.47632401, -10.92357189 ], [ -40.47657601, -10.92362989 ], [ -40.47682101, -10.92366689 ], [ -40.47706601, -10.92372589 ], [ -40.477261, -10.92378989 ], [ -40.477361, -10.92382189 ], [ -40.47745, -10.92383689 ], [ -40.477568, -10.92384989 ], [ -40.47754301, -10.92199189 ] ] ] ] } },
{ "type": "Feature", "properties": { "gid": 51, "area_decre": 4.0015, "area_geo": 3.9986, "ato_vigent": "Decreto nº 134, de 04/07/2022", "bioma": "Caatinga", "categoria": "Área de Proteção Ambiental", "grupo": "Uso Sustentável", "id": 51, "municipio": "Mirangaba", "nome_uc": "Área de Proteção Ambiental Complexo de Cachoeiras de Nuguaçú", "observacao": null, "org_gestor": "Secretaria Municipal do Meio Ambiente, Recursos Hídricos e Turismo de Mirangaba", "snuc": "Sim" }, "geometry": { "type": "MultiPolygon", "coordinates": [ [ [ [ -40.47524448, -10.83431685 ], [ -40.47340549, -10.83511185 ], [ -40.47414448, -10.83657785 ], [ -40.47599647, -10.83579785 ], [ -40.47524448, -10.83431685 ] ] ] ] } },
{ "type": "Feature", "properties": { "gid": 52, "area_decre": 4.0137, "area_geo": 4.0145, "ato_vigent": "Decreto nº 134, de 04/07/2022", "bioma": "Caatinga", "categoria": "Área de Proteção Ambiental", "grupo": "Uso Sustentável", "id": 52, "municipio": "Mirangaba", "nome_uc": "Área de Proteção Ambiental Gruta de Santo Antônio", "observacao": null, "org_gestor": "Secretaria Municipal do Meio Ambiente, Recursos Hídricos e Turismo de Mirangaba", "snuc": "Sim" }, "geometry": { "type": "MultiPolygon", "coordinates": [ [ [ [ -40.72703102, -10.88068429 ], [ -40.72654502, -10.88225229 ], [ -40.728425, -10.8829623 ], [ -40.72892499, -10.88137931 ], [ -40.72703102, -10.88068429 ] ] ] ] } },
{ "type": "Feature", "properties": { "gid": 53, "area_decre": 4260.89, "area_geo": 4258.6324, "ato_vigent": "Decreto nº 180 de 29/12/2023", "bioma": "Caatinga", "categoria": "Monumento Natural", "grupo": "Proteção Integral", "id": 0, "municipio": "Dom Basílio", "nome_uc": "Monumento Natural Lavra do Umbuzeiro e Boqueirão de Santa Bárbara", "observacao": "Uma das áreas que compõem a UC está inserida em uma pequena porção no município de Rio de Contas em virtude de alteração dos limites municipais promovidos pela Lei Estadual 12.608 de 28/12/2012", "org_gestor": "Secretaria Municipal de Meio Ambiente e Recurso Hídricos", "snuc": "Sim" }, "geometry": { "type": "MultiPolygon", "coordinates": [ [ [ [ -41.58335087, -13.89889497 ], [ -41.58731616, -13.90038145 ], [ -41.59123557, -13.89955274 ], [ -41.59195229, -13.89497607 ], [ -41.59454725, -13.88982197 ], [ -41.59376874, -13.87619259 ], [ -41.59263058, -13.87529908 ], [ -41.58654021, -13.87420713 ], [ -41.58137931, -13.88598286 ], [ -41.57817406, -13.89174069 ], [ -41.58438591, -13.89299855 ], [ -41.58335087, -13.89889497 ] ] ], [ [ [ -41.61990536, -13.81303089 ], [ -41.61854267, -13.8191206 ], [ -41.60596338, -13.83343756 ], [ -41.60011656, -13.84575453 ], [ -41.59621739, -13.85325555 ], [ -41.59278548, -13.8633882 ], [ -41.59087169, -13.87155597 ], [ -41.59493124, -13.8740338 ], [ -41.59805167, -13.87268576 ], [ -41.59580455, -13.86804013 ], [ -41.5980423, -13.86695083 ], [ -41.60215704, -13.85603282 ], [ -41.61477844, -13.83911289 ], [ -41.62501161, -13.82925772 ], [ -41.63483951, -13.81406995 ], [ -41.63398823, -13.82489986 ], [ -41.63659791, -13.81850577 ], [ -41.6424725, -13.81222957 ], [ -41.64755267, -13.80797059 ], [ -41.63371107, -13.80139751 ], [ -41.62478078, -13.81027577 ], [ -41.61990536, -13.81303089 ] ] ], [ [ [ -41.64779762, -13.81089575 ], [ -41.64414555, -13.81328494 ], [ -41.63493716, -13.82625599 ], [ -41.63987598, -13.82692853 ], [ -41.64322266, -13.82557563 ], [ -41.64661982, -13.82146021 ], [ -41.65073088, -13.82089026 ], [ -41.65502077, -13.81705726 ], [ -41.65845858, -13.81109518 ], [ -41.65981621, -13.81174592 ], [ -41.67226192, -13.79254917 ], [ -41.664853, -13.79272513 ], [ -41.66144177, -13.79337627 ], [ -41.65947077, -13.8002095 ], [ -41.64779762, -13.81089575 ] ] ], [ [ [ -41.64086796, -13.78225736 ], [ -41.64078645, -13.79261255 ], [ -41.63856699, -13.79838831 ], [ -41.63947202, -13.80159318 ], [ -41.64275395, -13.80418926 ], [ -41.64701313, -13.805475 ], [ -41.64992289, -13.80377957 ], [ -41.66914254, -13.78390921 ], [ -41.6743689, -13.79049599 ], [ -41.71318263, -13.74304783 ], [ -41.71020179, -13.71931869 ], [ -41.68024031, -13.75193851 ], [ -41.6602182, -13.75858406 ], [ -41.65833248, -13.76911836 ], [ -41.64086796, -13.78225736 ] ] ] ] } },
{ "type": "Feature", "properties": { "gid": 6, "area_decre": 3435.0, "area_geo": 3178.7948, "ato_vigent": "Lei nº 274 de 01/08/1999", "bioma": "Mata Atlântica", "categoria": "Área de Proteção Ambiental", "grupo": "Uso Sustentável", "id": 7, "municipio": "Mucuri", "nome_uc": "Área de Proteção Ambiental Costa Dourada", "observacao": null, "org_gestor": "Prefeitura Municipal de Mucuri", "snuc": "Sim" }, "geometry": { "type": "MultiPolygon", "coordinates": [ [ [ [ -39.65909373, -18.31538892 ], [ -39.65955596, -18.31775976 ], [ -39.65955909, -18.31858491 ], [ -39.65943918, -18.31940326 ], [ -39.6592548, -18.31994074 ], [ -39.65898393, -18.32038182 ], [ -39.65859745, -18.32078172 ], [ -39.65846871, -18.32101625 ], [ -39.65836969, -18.32136002 ], [ -39.65837042, -18.32155253 ], [ -39.65842307, -18.32195904 ], [ -39.65840923, -18.32230254 ], [ -39.65832409, -18.32256404 ], [ -39.65823934, -18.32292221 ], [ -39.65824033, -18.32318341 ], [ -39.65838552, -18.32354081 ], [ -39.65855862, -18.32377338 ], [ -39.65881776, -18.32397946 ], [ -39.65914993, -18.3242395 ], [ -39.65936581, -18.32451349 ], [ -39.65965488, -18.32488398 ], [ -39.66018298, -18.32564584 ], [ -39.66053019, -18.32637309 ], [ -39.66082028, -18.32700474 ], [ -39.66109508, -18.32759576 ], [ -39.66147128, -18.32822711 ], [ -39.66275159, -18.33069088 ], [ -39.66305577, -18.33129539 ], [ -39.66339805, -18.33270411 ], [ -39.66346001, -18.33381735 ], [ -39.66347648, -18.33440928 ], [ -39.66354505, -18.33526853 ], [ -39.66383471, -18.33602399 ], [ -39.66415496, -18.33712278 ], [ -39.66447346, -18.33775432 ], [ -39.6651182, -18.33929936 ], [ -39.66556819, -18.34041215 ], [ -39.66575703, -18.34102967 ], [ -39.6666346, -18.3433168 ], [ -39.66701159, -18.34414063 ], [ -39.6678886, -18.34627592 ], [ -39.66829327, -18.34690714 ], [ -39.66865471, -18.34737403 ], [ -39.66908075, -18.34790216 ], [ -39.66938529, -18.34833762 ], [ -39.66946617, -18.34844669 ], [ -39.66949446, -18.34849011 ], [ -39.66988289, -18.34827983 ], [ -39.67012253, -18.34808197 ], [ -39.67034933, -18.34774858 ], [ -39.67037738, -18.34741409 ], [ -39.67031753, -18.347107 ], [ -39.67014064, -18.34688529 ], [ -39.66975962, -18.34649619 ], [ -39.66943589, -18.34599574 ], [ -39.6691712, -18.34557823 ], [ -39.66908068, -18.3446865 ], [ -39.66900526, -18.34427191 ], [ -39.66888986, -18.34379603 ], [ -39.66881081, -18.34366798 ], [ -39.66865704, -18.34355012 ], [ -39.66847007, -18.34341251 ], [ -39.66819697, -18.34303024 ], [ -39.66799083, -18.3425845 ], [ -39.66797513, -18.34219138 ], [ -39.668046, -18.3419155 ], [ -39.66842472, -18.34146771 ], [ -39.6688325, -18.34118792 ], [ -39.66903595, -18.34093596 ], [ -39.66903456, -18.34057445 ], [ -39.66885884, -18.34040697 ], [ -39.66844914, -18.34018607 ], [ -39.66815606, -18.3400199 ], [ -39.66786255, -18.33974166 ], [ -39.667715, -18.33926859 ], [ -39.66762581, -18.33896251 ], [ -39.66739076, -18.33862894 ], [ -39.66700903, -18.33829496 ], [ -39.66680365, -18.33804534 ], [ -39.66677326, -18.33776618 ], [ -39.66688974, -18.33754343 ], [ -39.66702845, -18.33718777 ], [ -39.66723169, -18.33688067 ], [ -39.66761107, -18.33660098 ], [ -39.66798979, -18.33640443 ], [ -39.66825214, -18.3362083 ], [ -39.66857306, -18.33598395 ], [ -39.66868807, -18.33562115 ], [ -39.66865808, -18.33545402 ], [ -39.66851107, -18.33512014 ], [ -39.66810095, -18.33478719 ], [ -39.66774909, -18.3345932 ], [ -39.66704732, -18.33445646 ], [ -39.6661694, -18.33429234 ], [ -39.66570126, -18.33412676 ], [ -39.66546665, -18.33390435 ], [ -39.66505676, -18.33362742 ], [ -39.66482121, -18.33340499 ], [ -39.66470364, -18.33309904 ], [ -39.66470055, -18.33229013 ], [ -39.66487265, -18.33150868 ], [ -39.66522129, -18.33086669 ], [ -39.66554165, -18.33050316 ], [ -39.6659494, -18.33022335 ], [ -39.66630691, -18.33016789 ], [ -39.66668356, -18.33016657 ], [ -39.66706018, -18.33016344 ], [ -39.66745074, -18.33057965 ], [ -39.66761245, -18.33079507 ], [ -39.66806794, -18.33112154 ], [ -39.66835858, -18.33115124 ], [ -39.66868117, -18.33111939 ], [ -39.66897205, -18.33096383 ], [ -39.66910015, -18.33080974 ], [ -39.66922839, -18.33043963 ], [ -39.66958301, -18.33013021 ], [ -39.66980824, -18.32988268 ], [ -39.67032434, -18.32972632 ], [ -39.67064669, -18.32963301 ], [ -39.67093757, -18.32947834 ], [ -39.67119496, -18.3292307 ], [ -39.67129031, -18.32892216 ], [ -39.67131796, -18.32775077 ], [ -39.67128187, -18.32673413 ], [ -39.67140889, -18.32605585 ], [ -39.66850791, -18.31700259 ], [ -39.66846752, -18.31659257 ], [ -39.66837825, -18.31604539 ], [ -39.66791599, -18.3136745 ], [ -39.6679094, -18.31364104 ], [ -39.66780765, -18.31319035 ], [ -39.66758865, -18.31232447 ], [ -39.66755676, -18.31220203 ], [ -39.66742236, -18.31174849 ], [ -39.66707385, -18.3106768 ], [ -39.66703742, -18.31056718 ], [ -39.66683012, -18.3100164 ], [ -39.66658725, -18.30948036 ], [ -39.66652059, -18.30934796 ], [ -39.66586096, -18.30806414 ], [ -39.66582007, -18.30798552 ], [ -39.66544451, -18.30727196 ], [ -39.66541815, -18.30722226 ], [ -39.6649669, -18.30637775 ], [ -39.66438604, -18.30523893 ], [ -39.66439622, -18.30490749 ], [ -39.6643812, -18.30404322 ], [ -39.66432352, -18.30345756 ], [ -39.66422766, -18.30287692 ], [ -39.66409402, -18.30230379 ], [ -39.66392319, -18.30174063 ], [ -39.66374367, -18.30125771 ], [ -39.66362717, -18.30096983 ], [ -39.66359939, -18.30090198 ], [ -39.66335651, -18.30036593 ], [ -39.66334243, -18.3003375 ], [ -39.66314186, -18.29993439 ], [ -39.66313287, -18.29990775 ], [ -39.66312663, -18.29988944 ], [ -39.66305171, -18.2996703 ], [ -39.66299708, -18.29935469 ], [ -39.66299455, -18.29934015 ], [ -39.66283057, -18.29840206 ], [ -39.66281761, -18.29828487 ], [ -39.66279518, -18.29809972 ], [ -39.66269932, -18.29751908 ], [ -39.66258542, -18.29702091 ], [ -39.66232236, -18.29600416 ], [ -39.66230262, -18.29592919 ], [ -39.66213178, -18.29536604 ], [ -39.66192449, -18.29481526 ], [ -39.66190268, -18.29476308 ], [ -39.66164205, -18.29414489 ], [ -39.66142098, -18.29366102 ], [ -39.66122741, -18.29329048 ], [ -39.66122052, -18.29310306 ], [ -39.66121021, -18.29289084 ], [ -39.66116127, -18.29208119 ], [ -39.66114401, -18.29085645 ], [ -39.66114653, -18.29083978 ], [ -39.66115381, -18.29079081 ], [ -39.6611614, -18.29073876 ], [ -39.66119902, -18.2906493 ], [ -39.66140632, -18.29009852 ], [ -39.66146329, -18.28992491 ], [ -39.66155679, -18.28962991 ], [ -39.66167065, -18.28924036 ], [ -39.66180428, -18.28866723 ], [ -39.66190015, -18.2880866 ], [ -39.66195783, -18.28750093 ], [ -39.66197709, -18.28691274 ], [ -39.66197702, -18.28687952 ], [ -39.6619754, -18.28643939 ], [ -39.6619562, -18.28588443 ], [ -39.66189852, -18.28529877 ], [ -39.66180266, -18.28471813 ], [ -39.66166902, -18.284145 ], [ -39.66149819, -18.28358184 ], [ -39.66138729, -18.2832737 ], [ -39.66119904, -18.28277907 ], [ -39.66110264, -18.28253643 ], [ -39.66085976, -18.28200039 ], [ -39.66078257, -18.28184754 ], [ -39.6607698, -18.28182284 ], [ -39.6607517, -18.2817293 ], [ -39.66061807, -18.28115617 ], [ -39.66044724, -18.28059301 ], [ -39.66023994, -18.28004223 ], [ -39.66013683, -18.27980315 ], [ -39.65993357, -18.27935002 ], [ -39.65979381, -18.27905306 ], [ -39.65966597, -18.2788037 ], [ -39.65933924, -18.27786974 ], [ -39.65917397, -18.27743387 ], [ -39.6582491, -18.27517335 ], [ -39.65737694, -18.27256419 ], [ -39.65634921, -18.26927567 ], [ -39.65628136, -18.26906751 ], [ -39.65627959, -18.26906231 ], [ -39.65519783, -18.26588192 ], [ -39.65519264, -18.26586672 ], [ -39.65503295, -18.26539996 ], [ -39.65498831, -18.2652726 ], [ -39.65397985, -18.26246339 ], [ -39.65382415, -18.26206039 ], [ -39.65377971, -18.26195498 ], [ -39.65364996, -18.26165267 ], [ -39.65357189, -18.26147603 ], [ -39.65293482, -18.26007546 ], [ -39.65281445, -18.25982146 ], [ -39.6525785, -18.25937505 ], [ -39.65229024, -18.25886486 ], [ -39.65226302, -18.25880827 ], [ -39.65222, -18.25841481 ], [ -39.65212414, -18.25783417 ], [ -39.65207826, -18.25761751 ], [ -39.65202732, -18.25739076 ], [ -39.65193956, -18.25703429 ], [ -39.65191771, -18.25695423 ], [ -39.65190193, -18.25661571 ], [ -39.65184424, -18.25603005 ], [ -39.65174838, -18.25544941 ], [ -39.65161474, -18.25487628 ], [ -39.65144391, -18.25431312 ], [ -39.6513451, -18.2540369 ], [ -39.65126291, -18.25381847 ], [ -39.65115442, -18.2535439 ], [ -39.65091155, -18.25300786 ], [ -39.65068746, -18.25258252 ], [ -39.65059984, -18.25242646 ], [ -39.6505465, -18.25233279 ], [ -39.65023574, -18.25183303 ], [ -39.64989295, -18.25135467 ], [ -39.64960539, -18.25099902 ], [ -39.64957314, -18.25096115 ], [ -39.64948736, -18.25086188 ], [ -39.64908506, -18.25043235 ], [ -39.64883682, -18.25019344 ], [ -39.64878016, -18.25005451 ], [ -39.64876146, -18.25000901 ], [ -39.6486326, -18.24971306 ], [ -39.64819016, -18.24874474 ], [ -39.64807614, -18.24850465 ], [ -39.64796675, -18.24829012 ], [ -39.64773524, -18.24785074 ], [ -39.64756722, -18.24754626 ], [ -39.64755079, -18.24751792 ], [ -39.64717478, -18.24687211 ], [ -39.64716082, -18.24684822 ], [ -39.64677017, -18.24618196 ], [ -39.64683731, -18.2453212 ], [ -39.64684529, -18.24521002 ], [ -39.64686427, -18.24469172 ], [ -39.6468739, -18.24345352 ], [ -39.64687395, -18.24344576 ], [ -39.64688326, -18.24209813 ], [ -39.64688348, -18.242036 ], [ -39.64688005, -18.24178757 ], [ -39.64684736, -18.24060463 ], [ -39.64683153, -18.24026487 ], [ -39.64677385, -18.23967921 ], [ -39.64676959, -18.23964727 ], [ -39.64662083, -18.23854783 ], [ -39.64655656, -18.23814258 ], [ -39.6464388, -18.23749589 ], [ -39.64641148, -18.23735243 ], [ -39.64639567, -18.23727476 ], [ -39.64614633, -18.23607651 ], [ -39.64597985, -18.23503794 ], [ -39.64592041, -18.23470686 ], [ -39.64578677, -18.23413373 ], [ -39.64574575, -18.23398571 ], [ -39.645557, -18.23332652 ], [ -39.64542719, -18.23291138 ], [ -39.64521989, -18.2323606 ], [ -39.64518209, -18.23227072 ], [ -39.64414707, -18.22984665 ], [ -39.64412996, -18.22980682 ], [ -39.64366639, -18.22873544 ], [ -39.64347843, -18.2283291 ], [ -39.6432934, -18.22797405 ], [ -39.64223951, -18.22605712 ], [ -39.64067858, -18.2230985 ], [ -39.6406043, -18.22296063 ], [ -39.63924101, -18.22048219 ], [ -39.63803036, -18.21808789 ], [ -39.63779313, -18.21764935 ], [ -39.63772448, -18.21753249 ], [ -39.63767564, -18.21745077 ], [ -39.63690813, -18.21565405 ], [ -39.63675724, -18.21531985 ], [ -39.63641042, -18.21459166 ], [ -39.63635683, -18.21448109 ], [ -39.6361407, -18.21406994 ], [ -39.63575346, -18.21337733 ], [ -39.63513115, -18.21210693 ], [ -39.63512063, -18.21208552 ], [ -39.63496362, -18.21178183 ], [ -39.63445812, -18.21084802 ], [ -39.63433771, -18.21063269 ], [ -39.63403052, -18.2101383 ], [ -39.63338014, -18.20916342 ], [ -39.63337655, -18.20915805 ], [ -39.63310535, -18.20877427 ], [ -39.63226525, -18.207649 ], [ -39.63160657, -18.20676355 ], [ -39.63152569, -18.2066565 ], [ -39.63128604, -18.20635759 ], [ -39.63068602, -18.20564101 ], [ -39.63045687, -18.20529917 ], [ -39.6293974, -18.2032926 ], [ -39.62930453, -18.20312123 ], [ -39.6280638, -18.20088987 ], [ -39.62778854, -18.2003742 ], [ -39.62772385, -18.20011775 ], [ -39.62770904, -18.20006315 ], [ -39.6275793, -18.19959088 ], [ -39.62757435, -18.19957231 ], [ -39.6275541, -18.19949803 ], [ -39.62749954, -18.19930115 ], [ -39.62734895, -18.19881227 ], [ -39.62718505, -18.19836819 ], [ -39.62699042, -18.19788075 ], [ -39.62694702, -18.19777405 ], [ -39.62681677, -18.19747505 ], [ -39.62629545, -18.19633523 ], [ -39.62618283, -18.19609819 ], [ -39.62590541, -18.19557918 ], [ -39.62559464, -18.19507942 ], [ -39.62539454, -18.19479221 ], [ -39.62497581, -18.19421546 ], [ -39.62331805, -18.19121258 ], [ -39.62323325, -18.19106241 ], [ -39.62322586, -18.19104963 ], [ -39.6214411, -18.18797001 ], [ -39.61963994, -18.18467224 ], [ -39.61953558, -18.18448644 ], [ -39.61940979, -18.18427528 ], [ -39.61738139, -18.18097377 ], [ -39.61733771, -18.1809034 ], [ -39.61553892, -18.17803517 ], [ -39.61379349, -18.17497722 ], [ -39.61377138, -18.1749387 ], [ -39.61374045, -18.17488554 ], [ -39.61246162, -18.17270513 ], [ -39.6118719, -18.17149081 ], [ -39.61184796, -18.17144188 ], [ -39.61167671, -18.17111199 ], [ -39.61060151, -18.16914142 ], [ -39.61049534, -18.1689523 ], [ -39.61023332, -18.16852628 ], [ -39.60897206, -18.1665979 ], [ -39.60892331, -18.16652416 ], [ -39.6088274, -18.16638353 ], [ -39.6077477, -18.16483203 ], [ -39.60686498, -18.16321125 ], [ -39.60675548, -18.16301602 ], [ -39.60660131, -18.16275898 ], [ -39.60542624, -18.16087185 ], [ -39.60526964, -18.16062913 ], [ -39.60507967, -18.1603559 ], [ -39.6038049, -18.15859296 ], [ -39.60379886, -18.15858461 ], [ -39.60261053, -18.15694516 ], [ -39.60248947, -18.15678205 ], [ -39.60198883, -18.1561232 ], [ -39.60164637, -18.15528701 ], [ -39.60163271, -18.15525384 ], [ -39.60154602, -18.15505159 ], [ -39.6011992, -18.15426903 ], [ -39.60104301, -18.15393523 ], [ -39.60093593, -18.15372508 ], [ -39.60045923, -18.15281914 ], [ -39.6002889, -18.15251028 ], [ -39.59997813, -18.15201052 ], [ -39.59977737, -18.15172241 ], [ -39.59846842, -18.14991996 ], [ -39.59750087, -18.14841965 ], [ -39.59745582, -18.1483505 ], [ -39.59649617, -18.14689201 ], [ -39.59589705, -18.14579752 ], [ -39.59532719, -18.14445649 ], [ -39.59511606, -18.14399612 ], [ -39.59483864, -18.14347711 ], [ -39.59479355, -18.14339989 ], [ -39.59366216, -18.14148451 ], [ -39.59339649, -18.14106197 ], [ -39.59307219, -18.14060779 ], [ -39.59200586, -18.13920835 ], [ -39.59198737, -18.13918417 ], [ -39.59184147, -18.13899909 ], [ -39.59059244, -18.13745675 ], [ -39.58938704, -18.13577291 ], [ -39.58920922, -18.13553302 ], [ -39.58883588, -18.13507811 ], [ -39.58874608, -18.13497726 ], [ -39.58752167, -18.13362266 ], [ -39.5869395, -18.13271144 ], [ -39.58580079, -18.13086792 ], [ -39.58562708, -18.13059761 ], [ -39.58557178, -18.13051583 ], [ -39.58424691, -18.12857937 ], [ -39.58367334, -18.12768238 ], [ -39.58362881, -18.12761343 ], [ -39.58305974, -18.12674111 ], [ -39.58300518, -18.12665847 ], [ -39.58266239, -18.12618011 ], [ -39.58263575, -18.12614557 ], [ -39.58158742, -18.12479299 ], [ -39.58152519, -18.12470172 ], [ -39.58136795, -18.12447849 ], [ -39.58019823, -18.12287025 ], [ -39.57910018, -18.12114738 ], [ -39.57899388, -18.1209845 ], [ -39.57895492, -18.12092669 ], [ -39.57869875, -18.12054965 ], [ -39.57863576, -18.12043875 ], [ -39.57832499, -18.119939 ], [ -39.57813042, -18.1196594 ], [ -39.57757872, -18.11889783 ], [ -39.5766057, -18.11744421 ], [ -39.57654578, -18.11735584 ], [ -39.57529214, -18.11553027 ], [ -39.57523368, -18.11544617 ], [ -39.57411798, -18.11386047 ], [ -39.57389772, -18.1135608 ], [ -39.57352438, -18.11310588 ], [ -39.57318276, -18.11273762 ], [ -39.57240689, -18.11169886 ], [ -39.57233651, -18.11160591 ], [ -39.57218152, -18.11140963 ], [ -39.5714907, -18.11055938 ], [ -39.57127235, -18.11030074 ], [ -39.57087006, -18.10987122 ], [ -39.57076046, -18.10976347 ], [ -39.56978607, -18.10882183 ], [ -39.56933301, -18.10835693 ], [ -39.56925148, -18.10827434 ], [ -39.56883468, -18.10788322 ], [ -39.56866396, -18.10773293 ], [ -39.56827005, -18.10702202 ], [ -39.56819201, -18.10688406 ], [ -39.56792671, -18.10645303 ], [ -39.56763896, -18.10601372 ], [ -39.56759349, -18.10594499 ], [ -39.56753815, -18.10586315 ], [ -39.56713452, -18.10527321 ], [ -39.56684707, -18.10487669 ], [ -39.56666664, -18.10472223 ], [ -39.56666669, -18.09694442 ], [ -39.57833329, -18.09083333 ], [ -39.57333338, -18.08555558 ], [ -39.57138888, -18.08888885 ], [ -39.56111114, -18.08444447 ], [ -39.55666664, -18.08333335 ], [ -39.55388893, -18.0861111 ], [ -39.55333336, -18.08888887 ], [ -39.55499999, -18.09027778 ], [ -39.55083335, -18.08972221 ], [ -39.54944444, -18.09444448 ], [ -39.54898262, -18.09479952 ], [ -39.54924162, -18.09511873 ], [ -39.54960357, -18.09541325 ], [ -39.54995529, -18.09545834 ], [ -39.55180877, -18.09822958 ], [ -39.5515633, -18.09861352 ], [ -39.55147246, -18.09887859 ], [ -39.55147301, -18.09905484 ], [ -39.55146336, -18.09929077 ], [ -39.55142818, -18.09952948 ], [ -39.55142904, -18.09980604 ], [ -39.55163588, -18.10066679 ], [ -39.55196844, -18.1015326 ], [ -39.55254545, -18.10259023 ], [ -39.55300529, -18.1030562 ], [ -39.55332874, -18.1034195 ], [ -39.5538633, -18.10420067 ], [ -39.55479538, -18.10575435 ], [ -39.55607956, -18.10716605 ], [ -39.55663944, -18.10757659 ], [ -39.55808359, -18.10874827 ], [ -39.55851466, -18.10907693 ], [ -39.55891771, -18.10950237 ], [ -39.55971529, -18.11034602 ], [ -39.56011886, -18.11093596 ], [ -39.56040665, -18.11137527 ], [ -39.5611491, -18.11271347 ], [ -39.56152316, -18.1132357 ], [ -39.56216357, -18.11398309 ], [ -39.56289624, -18.11462809 ], [ -39.56344341, -18.11518955 ], [ -39.56451481, -18.11622493 ], [ -39.56520565, -18.11707521 ], [ -39.56645112, -18.1187427 ], [ -39.56676682, -18.11903009 ], [ -39.56788255, -18.12061572 ], [ -39.56913614, -18.12244132 ], [ -39.57020187, -18.12403343 ], [ -39.57085131, -18.12492988 ], [ -39.57088096, -18.12503463 ], [ -39.57152016, -18.12597544 ], [ -39.57276671, -18.12793122 ], [ -39.5740989, -18.1297629 ], [ -39.57431546, -18.13008039 ], [ -39.57553147, -18.1316494 ], [ -39.57610057, -18.13252169 ], [ -39.57674952, -18.13353745 ], [ -39.57815341, -18.13558942 ], [ -39.57932808, -18.13749113 ], [ -39.58007495, -18.13866022 ], [ -39.58020439, -18.13893008 ], [ -39.58207828, -18.1410032 ], [ -39.58343925, -18.1429043 ], [ -39.58485646, -18.14465431 ], [ -39.58592276, -18.14605378 ], [ -39.58705414, -18.14796914 ], [ -39.58779834, -18.14972025 ], [ -39.5887866, -18.15152575 ], [ -39.58994688, -18.15328917 ], [ -39.59104928, -18.1549985 ], [ -39.59250441, -18.1570023 ], [ -39.59298112, -18.15790825 ], [ -39.59332789, -18.15869078 ], [ -39.59399996, -18.16033183 ], [ -39.59454077, -18.16117614 ], [ -39.59533283, -18.16221847 ], [ -39.59652113, -18.16385793 ], [ -39.59779594, -18.16562092 ], [ -39.59897096, -18.16750802 ], [ -39.60008891, -18.1695607 ], [ -39.60145049, -18.17151591 ], [ -39.60271178, -18.17344431 ], [ -39.60378699, -18.17541483 ], [ -39.60453071, -18.17694627 ], [ -39.60598782, -18.17943077 ], [ -39.60782577, -18.18265063 ], [ -39.60972362, -18.18567692 ], [ -39.61175202, -18.18897837 ], [ -39.61360779, -18.19237618 ], [ -39.61544967, -18.1955544 ], [ -39.61721981, -18.19875996 ], [ -39.61741486, -18.19909641 ], [ -39.61812185, -18.20007026 ], [ -39.61864314, -18.20121008 ], [ -39.61883777, -18.2016975 ], [ -39.61889239, -18.20189437 ], [ -39.61889717, -18.20191604 ], [ -39.61890481, -18.20194132 ], [ -39.61904181, -18.20243978 ], [ -39.61920247, -18.20320929 ], [ -39.61963618, -18.20418491 ], [ -39.62017123, -18.20518731 ], [ -39.6214494, -18.20748606 ], [ -39.62272901, -18.20990953 ], [ -39.62348771, -18.21104131 ], [ -39.62439568, -18.21212565 ], [ -39.62505897, -18.21301734 ], [ -39.62590375, -18.21414887 ], [ -39.62655414, -18.21512375 ], [ -39.62705963, -18.21605753 ], [ -39.62778941, -18.21754733 ], [ -39.62829579, -18.21845308 ], [ -39.62864266, -18.2191813 ], [ -39.62964891, -18.22153693 ], [ -39.63000952, -18.22214038 ], [ -39.63129072, -18.22467405 ], [ -39.63272922, -18.2272894 ], [ -39.63432631, -18.23031638 ], [ -39.63541741, -18.23230112 ], [ -39.63588096, -18.23337239 ], [ -39.63691602, -18.23579656 ], [ -39.63710474, -18.2364557 ], [ -39.63730413, -18.23769957 ], [ -39.63759581, -18.23910129 ], [ -39.63771358, -18.23974802 ], [ -39.63786229, -18.24084746 ], [ -39.63789499, -18.24203041 ], [ -39.63788572, -18.243378 ], [ -39.63787604, -18.24461624 ], [ -39.63780736, -18.24549676 ], [ -39.63766524, -18.24595094 ], [ -39.63748832, -18.24671524 ], [ -39.6374042, -18.24725147 ], [ -39.6374635, -18.24795263 ], [ -39.63747305, -18.24797518 ], [ -39.63752172, -18.24809433 ], [ -39.63776796, -18.24869452 ], [ -39.63804303, -18.24916086 ], [ -39.63869943, -18.25018359 ], [ -39.63940763, -18.25139141 ], [ -39.63978363, -18.25203728 ], [ -39.6400151, -18.25247664 ], [ -39.64045755, -18.25344495 ], [ -39.64087755, -18.25447477 ], [ -39.64100881, -18.25518923 ], [ -39.64116881, -18.2557391 ], [ -39.64130646, -18.25613088 ], [ -39.64137921, -18.25636382 ], [ -39.64150825, -18.25647365 ], [ -39.64168077, -18.25656977 ], [ -39.64219865, -18.25669188 ], [ -39.6425147, -18.25671792 ], [ -39.64273063, -18.25678588 ], [ -39.64276291, -18.25682373 ], [ -39.64285051, -18.25697979 ], [ -39.64293268, -18.25719823 ], [ -39.64291987, -18.25756974 ], [ -39.64282096, -18.25794062 ], [ -39.64276461, -18.25831228 ], [ -39.64273706, -18.2585329 ], [ -39.64288184, -18.25880715 ], [ -39.64306242, -18.25903342 ], [ -39.64325753, -18.25935631 ], [ -39.64330849, -18.25958299 ], [ -39.64331072, -18.26018853 ], [ -39.64334107, -18.26072438 ], [ -39.6435304, -18.26127414 ], [ -39.64390642, -18.26216673 ], [ -39.64431918, -18.26302486 ], [ -39.64475339, -18.26379343 ], [ -39.64539049, -18.26519397 ], [ -39.64552027, -18.26549631 ], [ -39.64652868, -18.26830551 ], [ -39.64668841, -18.26877222 ], [ -39.64777014, -18.27195263 ], [ -39.64882426, -18.27532563 ], [ -39.64981829, -18.27829934 ], [ -39.65085517, -18.28083365 ], [ -39.65129984, -18.28210468 ], [ -39.65135142, -18.28223466 ], [ -39.65137154, -18.2823105 ], [ -39.65142894, -18.2824748 ], [ -39.65173281, -18.28302417 ], [ -39.65193602, -18.28347718 ], [ -39.65200913, -18.28405536 ], [ -39.65216177, -18.28463955 ], [ -39.65242228, -18.28524334 ], [ -39.65279873, -18.28597141 ], [ -39.65298696, -18.28646604 ], [ -39.65298861, -18.2869062 ], [ -39.6528951, -18.28720115 ], [ -39.65256954, -18.28793162 ], [ -39.65238569, -18.28862002 ], [ -39.65225934, -18.28948719 ], [ -39.65216147, -18.29013375 ], [ -39.65214826, -18.29039498 ], [ -39.6521766, -18.29240943 ], [ -39.65223811, -18.29342688 ], [ -39.652295, -18.29497398 ], [ -39.65241203, -18.29566138 ], [ -39.65261617, -18.29634844 ], [ -39.65278232, -18.29675369 ], [ -39.65299923, -18.29706928 ], [ -39.65335994, -18.297632 ], [ -39.65362056, -18.29825023 ], [ -39.65388363, -18.29926697 ], [ -39.65392768, -18.29966539 ], [ -39.65414042, -18.30088207 ], [ -39.65431645, -18.30189915 ], [ -39.65462163, -18.30279195 ], [ -39.65477502, -18.30332103 ], [ -39.65504948, -18.30384249 ], [ -39.65529547, -18.30433691 ], [ -39.65541199, -18.30462483 ], [ -39.65539934, -18.3050379 ], [ -39.65532892, -18.3054367 ], [ -39.65534504, -18.30594549 ], [ -39.65544002, -18.30654347 ], [ -39.65567346, -18.30747809 ], [ -39.65592116, -18.3084262 ], [ -39.65613835, -18.30881048 ], [ -39.65623952, -18.30904422 ], [ -39.6569993, -18.31053375 ], [ -39.65749103, -18.31145395 ], [ -39.65786652, -18.31216753 ], [ -39.6585262, -18.31345135 ], [ -39.6588747, -18.31452295 ], [ -39.65909373, -18.31538892 ] ] ] ] } }
]
}
